Household,id,Date,Type,Text
Shunyam & Ishan — latest,h1b,2026-05-30,baseline,30-May baseline from photos (eyeball estimates; rest of zip was pantry/dairy).
Shunyam & Ishan — latest,h1b,2026-06-01,order,"Mon cart: brinjal 500g, parwal 250g (+ paneer, bread, eggs, milk — non-FnV)."
Shunyam & Ishan — latest,h1b,2026-06-01,meal,"Mon: breakfast aloo toast / mango shake; lunch kurkuri bhindi (Shunyam) + leftovers (Ishan); dinner baingan bharta, raita, 5 rotis. Deducted: bharta + raita. NOTE: bhindi not in inventory — was it bought/present? Sautéed veggies were dropped, so broccoli/capsicum untouched."
Shunyam & Ishan — latest,h1b,2026-06-02,meal,"Tue: breakfast oats; lunch paneer gravy + 6 rotis; dinner aloo parwal sabzi + 6 rotis. (Tomato/garlic/ginger were 0 in baseline, so those deductions clamp at 0 until the 3-Jun check snaps truth.)"
Shunyam & Ishan — latest,h1b,2026-06-03,order,"Wed morning: desi tomato 500g, garlic 100g (+ 2× gut shot, basa fish 250g, 10 eggs — non-FnV). NOTE: an assumed ~500g onion line (4th cart item, cut off in the photo) was DROPPED — the check found only 200g onion total, which is just baseline minus consumption, so no onion was actually restocked."
Shunyam & Ishan — latest,h1b,2026-06-03,check,"Inventory check 1 (photos) — 17 items snapped. Factors recalibrated from the check: 5 trained (onion 0.91, brinjal 0.73, potato 1.18, parwal 0.74, green chilli 2.0). Tomato/garlic/ginger pending (no cycle yet — opening set now). Watermelon spoilage; 6 untracked baseline items added."
Shunyam & Ishan — latest,h1b,2026-06-03,meal,"Wed: breakfast lauki methi paratha + curd; lunch fish curry + rice (basa, non-FnV); dinner parwal gobi masala + 6 rotis. Onion ~100g/gravy (factor 0.91) ⇒ the two gravies use the 200g on hand exactly, no shortfall. Parwal gobi FINISHED the 80g leftover from Tue. Nothing forced negative. Fish/curd/rice are non-FnV."
Shunyam & Ishan — latest,h1b,2026-06-04,meal,No cooking — gas outage. No deductions.
Shunyam & Ishan — latest,h1b,2026-06-05,meal,No cooking until lunch (gas still out). No deductions.
Shunyam & Ishan — latest,h1b,2026-06-05,check,"Reorder: onion was genuinely finished (0) ⇒ recalibrated (0.91 confirmed) and restocked. Tomato/carrot/potato were also reordered but tomato still had ~280g and carrot/potato had stock too — these are TOP-UPS, not finishes, so tomato is added on top (not zeroed) and keeps its neutral factor. Potato keeps 1.18 (no potato dish since the check). Lesson baked into the live order logic: a reorder only counts as ""finished"" when the item was actually empty."
Shunyam & Ishan — latest,h1b,2026-06-05,order,"Blinkit (2 carts): onion 1kg, desi tomato 500g, orange carrot 500g, potato 1kg, haricot/green beans 250g, tender coconut x2 (+ curd x2, 2 gut shots, mustard seeds, moong dal, high-protein milk for MOV — non-FnV)."
Shunyam & Ishan — latest,h1b,2026-06-05,meal,Fri night: vegetable khichdi — potato/carrot/beans + onion-tomato base + ginger/chilli (rice + moong dal non-FnV). First meal since Wed dinner (gas was out).
Shunyam & Ishan — latest,h1b,2026-06-06,check,"Inventory check 2 (photos) — 12 items snapped; 8 factors recalibrated (garlic pulled back from 2.0; carrot/ginger/bottle gourd/cauliflower first cycle). Eyeball, no scale."
Shunyam & Ishan — latest,h1b,2026-06-06,check,"Manual-count cross-verify: team confirmed 12 perishables present (lauki, zucchini, cauliflower, carrots, beans, tomato, potato, garlic, onion, lemon, green chilli, ginger). Held items NOT on their list — cucumber, red & green capsicum, pumpkin, broccoli, leafy greens — zeroed as gone/spoiled (the held photo-values were stale). Zucchini confirmed present, kept."
Shunyam & Ishan — latest,h1b,2026-06-06,meal,"Sat night (after the check): brinjal curry — made to FINISH the brinjal, took the full 280g remaining. Onion -100, tomato -110, ginger -15, chilli -10 at their recalibrated factors."
Shunyam & Ishan — latest,h1b,2026-06-07,meal,Sun: no meal plan provided — no FnV deductions.
Shunyam & Ishan — latest,h1b,2026-06-08,meal,"Mon breakfast overnight oats + lunch boiled chicken — non-FnV (oats/milk + chicken), no tracked-veg deduction."
Shunyam & Ishan — latest,h1b,2026-06-08,meal,"Mon dinner: gobi masala & rotis — planned to FINISH all the cauliflower, so the whole remaining head went in (cauliflower -> 0, not the 0.47-factor estimate). Onion -100, tomato -110, garlic -10, ginger -15, chilli -10. All in stock. This is why the 13-Jun check now correctly shows cauliflower 0 (no phantom carry)."
Shunyam & Ishan — latest,h1b,2026-06-09,meal,"Tue breakfast: scrambled eggs & 4 toast — non-FnV, no tracked-veg deduction."
Shunyam & Ishan — latest,h1b,2026-06-09,order,"Tue morning order: English cucumber ~250g, red & yellow bell pepper ~250g (folded into Red capsicum — no yellow bucket) + malai paneer 200g & basa 250g (non-FnV). Note: tomato was not in this cart, so it stays at 0."
Shunyam & Ishan — latest,h1b,2026-06-09,meal,"Tue lunch: fish curry & rice (basa + rice non-FnV) — onion -100, tomato -110, ginger -15, garlic -10, chilli -10. Tomato in stock — no shortfall."
Shunyam & Ishan — latest,h1b,2026-06-09,meal,"Tue dinner: lauki kofta curry — the kofta is made FROM the gourd, so it FINISHED all ~400g bottle gourd (→0), not just the textbook hero portion. Onion -100, ginger -15, garlic -10 + roti (non-FnV) + garden salad (cucumber -100, carrot -90, onion -90, lemon -0.5). Tomato in stock (-110 kofta, -100 salad) — no shortfalls."
Shunyam & Ishan — latest,h1b,2026-06-10,order,"Wed morning order: disco pumpkin ~500g (+ ginger gut shot, multimillet noodles, and curd & milk for the run-out — all non-FnV). Beetroot NOT ordered (Wed dinner wasn't made). Tomato & methi not in this cart."
Shunyam & Ishan — latest,h1b,2026-06-10,meal,Wed breakfast: French toast — non-FnV.
Shunyam & Ishan — latest,h1b,2026-06-10,meal,"Wed lunch: chilli paneer + street-food noodles (paneer & noodles non-FnV) — onion -155, red capsicum -170, garlic -10, ginger -15, chilli -10."
Shunyam & Ishan — latest,h1b,2026-06-10,meal,"Wed dinner (mixed veg sabzi + beetroot raita) was NOT made — no deductions, and the beetroot it needed was never ordered."
Shunyam & Ishan — latest,h1b,2026-06-10,check,"Inventory check 3 (photos, Wed eve) — 12 items snapped. Headline: tomato/ginger/green chilli/garlic were being OVER-consumed by their factors; the check finds them present and pulls the factors down. Eyeball, no scale."
Shunyam & Ishan — latest,h1b,2026-06-11,order,"Thu morning (2 carts): fenugreek/methi 250g + peeled garlic 100g (fresh). Rest non-FnV (vinegar, tomato ketchup, basmati, soy sauce, atta x3, chicken curry-cut). A few items were unavailable — fresh tomato, green chilli & ginger did NOT come."
Shunyam & Ishan — latest,h1b,2026-06-11,meal,"Thu breakfast: methi paratha with curd — methi just arrived (250g), so it's made: leafy greens -170, leaving 80. Garlic also topped up (+100)."
Shunyam & Ishan — latest,h1b,2026-06-11,meal,"Thu lunch: chicken curry & rice (chicken+rice non-FnV) — onion -100, tomato -90 (factor 0.83), garlic -10, ginger -10, chilli -5."
Shunyam & Ishan — latest,h1b,2026-06-11,meal,"Thu dinner: pumpkin kumro + rice + spiced onions — pumpkin hero -300, onion -100, ginger -10, chilli -5. All in stock (the Wed check corrected the over-consumed aromatics), no shortfalls. Onion now low (~50g)."
Shunyam & Ishan — latest,h1b,2026-06-11,meal,"Tender coconuts (x2) consumed on Thu — eaten raw, now 0."
Shunyam & Ishan — latest,h1b,2026-06-12,order,"Fri morning order: broccoli ~200g, green capsicum ~200g, lady's finger/bhindi 250g (+ FreshToHome boneless chicken — non-FnV). Beetroot & onion were NOT in the cart."
Shunyam & Ishan — latest,h1b,2026-06-12,meal,Fri breakfast: Quaker oats / overnight oats — non-FnV.
Shunyam & Ishan — latest,h1b,2026-06-12,meal,"Fri lunch: grilled chicken (non-FnV) + mashed potato (potato -215) + sauteed veggies (broccoli -170, green capsicum -170, zucchini -110, carrot -105, garlic -10)."
Shunyam & Ishan — latest,h1b,2026-06-12,meal,"Fri dinner (stuffed bhindi + beetroot raita) was NOT made — confirmed, no deductions. Lady's finger 250g stays fresh & unused, onion holds at ~50g, tomato untouched at ~220g."
Shunyam & Ishan — latest,h1b,2026-06-13,order,"Sat 13-Jun morning order: organic onion 1kg, desi tomato 500g, tricolour capsicum 3pcs (green +100; red+yellow folded into Red +200), baby corn 200g (+ probiotic curd, non-FnV). All top-ups — onion was the low one (~50g) and is now well-restocked; tomato back up too."
Shunyam & Ishan — latest,h1b,2026-06-13,meal,"Sat breakfast: egg bhurji (eggs ~4 — egg cat; onion -100, tomato -90, chilli -5) + methi THEPLAS. Plan was egg bhurji WITH TOAST, but bread was OUT (exactly as flagged), so methi theplas were made instead — used the remaining ~80g methi (atta non-FnV). Bread stockout confirmed in practice."
Shunyam & Ishan — latest,h1b,2026-06-13,meal,"Sat lunch: pasta in creamy pumpkin sauce (pumpkin hero -200 — ran out, wanted ~300; onion -100, garlic -10; cream + pasta non-FnV) + beetroot & carrot salad (carrot -95; BEETROOT short — never ordered, so the salad is missing its beetroot). Ended at lunch."
Shunyam & Ishan — latest,h1b,2026-06-21,note,"21-Jun CLOSED FLAT (Ishan): no meals cooked and no order placed today, resident-confirmed. No deductions, no additions — stock carries unchanged from the 20th. Will update if anything comes in."
Shunyam & Ishan — latest,h1b,2026-06-26,note,26-Jun: Shunyam & Ishan are OUT OF TOWN — no order placed and no meals cooked today. Stock unchanged; nothing needed from us (recorded as a no-op day).
Shunyam & Ishan — latest,h1b,2026-06-13,meal,"13-Jun LUNCH — pasta, which used up the remaining BROCCOLI and ZUCCHINI (both now 0)."
Shunyam & Ishan — latest,h1b,2026-06-13,check,"13-Jun evening full-kitchen inventory re-anchored (h1b). FnV snapped to observed; comprehensive Pantry board set from the photos. No 10-13 Jun orders yet, so factors left unchanged (re-anchor, not a recalibration)."
Shunyam & Ishan — latest,h1b,2026-06-13,meal,"Sat 13-Jun DINNER (2): Stuffed bhindi + 6 rotis + cucumber raita. Used up the full 250g lady-finger (bhindi -> 0), ~100g cucumber for the raita, plus onion + tomato for the bhindi masala. This closes 13-Jun for h1b."
Shunyam & Ishan — latest,h1b,2026-06-13,note,"PERISHABLES layer added for h1b (ADD-ON, FnV model untouched): reorder cadence for milk / eggs / bread / curd / paneer / cream learned from this house order + meal history, so the app can flag dairy/egg reorders on its own. DUE NOW: milk (out, ~4d cadence), bread (out since 13-Jun), eggs (low, ~2 left). WATCH: paneer (~due 17-Jun), fresh cream (low). Banana + papaya discarded (spoiled)."
Shunyam & Ishan — latest,h1b,2026-06-14,order,Ordered Bread 1
Shunyam & Ishan — latest,h1b,2026-06-14,order,Ordered Eggs 10
Shunyam & Ishan — latest,h1b,2026-06-15,order,Ordered Coriander (dhania) 100
Shunyam & Ishan — latest,h1b,2026-06-15,order,Ordered Lettuce 250
Shunyam & Ishan — latest,h1b,2026-06-15,order,Ordered Spinach/Palak 250
Shunyam & Ishan — latest,h1b,2026-06-15,order,Ordered Cauliflower 450
Shunyam & Ishan — latest,h1b,2026-06-15,order,Ordered Milk 1
Shunyam & Ishan — latest,h1b,2026-06-15,order,Ordered Paneer (Akshayakalpa) 200
Shunyam & Ishan — latest,h1b,2026-06-15,meal,"Mon breakfast — spicy egg sandwiches (2) — Onion -30g, Tomato -30g, Green chilli -5g"
Shunyam & Ishan — latest,h1b,2026-06-15,meal,"Mon lunch — dal palak, aloo, gobi-matar subzi & rice (2) — Spinach/Palak -200g, Potato -150g, Cauliflower -250g, Onion -120g, Tomato -120g, Ginger -15g, Garlic -15g, Green chilli -10g, Coriander (dhania) -20g"
Shunyam & Ishan — latest,h1b,2026-06-15,meal,"Mon 15-Jun DINNER (kadai paneer, methi rotis & kachumber salad) was NOT made — no deductions, so red capsicum, green capsicum, onion, tomato, coriander, cucumber & lemon stay in stock (restocked). The 200g paneer pack (15-Jun) is also unused."
Shunyam & Ishan — latest,h1b,2026-06-15,note,"MONDAY 15-Jun closed for h1b. Sun 14-Jun reorder: bread + eggs. Mon 15-Jun cart (ages start from order date): coriander 100g, iceberg lettuce 250g, frozen peas 200g, paneer 200g, 2 apples, milk 1L (500ml x2), spinach 250g, cauliflower ~450g, honey 250g (+ pantry: keya pizza/pasta seasoning, Dr Oetker veg mayo). Meals: B spicy egg sandwiches; L dal palak + aloo + gobi-matar subzi + rice; D kadai paneer + methi rotis + kachumber salad WAS NOT MADE (items restocked). Peas (matar) drawn from the new pack; paneer pack unused. Milk/bread/eggs/paneer reordered -> back to OK, ages restart from their order dates."
Shunyam & Ishan — latest,h1b,2026-06-15,order,"Recorded 200g Yellow capsicum spotted at the 13-Jun check (missed originally) — aged from 13-Jun, same as green & red capsicum. Corrected Methi (fenugreek) to the observed 50g left, and set Coriander to 80g (100g ordered 15-Jun morning minus ~20g used in the dal palak/gobi-matar lunch garnish) — methi & coriander are tracked SEPARATELY; the 13-Jun ~40g leafy pile was methi (not coriander), so it is no longer double-counted on coriander."
Shunyam & Ishan — latest,h1b,2026-06-16,meal,Tue breakfast — overnight oats / oats with brown sugar (2) — 
Shunyam & Ishan — latest,h1b,2026-06-16,meal,"Tue lunch — Fish curry & rice (2) — Onion -100g, Tomato -110g, Ginger -15g, Garlic -10g, Green chilli -10g"
Shunyam & Ishan — latest,h1b,2026-06-16,note,"16-Jun for h1b: breakfast oats; lunch fish curry & rice (fish ordered that morning). DINNER NOT MADE — the planned kadai paneer / methi paratha / kachumbar was skipped, so those ingredients (capsicums, onion, tomato, methi, coriander, cucumber, lemon) stay in stock. Paneer remains on the board; methi was not used."
Shunyam & Ishan — latest,h1b,2026-06-17,meal,"Breakfast — scrambled eggs with toast (2) — Onion -20g, Green chilli -3g"
Shunyam & Ishan — latest,h1b,2026-06-17,meal,"Lunch — honey-garlic grilled chicken, sauteed vegetables & boiled potato (2) — Potato -300g, Garlic -15g, Onion -30g, Green capsicum -60g, Carrot -80g, Baby corn -60g"
Shunyam & Ishan — latest,h1b,2026-06-17,note,"17-Jun DINNER NOT MADE for h1b — the planned dal tadka / pumpkin bharta / rotis was skipped, so pumpkin (~100g), onion, tomato, garlic, ginger and green chilli stay in stock."
Shunyam & Ishan — latest,h1b,2026-06-17,meal,17th CONSUMED for h1b (resident closed the day). B scrambled eggs + toast (bread back in stock); L honey-garlic grilled chicken (was out — ordered 17-Jun) + sauteed veg (capsicum/carrot/baby corn; broccoli was 0) + boiled potato; D NOT MADE (dal tadka / pumpkin bharta / rotis skipped — pumpkin stays ~100g). nextPlan cleared — awaiting the 18th.
Shunyam & Ishan — latest,h1b,2026-06-18,order,Ordered Cucumber 500
Shunyam & Ishan — latest,h1b,2026-06-18,order,Ordered Potato 1000
Shunyam & Ishan — latest,h1b,2026-06-18,order,"18-Jun morning (3 carts) for h1b: greek yoghurt 200g, paneer 200g (restock), milk 500ml (restock), English cucumber 500g, potato 1kg, Amul cheese slices 200g (restock); pantry/spice top-up — chilli flakes, cloves, green cardamom, Tata salt, Catch coriander pwd, Catch jeera pwd, MTR chilli powder."
Shunyam & Ishan — latest,h1b,2026-06-18,meal,"Breakfast — cheese, tomato & lettuce sandwich + greek yoghurt with fruit (soak rajma) (2) — Tomato -60g, Lettuce -40g"
Shunyam & Ishan — latest,h1b,2026-06-18,meal,"Lunch — Indo-Chinese paneer fried rice + babycorn & peppers stir fry (2) — Baby corn -120g, Green capsicum -60g, Red capsicum -60g, Yellow capsicum -50g, Onion -60g, Carrot -60g, Garlic -10g, Ginger -10g"
Shunyam & Ishan — latest,h1b,2026-06-18,meal,"Dinner — rajma masala, rotis & cucumber raita (soak sabudana) (2) — Onion -80g, Tomato -80g, Ginger -10g, Garlic -10g, Green chilli -5g, Cucumber -100g"
Shunyam & Ishan — latest,h1b,2026-06-18,meal,"18th CONSUMED for h1b. B cheese/tomato/lettuce sandwich + greek yoghurt with fruit (cheese, greek yoghurt, bread & fruit used; rajma soaked); L Indo-Chinese paneer fried rice + babycorn & peppers stir fry (paneer used; rice/soy pantry); D rajma masala + rotis + cucumber raita (curd used; sabudana soaked for tomorrow). 17-Jun dinner reverted (not made). nextPlan stays clear — awaiting the 19th."
Shunyam & Ishan — latest,h1b,2026-06-18,note,Baby corn ENDED for h1b — the ~20g left after the 18th babycorn & peppers stir fry is finished; set to 0.
Shunyam & Ishan — latest,h1b,2026-06-19,meal,"Breakfast — rajma parantha & curd (2) — Onion -30g, Coriander (dhania) -10g, Green chilli -5g"
Shunyam & Ishan — latest,h1b,2026-06-19,meal,"Lunch — chicken curry & rice (2) — Onion -80g, Tomato -80g, Ginger -6g, Garlic -10g, Green chilli -5g, Coriander (dhania) -10g"
Shunyam & Ishan — latest,h1b,2026-06-19,meal,Dinner — NOT cooked (kadai mixed vegetable / rotis / kachumbar was skipped); all that veg stays in stock (2) — 
Shunyam & Ishan — latest,h1b,2026-06-19,order,"19-Jun morning order for h1b: green peas 500g, Licious chicken curry cut 450g."
Shunyam & Ishan — latest,h1b,2026-06-19,meal,"19th CONSUMED for h1b. B rajma parantha & curd (rajma soaked from the 18th; curd used; onion 30, coriander 10, green chilli 5). L chicken curry & rice (450g chicken used; onion 80, tomato 80, ginger 6, garlic 10, green chilli 5, coriander 10; rice pantry). D was NOT cooked — the kadai mixed vegetable / rotis / kachumbar was skipped, so the green peas (new 500g pack), green & red capsicum, onion, tomato, carrot, beans, cauliflower, cucumber and the dinner aromatics ALL stay in stock (no deduction). Only breakfast & lunch were consumed on the 19th. 20th plan UPDATED (see the Slack alert): B Slurrp Farm chocolate pancakes, L chole masala & rotis, D malai paneer tikka & jeera rice — all 2 eaters (the earlier 5-guest dinner spread was dropped)."
Shunyam & Ishan — latest,h1b,2026-06-20,meal,Sat breakfast — methi theplas (pancake mix was finished on the 14th) (2) — Methi (fenugreek) -50g
Shunyam & Ishan — latest,h1b,2026-06-20,meal,"20th closed THROUGH BREAKFAST for h1b. B methi theplas — the Slurrp Farm pancake mix was finished on the 14th, so theplas instead. NOTE: methi is not in the tracked stock (last methi was the 11-Jun 250g, used by the 13th), so the 150g thepla deduction floored at 0 — send the methi order if it was bought and I will balance it. (Lunch & dinner are consumed below — the 20th is now fully closed.)"
Shunyam & Ishan — latest,h1b,2026-06-20,order,"20-Jun morning order for h1b: onion 1kg, ginger 200g, tomato 500g, green chilli 100g (+ ghee, a ginger gut-shot and milk — dairy/pantry). Onion on hand was first corrected to 100g (resident) before this 1kg landed."
Shunyam & Ishan — latest,h1b,2026-06-20,meal,"Sat lunch — rice & shahi paneer (2) — Onion -80g, Tomato -60g, Ginger -8g, Garlic -8g, Green chilli -3g"
Shunyam & Ishan — latest,h1b,2026-06-20,meal,"Sat dinner — pumpkin bharta, dal tadka & roti (2) — Pumpkin -100g, Onion -70g, Tomato -70g, Garlic -10g, Ginger -5g, Green chilli -6g"
Shunyam & Ishan — latest,h1b,2026-06-20,meal,"20th FULLY CONSUMED for h1b. B methi theplas. L rice & shahi paneer (paneer/cashew/cream are dairy/pantry; gravy onion 80, tomato 60, ginger 8, garlic 8, green chilli 3). D pumpkin bharta + dal tadka + roti (pumpkin 100 — finished the remaining stock; onion 70, tomato 70, garlic 10, ginger 5, green chilli 6; dal/atta pantry). The morning order (onion 1kg, ginger 200g, tomato 500g, chilli 100g) refilled first, with onion corrected to 100g pre-order. 20th CLOSED."
Shunyam & Ishan — latest,h1b,2026-06-22,order,Ordered Broccoli 250
Shunyam & Ishan — latest,h1b,2026-06-22,order,Ordered Cucumber 200
Shunyam & Ishan — latest,h1b,2026-06-22,order,Ordered Zucchini 400
Shunyam & Ishan — latest,h1b,2026-06-22,order,"22-Jun order for h1b: broccoli 250g, cucumber 2 pcs (~200g), zucchini 2 pcs (~400g est). The 20-Jun probiotic milk is already on the board (logged with the 20th morning order)."
Shunyam & Ishan — latest,h1b,2026-06-22,meal,"Mon B — Quaker oats with milk & brown sugar (1; ½ the usual batch) (oats/milk pantry-dairy, no FnV) — "
Shunyam & Ishan — latest,h1b,2026-06-22,meal,"Mon L — egg fried rice + sauteed veggies (1; ~2 eggs, rice pantry) — Broccoli -60g, Zucchini -60g, Onion -25g, Carrot -30g"
Shunyam & Ishan — latest,h1b,2026-06-22,meal,"Mon D — aloo gobi + 2 rotis + kachumbar salad (1; soak chola for Tue) — Potato -120g, Cauliflower -100g, Onion -50g, Tomato -60g, Cucumber -50g, Ginger -5g, Garlic -5g, Green chilli -3g"
Shunyam & Ishan — latest,h1b,2026-06-22,note,"22nd CLOSED for h1b — 1 EATER per the cards (Shunyam; Ishan appears away). B Quaker oats + milk (½ batch, no FnV); L egg fried rice + sauteed veggies (broccoli/zucchini from the 22nd order, onion, carrot; ~2 eggs); D aloo gobi (potato, cauliflower) + rotis + kachumbar (onion, tomato, cucumber); chola soaked for the 23rd. Eggs/oats/milk on the cadence board (counts noted, not strictly drawn down)."
Shunyam & Ishan — latest,h1b,2026-06-23,meal,"Tue B — masala omelette (1 egg, 2 bread) (1) — Onion -20g, Tomato -20g, Green chilli -3g"
Shunyam & Ishan — latest,h1b,2026-06-23,meal,"Tue L — chole masala & rice (chola soaked from Mon) (1) — Onion -40g, Tomato -40g, Ginger -8g, Garlic -7g, Green chilli -3g"
Shunyam & Ishan — latest,h1b,2026-06-23,meal,"Tue D — palak paneer + 2 rotis + dahi boondi (1; soak sabudana for Wed) — Spinach/Palak -50g, Onion -30g, Tomato -20g, Ginger -5g, Garlic -0g"
Shunyam & Ishan — latest,h1b,2026-06-23,note,"23rd CLOSED for h1b (1 eater, Shunyam; Ishan away). B masala omelette (1 egg + 2 bread); L chole masala & rice (chola soaked from Mon); D palak paneer + 2 rotis + dahi boondi; sabudana soaked for Wed. FLAGS: spinach/palak for the palak paneer was flagged to ORDER on the 23rd — if it was not bought, that deduction floors at zero (confirm the source); eggs/paneer/curd drawn from the board where tracked; rice, rotis (atta), chole and boondi are pantry."
Shunyam & Ishan — latest,h1b,2026-06-24,order,Ordered Cabbage 500
Shunyam & Ishan — latest,h1b,2026-06-24,order,Ordered Spinach/Palak 250
Shunyam & Ishan — latest,h1b,2026-06-24,order,Ordered Garlic 100
Shunyam & Ishan — latest,h1b,2026-06-24,order,Ordered Multi millet noodles (Healthy Master) 200
Shunyam & Ishan — latest,h1b,2026-06-24,order,Ordered Basmati rice (Daawat Rozana) 1000
Shunyam & Ishan — latest,h1b,2026-06-24,order,Ordered Organic curd (Akshayakalpa) 200
Shunyam & Ishan — latest,h1b,2026-06-24,order,Ordered Peanuts 250
Shunyam & Ishan — latest,h1b,2026-06-24,order,Ordered Sharbati atta (10on10) 1000
Shunyam & Ishan — latest,h1b,2026-06-24,order,Ordered White eggs (Abhi D3) 10
Shunyam & Ishan — latest,h1b,2026-06-24,order,"24-Jun order for h1b (before breakfast): multi-millet noodles 200g, organic cabbage ~500g, Daawat basmati rice 1kg, Akshayakalpa curd 200g, spinach 250g, Safe Harvest peanuts 250g, 10on10 sharbati atta 1kg, Abhi D3 white eggs 10, garlic 100g."
Shunyam & Ishan — latest,h1b,2026-06-24,meal,"Wed B — sabudana khichdi (1) — Potato -150g, Green chilli -3g, Curry leaves -0g, Lemon -1g"
Shunyam & Ishan — latest,h1b,2026-06-24,meal,"Wed L — street-style vegetable noodles (1) — Carrot -60g, Cabbage -80g, Green capsicum -30g, Onion -40g, Spring onion -0g, Garlic -5g"
Shunyam & Ishan — latest,h1b,2026-06-24,meal,"Wed D — mix veg subzi (beans, carrot, potato) + 2 rotis + cucumber raita (1) — Green beans -80g, Carrot -20g, Potato -100g, Cucumber -50g"
Shunyam & Ishan — latest,h1b,2026-06-24,note,24th CLOSED for h1b (1 eater). B sabudana khichdi (peanuts/curry leaves/lemon from order); L street-style veg noodles (millet noodles + cabbage from order); D rainbow bowl. Rice/atta/curd/eggs from the 24th order are on the cadence board (counts noted).
Shunyam & Ishan — latest,h1b,2026-06-25,order,"25-Jun (before breakfast) for h1b: Amul processed cheese slices 100g/5 slices + Akshayakalpa Amrutha A2 protein organic curd 500ml. Dairy only — no FnV. These are the ONLY orders today. Neither is used by today’s meals (the omelette has no cheese; kachumbar is a dry salad), so they stock for general use."
Shunyam & Ishan — latest,h1b,2026-06-25,meal,"Thu B (1) — broccoli & bell-peppers omelette — Broccoli -60g, Red capsicum -40g"
Shunyam & Ishan — latest,h1b,2026-06-25,meal,"Thu L (1) — cauliflower-chickpea curry + rice + lettuce-cabbage-zucchini salad [chickpea + rice = pantry] — Cauliflower -100g, Onion -40g, Tomato -40g, Ginger -8g, Garlic -8g, Lettuce -40g, Cabbage -50g, Zucchini -50g"
Shunyam & Ishan — latest,h1b,2026-06-25,meal,"Thu D (1) — palak & tomato curry + 2 rotis + kachumbar salad [rotis = atta pantry] — Spinach/Palak -150g, Onion -60g, Tomato -80g, Ginger -5g, Garlic -5g, Green chilli -3g, Cucumber -50g, Coriander (dhania) -10g"
Shunyam & Ishan — latest,h1b,2026-06-25,note,"25th CLOSED for h1b — 1 EATER per the card (Shunyam; Ishan away). B broccoli & bell-pepper omelette (broccoli 60, red capsicum 40; ~2 eggs off the board). L cauliflower-chickpea curry (cauliflower 100 — finishes the floret; onion/tomato/ginger/garlic base) + rice + lettuce-cabbage-zucchini salad (lettuce 40, cabbage 50, zucchini 50). D palak & tomato curry (spinach 150, tomato/onion/ginger/garlic/chilli) + 2 rotis + kachumbar (onion/tomato/cucumber/coriander; a squeeze of lemon ≈ 0, kept whole). FLAGS: (1) the ONLY order today was dairy (cheese 100g/5 slices + A2 curd 500ml), placed before breakfast — not used by today’s dishes, stocked for general use. (2) CHICKPEA (chana/chola), RICE and the ROTI ATTA are pantry (not tracked). Cauliflower now 0."
Shunyam & Ishan — latest,h1b,2026-06-27,note,27-Jun: Shunyam & Ishan are OUT OF TOWN — no order placed and no meals cooked. Stock carries unchanged (no-op day).
Shunyam & Ishan — latest,h1b,2026-06-29,order,"29-Jun orders (Shunyam & Ishan): Eggoz white farm eggs 10pc, Akshayakalpa organic malai paneer 200g, The Health Factory multigrain bread (zero maida) 250g, Akshayakalpa pasteurized cow milk 500ml x2, organic lady’s finger (bhindi) 250g, Licious chicken curry-cut large 450g, Akshayakalpa organic probiotic curd pouch ~200g."
Shunyam & Ishan — latest,h1b,2026-06-29,plan,29-Jun plan — B(2): French toast. L(2): Chicken curry + steamed rice + cucumber raita. D(2): Malai paneer + roti + kachumber salad.
Shunyam & Ishan — latest,h1b,2026-06-29,meal,"B(2) French toast. Deducted: eggs 4. Bread (Health Factory) & milk (from the Akshayakalpa pouch, ~100ml) used — bakery/pouch, logged not gram-deducted."
Shunyam & Ishan — latest,h1b,2026-06-29,meal,"L(2) Chicken curry + steamed rice + cucumber raita. Deducted: chicken curry-cut 300, cucumber 80 (raita), curd 150 (raita) (est). Rice = pantry."
Shunyam & Ishan — latest,h1b,2026-06-29,meal,"D(2) Malai paneer + roti + kachumber salad. Deducted: paneer 200 (→0), onion 40, tomato 50, cucumber 80 (kachumber) (est). Roti/atta = pantry. FLAG: paneer now 0 (only the 200g ordered today was used)."
Shunyam & Ishan — latest,h1b,2026-06-29,note,"29th CLOSED for Shunyam & Ishan (back from out-of-town; mirrored to V1 + latest boards). Order in: eggs 10, paneer 200g, multigrain bread 250g, cow milk x2, bhindi 250g, chicken curry-cut 450g, probiotic curd ~200g. Deducted: eggs 4, chicken ~300g (→~150 left), cucumber ~160, curd ~150, paneer 200 (→0), onion 40, tomato 50. Bhindi stocked for later. Bread/rice/roti = pantry."
Soozy & Munz,h2,2026-05-30,baseline,"30-May baseline (photos): peeled garlic ~100g, 300g red cabbage, 1 big brinjal, half ash gourd. Rest meat/dairy/fruit/pantry (chicken, sausage, Greek yogurt, milk, 2 apples, 2 dragon fruit, ash gourd, dates, idli+dosa batter, atta, sauces)."
Soozy & Munz,h2,2026-05-31,order,Ordered Tomato 500g
Soozy & Munz,h2,2026-06-01,order,Ordered Onion 1000g
Soozy & Munz,h2,2026-06-01,order,Ordered Tomato 500g
Soozy & Munz,h2,2026-06-01,order,Ordered Carrot 500g
Soozy & Munz,h2,2026-06-01,order,Ordered Cabbage 700g
Soozy & Munz,h2,2026-06-01,order,Ordered Beetroot 500g
Soozy & Munz,h2,2026-06-01,order,Ordered Broccoli 200g
Soozy & Munz,h2,2026-06-01,order,Ordered Garlic 100g
Soozy & Munz,h2,2026-06-01,order,Ordered Green chilli 70g
Soozy & Munz,h2,2026-06-01,order,Ordered Ginger 80g
Soozy & Munz,h2,2026-06-01,order,Ordered Ash gourd 400g
Soozy & Munz,h2,2026-06-01,order,Ordered Tender coconut (chopped) 1pc
Soozy & Munz,h2,2026-06-01,order,Ordered Coriander (dhania) 50g
Soozy & Munz,h2,2026-06-02,order,Ordered Cucumber 500g
Soozy & Munz,h2,2026-06-03,order,Ordered Garlic 100g
Soozy & Munz,h2,2026-06-03,check,"Check 1 - photos (3-Jun morning, scale-assisted) - ANCHOR"
Soozy & Munz,h2,2026-06-03,check,"Check 1 (3-Jun) = anchor. Snapped to photos: tomato 400, carrot 250, white cabbage 700, ash gourd 300, ginger 70, chilli 60, garlic 90, coriander 50, beetroot 500 (6 pcs), brinjal 250. Onion not photographed -> carried from orders. Forward prediction begins after this check."
Soozy & Munz,h2,2026-06-03,meal,"U&A egg curry — Onion 220g, Tomato 220g, Ginger 5g"
Soozy & Munz,h2,2026-06-03,meal,Beetroot thoran — Beetroot 150g
Soozy & Munz,h2,2026-06-03,meal,"Chicken roast base — Onion 330g, Tomato 180g"
Soozy & Munz,h2,2026-06-03,meal,"Lunch salad — Cucumber 60g, Onion 200g"
Soozy & Munz,h2,2026-06-04,order,Ordered Cabbage 450g
Soozy & Munz,h2,2026-06-04,order,Ordered Coriander (dhania) 150g
Soozy & Munz,h2,2026-06-04,meal,Beans thoran — 
Soozy & Munz,h2,2026-06-04,meal,"U&A prawn curry — Onion 220g, Ginger 5g, Garlic 5g"
Soozy & Munz,h2,2026-06-04,meal,"Bang-bang salad — Cucumber 60g, Garlic 5g"
Soozy & Munz,h2,2026-06-05,order,Ordered Tomato 1500g
Soozy & Munz,h2,2026-06-05,order,Ordered Onion 2000g
Soozy & Munz,h2,2026-06-05,order,Ordered Carrot 750g
Soozy & Munz,h2,2026-06-05,order,Ordered Green beans 300g
Soozy & Munz,h2,2026-06-05,order,Ordered Broccoli 200g
Soozy & Munz,h2,2026-06-05,order,Ordered Brinjal 300g
Soozy & Munz,h2,2026-06-05,order,Ordered Garlic 110g
Soozy & Munz,h2,2026-06-05,order,Ordered Romanesco 150g
Soozy & Munz,h2,2026-06-05,meal,"Cabbage coleslaw — Cabbage 210g, Carrot 270g, Onion 220g, Garlic 5g"
Soozy & Munz,h2,2026-06-05,meal,Beetroot thoran — Beetroot 150g
Soozy & Munz,h2,2026-06-05,meal,"U&A sambar — Ash gourd 170g, Carrot 175g"
Soozy & Munz,h2,2026-06-05,meal,"Egg roast (guests) — Onion 660g, Tomato 660g, Ginger 10g, Green chilli 5g"
Soozy & Munz,h2,2026-06-06,check,"Check 2 - photos (6-Jun morning, before breakfast, scale)"
Soozy & Munz,h2,2026-06-06,check,"Check 2 (6-Jun) PREDICTED then snapped. Snapped: tomato 750, beans 300, brinjal 300, cabbage 700, beetroot 170, broccoli 200, romanesco 150, carrot 250, garlic 200, ash gourd 250, ginger 60, coriander 50, cucumber 150, lemon 1, chilli 0."
Soozy & Munz,h2,2026-06-06,order,Ordered Green chilli 100g
Soozy & Munz,h2,2026-06-06,order,Ordered Coriander (dhania) 100g
Soozy & Munz,h2,2026-06-06,meal,"Avial — Ash gourd 135g, Carrot 250g, Green beans 170g"
Soozy & Munz,h2,2026-06-06,meal,"Chicken curry (guests) — Onion 660g, Tomato 465g, Ginger 10g, Garlic 15g, Green chilli 35g"
Soozy & Munz,h2,2026-06-06,meal,"Sauteed veg — Green beans 55g, Broccoli 100g"
Soozy & Munz,h2,2026-06-07,order,Ordered Lemon 2pc
Soozy & Munz,h2,2026-06-08,order,Ordered Onion 1000g
Soozy & Munz,h2,2026-06-08,order,Ordered Red capsicum 300g
Soozy & Munz,h2,2026-06-08,order,Ordered Carrot 1100g
Soozy & Munz,h2,2026-06-08,order,Ordered Cucumber 300g
Soozy & Munz,h2,2026-06-08,order,Ordered Green beans 200g
Soozy & Munz,h2,2026-06-08,order,Ordered Ginger 80g
Soozy & Munz,h2,2026-06-08,order,Ordered Green capsicum 150g
Soozy & Munz,h2,2026-06-08,order,Ordered Tender coconut (chopped) 1pc
Soozy & Munz,h2,2026-06-08,order,Ordered Lemon 15pc
Soozy & Munz,h2,2026-06-08,order,Ordered Broccoli 150g
Soozy & Munz,h2,2026-06-08,order,Ordered Tomato 500g
Soozy & Munz,h2,2026-06-08,order,Ordered Green chilli 100g
Soozy & Munz,h2,2026-06-08,order,Ordered Spinach/Palak 30g
Soozy & Munz,h2,2026-06-08,order,Ordered Brinjal 100g
Soozy & Munz,h2,2026-06-08,order,Ordered Ash gourd 50g
Soozy & Munz,h2,2026-06-08,meal,"Sauteed veg — Carrot 220g, Green beans 55g, Broccoli 100g"
Soozy & Munz,h2,2026-06-08,meal,"Teriyaki chicken — Onion 220g, Garlic 5g"
Soozy & Munz,h2,2026-06-09,meal,"Sauteed veg — Carrot 220g, Green beans 55g, Broccoli 100g, Cucumber 60g"
Soozy & Munz,h2,2026-06-09,meal,"Mixed veg salad — Cucumber 60g, Carrot 200g, Tomato 140g"
Soozy & Munz,h2,2026-06-10,check,"Check 3 - photos (10-Jun morning, before breakfast)"
Soozy & Munz,h2,2026-06-10,check,Check 3 (10-Jun) PREDICTED then snapped. First real ONION reading (200g). Snapped 18 items incl new ash gourd/red capsicum/palak; cucumber + green capsicum finished.
Soozy & Munz,h2,2026-06-10,meal,"Sauteed veg — Carrot 70g, Green beans 30g, Broccoli 20g"
Soozy & Munz,h2,2026-06-10,meal,"Chicken tikka salad — Onion 90g, Tomato 100g, Cabbage 130g"
Soozy & Munz,h2,2026-06-11,order,Ordered Onion 1000g
Soozy & Munz,h2,2026-06-11,meal,"Cabbage coleslaw — Cabbage 220g, Carrot 105g, Onion 100g, Garlic 5g, Coriander (dhania) 5g"
Soozy & Munz,h2,2026-06-12,meal,Cabbage stir-fry — 
Soozy & Munz,h2,2026-06-12,meal,"Brinjal side — Brinjal 90g, Garlic 5g"
Soozy & Munz,h2,2026-06-12,meal,"Avocado shrimp salad — Tomato 100g, Onion 100g, Garlic 5g, Coriander (dhania) 5g"
Soozy & Munz,h2,2026-06-13,check,"Check 4 - photos (13-Jun morning, before breakfast, scale-assisted)"
Soozy & Munz,h2,2026-06-13,meal,"Yogurt pepper chicken salad — Lettuce 100g, Tomato 150g, Onion 180g, Green chilli 10g"
Soozy & Munz,h2,2026-06-13,meal,Ginger steamed chicken (Munz) — Ginger 10g
Soozy & Munz,h2,2026-06-13,meal,"Mixed veggie salad (Munz) — Lettuce 50g, Carrot 35g"
Soozy & Munz,h2,2026-06-13,meal,Marinated chicken (Soozy) — Garlic 10g
Soozy & Munz,h2,2026-06-13,meal,"Sat 13-Jun (2 eaters). B: Munz 5 soaked almonds + high-protein oatmeal bowl + 5 whole eggs + 2 egg whites; Soozy 2 egg whites + 1 boiled egg (no FnV). L: Munz yogurt-pepper-chicken salad RICE bowl, Soozy yogurt-pepper-chicken salad (no rice) - salad veg lettuce/tomato/onion. D: Munz ginger steamed chicken + mixed veggie salad (lettuce/tomato/carrot); Soozy marinated chicken (garlic). This closes 13-Jun; live stock = end of 13-Jun night."
Soozy & Munz,h2,2026-06-13,note,"FACTORS history-calibrated: each item factor = total actual consumption / total textbook (role x eaters) across every window 30-May to 13-Jun, capped 0.4-2.0. This is the stable forward-looking rate (the per-window trained values are kept in each item fhist for audit). Per-check predictions were made with the prior-window factor, so the check deltas remain genuine out-of-sample gaps."
Soozy & Munz,h2,2026-06-13,note,"REBUILT (v8b) as an h1b-style FORWARD-PREDICTION model on five photo-verified checks + real orders (missed cart-lines back-filled: romanesco, palak, ~11 lemons, chilli, coriander). Stock is carried through real meals and each check shows PREDICTED vs the photo (genuine deltas), with 3-Jun as the anchor. Cross-date fixes: pumpkin=ash gourd, blueberries=black grapes, muskmelon=ash gourd, beetroot 6/2/1, chilli 60/0/100/126; new items ash gourd, red cabbage, romanesco, palak, curry leaves. Onion gets its first real reading (200g, 10-Jun). NOTE: a check is only an honest test of the model when it is NOT snapped beforehand — these 6/10/13-Jun deltas are real out-of-sample gaps."
Soozy & Munz,h2,2026-06-13,note,"DISPOSAL (13-Jun, binned on the spot - spoiled/expired/rotten): chicken small + large cut, 2 boxes boneless chicken breast, mackerel pieces, peeled-garlic box (ALL), coconut chunk pieces, dosa/idli batter, mint (green leaves). FnV reduced: garlic -> 0, mint -> 0, tender coconut -> 0. Chicken/fish/sausages/batter/grated-coconut marked discarded on the perish board."
Soozy & Munz,h2,2026-06-13,note,"HEADCOUNT POLICY: base household is Soozy & Munz = 2 people, NOT a flat 4. Uncle & Aunty (and other guests) were over only on specific days; each meal is portioned for the ACTUAL eaters that day per the plan given (the per-meal count, e.g. egg roast for 6 on 5-Jun, U&A dishes 3-5 Jun). Future days follow the same per-day headcount via the ""Cooked for N"" override, never a blanket 4."
Soozy & Munz,h2,2026-06-17,check,"Check 5 (17-Jun) physical count — snapped tomato 1017, cucumber 336, green beans 130, cabbage 340, green capsicum 220, carrot 32, ginger 25, garlic 127, coriander 50, spring onion 250, sweet corn 133, lemon 4, dill 80, mint 63 (spoiled), curry leaves (spoiled). Perish: eggs 47, blueberries 294g, dates 6, 5 yogurt/curd tubs. The 17-Jun order rows are the count anchor (verified stock), not single purchases. Carried (not counted, confirm if finished): onion/broccoli/green chilli/brinjal/lettuce."
Soozy & Munz,h2,2026-06-14,note,14-Jun — nothing cooked (resident-confirmed). No consumption.
Soozy & Munz,h2,2026-06-17,order,"17-Jun afternoon order (after the morning count): carrot 500g, broccoli 200g, green capsicum 250g, lettuce 250g (+ prawns, 2 chicken breast, 2 yogurt, milk — protein/dairy). This refills the carrot the 18th dinner needs."
Soozy & Munz,h2,2026-06-15,meal,Mon B — Munz oatmeal + 5 soaked almonds + 5 whole eggs + 2 whites; Soozy 1 whole egg + 5 whites (pre-17-Jun count — already absorbed; not deducted)
Soozy & Munz,h2,2026-06-15,meal,Mon L — Mediterranean grill chicken (Munz rice bowl / Soozy salad + 200g rice) + sauteed vegetables + tzatziki (pre-17-Jun count — already absorbed; not deducted)
Soozy & Munz,h2,2026-06-15,meal,Mon D — Munz Kerala pan-fry fish + mixed green salad (prawns used); Soozy marinated chicken (pre-17-Jun count — already absorbed; not deducted)
Soozy & Munz,h2,2026-06-16,meal,Tue B — eggs + oatmeal + almonds (as Mon) (pre-17-Jun count — already absorbed; not deducted)
Soozy & Munz,h2,2026-06-16,meal,Tue L — grilled fish + rice/quinoa + sauteed vegetables + soy-ginger sauce (pre-17-Jun count — already absorbed; not deducted)
Soozy & Munz,h2,2026-06-16,meal,Tue D — Munz herb grilled chicken + stir-fried carrot & beans; Soozy marinated chicken (pre-17-Jun count — already absorbed; not deducted)
Soozy & Munz,h2,2026-06-17,meal,Wed L — Tandoori chicken salad (Munz rice bowl / Soozy +200g rice) + sauteed vegetables + yogurt dip [veg vague — not deducted]
Soozy & Munz,h2,2026-06-17,meal,Wed D — Asian prawn stir-fry (fewer prawns) + mixed green salad; Soozy marinated chicken [greens vague — not deducted]
Soozy & Munz,h2,2026-06-18,meal,Thu L — chicken stew + rice + sauteed veggies (Munz) / herbed chicken salad + 200g quinoa (Soozy) [veg vague — not deducted]
Soozy & Munz,h2,2026-06-18,meal,"Thu D — Thai basil chicken (air-fried) + pan-fried broccoli & carrots (Munz); Soozy marinated chicken — Broccoli 70g, Carrot 280g"
Soozy & Munz,h2,2026-06-19,meal,Fri L — Shrimp-avocado salad + sauteed vegetables (Munz) / no-corn + 200g rice (Soozy) [avocado untracked; veg vague — not deducted]
Soozy & Munz,h2,2026-06-19,meal,Fri D — air-fried chicken + mixed greens salad w/ yogurt dressing; Soozy marinated chicken [greens vague — not deducted]
Soozy & Munz,h2,2026-06-20,note,"Sat 20-Jun CLOSED FLAT — nothing cooked (resident-confirmed). The previously-planned Sat meals (lemon-cilantro chicken salad + garlic stir-fried beans; grilled chicken salad) are REMOVED and their deductions reversed — green beans, garlic, coriander and lemon restored to stock. No meal deductions for the 20th."
Soozy & Munz,h2,2026-06-21,note,"Sun 21-Jun CLOSED FLAT — nothing cooked (resident-confirmed). No deductions, no additions; stock carries from the 19th."
Soozy & Munz,h2,2026-06-20,note,"Soozy & Munz — FULL exact order history received (31-May to 19-Jun) and reconciled against the 5 physical counts. The counts (3/6/10/13-Jun + the 17-Jun morning count) are the stock ground-truth and already absorb every order placed before them, so the pre-17 orders do not change current stock (re-adding would double-count). The ONLY stock-moving order after the last count is the 17-Jun AFTERNOON delivery (carrot 500g, broccoli 200g, green capsicum 250g, lettuce 250g) — now applied. That RESOLVES the carrot shortfall (32 at the count + 500 = 532, so the 18th pan-fried carrots draws fine, no floor). 18th & 19th orders were dairy/pantry/basil only (no tracked produce). STILL OPEN: (1) the vague ""sauteed vegetables""/""mixed greens"" across 15-20 still need specifics to draw down tomato 1017 / cucumber 336 / cabbage 340 / green capsicum (now 470); (2) EGGS — 47 at the count vs ~52 used across the 17-20 breakfasts, and there is NO post-16 egg order in the list, so they ran out: confirm a reorder or smaller breakfasts; (3) carried-from-13 (onion 730 — a 1kg onion was ordered 15-Jun, green chilli 110, brinjal 250) still want a finished/not confirmation."
Soozy & Munz,h2,2026-06-19,note,"FULL exact order log loaded (31-May to 19-Jun, ~152 lines) and now drives the Orders-by-date view. This replaced the model’s reconstructed order log; stock is unchanged (it is anchored to the physical counts + meals + the 17-Jun afternoon refill, not to the pre-count order quantities)."
Soozy & Munz,h2,2026-06-19,note,"Vague-composition meals (sauteed vegetables / mixed greens, 17-19 Jun) are now deducted by ESTIMATE from what was on hand, per the compose-from-available-stock rule — green capsicum/carrot/broccoli for sautes, cucumber/tomato for salads. These are inferred (the house did not name them); a physical count will true them up."
Soozy & Munz,h2,2026-06-22,order,Ordered Carrot 250g
Soozy & Munz,h2,2026-06-22,order,Ordered Coriander (dhania) 100g
Soozy & Munz,h2,2026-06-22,order,Ordered Cucumber 300g
Soozy & Munz,h2,2026-06-22,order,"22-Jun order for S&M: Blue Tokai coffee 150g, set curd 400g, Ooty carrot 250g, coriander 100g, Greek yogurt x3, cow milk x3, Licious eggs x36, green cucumber x2 (~300g), boneless chicken breast x2."
Soozy & Munz,h2,2026-06-22,meal,"Mon B — high-protein oatmeal + 5 soaked almonds; boiled eggs (Munz 5 whole + 2 whites, Soozy 1 whole + 4 whites ≈ 12 eggs) [oats/almonds pantry; eggs drawn on the board]"
Soozy & Munz,h2,2026-06-22,meal,"Mon L — bang bang chicken + salad rice bowl + hung curd dip (2; chicken & curd off the board) — Cucumber 190g, Carrot 280g, Lettuce 70g"
Soozy & Munz,h2,2026-06-22,meal,Mon D — broccoli chicken salad (Munz) / marinated chicken (Soozy) — Broccoli 60g
Soozy & Munz,h2,2026-06-22,note,"22nd CLOSED for S&M (2 eaters). B oatmeal + almonds + ~12 boiled eggs (eggs replenished by the 22nd 36-pack -> ~24 left). L bang bang chicken + salad + hung curd (cucumber/carrot/lettuce drawn; chicken breast & curd off the board). D broccoli chicken salad (Munz, broccoli drawn) + marinated chicken (Soozy). 20-21 stay no-cook (resident-confirmed)."
Soozy & Munz,h2,2026-06-23,order,Ordered Lettuce 100g
Soozy & Munz,h2,2026-06-23,order,Ordered Green beans 250g
Soozy & Munz,h2,2026-06-23,order,Ordered Carrot 500g
Soozy & Munz,h2,2026-06-23,order,Ordered Cucumber 450g
Soozy & Munz,h2,2026-06-23,order,Ordered Avocado 300pc
Soozy & Munz,h2,2026-06-23,order,Ordered Greek yogurt / curd 180g
Soozy & Munz,h2,2026-06-23,order,Ordered Milk 500g
Soozy & Munz,h2,2026-06-23,order,Ordered Eggs 12pc
Soozy & Munz,h2,2026-06-23,order,Ordered Eggs 6pc
Soozy & Munz,h2,2026-06-23,order,Ordered Prawns 200g
Soozy & Munz,h2,2026-06-23,order,Ordered Chicken 450g
Soozy & Munz,h2,2026-06-23,order,Ordered Chicken 500g
Soozy & Munz,h2,2026-06-23,order,Ordered Hummus (NOICE Lebanese) 110g
Soozy & Munz,h2,2026-06-23,order,Ordered Ranch dressing (Veeba) 300g
Soozy & Munz,h2,2026-06-23,note,"Also in the 23rd order: a free Father’s Day newspaper (Dad Chronicles, 1 pc, ₹0) — not a grocery, logged for completeness only, not tracked as stock."
Soozy & Munz,h2,2026-06-23,order,"23-Jun morning order (before breakfast) for S&M: avocado 150g x2, Akshayakalpa Greek yogurt 90g x2, organic cow milk 500ml, Licious eggs 12 + 6, ITC prawns 200g, Licious chicken breast 450g + curry-cut 500g, NOICE Lebanese hummus 110g x2, Veeba ranch 300g, lettuce 100g, French beans 250g, carrot 500g, cucumber 3 pcs."
Soozy & Munz,h2,2026-06-23,meal,B (4) — Munz: 5 almonds + high-protein oatmeal bowl + 5 boiled eggs + 2 egg whites; Soozy: 1 egg + 4 whites; Uncle & Aunty: dosa & coconut chutney + boiled eggs
Soozy & Munz,h2,2026-06-23,meal,"L (2) — Mediterranean shrimp salad (Munz/Soozy) — Cucumber 115g, Lettuce 40g, Tomato 190g, Onion 50g"
Soozy & Munz,h2,2026-06-23,meal,"L (2) — chicken curry (Uncle & Aunty) — Onion 55g, Tomato 210g, Ginger 10g, Garlic 20g, Green chilli 10g"
Soozy & Munz,h2,2026-06-23,meal,"L (2) — carrot-beans thoran (Uncle & Aunty) — Carrot 495g, Green beans 125g"
Soozy & Munz,h2,2026-06-23,meal,"D (1) — BBQ chicken salad + bbq-ranch (Munz) — Lettuce 20g, Cucumber 55g, Tomato 95g, Onion 25g"
Soozy & Munz,h2,2026-06-23,meal,"D (2) — carrot-beans thoran (Uncle & Aunty) — Carrot 92g, Green beans 125g"
Soozy & Munz,h2,2026-06-23,meal,D (4) — Munz: BBQ chicken salad + bbq-ranch; Soozy: marinated chicken; Uncle & Aunty: rice + chicken curry + carrot-beans thoran
Soozy & Munz,h2,2026-06-23,note,"23rd CLOSED for S&M (4 eaters — Uncle & Aunty joined). FLAGS: (1) Uncle & Aunty boiled-egg count assumed 2 each (4 total); adjust if it was 2 total. (2) Dosa & coconut chutney — dosa batter is NOT tracked (the earlier batter was discarded 13-Jun) and grated coconut was not in today’s order; coconut was drawn from any remaining stock, so flag if short. (3) Avocado was not named in the plan — ~150g assumed used in the Mediterranean shrimp salad, ~150g left. (4) Chicken: 450g breast + 500g curry-cut received; ~250g curry-cut at lunch and ~600g across the dinner dishes drawn off the board. (5) Rice is pantry, not granularly tracked."
Soozy & Munz,h2,2026-06-24,order,Ordered Carrot 250g (Ooty)
Soozy & Munz,h2,2026-06-24,order,Ordered Idli/dosa batter 500
Soozy & Munz,h2,2026-06-24,order,Ordered Atta 1000
Soozy & Munz,h2,2026-06-24,order,Ordered Peanuts (for chutney) 500
Soozy & Munz,h2,2026-06-24,order,Ordered Chicken breast (boneless) 800
Soozy & Munz,h2,2026-06-24,order,Ordered Chicken curry cut 900
Soozy & Munz,h2,2026-06-24,order,Ordered Yoga Bar muesli 700
Soozy & Munz,h2,2026-06-24,meal,B (4) — high-protein oatmeal + boiled eggs; idli & peanut chutney (Uncle & Aunty)
Soozy & Munz,h2,2026-06-24,meal,L (4) — lemon-cilantro chicken + salad + tzatziki; rice + moru + cabbage thoran (Uncle & Aunty)
Soozy & Munz,h2,2026-06-24,meal,D (4) — Indian chicken salad + mix-veg curd dip; 10 rotis + chicken fry (Uncle & Aunty)
Soozy & Munz,h2,2026-06-24,check,"S&M 24-Jun AFTER-BREAKFAST full inventory (resident count) loaded — stock reset to truth and every SKU now tracked (~80 items: FnV, proteins/dairy, oils/vinegar, ~30 condiments/sauces, spices, dals, grains/flours, teas/coffee/beverages, snacks). Vague-quantity items (“1 jar / 1 bag / mesh bag”) are tracked present by pack/piece — grams not invented. A few unidentified entries (white powder, brown granular substance, unknown chilled 100g) were left out pending confirmation."
Soozy & Munz,h2,2026-06-24,note,"S&M 24-Jun: the before-breakfast order (idli batter 500g, Ooty carrot 250g, Aashirvaad high-fibre multigrain atta 1kg, Whole Farm peanuts 500g, chicken breast 800g, chicken curry-cut 900g, Yoga Bar muesli 700g) landed AFTER the after-breakfast inventory count, so it is topped up over the counted baseline (carrot 500→750, idli batter 1.2→1.7kg; chicken breast / curry-cut / muesli / multigrain atta added as fresh stock). Order lines were logged earlier — not duplicated here."
Soozy & Munz,h2,2026-06-25,order,"25-Jun order for S&M (the ONLY orders today): Milky Mist greek yogurt 225g x2, Sheba cat food (salmon) 1.5kg x3 [PET FOOD, not meal-tracked], True Elements quinoa 1kg, fresh rosemary 10g, Tata Sampann toor dal 500g, Ching’s dark soy 210g, iD idli/dosa batter 1kg, Akshayakalpa plain greek yogurt 90g x3, brown coconut 1, French beans 250g, pumpkin (cut) 200g, Aachi sambar powder 100g, Italian basil 50g, Cornitos jalapeno 370ml, avocado Hass x2, Licious eggs 12 x3 (36), seeded tamarind 200g, Safal frozen peas 500g, Licious chicken curry-cut 450g, coriander 100g, drumstick cut 125g, Akshayakalpa A2 milk 500ml x2, Aashirvaad sooji rava 1kg. Each = a real order line + tracked stock (h2 excluded from the auto-mirror, so logged manually — no double-count)."
Soozy & Munz,h2,2026-06-25,meal,B (3) — Soozy: 1 whole egg + 4 egg whites; Uncle & Aunty: vegetable upma + 2 half-boiled eggs
Soozy & Munz,h2,2026-06-25,meal,L (3) — Soozy: Thai basil chicken + salad + hung-curd dip + 100g quinoa; Uncle & Aunty: rice sambar + chicken roast + brinjal tawa fry
Soozy & Munz,h2,2026-06-25,meal,D (3) — Soozy: marinated chicken; Uncle & Aunty: 6 rotis + chicken roast
Soozy & Munz,h2,2026-06-25,note,"25th CLOSED for S&M — 3 eaters (Soozy + Uncle & Aunty; Munz away). B: Soozy 1 whole egg + 4 whites; U&A vegetable upma (sooji/rava + onion/carrot/peas/green-chilli/curry-leaves/ginger) + 2 half-boiled eggs — 7 eggs off the board. L: Soozy Thai basil chicken (boneless chicken + the fresh Italian basil + onion/garlic/chilli) + salad (lettuce/cucumber/tomato) + hung-curd dip (greek yogurt) + 100g quinoa; U&A rice sambar (toor dal + drumstick 125g whole + onion/tomato/carrot + tamarind + sambar powder) + chicken roast (curry-cut) + brinjal tawa fry (brinjal 150g). D: Soozy marinated chicken (boneless) + U&A 6 rotis (atta) + chicken roast (curry-cut). Chicken drawn: boneless 300g (Thai + marinated) and curry-cut 400g (two roasts). FLAGS: (1) rice, tamarind, sambar powder, idli/dosa batter and the cat food are pantry/non-food — logged, not meal-drawn. (2) ""2 half-boiled eggs"" read as 2 TOTAL for Uncle & Aunty — adjust if it was 2 each. (3) pumpkin & French beans were ordered today but not used by today’s dishes — stocked. (4) coriander is hidden on S&M’s board but still tracked."
Soozy & Munz,h2,2026-06-26,order,26-Jun order: 2 x Akshayakalpa Amrutha organic cow milk 500ml (=1L). Only order today.
Soozy & Munz,h2,2026-06-26,meal,"B(4) Soozy: 1 whole boiled egg + 4 egg whites; Uncle & Aunty: egg curry (4 eggs) + 4 dosas. Deducted: eggs 9, dosa batter ~400g, grated coconut ~30g (chutney), onion 80g, tomato 80g, green chilli 5g, curry leaves 5g, ginger 5g, garlic 5g."
Soozy & Munz,h2,2026-06-26,meal,"L(4) Soozy: guacamole chicken salad + mexican salad + green-goddess dressing + 100g rice; Uncle & Aunty: rice + prawn curry + beans thoran. Deducted: avocado 2, chicken-breast 200g, prawns 150g, green beans 150g (thoran), grated coconut 50g, lettuce 40g, tomato 120g, cucumber 80g, green caps 60g, onion 100g, green chilli 5g, curry leaves 3g, ginger 5g, garlic 5g, lemon 1, greek yogurt 60g (dressing). FLAG: no CORIANDER on the board (salad/garnish) -> minor."
Soozy & Munz,h2,2026-06-26,meal,"D(4) Soozy: marinated chicken; Uncle & Aunty: 6 rotis + prawn curry. Deducted: chicken-breast 200g (marinade: greek yogurt 60g + lemon + ginger-garlic), prawns 100g, onion 60g, tomato 60g, green chilli 5g, curry leaves 3g, ginger 5g, garlic 10g, lemon 1. Atta = pantry."
Soozy & Munz,h2,2026-06-26,note,"26th CLOSED for Soozy & Munz (4 eaters incl. Uncle & Aunty guests). Order: 2x500ml Akshayakalpa milk (+1L). USED UP / reorder: PRAWNS 0 (FreshToHome 250g finished across both curries), LEMON 0, CURRY LEAVES ~1g (nearly out). Drawn: greek yogurt ~120g; chicken-breast boneless ~100g left (Licious 2pc + curry cut 950g still on board). FLAG: no coriander on the board. 27-Jun card NOT provided -> left awaiting (no plan invented)."
Soozy & Munz,h2,2026-06-27,order,"27-Jun orders (before breakfast): Licious chicken breast boneless 400g, FreshToHome prawns 250g, Licious eggs 18, beetroot 250g, tomato 500g, curry leaves 50g, coriander 100g, Milky Mist Greek yogurt 200g (2x100), Akshayakalpa A2 milk 1000ml (2x500)."
Soozy & Munz,h2,2026-06-27,meal,"B(4) Soozy: 1 whole egg + 4 egg whites; Uncle & Aunty: idli + chutney + sambar + 2 boiled eggs. Deducted: eggs 7, idli/dosa batter ~300g, grated coconut ~50g (chutney). Sambar dal/powder = pantry."
Soozy & Munz,h2,2026-06-27,meal,"L(4) Soozy: shrimp-avocado salad + tzatziki + 100g rice; Uncle & Aunty: ghee rice, chicken roast + beetroot thoran. Deducted: prawns 200, avocado 1, Greek yogurt 60 (tzatziki), cucumber 60, garlic 10, chicken breast 250 (roast), beetroot 150 (thoran), grated coconut 60, onion 120, tomato 100. Rice & ghee = pantry."
Soozy & Munz,h2,2026-06-27,meal,"D(4) Soozy: marinated chicken; Uncle & Aunty: 6 rotis + chicken roast. Deducted: chicken breast 250 (marinated → breast now 0), chicken curry cut 300 (roast), onion 80, green chilli 10, ginger 10, garlic 10. Rotis (atta) = pantry."
Soozy & Munz,h2,2026-06-27,note,"27th CLOSED for Soozy & Munz (4 eaters). Orders went in before breakfast. Chicken breast boneless fully used across lunch+dinner (→0). FLAGS (pantry/not tracked): idli, ghee rice, rotis (rice & atta), sambar dal, coconut-chutney base. 28-Jun: no plan shared (Sunday)."
Soozy & Munz,h2,2026-06-27,note,"27-Jun physical check (AFTER breakfast) applied for Soozy & Munz, then the 27th lunch+dinner re-deducted from the counted values. Snapped: tomato 617, green chilli 43, coriander 126, green capsicum 250, curry leaves 46, dill 72, carrot 600 (117+483), pumpkin 200, basil 85 (1+1 packs). Corrected model misses: coriander 270→126, capsicum 340→250, chilli 72→43. Added pantry: 4 cow milk, ginger paste, garlic paste, ~1/4 oyster sauce, 2 avocado, 100g peeled garlic. Onion/cucumber/beetroot/green-beans/fresh-garlic/fresh-ginger were not itemised — left on model values."
Soozy & Munz,h2,2026-06-29,order,"29-Jun orders (Soozy & Munz): fresh onion 1kg, fresh cucumber 500g, Pluckk premium bhindi 500g, Licious boneless chicken breast 1.6kg, Akshayakalpa Greek yogurt 90g x2, Licious classic eggs 12 x3 (36), Akshayakalpa cow milk 500ml x2 [photo showed qty 1 — actual 2], iD idli/dosa batter 1kg, drumstick 2pc, ginger 200g, romaine/green lettuce ~75g, fresh lemon 100g (~5), Aashirvaad multigrain atta 1kg."
Soozy & Munz,h2,2026-06-29,plan,29-Jun plan — B(4): Munz 5 soaked almonds + protein oatmeal + 5 whole + 2 white boiled eggs; Soozy 1 whole + 4 white boiled eggs; U&A appam + vegetable stew + 2 boiled eggs. L(4): Munz Mediterranean shrimp salad + rice bowl + hummus; Soozy shrimp salad + hummus + 200g quinoa; U&A 6 rice + chicken curry + cabbage thoran. D(4): Munz BBQ chicken salad + bbq-ranch; Soozy marinated chicken; U&A 6 rotis + chicken curry.
Soozy & Munz,h2,2026-06-29,meal,"B(4) Munz protein oatmeal + 7 eggs (5 whole+2 white); Soozy 5 eggs (1 whole+4 white); U&A appam + vegetable stew + 2 eggs. Deducted: eggs 14, carrot 80 & onion 50 (stew, est). Almonds, oatmeal, appam, coconut milk = pantry."
Soozy & Munz,h2,2026-06-29,meal,"L(4) Mediterranean shrimp salad x2 (Munz + Soozy) + hummus + quinoa; U&A 6 rice + chicken curry + cabbage thoran. Deducted: prawns 50 (only 50g → 0), chicken curry-cut 300, cabbage 100, cucumber 100, tomato 80, lettuce 40, carrot 50 (thoran) (est). Rice, hummus, quinoa = pantry. FLAG: PRAWNS short for 2 shrimp salads (only 50g) → order."
Soozy & Munz,h2,2026-06-29,meal,"D(4) Munz BBQ chicken salad + bbq-ranch; Soozy marinated chicken; U&A 6 rotis + chicken curry. Deducted: boneless chicken 500 (bbq + marinated + curry), cucumber 100, tomato 80, lettuce 40 (salads, est). Rotis = pantry."
Soozy & Munz,h2,2026-06-29,note,"29th CLOSED for Soozy & Munz (4 eaters). Orders in: onion 1kg, cucumber 500g, bhindi 500g, boneless chicken 1.6kg, greek yogurt 90g x2, eggs 36, COW MILK x2 (photo said 1), iD batter 1kg, drumstick 2, ginger 200g, lettuce ~75g, lemon ~100g, multigrain atta 1kg. Chicken drawn ~800g (curry-cut 300 + boneless 500); eggs 14; salad/thoran veg as listed. FLAG → order: PRAWNS (only 50g for 2 Mediterranean shrimp salads). Bhindi stocked for later (no bhindi dish today)."
Disha & Anirudh,h3,2026-06-13,check,"Check 1 (13-Jun 7am, anchor) — from the walkthrough video + notes. Snapped: red/tricolour capsicum ~700 (LOTS), green beans ~400 (LOTS), carrot ~500, baby corn ~250, cucumber ~300 (2 pcs), Chinese cabbage ~300 (half left), broccoli ~80 (little), palak ~80 (little), coriander ~100, tomato ~400, onion ~150, lemon 4, green chilli ~60. Spring onion + dark-purple lettuce present but untracked (no Master bucket). Factors stay 1.0 until the next check."
Disha & Anirudh,h3,2026-06-13,note,"SHOPPING GUIDANCE (13-Jun): DO NOT buy capsicum or green beans — lots in stock, spoilage risk. NEEDS: bread (out at 7am — RESTOCKED the same morning, see Pantry board), and a small BUTTER CONTAINER / dabba (old one was discarded; butter itself is already in stock — keep it outside for easy spreading). Use up the half Chinese cabbage — suggest a recipe. Most fruit is in stock."
Disha & Anirudh,h3,2026-06-08,order,Ordered Spring onion 250g (pre-13-Jun — already counted in the 13-Jun anchor; logged for date/age only)
Disha & Anirudh,h3,2026-06-08,order,Ordered Broccoli 1pc (300-400g) (pre-13-Jun — already counted in the 13-Jun anchor; logged for date/age only)
Disha & Anirudh,h3,2026-06-08,order,Ordered Red capsicum 1pc (130-170g) (pre-13-Jun — already counted in the 13-Jun anchor; logged for date/age only)
Disha & Anirudh,h3,2026-06-08,order,Ordered Carrot 500g (pre-13-Jun — already counted in the 13-Jun anchor; logged for date/age only)
Disha & Anirudh,h3,2026-06-08,order,Ordered Yellow capsicum 1pc (130-170g) (pre-13-Jun — already counted in the 13-Jun anchor; logged for date/age only)
Disha & Anirudh,h3,2026-06-08,order,Ordered Green capsicum 2pc (260-340g) (pre-13-Jun — already counted in the 13-Jun anchor; logged for date/age only)
Disha & Anirudh,h3,2026-06-08,order,Ordered Spinach/Palak 250g (pre-13-Jun — already counted in the 13-Jun anchor; logged for date/age only)
Disha & Anirudh,h3,2026-06-08,order,Ordered Baby corn 200g (pre-13-Jun — already counted in the 13-Jun anchor; logged for date/age only)
Disha & Anirudh,h3,2026-06-08,order,Ordered Cucumber 250g (pre-13-Jun — already counted in the 13-Jun anchor; logged for date/age only)
Disha & Anirudh,h3,2026-06-08,order,Ordered Green beans 250g (pre-13-Jun — already counted in the 13-Jun anchor; logged for date/age only)
Disha & Anirudh,h3,2026-06-09,order,Ordered Coriander (dhania) 100g (pre-13-Jun — already counted in the 13-Jun anchor; logged for date/age only)
Disha & Anirudh,h3,2026-06-10,order,Ordered Green chilli 100g (pre-13-Jun — already counted in the 13-Jun anchor; logged for date/age only)
Disha & Anirudh,h3,2026-06-10,order,Ordered Tomato 500g (pre-13-Jun — already counted in the 13-Jun anchor; logged for date/age only)
Disha & Anirudh,h3,2026-06-10,order,Ordered Lemon 250g pack (~4-5 pcs) (pre-13-Jun — already counted in the 13-Jun anchor; logged for date/age only)
Disha & Anirudh,h3,2026-06-10,order,Ordered Onion 1000g (pre-13-Jun — already counted in the 13-Jun anchor; logged for date/age only)
Disha & Anirudh,h3,2026-06-09,order,Ordered Bread 1pc (270g loaf)
Disha & Anirudh,h3,2026-06-09,order,Ordered Butter 100g
Disha & Anirudh,h3,2026-06-09,order,Ordered Eggs 6pc
Disha & Anirudh,h3,2026-06-13,order,Ordered Bread 1pc (800g loaf)
Disha & Anirudh,h3,2026-06-15,order,Ordered Chicken 450g
Disha & Anirudh,h3,2026-06-10,order,Ordered Eggs 12pc
Disha & Anirudh,h3,2026-06-15,order,Ordered Eggs 6pc
Disha & Anirudh,h3,2026-06-16,order,Ordered Eggs 12pc
Disha & Anirudh,h3,2026-06-19,order,Ordered Eggs 6pc
Disha & Anirudh,h3,2026-06-19,order,Ordered Bread 1pc (modern loaf)
Disha & Anirudh,h3,2026-06-10,order,Ordered Chicken 1 pack (weight not given)
Disha & Anirudh,h3,2026-06-16,order,Ordered Chicken 1 pack (weight not given)
Disha & Anirudh,h3,2026-06-17,order,Ordered Chicken 1 pack (weight not given)
Disha & Anirudh,h3,2026-06-18,order,Ordered Chicken 1 pack (weight not given)
Disha & Anirudh,h3,2026-06-19,order,Ordered Chicken 1 pack (weight not given)
Disha & Anirudh,h3,2026-06-17,order,Ordered Lettuce — weight not given (flag); NOT added to stock until a weight is supplied.
Disha & Anirudh,h3,2026-06-10,note,"Also ordered 10-Jun (untracked): curd, dairy cream."
Disha & Anirudh,h3,2026-06-15,note,"Also ordered 15-Jun (untracked): 2x milk, avocado, 1 mushroom, cumin seeds."
Disha & Anirudh,h3,2026-06-16,note,"Also ordered 16-Jun (untracked): kiwi, apple, pomegranate, 2x milk."
Disha & Anirudh,h3,2026-06-17,note,"Also ordered 17-Jun (untracked): seed mix x2, curd, plum, 2x Amul milk."
Disha & Anirudh,h3,2026-06-13,order,"Ordered Tomato 150g (cherry tomatoes, 150g packet)"
Disha & Anirudh,h3,2026-06-08,meal,Mon B — palak & cremini mushroom omelette (Disha 2 eggs; Anirudh 2 eggs + 2 slices sourdough) (pre-anchor — consumption already reflected in the 13-Jun anchor; not deducted)
Disha & Anirudh,h3,2026-06-08,meal,"Mon L — sauteed chicken in herbs + sauteed veg (baby corn, beans, carrot, onion, capsicum, broccoli) + hung-curd dip w/ rocket, garlic, salt & pepper + cut fruit (pre-anchor — consumption already reflected in the 13-Jun anchor; not deducted)"
Disha & Anirudh,h3,2026-06-08,meal,Mon D — overnight oats w/ protein powder + psyllium in milk & cut fruit (pre-anchor — consumption already reflected in the 13-Jun anchor; not deducted)
Disha & Anirudh,h3,2026-06-09,meal,Tue B — devilled-egg sandwiches (Disha 2 eggs; Anirudh 2 eggs) (pre-anchor — consumption already reflected in the 13-Jun anchor; not deducted)
Disha & Anirudh,h3,2026-06-09,meal,"Tue L — Asian chicken salad w/ spring onions + chopped salad (carrot, tomato, cucumber, bell peppers) + cut fruit (pre-anchor — consumption already reflected in the 13-Jun anchor; not deducted)"
Disha & Anirudh,h3,2026-06-09,meal,Tue D — overnight oats w/ protein powder + psyllium in milk & cut fruit (pre-anchor — consumption already reflected in the 13-Jun anchor; not deducted)
Disha & Anirudh,h3,2026-06-10,meal,Wed B — extra-veggie masala omelette (Disha extra chilli; Anirudh + 2 slices toast) (pre-anchor — consumption already reflected in the 13-Jun anchor; not deducted)
Disha & Anirudh,h3,2026-06-10,meal,"Wed L — honey lemon-pepper chicken skewers + sauteed veg (baby corn, beans, carrot, onion, capsicum, broccoli) + hung-curd garlic & cucumber dip + cut fruit (pre-anchor — consumption already reflected in the 13-Jun anchor; not deducted)"
Disha & Anirudh,h3,2026-06-10,meal,Wed D — overnight oats w/ protein powder + psyllium in milk & cut fruit (pre-anchor — consumption already reflected in the 13-Jun anchor; not deducted)
Disha & Anirudh,h3,2026-06-11,note,Thu 11-Jun — Aunty (the cook) was unwell: no meals prepared (breakfast / lunch / dinner all off). No consumption.
Disha & Anirudh,h3,2026-06-12,meal,Fri B — mushroom & spring-onion masala omelette (Disha; Anirudh + 2 slices toast) (pre-anchor — consumption already reflected in the 13-Jun anchor; not deducted)
Disha & Anirudh,h3,2026-06-12,meal,"Fri L — chicken burger (cucumber, tomato, lettuce) + cucumber-carrot salad + hung-curd dip + cut fruit (pre-anchor — consumption already reflected in the 13-Jun anchor; not deducted)"
Disha & Anirudh,h3,2026-06-12,meal,Fri D — protein powder w/ psyllium in milk & cut fruit (pre-anchor — consumption already reflected in the 13-Jun anchor; not deducted)
Disha & Anirudh,h3,2026-06-13,meal,"Sat breakfast — scrambled eggs, sauteed spinach & cherry tomatoes (2) — Spinach/Palak -70, Tomato -60"
Disha & Anirudh,h3,2026-06-13,meal,"Sat lunch — minced chicken burger cutlets + chopped salad (cucumber/cherry tomato/rocket/lemon) (2) — Cucumber -80, Tomato -60, Onion -30, Lemon -1"
Disha & Anirudh,h3,2026-06-13,meal,Sat dinner — protein powder with psyllium husk in milk & cut fruit (2) — no tracked FnV
Disha & Anirudh,h3,2026-06-15,meal,Mon breakfast — palak mushroom omelette (2) — Spinach/Palak -10
Disha & Anirudh,h3,2026-06-15,meal,Mon lunch — cajun chicken + avocado-mango-tomato salsa + hung curd + cut fruit (2) — Tomato -80
Disha & Anirudh,h3,2026-06-15,meal,Mon dinner — protein powder with psyllium husk in milk & cut fruit (2) — no tracked FnV
Disha & Anirudh,h3,2026-06-16,order,Ordered Onion 250g (Sambhar onion 250g)
Disha & Anirudh,h3,2026-06-16,meal,Tue breakfast — scrambled eggs & toast (2) — no tracked FnV
Disha & Anirudh,h3,2026-06-16,meal,"Tue lunch — chettinad chicken + sauteed baby corn & carrot + cucumber/tomato/spring-onion salad + lemon + hung curd + cut fruit (2) — Baby corn -150, Carrot -120, Cucumber -80, Tomato -60, Spring onion -30, Lemon -1"
Disha & Anirudh,h3,2026-06-16,meal,Tue dinner — protein powder with psyllium husk in milk & cut fruit (2) — no tracked FnV
Disha & Anirudh,h3,2026-06-16,note,"Disha & Anirudh caught up 13->16 Jun (14th had no meals). Chicken-heavy, light on veg, protein-powder dinners. Spring onion now tracked (present but untracked at the 13-Jun anchor). Rocket leaves in the 13-Jun salad stay untracked (no Master bucket). Two palak meals drew the 80g anchor spinach down (13-Jun −70 to 10g, then the 15-Jun palak omelette floored — took the last 10g). The spinach top-up arrived on 19-Jun (now logged), not earlier."
Disha & Anirudh,h3,2026-06-17,meal,"Wed breakfast — Disha egg bhurji; Anirudh egg bhurji + 2 toast (2; eggs/toast not tracked, bread shows out) — Onion -40, Tomato -40, Green chilli -5"
Disha & Anirudh,h3,2026-06-17,meal,"Wed lunch — McSpicy chicken salad + cut fruit (2; McSpicy ordered out, salad veg assumed) — Cucumber -50, Tomato -50"
Disha & Anirudh,h3,2026-06-17,meal,Wed dinner — protein powder + psyllium husk in milk + cut fruits (2; protein/psyllium/milk not tracked) — no tracked FnV
Disha & Anirudh,h3,2026-06-18,meal,"Thu breakfast — egg club sandwich x2 (2; sandwich veg assumed, eggs/bread not tracked) — Tomato -30, Cucumber -30"
Disha & Anirudh,h3,2026-06-18,meal,"Thu lunch — chicken roti wrap (masala chicken, onion, coriander, jalapeno, hung curd) + chopped carrot/cucumber/tomato salad + cut mangoes (2) — Onion -40, Coriander (dhania) -10, Green chilli -10, Carrot -60, Cucumber -60, Tomato -60"
Disha & Anirudh,h3,2026-06-18,meal,Thu dinner — protein powder + psyllium husk in milk + pear (2) — no tracked FnV
Disha & Anirudh,h3,2026-06-19,order,Ordered Cucumber 500g
Disha & Anirudh,h3,2026-06-19,order,Ordered Coriander (dhania) 100g
Disha & Anirudh,h3,2026-06-19,order,Ordered Green chilli 100g
Disha & Anirudh,h3,2026-06-19,order,Ordered Garlic 300g (3 x 100g)
Disha & Anirudh,h3,2026-06-19,order,Ordered Spinach/Palak 250g
Disha & Anirudh,h3,2026-06-19,order,"Ordered Papaya 1pc (raw papaya, 400-600g)"
Disha & Anirudh,h3,2026-06-19,meal,Fri breakfast — Disha palak mushroom omelette; Anirudh + 2 toast (2; mushroom/eggs not tracked) — Spinach/Palak -70
Disha & Anirudh,h3,2026-06-19,meal,"Fri lunch — palak chicken gravy + roti + salad + cucumber-tomato-onion kachumber + plum (2) — Spinach/Palak -60, Cucumber -50, Tomato -50, Onion -40"
Disha & Anirudh,h3,2026-06-19,meal,"Fri dinner — green (raw) papaya salad, parts kept separately (2) — Papaya -0.5"
Disha & Anirudh,h3,2026-06-19,note,"Disha & Anirudh — ORDER HISTORY now loaded (batch 1; more orders coming). Pre-anchor carts (06->12 Jun) are logged for date/age only (already inside the 13-Jun anchor). Post-anchor deliveries now refill stock at their real dates: cherry tomatoes 150g (13-Jun 8:09am), Sambhar onion 250g (16-Jun), and the 19-Jun morning cart (cucumber 500g, spinach 250g, coriander 100g, green chilli 100g, garlic 300g, 1 raw papaya). This UN-FLOORS the mid-week meals that previously hit 0 for want of carts — tomato, cucumber and onion now stay positive, and the 19-Jun palak dishes draw on fresh spinach. STILL A REAL SHORTAGE: spinach was only 80g at the anchor and was not reordered until 19-Jun, so the 15-Jun palak omelette floored (took the last 10g of the 70g it wanted). PROTEINS are on the Pantry board with SPECIAL CARE but counts pending: eggs (6 received 09-Jun) and chicken (450g, 15-Jun) — the cards consume far more, so more orders are clearly outstanding; send per-meal egg/chicken counts to finalise on-hand. BREAD resolved: out at the 7am anchor, restocked the same morning (800g loaf, 8:09am). UNTRACKED from these carts (no Master bucket / non-produce): cremini mushroom, raw mango, green pear, nectarine, indian cherry, litchi, peach; lactose-free milk, Provilac protein milk & coffee, whey, skyr, kombucha, filter-coffee snacks, cashews, walnuts, chocolate, pakoda, masala bread, breadsticks, brioche buns, tea, rusk, honey, sliced-jalapeno jar, glass jar. Say the word and I will track any of these (e.g. milk)."
Disha & Anirudh,h3,2026-06-19,note,"ORDER HISTORY batch 2 added (proteins + dairy/fruit/pantry). EGGS: counts now in — 10-Jun 12, 15-Jun 6, 16-Jun 12, 19-Jun 6, on top of 09-Jun 6 = 42 received across 5 orders. Net on-hand still NOT computable: that is inflow only, and per-meal egg counts were not given — send eggs-per-meal or a physical count to close it. CHICKEN: boneless breast reordered near-daily (10, 15, 16, 17, 18, 19-Jun); only the 15-Jun pack carries a weight (450g), the rest were weightless, so I logged the cadence and freshness (last buy 19-Jun) without inventing grams. LETTUCE ordered 17-Jun with no weight — left out of stock until a weight is given. UNTRACKED (logged, not tracked): curd (10 & 17-Jun), dairy cream (10-Jun), milk (15/16/17-Jun), kiwi/apple/pomegranate/plum/avocado (no Master bucket), mushroom, seed mix, cumin seeds. Want milk/curd/cream on a dairy board? Say so and I will add them."
Disha & Anirudh,h3,2026-06-13,note,"MEAL PLANS 8->12 Jun now logged (Meals tab) but NOT deducted: they pre-date the 13-Jun 7am anchor, so the anchor count already nets them out — deducting again would double-count. Thu 11-Jun had no cooking (cook unwell). The 13-Jun (anchor-day) meals were already logged and deducted earlier. The pre-anchor cards confirm the rotation: egg/omelette breakfasts (eggs heavy), chicken lunches with the sauteed-veg medley + hung-curd dips, and protein-shake/overnight-oats dinners. The heavy capsicum & green beans the anchor flagged as spoilage-risk DID feature in the Mon/Wed sauteed-veg, yet 700g/400g still remained at the anchor and have not been touched since — so they correctly stay on the use-up list."
Disha & Anirudh,h3,2026-06-20,note,20th for Disha & Anirudh: NO meal plan and nothing cooked on the 20th (resident-confirmed). No deductions — house is now closed through the 20th.
Disha & Anirudh,h3,2026-06-20,note,"Appetite FACTORS calibrated from order cadence x meal composition (no inventory): cucumber 1.3 (reordered bigger 250->500 + 6 salad uses = running low), onion 1.2 (1kg + small 250 top-up, salad/grill-heavy not gravy = modest), palak 1.15 (reordered 250 again, steady use), tomato 1.1 (9 meal uses), carrot 0.9 & green beans 0.9 (ordered once, never reordered, plenty left = not burning). Red capsicum / coriander / green chilli kept at 1.0 — piling up (over-ordered), not running low. The 13-19 Jun meals have been RE-RUN through these factors, so current stock now reflects them."
Disha & Anirudh,h3,2026-06-21,note,"21-Jun: no meal plan, nothing cooked (resident-confirmed). No deductions; closed flat."
Disha & Anirudh,h3,2026-06-22,order,Ordered Lemon 5pc (250g ~5)
Disha & Anirudh,h3,2026-06-22,order,Ordered Mint 100g
Disha & Anirudh,h3,2026-06-22,order,Ordered Cabbage 700g
Disha & Anirudh,h3,2026-06-22,order,Ordered Ginger 200g
Disha & Anirudh,h3,2026-06-22,order,Ordered Onion 1000g
Disha & Anirudh,h3,2026-06-22,order,Ordered Red capsicum 150g
Disha & Anirudh,h3,2026-06-22,order,Ordered Lettuce 500g
Disha & Anirudh,h3,2026-06-22,order,Ordered Cucumber 500g
Disha & Anirudh,h3,2026-06-22,order,Ordered Garlic 100g (peeled)
Disha & Anirudh,h3,2026-06-22,order,Ordered Tomato 500g
Disha & Anirudh,h3,2026-06-22,order,Ordered Carrot 500g
Disha & Anirudh,h3,2026-06-22,order,Ordered Spring onion 250g
Disha & Anirudh,h3,2026-06-22,order,"22-Jun morning order for D&A: vinegar, garlic powder, onion powder, 2 Amul milk, psyllium husk, olive oil, 1 minced chicken, feta block, ginger-garlic paste, 12 eggs, lemon 250g(~5), mint 100, cabbage 700, ginger 200, onion 1kg, red caps 150, cherry tomato 250 (separate SKU), radish 250, lettuce 500, romaine lettuce 300 (separate SKU), cucumber 500, honey 200, garlic 100, cherry 100, tomato 500, carrot 500, spring onion 250."
Disha & Anirudh,h3,2026-06-22,meal,"Mon B — broccoli feta frittata + 2 toast for Anirudh (eggs ~4, feta ~50g) — Broccoli -80"
Disha & Anirudh,h3,2026-06-22,meal,"Mon L — chicken rice-paper steamed dumplings + sesame cucumber salad + oyster-sauce sesame dip + pear (minced chicken ~150g) — Cucumber -120, Spring onion -20"
Disha & Anirudh,h3,2026-06-22,meal,Mon D — protein powder + psyllium husk in milk & cherry (cherry ~80g; milk & psyllium used) — no tracked FnV
Disha & Anirudh,h3,2026-06-22,note,"22nd CLOSED for D&A. FLAGS: (1) Mon breakfast is BROCCOLI feta frittata but broccoli was NOT in the 22nd order — if it was on hand, tell me the amount (it floored at 0 otherwise). (2) Pear (Mon lunch fruit) was not in the order — on hand? Eggs/feta/minced chicken/cherry were deducted from the fresh stock."
Disha & Anirudh,h3,2026-06-23,order,Ordered Curry leaves 50g
Disha & Anirudh,h3,2026-06-23,order,Ordered Raw peanuts (Supreme Harvest) 500g
Disha & Anirudh,h3,2026-06-23,order,Ordered Milky Mist skyr 400g
Disha & Anirudh,h3,2026-06-23,meal,Tue B — 3 half-boiled eggs & skyr (2) — no tracked FnV
Disha & Anirudh,h3,2026-06-23,meal,"Tue L — curd rice with tadka (less mustard, extra curd, little rice) (2) — Curry leaves -5, Green chilli -3, Ginger -5"
Disha & Anirudh,h3,2026-06-23,meal,"Tue D — curd rice with tadka (less mustard, extra curd, little rice) (2) — Curry leaves -5, Green chilli -3, Ginger -5"
Disha & Anirudh,h3,2026-06-23,note,"23rd CLOSED for D&A (2 eaters). B 3 half-boiled eggs (off the board) + skyr (~100g of the 4-cup order → ~300g left). L & D both curd rice with tadka (extra curd, little rice) — tadka = curry leaves/green chilli/ginger + ~30g peanuts each; rice is pantry. FLAG: CURD for the curd rice is not in any order or in the pantry audit (the audit lists skyr & lactose-free milk, not curd), and curd rice with “extra curd” needs a fair amount — logged-not-deducted; confirm the curd source/quantity."
Disha & Anirudh,h3,2026-06-24,order,"Ordered Pita bread (Bakers Dozen, zero maida) 100"
Disha & Anirudh,h3,2026-06-24,order,Ordered Eggs (white) 6
Disha & Anirudh,h3,2026-06-24,order,Ordered Pudina powder (PCM) 100
Disha & Anirudh,h3,2026-06-24,order,Ordered Nutmeg powder (Snapin) 50
Disha & Anirudh,h3,2026-06-24,meal,B (2) — egg bhurji + 2 pita toast (Anirudh)
Disha & Anirudh,h3,2026-06-24,meal,L (2) — za’atar chicken + fattoush salad + hung-yoghurt dip; cherry
Disha & Anirudh,h3,2026-06-24,meal,D (2) — protein powder + psyllium husk in milk & peach
Disha & Anirudh,h3,2026-06-25,order,Ordered Cremini mushroom 200
Disha & Anirudh,h3,2026-06-25,order,Ordered Red chilli tomato chips (Origins) 100
Disha & Anirudh,h3,2026-06-25,order,Ordered Mandarin oranges 500
Disha & Anirudh,h3,2026-06-25,order,Ordered Spring onion 250
Disha & Anirudh,h3,2026-06-25,meal,B (2) — palak mushroom omelette + 2 toast (Anirudh)
Disha & Anirudh,h3,2026-06-25,meal,L (2) — chicken keema & eggs quesadilla + cabbage-carrot slaw + guacamole + peeled pomegranate
Disha & Anirudh,h3,2026-06-25,meal,D (2) — protein powder + psyllium husk in milk & kiwi
Disha & Anirudh,h3,2026-06-26,order,"26-Jun orders (2 orders, before breakfast): galangal/Thai ginger 100g, Licious eggs 12, baby spinach (hydroponic) 250g, Hass avocado 1pc, Thai basil 50g, instant dry yeast 25g, lemongrass 100g."
Disha & Anirudh,h3,2026-06-26,meal,"B(2) Breakfast burrito with eggs, cheese & spinach (appam batter prepped). Deducted: eggs 4, baby spinach 80g, onion 40g, tomato 40g; cheese drawn from the feta block (present). FLAG: no tortilla/burrito wrap in stock (pita is out) -> order wraps. Appam batter = rice + coconut + the new yeast (prep only today, not cooked)."
Disha & Anirudh,h3,2026-06-26,meal,"L(2) Vietnamese chicken rice-paper rolls + oyster-sauce sesame dip; big red grapes. CORRECTION: the canh chua (Vietnamese vegetable soup) was NOT made today -> its ingredients were NOT used (lemongrass & galangal stay ~100g each, the soup tomato stays put). Deducted (rolls only): carrot 80g, cucumber 100g, lettuce 50g, mint 10g, coriander 10g, green chilli 10g, Thai basil 15g, chicken-minced 100g (->0). FLAGS (rolls/dip, not in stock -> order): rice-paper wrappers, fresh chicken (only 100g minced), oyster sauce, sesame seeds, big red grapes."
Disha & Anirudh,h3,2026-06-26,meal,"D(2) Protein powder + psyllium husk in milk with mango & pear. Deducted: protein powder ~60g, psyllium ~10g, milk 1 box. FLAGS (NOT in stock -> order): mango, pear."
Disha & Anirudh,h3,2026-06-26,note,"26th CLOSED for Disha & Anirudh (2 eaters). Orders went in before breakfast, then the day’s meals were deducted. TO-ORDER for the 26th gaps: tortillas/burrito wraps, rice-paper wrappers, fresh chicken, oyster sauce, sesame seeds, big red grapes, mango, pear. (Canh chua soup cancelled -> tamarind/pineapple not needed.) 27-Jun card NOT provided -> left awaiting (no plan invented)."
Disha & Anirudh,h3,2026-06-27,order,27-Jun order: Nandus Chicken Breast Boneless 450g (the only order today).
Disha & Anirudh,h3,2026-06-27,meal,"B(2) Shakshuka + pita (2 pita for Anirudh; Disha — pan-fried pita). Deducted: eggs 5, tomato 250, onion 80, red capsicum 80, garlic 10, green chilli 5. FLAG: pita bread is OUT (0) → order pita."
Disha & Anirudh,h3,2026-06-27,meal,"L(2) Chettinad chicken + wheat laccha paratha + tomato-&-shallots (takkali) salad + hung yoghurt + apple. Deducted: chicken 350 (from the 450g ordered → ~100g left), onion 150, tomato 180, ginger 10, garlic 10, green chilli 5, curry leaves 5, hung yoghurt from skyr 150. FLAGS (pantry/not tracked): laccha paratha (atta), chettinad masala, coconut; APPLE not in stock → order."
Disha & Anirudh,h3,2026-06-27,meal,"D(2) Protein powder + psyllium husk in milk with litchi & mango. Deducted: protein powder ~60g, milk 1 box. FLAGS: psyllium husk is OUT (0) → order; LITCHI & MANGO not in stock → order."
Disha & Anirudh,h3,2026-06-27,note,"27th CLOSED for Disha & Anirudh (2 eaters). Order: Nandus chicken breast 450g (→ ~100g left after lunch). FLAGS → order: pita bread, psyllium husk, litchi, mango, apple. Pantry (not tracked): laccha paratha/atta, chettinad masala, coconut. 28-Jun is Sunday — cook off, no plan."
Disha & Anirudh,h3,2026-06-27,note,"End-of-27th physical check (Disha & Anirudh). Snapped: tomato ~150g (2 left, est), carrot ~140g (2pc, est), green chilli 0 (none), eggs 3, milk 1.5, cremini mushroom ~30g (very few), feta cheese 0, bread 0, mango 2, plum & peach present (verify). Chicken = 1 marinated portion kept for Monday. Broccoli + green/yellow capsicum were 0 in the model but present — imputed ~150g est each. No-qty items kept at model. Items not on this check (cabbage, papaya, lemon, curry leaves) → Expected but missing."
Disha & Anirudh,h3,2026-06-29,plan,29-Jun plan — B(2): Broccoli & mushroom omelette (+2 toast for Anirudh; Disha ~270 / Anirudh ~400 kcal). L(2): Hariyali chicken + baby corn chaat salad + hung-curd dip; fruit bowl - peach (~430/~430). D(2): Protein powder + psyllium husk in milk with puréed mango & cut plum (~375/~375).
Disha & Anirudh,h3,2026-06-29,meal,"B(2) Broccoli & mushroom omelette + 2 toast (Anirudh). Deducted: eggs 3 (only 3 on board → 0), broccoli 80, cremini mushroom 30 (→0). Toast = pantry. FLAG: EGGS now 0 → order."
Disha & Anirudh,h3,2026-06-29,meal,"L(2) Hariyali chicken + baby corn chaat salad + hung-curd dip; fruit bowl - peach. Deducted: chicken 100 (only 100g → 0), baby corn 80, coriander 20 & mint 15 (hariyali paste), skyr 50 (hung-curd dip) (est). FLAG: CHICKEN short for 2 (100g) → order; PEACH not on the board → order (fruit bowl)."
Disha & Anirudh,h3,2026-06-29,meal,"D(2) Protein powder + psyllium husk in milk with puréed mango & cut plum. Deducted: mango 1 (purée), milk 0.5. Protein powder & psyllium = pantry. FLAG: PLUM not on the board → order (cut plum)."
Disha & Anirudh,h3,2026-06-29,note,"29th CLOSED for Disha & Anirudh. NO order today. FLAGS → order: EGGS (0), CHICKEN (short — only 100g for hariyali), PEACH (fruit bowl, not in stock), PLUM (dinner, not in stock). Pantry: toast, protein powder, psyllium."
Kartik & Dhara,h4,2026-06-13,check,"Check 1 (13-Jun, anchor) — photos + written detail. Snapped: onion ~1000 (~10), potato ~600 (5), tomato 350 (4), carrot 300 (5), ginger 100, garlic 50 (photo only), green chilli 50, lemon 8, coriander+methi 100, dill 70, mint 100 (spoiling). Untracked logged on boards: jackfruit, drumstick, 1.5 raw banana, 2 eggs, 6 chicken-gravy packs, chicken breast 400g (exp 14-Jun), kakori kebab 200g (exp 26-Jun), sourdough half, milk-bread half, pizza bread (expired 4-Jun), 2 seaweed snack packs, half dry coconut."
Kartik & Dhara,h4,2026-06-13,note,"EXPIRED: pizza bread (4-Jun). USE FIRST: chicken breast 400g (exp 14-Jun — tomorrow), mint (spoiling), half dry coconut, jackfruit, 1.5 raw banana, 2 roasted-seaweed snack packs (resident asked for a dish idea). See the Expiry & Use-up tab for recipe suggestions."
Kartik & Dhara,h4,2026-06-11,meal,"Thu breakfast — dill-leaf idli, chutney & sambar (2) — ingredients already in the 13-Jun anchor count, not re-deducted: Dill, Coriander (dhania), Tomato, Ginger"
Kartik & Dhara,h4,2026-06-11,meal,"Thu lunch — mutton kebabs, raw-banana sukkha & ragi thaalipeeth (2) — ingredients already in the 13-Jun anchor count, not re-deducted: Onion, Ginger, Green chilli"
Kartik & Dhara,h4,2026-06-11,meal,"Thu dinner — chilly garlic prawns (2) — ingredients already in the 13-Jun anchor count, not re-deducted: Garlic, Green chilli, Onion"
Kartik & Dhara,h4,2026-06-12,meal,"Fri breakfast — amaranth porridge bowl & boiled eggs (2) — ingredients already in the 13-Jun anchor count, not re-deducted: none tracked"
Kartik & Dhara,h4,2026-06-12,meal,"Fri lunch — pappu dal with moringa leaves & rice (chicken marinated) (2) — ingredients already in the 13-Jun anchor count, not re-deducted: Tomato, Onion, Green chilli, Ginger"
Kartik & Dhara,h4,2026-06-12,meal,"Fri dinner — pan-tossed paneer salad (2) — ingredients already in the 13-Jun anchor count, not re-deducted: Tomato, Onion, Cucumber"
Kartik & Dhara,h4,2026-06-13,meal,"Sat breakfast — raw banana & paneer tikka (2) — ingredients already in the 13-Jun anchor count, not re-deducted: Ginger, Garlic"
Kartik & Dhara,h4,2026-06-13,meal,"Sat lunch — kadgi upkari, roti & cucumber kosambari + grilled paneer (2) — ingredients already in the 13-Jun anchor count, not re-deducted: Cucumber, Lemon, Coriander (dhania)"
Kartik & Dhara,h4,2026-06-13,meal,"Sat dinner — chicken with black sesame (kalo til) (2) — ingredients already in the 13-Jun anchor count, not re-deducted: Garlic, Ginger"
Kartik & Dhara,h4,2026-06-10,order,Ordered Carrot 500 (pre-13 — qty already in the 13-Jun anchor; logged for date/age)
Kartik & Dhara,h4,2026-06-10,order,Ordered Mint 100 (pre-13 — qty already in the 13-Jun anchor; logged for date/age)
Kartik & Dhara,h4,2026-06-14,order,Ordered Green chilli 100
Kartik & Dhara,h4,2026-06-14,order,Ordered Broccoli 350
Kartik & Dhara,h4,2026-06-14,order,Ordered Cauliflower 450
Kartik & Dhara,h4,2026-06-14,order,Ordered Green capsicum 100
Kartik & Dhara,h4,2026-06-14,order,Ordered Red capsicum 100
Kartik & Dhara,h4,2026-06-14,order,Ordered Yellow capsicum 100
Kartik & Dhara,h4,2026-06-14,order,Ordered Baby corn 200
Kartik & Dhara,h4,2026-06-14,order,Ordered Brinjal 600
Kartik & Dhara,h4,2026-06-20,note,"Tender coconut removed from Kartik & Dhara’s produce dashboard per request (FirstClub coconut-water subscription — a drink, not a tracked vegetable). The daily delivery still shows in the order log."
Kartik & Dhara,h4,2026-06-12,order,Ordered Tomato 500 (pre-13 — qty already in the 13-Jun anchor; logged for date/age)
Kartik & Dhara,h4,2026-06-12,order,Ordered Garlic 100 (pre-13 — qty already in the 13-Jun anchor; logged for date/age)
Kartik & Dhara,h4,2026-06-12,order,Ordered Onion 1000 (pre-13 — qty already in the 13-Jun anchor; logged for date/age)
Kartik & Dhara,h4,2026-06-12,order,Ordered Ginger 200 (pre-13 — qty already in the 13-Jun anchor; logged for date/age)
Kartik & Dhara,h4,2026-06-16,order,"FirstClub subscription (since 10-Jun): 1 tender coconut daily (drunk fresh — ~1 in stock at any time); weekly Fri 6am desi tomato 500g + garlic 100g + onion 1kg + ginger 200g. The Fri 12-Jun drop is pre-anchor, so it only refreshes the freshness date (qty already counted in the 13-Jun anchor); next drop Fri 19-Jun."
Kartik & Dhara,h4,2026-06-16,note,"CONSUMPTION PATTERN calibrated for Kartik & Dhara from the FirstClub subscription (a standing weekly delivery sized to usage = steady-state weekly burn) + the 13-Jun inventory. Measured slope (2 eaters): onion ~143 g/day (1kg/wk) & ginger ~29 g/day (200g/wk) -> both heavy users (factor capped at 2.0); tomato ~71 g/day (500g/wk) -> factor 1.2; garlic ~14 g/day (100g/wk) -> factor 0.9; tender coconut 1/day. Factors now make the model burn these at the observed rate for any role-based meal entry (vs ~0.9 onion / ~1.0 ginger at the calibrated reference household). Per-item g/day stored on each item; this is a 1-point slope from a steady subscription, so a future inventory check will sharpen it further."
Kartik & Dhara,h4,2026-06-15,meal,"Mon breakfast — ragi uttapam w/ onion & tomato, tomato chutney & 2 boiled eggs (2) — Onion -70, Tomato -130"
Kartik & Dhara,h4,2026-06-15,meal,"Mon lunch — gobi paratha (with dill leaves) & mutton kakori kebab (2) — Cauliflower -200, Dill -30, Onion -50, Ginger -10, Garlic -10"
Kartik & Dhara,h4,2026-06-15,meal,"Mon dinner — chicken broth with moringa leaves, KILRR marinated chicken breast & broccoli (2) — Broccoli -150, Onion -60, Ginger -10, Garlic -10"
Kartik & Dhara,h4,2026-06-16,meal,"Tue breakfast — scrambled eggs with mushrooms & bell peppers + minced jackfruit stir-fry (2) — Green capsicum -80, Onion -40, Tomato -40"
Kartik & Dhara,h4,2026-06-16,meal,"Tue lunch — grilled fish, rice & dalma with raw banana & baingan (2) — Brinjal -150, Tomato -90, Onion -60, Ginger -15, Green chilli -5"
Kartik & Dhara,h4,2026-06-16,meal,"Tue dinner — KILRR marinated prawns with baby corn (2) — Baby corn -100, Onion -50, Garlic -10, Ginger -10, Green chilli -5, Tomato -30"
Kartik & Dhara,h4,2026-06-16,note,"Consumption is deducted MEAL-WISE for Kartik & Dhara (each dish's real FnV — onion/tomato/aromatics + hero veg), not a flat daily rate, so spikes (e.g. a tomato-heavy chutney/shakshuka) show up and the model reveals when usage outpaces the subscription (e.g. tomato runs low -> order more beyond the Friday drop)."
Kartik & Dhara,h4,2026-06-16,note,"K&D orders captured. 10-Jun (pre-13, date only): Ooty carrot 500g + pudina 100g (qty already in anchor); drumstick leaves/2 drumsticks, 3 raw bananas, baby jackfruit, pooja coconut on perish. 14-Jun (FC..9651, NEW stock): green chilli 100, broccoli ~350, cauliflower ~450, tricolour capsicum g/r/y ~100 each, baby corn 200, brinjal ~600 (untracked: groundnut oil, green kiwi 3pc, button mushroom ~200g). 14-Jun invoice 2404..061: Milky Mist skyr x4 + pantry (sardine, walnuts, TruNativ sweetener, leek-untracked, room-freshener nonfood). 15-Jun FreshToHome: pabda catfish ~265g + Kadaknath eggs x6 (duplicate egg order CANCELED). 15/16 meals now draw from the 14-Jun order. 14th: no meals."
Kartik & Dhara,h4,2026-06-16,note,"16-Jun reconciliation: potato, mint, coriander (dhania) and methi marked finished (ended); the mint board entry is set to out. The 2 drumstick pods are now a tracked produce item (""Drumstick (pods)"") so they appear on the dashboard, recorded as found in the 13-Jun check; the moringa record covers the leaves only."
Kartik & Dhara,h4,2026-06-16,order,Ordered Tomato 500
Kartik & Dhara,h4,2026-06-16,order,Ordered Coriander (dhania) 100
Kartik & Dhara,h4,2026-06-16,order,Ordered Lettuce 150
Kartik & Dhara,h4,2026-06-17,meal,"Breakfast — milk-bread toast w/ spicy toppings & 2 boiled eggs (2) — Onion -40, Tomato -40, Green chilli -5"
Kartik & Dhara,h4,2026-06-17,meal,"Lunch — rice, rajma masala & grilled cauliflower (no dill roti — rice made instead) (2) — Cauliflower -250, Onion -110, Tomato -80, Ginger -10, Garlic -10, Green chilli -10, Coriander (dhania) -15"
Kartik & Dhara,h4,2026-06-17,meal,"Dinner — seaweed-sardine lettuce wraps, charred broccoli, caramelised leek & bell peppers (2) — Lettuce -100, Broccoli -100, Green capsicum -20, Red capsicum -50, Yellow capsicum -50, Onion -20"
Kartik & Dhara,h4,2026-06-17,note,"Dill not consumed on the 17th (dill rotis were NOT made — rice instead), so dill stays at its post-15-Jun value (~40g). The earlier “end dill” was tied to the cancelled dill rotis and has been reverted."
Kartik & Dhara,h4,2026-06-17,note,"Resident reports ginger, garlic and potato are OUT OF STOCK — set to 0."
Kartik & Dhara,h4,2026-06-17,order,Ordered Cucumber 500
Kartik & Dhara,h4,2026-06-17,order,Ordered Mint 100
Kartik & Dhara,h4,2026-06-17,order,Ordered Beetroot 500
Kartik & Dhara,h4,2026-06-17,order,Ordered Potato 1000
Kartik & Dhara,h4,2026-06-17,order,Ordered Ginger 200
Kartik & Dhara,h4,2026-06-17,order,Ordered Garlic 100
Kartik & Dhara,h4,2026-06-18,meal,"Breakfast — dosa, drumstick & carrot sambar & 2 boiled eggs (2) — Drumstick (pods) -2, Carrot -80, Onion -40, Tomato -50, Curry leaves -0"
Kartik & Dhara,h4,2026-06-18,meal,"Lunch — ruhi fish besara & beetroot pachadi; panoli with dill leaves (2) — Beetroot -150, Dill -30, Onion -40, Tomato -40"
Kartik & Dhara,h4,2026-06-18,meal,"Dinner — chicken soup (existing broth) with tofu & veggies; chatpate green moong (2) — Carrot -60, Onion -50, Tomato -40, Green chilli -10"
Kartik & Dhara,h4,2026-06-18,note,Dill ended on the 18th — the ~10g left after the panoli is finished.
Kartik & Dhara,h4,2026-06-19,order,FirstClub WEEKLY drop (Fri 19-Jun 6am): desi tomato 500g + onion 1kg only this week — ginger & garlic were SKIPPED (+ the daily tender coconut). This top-up had been missed — now applied before the 19th meals.
Kartik & Dhara,h4,2026-06-19,meal,"Breakfast — stuffed paneer besan cheela (2) — Onion -40, Coriander (dhania) -15, Green chilli -5"
Kartik & Dhara,h4,2026-06-19,meal,"Dinner — miso-glazed eggplant & cucumber tzatziki (soak white peas) (2) — Brinjal -370, Cucumber -150, Garlic -10, Mint -20"
Kartik & Dhara,h4,2026-06-19,note,"K&D 19th-morning update (resident Slack): chicken ordered for the 20th Greek herb chicken (back in stock); carrots set to 200g (resident-confirmed); a small cauliflower floret (~50g) remains for the Sat-20 sewaiyan upma. Sat-20 breakfast changed from overnight oats to sewaiyan upma (carrot, peas, cauliflower)."
Kartik & Dhara,h4,2026-06-20,meal,"Sat breakfast — sewaiyan upma (carrot, peas & the last cauliflower floret) (2; peas not tracked) — Carrot -40, Cauliflower -50"
Kartik & Dhara,h4,2026-06-20,meal,"Sat lunch — horsegram dal, jowar roti, roasted carrots & lime yogurt (2) — Carrot -120, Lemon -1"
Kartik & Dhara,h4,2026-06-20,meal,"Sat dinner — Greek herb chicken & tuscan white peas stew (2; white peas pantry) — Onion -60, Tomato -80, Carrot -40, Garlic -10, Lemon -1"
Kartik & Dhara,h4,2026-06-20,note,"Lemon snapped to the resident-confirmed ~3 on hand (the model showed 6 because lemon use across the 13-19 dishes — kosambari, dals, lime yogurt — wasn’t itemised). Lettuce restored to ~50g: resident confirms it is still there — the 17th wraps used ~100g of the 150g head, not the whole thing."
Kartik & Dhara,h4,2026-06-20,meal,"20th CONSUMED for Kartik & Dhara (Parsuram cooking, 2 eaters). B sewaiyan upma — carrot 40 + the last cauliflower floret (~50g) finished (peas not tracked). L horsegram dal + jowar roti + roasted carrots (carrot 120) + lime yogurt (lemon 1, curd used). D Greek herb chicken (the 19-Jun pack, now out) + tuscan white peas stew (onion 60, tomato 80, carrot 60, garlic 10, lemon 1; white peas pantry). CARROT SHORTFALL: 220g planned across the three meals vs 200g on hand — the dinner roast floored, taking 40g of the 60g it wanted (carrot now 0, short ~20g). Cauliflower finished. nextPlan cleared — 20th is now closed."
Kartik & Dhara,h4,2026-06-19,meal,"19th CONSUMED for Kartik & Dhara (Parsuram cooking, 2 eaters). B stuffed paneer besan cheela (paneer used; onion 40, coriander 15, green chilli 5). L NO MEAL SET — skipped, so the planned horsegram/jowar/roasted-carrot/lime-yogurt was NOT made (carrot, lemon & that curd stay in stock). D miso-glazed eggplant + cucumber tzatziki (brinjal 370 — the hero of the dish, corrected up from 250 so ~80g is left; cucumber 150, garlic 10, mint 20; curd used); white peas soaked for later. nextPlan cleared — awaiting the 20th."
Kartik & Dhara,h4,2026-06-18,meal,"17-Jun NIGHT order: cucumber 500g, mint 100g, beetroot 500g, potato 1kg, paneer 200g, ginger 200g, garlic 100g (ginger/garlic/potato back in stock). Meat/egg counts: 7 eggs on hand, 3 rohu fish ordered, 1 can sardines on hand. 18th CONSUMED: B dosa + drumstick/carrot sambar + 2 boiled eggs (eggs 7→5; curry leaves were out); L ruhi besara (rohu 3→1) + beetroot pachadi + panoli with dill; D chicken soup from existing broth + tofu/veggies + chatpate green moong. nextPlan cleared — awaiting the 19th."
Kartik & Dhara,h4,2026-06-17,meal,"17th CONSUMED (resident closed the day). 16-Jun night order added first: tomato +500g, coriander +100g, lettuce +150g (1pc). Leek was already in the house. Updated 17th (per resident): B milk-bread toast + spicy toppings + 2 eggs; L rice, rajma masala & grilled cauliflower — used onion/tomato/ginger/garlic/green chilli/coriander; NO dill (dill roti wasn’t made, rice was); D seaweed-sardine lettuce wraps + charred broccoli + caramelised leek + bell peppers. Ginger, garlic & potato reported out of stock. nextPlan cleared — awaiting the 18th."
Kartik & Dhara,h4,2026-06-20,check,"Check 2 (20-Jun) — Kartik FULL-board count after all 20th meals. Whole board verified: model predicted the unchanged items EXACTLY (potato/beetroot/ginger/green chilli/baby corn/broccoli/brinjal/mint/coriander/red+yellow capsicum/lettuce all match). Snapped six: onion 1500 (+230), tomato 500 (-230), garlic 45/15 strips (-35), lemon 5 (+2), cucumber 200/1 left (-150). Dry coconut ~65g (1/3) added to FnV."
Kartik & Dhara,h4,2026-06-20,note,"Paneer reconciled to RESIDENT ACTUAL: 150g left (200g bought 17-Jun, ~50g used in the 19-Jun besan cheela). The meal plan is the source of truth; this also corrects my earlier 100g estimate."
Kartik & Dhara,h4,2026-06-20,note,"RESIDENT ACTUALS applied (override model): raw banana OVER, fish (pabda + rohu) OVER, drumstick OVER, leek OVER, paneer 150g left, dry coconut ~1/3 of a whole left. Inventory is a check/update, not the only truth — these correct the model now."
Kartik & Dhara,h4,2026-06-20,learning,"LEARNINGS (K&D): (1) paneer cheela uses ~50g not ~100g — my portion estimate was high; calibrate paneer lighter here. (2) Raw banana, drumstick, leek, fish all ran OVER while still showing stock — these get consumed faster than modelled or were lighter lots; watch these for K&D. (3) Dry coconut is bought as a whole and used slowly — measure as a fraction (1/3, 1/2...), not grams."
Kartik & Dhara,h4,2026-06-21,note,"21-Jun: no meal cooked (kitchen stayed flat), but a late-night grocery order WAS placed after dinner — logged below. No meal deductions for the 21st; stock carries from the 20th plus tonight’s order."
Kartik & Dhara,h4,2026-06-21,order,Ordered Lady's finger 250
Kartik & Dhara,h4,2026-06-21,order,Ordered Spring onion 100
Kartik & Dhara,h4,2026-06-21,order,Ordered Button mushroom 200
Kartik & Dhara,h4,2026-06-21,order,"21-Jun NIGHT order (after dinner): sourdough 8pc, lady finger 250g, basil 50g, skyr 4, sona masoori rice 1kg, fresh cream 250ml, 1 box button mushroom, 1 buttermilk, 1 yogurt, mustard sauce 350g, 1 bunch spring onion, 1 curry-cut chicken, 1 boneless chicken. Peas already in stock (qty unknown). Tracked FnV (lady finger, spring onion) to the produce board; dairy/pantry/protein to the perishables board."
Kartik & Dhara,h4,2026-06-22,meal,"Mon 22 breakfast — egg toasties + pan-fried bellpeppers (2) — Red capsicum -50, Yellow capsicum -50"
Kartik & Dhara,h4,2026-06-22,meal,"Mon 22 lunch — dhingri dolma (button-mushroom box) + rotis + FISH FRY [fish OUT — needs a fish order] — Button mushroom -100, Paneer -150, Onion -80, Tomato -80, Ginger -15, Garlic -10, Green chilli -5"
Kartik & Dhara,h4,2026-06-22,meal,"Mon 22 dinner — chicken congee (curry-cut broth + sona masoori rice) + lettuce-garlic stir fry (2). Soak rajma; marinate chicken. — Lettuce -50, Garlic -15"
Kartik & Dhara,h4,2026-06-22,note,"22nd CUT DOWN (proactive, 2 eaters). B egg toasties (4 eggs) + pan-fried bellpeppers (red+yellow capsicum 100g finished). L dhingri dolma using the new button-mushroom box (+ onion 80/tomato 80/ginger 15/garlic 10/green chilli 5) + rotis; FISH FRY could NOT be deducted — no fish in stock (pabda & rohu both out; none in the 21-night cart) → needs a fish order or a swap. D chicken congee (curry-cut broth + the new sona masoori rice) + lettuce-garlic stir fry (lettuce 50 finished, garlic 15). Lettuce ran out (stir fry wanted more). Soak rajma + marinate chicken noted."
Kartik & Dhara,h4,2026-06-23,note,Brinjal SPOILED and thrown out — cleared from inventory (set to 0).
Kartik & Dhara,h4,2026-06-23,meal,"Tue B — Parsuram: ragi dhokla (existing batter) + kadhi (2) — Ginger -10, Green chilli -5, Curry leaves -0, Onion -30"
Kartik & Dhara,h4,2026-06-23,meal,"Tue L — Ahalya: coconut-pineapple black-bean curry + dhingri dolma + rice (2) — Onion -200, Tomato -100, Ginger -20, Garlic -14, Coriander (dhania) -10, Green capsicum -0"
Kartik & Dhara,h4,2026-06-23,meal,"Tue D — Parsuram: black sesame chicken + pan-fried okra (2; soak horsegram for Wed) — Lady's finger -200, Onion -40, Garlic -6"
Kartik & Dhara,h4,2026-06-23,note,"23rd CLOSED for K&D (2 eaters). B Parsuram ragi dhokla (existing batter) + KADHI (curd ~250g off the board; ginger/green chilli/curry leaves/onion for the tempering). L Ahalya coconut-pineapple black-bean curry + dhingri dolma + rice (onion/tomato/ginger/garlic/coriander/green capsicum drawn). D Parsuram black sesame chicken (chicken ~300g off the board) + pan-fried okra (lady’s finger 200g) + onion/garlic; horsegram soaked for Wed. FLAGS: (1) the curry’s BLACK BEANS, COCONUT MILK & PINEAPPLE and the dolma’s MUSHROOM are not tracked / were OUT (the mushroom box was used on the 22nd) and were not in any order — logged-not-deducted; confirm they were bought. (2) rice and the ragi batter are pantry. (3) Brinjal was cleared (spoiled/discarded)."
Kartik & Dhara,h4,2026-06-24,meal,"B (2) — Konkani horsegram pancakes (soaked Tue) + beetroot koshimbir — Beetroot -150, Green chilli -5, Coriander (dhania) -10, Curry leaves -0, Lemon -1"
Kartik & Dhara,h4,2026-06-24,meal,"L (2) — Ahalya: rajma-paneer tikki + coriander chutney + pan-fried baby corn chilli + ginger-pudina pani (ferment ragi flour) — Onion -40, Coriander (dhania) -20, Baby corn -100, Ginger -15, Mint -15, Green chilli -5"
Kartik & Dhara,h4,2026-06-24,meal,D (2) — Parsuram: black sesame chicken + chaat-masala cucumber rounds — Cucumber -150
Kartik & Dhara,h4,2026-06-24,note,Paneer OUT of stock for K&D (resident confirmed 24-Jun) — set to 0. Reorder before the next paneer dish.
Kartik & Dhara,h4,2026-06-25,note,"25-Jun morning: ordered 6 eggs (the only order placed today). Otherwise close is meals-only, drawn from the 24-Jun closing stock. EATERS = 1 per meal as shown on the card (not the usual 2)."
Kartik & Dhara,h4,2026-06-25,meal,"B (1) — Parsuram: turmeric savoury masala oats [oats pantry; small onion-tomato-chilli masala, est] — Onion -20g, Tomato -20g, Green chilli -3g"
Kartik & Dhara,h4,2026-06-25,note,"25-Jun BREAKFAST (1): turmeric savoury masala oats — oats are pantry (untracked). The ""savoury masala"" veg was not itemised on the card, so a small onion 20g / tomato 20g / green chilli 3g tempering is composed-from-stock and flagged EST. Peas are on the board at an unknown qty — if used, logged-not-deducted."
Kartik & Dhara,h4,2026-06-25,meal,"L (1) — Ahalya: rice & stuffed bhindi [rice pantry; besan-spice stuffing] — Lady's finger -50g, Onion -50g, Tomato -50g, Ginger -10g, Garlic -0g, Coriander (dhania) -10g"
Kartik & Dhara,h4,2026-06-25,note,"25-Jun LUNCH (1): rice & stuffed bhindi (per the card; the earlier Maharashtrian moong-beans curry was a model assumption, removed). Deducted: lady’s finger (~50g on hand -> floored to 0; a 1-eater stuffed bhindi wanted ~100g, ~50g short), onion 50g, tomato 50g, ginger 10g, coriander 10g. FLAGS: (1) GARLIC OUT (0) — bhindi masala wanted ~10g, none in stock, logged-not-deducted, reorder. (2) RICE + the besan-spice stuffing are pantry/untracked. (3) lady’s finger now 0."
Kartik & Dhara,h4,2026-06-25,meal,D (1) — Parsuram: chicken with KILLR marinade + pan-roasted broccoli [chicken in stock; KILLR marinade condiment] — Broccoli -100g
Kartik & Dhara,h4,2026-06-25,note,"25-Jun DINNER (1): chicken with KILLR marinade + pan-roasted broccoli. Deducted: broccoli 100g (roasted side finishes the floret -> 0). CHICKEN drawn from stock (curry-cut/boneless present on the board) -> no salmon/fish buy needed for this meal; the earlier pesto-salmon was a model assumption, corrected. KILLR marinade is a condiment (not tracked). URAD DAL soaked tonight for the 26th chilla (pantry, on hand)."
Kartik & Dhara,h4,2026-06-25,note,"25th CLOSED for Kartik & Dhara (1 eater per meal, per the card). B(1) turmeric masala oats. L(1) rice & stuffed bhindi. D(1) chicken with KILLR marinade + pan-roasted broccoli (urad dal soaked for the 26th). NO orders placed on the 25th, so this close is meals-only off the 24-Jun closing stock. OUT after the close: lady’s finger, broccoli, garlic (already out), paneer. Chicken is in stock — the earlier salmon assumption was wrong."
Kartik & Dhara,h4,2026-06-26,meal,"B(2) Urad dal chilla with vegetables + tomato chutney. Deducted: onion 70g (chilla + chutney), tomato 120g (chutney), green chilli 8g, coriander 5g. Urad dal + chilla flour = pantry/untracked. Chilla “vegetables” limited to what is on hand (onion/coriander/chilli) — carrot & capsicum are OUT. FLAG: GARLIC is OUT (0) — tomato chutney usually takes a clove or two; logged-not-deducted, reorder."
Kartik & Dhara,h4,2026-06-26,meal,L(2) 3 rotis. Atta is pantry/untracked — no fresh produce deducted.
Kartik & Dhara,h4,2026-06-26,note,D(2) No meal set for the 26th (per the card).
Kartik & Dhara,h4,2026-06-26,note,"26th CLOSED for Kartik & Dhara (2 eaters). No orders placed for this house today, so the close is meals-only off the 25-end stock; only the breakfast drew produce. 27-Jun card NOT provided -> left awaiting (no plan invented)."
Kartik & Dhara,h4,2026-06-27,meal,"B(2) Aloo-mint-sattu parathas (Parsuram). Deducted: potato 150, mint 20 (est). Sattu, atta & ghee = pantry (not gram-tracked). [Corrected from an earlier mislog as French toast + eggs — no eggs used; eggs stay on the board.]"
Kartik & Dhara,h4,2026-06-27,meal,"L(2) Chicken massaman curry & spring-onion-basil-mushroom fried rice (Ahalya). Deducted: onion 150, potato 200, green chilli 10, spring onion 80, BUTTON MUSHROOM 100 (box finished → 0). Basil & chicken from the board (present). FLAGS (pantry/not tracked → confirm): massaman paste, coconut milk, peanuts, rice."
Kartik & Dhara,h4,2026-06-27,meal,"D(2) Makhana kheer (Parsuram). Milk from the board. Makhana, sugar, cardamom & nuts = pantry (not gram-tracked)."
Kartik & Dhara,h4,2026-06-27,meal,Extra: lemon-ginger juice made with ALL the leftover lemons (4 used → lemons now 0) + ginger ~15g.
Kartik & Dhara,h4,2026-06-27,note,"27th CLOSED for Kartik & Dhara (2 eaters). NO order today. Button mushroom box finished (→0); all lemons used in the juice (→0). Breakfast was aloo-mint-sattu parathas (not French toast) — no eggs used. Pantry (not tracked): sourdough, massaman paste, coconut milk, peanuts, rice, makhana, sattu. 28-Jun is Sunday — cook off, no plan."
Kartik & Dhara,h4,2026-06-26,order,"26-Jun EVENING orders (logged late): chicken breast boneless 450g, coriander 100g, netted muskmelon 1pc (~650g), Urban Platter unsweetened coconut milk 250ml, litchi 250g, consumption/pooja coconut 1pc (~550g), Tata salt 1kg, Suchali’s olive & rosemary sourdough 420g, green kiwi 3pc."
Kartik & Dhara,h4,2026-06-27,note,27-Jun reconciliation: the 27th meals used last night’s order — chicken massaman drew chicken breast ~300g (→~150g left) & coconut milk ~150ml (→~100ml left); French toast used sourdough ~120g (→~300g left). Earlier noted as board/pantry; now deducted from real stock (est portions — correct with actuals if needed).
Kartik & Dhara,h4,2026-06-26,order,FirstClub WEEKLY subscription drop (Fri 26-Jun 6am): desi tomato 500g + garlic 100g + ginger 200g delivered. ONION 1kg was SKIPPED this week (no onion top-up) — watch onion level. Daily tender coconut continues.
Kartik & Dhara,h4,2026-06-27,note,"Corrections (25th–26th close): (1) coriander set to 1 bunch / 100g — reordered 26-Jun, treated as fresh. (2) 6 eggs were ordered 25-Jun morning (the 25th was wrongly logged as no-orders); no egg meals 25th–26th, so ~6 on hand at the 26th close (est). (3) Dry coconut = the pooja whole coconut they use regularly — finished in the 23-Jun lunch, reordered 26-Jun night, now FULL (1 on the board); the duplicate MASTER “Dry coconut” row is hidden."
Kartik & Dhara,h4,2026-06-29,plan,29-Jun plan — B(1): Coriander omelette & toasted sourdough. L(1): Chicken moong dal + rice + bhindi poda + cucumber-mint cooler. D(1): Creamy lemon salmon & stir-fried sesame-garlic bok choy.
Kartik & Dhara,h4,2026-06-29,meal,"B(1) Coriander omelette & toasted sourdough. Deducted: eggs 2, coriander 10. Sourdough = pantry (bakery)."
Kartik & Dhara,h4,2026-06-29,meal,"L(1) Chicken moong dal + rice + bhindi poda + cucumber-mint cooler. Deducted: chicken breast 120, cucumber 50 (→0, cooler), mint 10. Moong dal & rice = pantry. FLAG: BHINDI/okra not on the board → order (bhindi poda)."
Kartik & Dhara,h4,2026-06-29,meal,"D(1) Creamy lemon salmon & stir-fried sesame-garlic bok choy. Deducted: garlic 20. FLAG: SALMON, LEMON (0) and BOK CHOY are not on the board → order (whole dinner depends on them). Sesame oil = pantry."
Kartik & Dhara,h4,2026-06-29,note,"29th CLOSED for Kartik & Dhara. NO order today. FLAGS → order: BHINDI/okra (bhindi poda), SALMON + LEMON + BOK CHOY (dinner not cookable without them). Pantry: sourdough, moong dal, rice, sesame oil. (FirstClub daily tender coconut continues via the subscription engine; next weekly produce drop 3-Jul.)"
Rahul & Radhika,h5,2026-06-01,order,Ordered Chicken breast (boneless) x400
Rahul & Radhika,h5,2026-06-01,order,Ordered Chicken mince / kheema x500
Rahul & Radhika,h5,2026-06-01,order,Ordered Bassa / pangasius fillet x500
Rahul & Radhika,h5,2026-06-01,order,Ordered Pear (Sweet Beauty Red) x2
Rahul & Radhika,h5,2026-06-01,order,Ordered Banana 7pc
Rahul & Radhika,h5,2026-06-01,order,Ordered Lettuce 250g
Rahul & Radhika,h5,2026-06-01,order,Ordered Mint 50g
Rahul & Radhika,h5,2026-06-01,order,Ordered Sourdough bread (Brik Oven) x1
Rahul & Radhika,h5,2026-06-01,order,Ordered Green capsicum 80g
Rahul & Radhika,h5,2026-06-01,order,Ordered Red capsicum 160g
Rahul & Radhika,h5,2026-06-01,order,Ordered Chia seeds (Farmley) x200
Rahul & Radhika,h5,2026-06-01,order,Ordered Spinach/Palak 300g
Rahul & Radhika,h5,2026-06-01,order,Ordered Blueberry (imported) x125
Rahul & Radhika,h5,2026-06-01,order,Ordered Almond/Oat beverage (Alt Co) x1
Rahul & Radhika,h5,2026-06-01,order,Ordered Cucumber 500g
Rahul & Radhika,h5,2026-06-01,order,Ordered Eggs (free-range brown) x6
Rahul & Radhika,h5,2026-06-01,order,Ordered Tomato 500g
Rahul & Radhika,h5,2026-06-01,order,Ordered Pumpkin 200g
Rahul & Radhika,h5,2026-06-01,order,Ordered Matta broken rice (Double Horse) x500
Rahul & Radhika,h5,2026-06-01,order,Ordered Lemon 4pc
Rahul & Radhika,h5,2026-06-01,order,Ordered Coriander (dhania) 100g
Rahul & Radhika,h5,2026-06-01,order,Ordered Carrot 250g
Rahul & Radhika,h5,2026-06-01,order,Ordered Onion 1000g
Rahul & Radhika,h5,2026-06-01,order,Ordered Paneer (Sid’s Malai) x200
Rahul & Radhika,h5,2026-06-01,order,Ordered Milky Mist Skyr x1
Rahul & Radhika,h5,2026-06-01,order,Ordered Cauliflower 400g
Rahul & Radhika,h5,2026-06-01,order,Ordered Green chilli 90g
Rahul & Radhika,h5,2026-06-01,order,"Ordered Guava (white, premium) x1"
Rahul & Radhika,h5,2026-06-01,order,Ordered Flax seeds (Farmley) x200
Rahul & Radhika,h5,2026-06-01,order,Ordered Pumpkin seeds (Farmley AAA) x200
Rahul & Radhika,h5,2026-06-01,order,Ordered Rolled oats (Yogabar golden) x400
Rahul & Radhika,h5,2026-06-01,order,Ordered Trail mix (Farmley dry fruits/nuts/seeds) x200
Rahul & Radhika,h5,2026-06-01,order,Ordered Brazil nuts (Urban Platter) x100
Rahul & Radhika,h5,2026-06-03,order,Ordered Tomato paste (Indira’s) x1
Rahul & Radhika,h5,2026-06-03,order,Ordered Lettuce 250g
Rahul & Radhika,h5,2026-06-03,order,Ordered Cucumber 500g
Rahul & Radhika,h5,2026-06-03,order,Ordered Bassa / pangasius fillet x480
Rahul & Radhika,h5,2026-06-03,order,Ordered Button mushroom x200
Rahul & Radhika,h5,2026-06-03,order,Ordered Tomato 150g
Rahul & Radhika,h5,2026-06-03,order,"Ordered Black olives (Borges, pitted) x430"
Rahul & Radhika,h5,2026-06-03,order,Ordered Rocket leaves (arugula) x50
Rahul & Radhika,h5,2026-06-04,order,Ordered Banana 7pc
Rahul & Radhika,h5,2026-06-04,order,Ordered Tofu (Health on Plants) x200
Rahul & Radhika,h5,2026-06-04,order,Ordered Cabbage 500g
Rahul & Radhika,h5,2026-06-04,order,Ordered Eggs (free-range brown) x12
Rahul & Radhika,h5,2026-06-04,order,Ordered Tomato 500g
Rahul & Radhika,h5,2026-06-04,order,Ordered Cashew whole (Supreme Harvest) x200
Rahul & Radhika,h5,2026-06-04,order,Ordered Broccoli 250g
Rahul & Radhika,h5,2026-06-04,order,Ordered Carrot 250g
Rahul & Radhika,h5,2026-06-04,order,Ordered Chicken breast (boneless) x450
Rahul & Radhika,h5,2026-06-04,order,Ordered Bottle gourd 400g
Rahul & Radhika,h5,2026-06-04,order,Ordered Milk (Heritage full cream) x0.5
Rahul & Radhika,h5,2026-06-06,order,Ordered Drumstick (moringa) x2
Rahul & Radhika,h5,2026-06-06,order,Ordered Red cabbage 400g
Rahul & Radhika,h5,2026-06-06,order,Ordered Epigamia Greek yogurt (mixed berries) x1
Rahul & Radhika,h5,2026-06-06,order,Ordered Epigamia Greek yogurt (natural) x4
Rahul & Radhika,h5,2026-06-06,order,Ordered Pumpkin 250g
Rahul & Radhika,h5,2026-06-06,order,Ordered Moong/Pesarattu chilla batter (iD) x1
Rahul & Radhika,h5,2026-06-06,order,Ordered Radish (Bhoomi Farms) x350
Rahul & Radhika,h5,2026-06-06,order,Ordered Milky Mist Skyr x4
Rahul & Radhika,h5,2026-06-06,order,Ordered Green capsicum 250g
Rahul & Radhika,h5,2026-06-06,order,Ordered Rolled oats (Quaker high-protein) x1000
Rahul & Radhika,h5,2026-06-06,order,Ordered Apple (Royal Gala) x2
Rahul & Radhika,h5,2026-06-06,order,Ordered Milk (Heritage full cream) x0.5
Rahul & Radhika,h5,2026-06-08,order,Ordered Rocket leaves (arugula) x50
Rahul & Radhika,h5,2026-06-08,order,Ordered Blueberry (imported) x125
Rahul & Radhika,h5,2026-06-10,order,Ordered Almond/Oat beverage (Alt Co) x2
Rahul & Radhika,h5,2026-06-10,order,Ordered Cucumber 500g
Rahul & Radhika,h5,2026-06-10,order,Ordered Tomato 200g
Rahul & Radhika,h5,2026-06-10,order,Ordered Mosquito repellent patches (Mother Sparsh) x24
Rahul & Radhika,h5,2026-06-10,order,Ordered Banana 7pc
Rahul & Radhika,h5,2026-06-10,order,Ordered Eggs (free-range brown) x12
Rahul & Radhika,h5,2026-06-10,order,Ordered Button mushroom x200
Rahul & Radhika,h5,2026-06-10,order,Ordered Blueberry (imported) x125
Rahul & Radhika,h5,2026-06-10,order,Ordered Milky Mist Skyr x2
Rahul & Radhika,h5,2026-06-10,order,Ordered Apple (Royal Gala) x2
Rahul & Radhika,h5,2026-06-10,order,Ordered Onion 1000g
Rahul & Radhika,h5,2026-06-10,order,"Ordered Sparkling water (Maison Perrier, Lime) x2"
Rahul & Radhika,h5,2026-06-11,order,Ordered Chicken breast (boneless) x400
Rahul & Radhika,h5,2026-06-11,order,Ordered Chicken mince / kheema x500
Rahul & Radhika,h5,2026-06-11,order,Ordered Bassa / pangasius fillet x500
Rahul & Radhika,h5,2026-06-15,order,Ordered Chicken breast (boneless) x1000
Rahul & Radhika,h5,2026-06-15,order,Ordered Bassa / pangasius fillet x500
Rahul & Radhika,h5,2026-06-15,order,Ordered Banana 7pc
Rahul & Radhika,h5,2026-06-15,order,Ordered Tofu (Health on Plants) x200
Rahul & Radhika,h5,2026-06-15,order,Ordered Mint 50g
Rahul & Radhika,h5,2026-06-15,order,Ordered Quinoa (Organeekz organic) x500
Rahul & Radhika,h5,2026-06-15,order,Ordered Moong dal (24 Mantra organic) x500
Rahul & Radhika,h5,2026-06-15,order,Ordered Broccoli 250g
Rahul & Radhika,h5,2026-06-15,order,Ordered Spinach/Palak 300g
Rahul & Radhika,h5,2026-06-15,order,Ordered Button mushroom x400
Rahul & Radhika,h5,2026-06-15,order,Ordered Apple (Royal Gala) x2
Rahul & Radhika,h5,2026-06-15,order,Ordered Potato 500g
Rahul & Radhika,h5,2026-06-15,order,Ordered Potato 1000g
Rahul & Radhika,h5,2026-06-15,order,Ordered Almond/Oat beverage (Alt Co) x1
Rahul & Radhika,h5,2026-06-15,order,Ordered Cucumber 500g
Rahul & Radhika,h5,2026-06-15,order,Ordered Eggs (free-range brown) x12
Rahul & Radhika,h5,2026-06-15,order,Ordered Tomato 1000g
Rahul & Radhika,h5,2026-06-15,order,Ordered Green capsicum 250g
Rahul & Radhika,h5,2026-06-15,order,Ordered Matta broken rice (Double Horse) x500
Rahul & Radhika,h5,2026-06-15,order,Ordered Epigamia Greek yogurt (natural) x1
Rahul & Radhika,h5,2026-06-15,order,Ordered Coriander (dhania) 100g
Rahul & Radhika,h5,2026-06-15,order,Ordered Onion 1000g
Rahul & Radhika,h5,2026-06-15,order,Ordered Bottle gourd 400g
Rahul & Radhika,h5,2026-06-15,order,Ordered Cauliflower 400g
Rahul & Radhika,h5,2026-06-15,order,Ordered Milky Mist Skyr x1
Rahul & Radhika,h5,2026-06-15,order,Ordered Zucchini 250g
Rahul & Radhika,h5,2026-06-15,order,Ordered Lady's finger 250g
Rahul & Radhika,h5,2026-06-15,order,Ordered Kala chana (Tata Sampann) x500
Rahul & Radhika,h5,2026-06-15,note,"REBUILT order layer (v9h/v9i) from authoritative invoices + screenshots. Earlier builds had MISSED most of the 01-Jun & 04-Jun grocery invoices; now every line item is captured incl. the 2nd 10-Jun order and the big 15-Jun grocery restock (zucchini, lady-finger, potato added). Tracked FnV from orders: onion, tomato, cucumber, green/red capsicum, pumpkin, carrot, cauliflower, cabbage, red cabbage, broccoli, bottle gourd, spinach/palak, lettuce, mint, coriander, green chilli, lemon, banana. Dairy/eggs/protein/fruit/pantry + non-Master veg (mushroom, radish, drumstick, rocket) on the perish board. WEIGHTS for ""1 NOS"" produce are ESTIMATED (invoices show count, not grams) — correct any that matter. Factors stay 1.0 (orders-only, no inventory check to calibrate)."
Rahul & Radhika,h5,2026-06-01,note,"HOUSE RULES — 3 eaters: Rahul, Radhika, Sky. Rahul does NOT eat lunch at home Mon–Thu (office) — his Mon–Thu lunch is NOT deducted; he eats lunch at home Fri–Sun."
Rahul & Radhika,h5,2026-06-01,meal,Breakfast (3 eaters) — Rahul 2 eggs+2 whites+mushroom-spinach stir fry; Radhika 1 egg+2 whites+stir fry+1/2 sourdough; Sky overnight oats+chia+almond milk+banana+nuts / egg+fruit
Rahul & Radhika,h5,2026-06-01,meal,Lunch (1 eaters) — Radhika almond wrap+80g minced-chicken sukha+lettuce+shredded carrots+peppers+onions+mint chutney. RAHUL LUNCH=OFFICE
Rahul & Radhika,h5,2026-06-01,meal,"Dinner (2 eaters) — Garden salad, clear mixed-veg soup, baked pumpkin cubes, grilled lemon-coriander fish"
Rahul & Radhika,h5,2026-06-02,meal,Breakfast (3 eaters) — Rahul bell-pepper+onion egg bhurji+cucumber slices; Radhika oats+skyr+chia+flax+almond milk+berries+pumpkin seeds; Sky oats/egg+fruit
Rahul & Radhika,h5,2026-06-02,meal,Lunch (1 eaters) — Radhika almond wrap+egg-white bhurji+mushrooms+capsicum+onion stir fry+arugula. RAHUL LUNCH=OFFICE
Rahul & Radhika,h5,2026-06-02,meal,Dinner (2 eaters) — Cucumber-onion-tomato salad+light butter-chicken bowl+sauteed spinach+roasted cauliflower+small matta rice
Rahul & Radhika,h5,2026-06-03,meal,Breakfast (3 eaters) — Rahul 2 eggs+2 whites+mushroom-spinach; Radhika 1 egg+2 whites+stir fry+1/2 sourdough; coffee; Sky oats/egg+fruit
Rahul & Radhika,h5,2026-06-03,meal,Lunch (1 eaters) — Radhika almond wrap+minced-chicken sukha+lettuce+carrots+onions+mint chutney. RAHUL LUNCH=OFFICE
Rahul & Radhika,h5,2026-06-03,meal,Dinner (2 eaters) — Shredded zucchini+carrot salad+mediterranean baked fish with tomatoes+brown rice
Rahul & Radhika,h5,2026-06-04,meal,Breakfast (3 eaters) — Rahul bell-pepper+onion egg bhurji+cucumber slices; Radhika oats+skyr+chia+berries; Sky oats/egg+fruit
Rahul & Radhika,h5,2026-06-04,meal,Lunch (1 eaters) — Radhika almond wrap+egg-white bhurji/mushroom+capsicum+onion+arugula. RAHUL LUNCH=OFFICE
Rahul & Radhika,h5,2026-06-04,meal,"Dinner (2 eaters) — Garden salad, lauki green-moong dal chilla stuffed with ground chicken+mixed veg (beans/carrot/onion), hung-curd chutney"
Rahul & Radhika,h5,2026-06-05,meal,Breakfast (3 eaters) — Rahul 2 eggs+2 whites+mushroom-spinach; Radhika 1 egg+2 whites+stir fry+1/2 sourdough; Sky oats/egg+fruit
Rahul & Radhika,h5,2026-06-05,meal,Lunch (2 eaters) — Rahul+Radhika almond wrap+100g tofu bhurji+sauteed peppers & cabbage+coriander-mint chutney+greek-yoghurt chaas
Rahul & Radhika,h5,2026-06-05,meal,"Dinner (2 eaters) — Chicken+capsicum roasted salad, roasted broccoli, quinoa-beetroot wrap, kaju red-pepper dip"
Rahul & Radhika,h5,2026-06-06,meal,Breakfast (3 eaters) — Rahul pessarattu dosa+masala omelette+mint chutney+sauteed spinach; Radhika dosa+omelette+spinach; Sky dosa+egg+veg+fruit
Rahul & Radhika,h5,2026-06-06,meal,"Lunch (2 eaters) — All: loaded veg sambhar (carrot, pumpkin, beans, drumstick, tindli, onion), mixed-dal idli, skyr, radish+carrot slices, lots of lemon"
Rahul & Radhika,h5,2026-06-06,meal,"Dinner (2 eaters) — Cucumber salad, stir-fried tofu with capsicum/onion/carrot+coconut aminos, brown rice with shredded cabbage"
Rahul & Radhika,h5,2026-06-08,meal,Breakfast (3 eaters) — Rahul 2 eggs+2 whites+mushroom-spinach; Radhika 1 egg+2 whites+stir fry+1/2 sourdough; Sky oats/egg+fruit
Rahul & Radhika,h5,2026-06-08,meal,Lunch (1 eaters) — Radhika almond wrap+minced-chicken sukha+lettuce+carrots+peppers+onions+mint chutney. RAHUL LUNCH=OFFICE
Rahul & Radhika,h5,2026-06-08,meal,Dinner (2 eaters) — Garden salad+herb-lemon fish filet+baked sweet potato+capsicum & green beans
Rahul & Radhika,h5,2026-06-09,meal,Breakfast (3 eaters) — Rahul bell-pepper+onion egg bhurji+cucumber slices; Radhika oats+skyr+chia+berries; Sky oats/egg+fruit
Rahul & Radhika,h5,2026-06-09,meal,Lunch (1 eaters) — Radhika almond wrap+egg-white bhurji+mushroom+capsicum+onion+arugula. RAHUL LUNCH=OFFICE
Rahul & Radhika,h5,2026-06-09,meal,Dinner (2 eaters) — Chicken keema kebabs+quinoa-beet wrap+mint chutney+roasted cauliflower & zucchini
Rahul & Radhika,h5,2026-06-10,meal,Breakfast (3 eaters) — Rahul 2 eggs+2 whites+mushroom-spinach; Radhika 1 egg+2 whites+stir fry+1/2 sourdough; Sky oats/egg+fruit
Rahul & Radhika,h5,2026-06-10,meal,Lunch (1 eaters) — Radhika almond wrap+minced-chicken sukha+lettuce+carrots+onions+mint chutney. RAHUL LUNCH=OFFICE
Rahul & Radhika,h5,2026-06-10,meal,Dinner (3 eaters) — Pessarattu dosa+tofu curry+coriander-mint chutney+cucumber-carrot salad; Sky 2 parathas+mixed veg
Rahul & Radhika,h5,2026-06-11,meal,Breakfast (2 eaters) — Rahul bell-pepper+onion egg bhurji+cucumber slices; Radhika oats+skyr+chia+berries; Sky oats/egg+fruit
Rahul & Radhika,h5,2026-06-11,meal,Lunch (1 eaters) — Radhika almond wrap+egg bhurji+mushroom+capsicum+onion+arugula; snack fruit+brazil nut. RAHUL LUNCH=OFFICE (salad bowl listed but office-provided)
Rahul & Radhika,h5,2026-06-11,meal,"Dinner (3 eaters) — Rajma vegetable salad, cilantro-lime fish (no mirchi), boiled beetroot+roasted carrots"
Rahul & Radhika,h5,2026-06-12,meal,Breakfast (2 eaters) — Rahul 2 eggs+2 whites+mushroom-spinach; Radhika 1 egg+2 whites+mushroom-spinach+1/2 sourdough+coffee; Sky oats/egg+fruit. Guests: Aloo Poha
Rahul & Radhika,h5,2026-06-12,meal,Lunch (2 eaters) — Rahul+Radhika quinoa-beet wrap+100gx2 tofu bhurji+sauteed peppers & cabbage+coriander-mint chutney+greek-yoghurt buttermilk. Guests: Kadai paneer+5 rotis
Rahul & Radhika,h5,2026-06-12,meal,"Dinner (3 eaters) — Clear lemon-coriander soup, chinese ground-chicken mince with broccoli/carrots/snap-peas/red capsicum+brown rice. Guests: Veg Pulao with cucumber raita"
Rahul & Radhika,h5,2026-06-13,meal,Breakfast (2 eaters) — All: pessarattu dosa+masala omelette+green mint chutney+sauteed spinach. Guests: Pessaruttu with peanut chutney
Rahul & Radhika,h5,2026-06-13,meal,"Lunch (2 eaters) — South Indian veg & chicken stew (chicken, no potato, added zucchini)+appam/rice-flour roti+radish & cucumber slices. Guests: Rajma chawal with raita"
Rahul & Radhika,h5,2026-06-13,meal,"Dinner (3 eaters) — Edamame & coriander kebabs, grilled mixed vegetables, beetroot wrap, greek-yoghurt dahi chutney. Guests: Bhindi Masala+5 rotis"
Rahul & Radhika,h5,2026-06-14,meal,Sun 14-Jun: no meal plan for Rahul & Radhika — no deductions.
Rahul & Radhika,h5,2026-06-15,meal,"Breakfast (3 eaters) — Rahul 2 eggs+2 whites+mushroom-spinach; Radhika 1 egg+2 whites+mushroom-spinach+1/2 sourdough, coffee; Sky overnight oats+banana+nuts / egg+fruit"
Rahul & Radhika,h5,2026-06-15,meal,Lunch (1 eaters) — Radhika palak chicken (1.5 cups)+zucchini sabzi+quinoa; snack fruit+brazil nut. RAHUL LUNCH=OFFICE (green salad+paneer/moong+grilled chicken listed but office-provided)
Rahul & Radhika,h5,2026-06-15,meal,Dinner (3 eaters) — No-masala light coriander chicken curry+matta rice+cauliflower & bhindi sabzi+mint-coriander chutney
Rahul & Radhika,h5,2026-06-15,note,"Meal plan 1-Jun -> 15-Jun logged (7-Jun & Sun 14-Jun had no plan). Rahul Mon-Thu lunch = OFFICE (not deducted); home Fri-Sun. Deductions now cover the full tracked FnV set. Untracked items (tofu, paneer, mushroom, beetroot, zucchini, bhindi, quinoa, rajma, edamame, drumstick, radish, eggs, chicken, fish) are logged but consumption is not stock-tracked / sits on the perish board. CUCUMBER & CAPSICUM may deplete to 0 within the window — likely topped up off-screen; send any missing carts."
Rahul & Radhika,h5,2026-06-16,note,16-Jun: morning breakfast done. Awaiting inventory-check photos taken AFTER breakfast — per instruction NO 16th consumption is deducted; the check will snap stock to the actual counts. (Ages keep counting from order dates; a check never resets them.)
Rahul & Radhika,h5,2026-06-16,check,Inventory check applied after breakfast: 17 items snapped to weighed values; tomato estimated from 11 pcs (~1100g). Unlisted previously-stocked items left unchanged pending confirmation.
Rahul & Radhika,h5,2026-06-16,note,"Post-check cleanup: lemon, green chilli & red capsicum zeroed (15-day-old staples, consumed). Banana set to the latest order quantity only (7pc, 15-Jun) — earlier bananas eaten."
Rahul & Radhika,h5,2026-06-16,note,"Missing-items reconciliation: coriander, banana & mint confirmed present (moved to In-inventory). Pumpkin -> 0 (used entirely in dog food). Green capsicum -> 0 (used in the 16-Jun bell-pepper omelette breakfast). Red cabbage -> 0 (gone). Cucumber & cauliflower -> 0 (confirmed finished by user — not weighed at the 16-Jun check because they were already used up)."
Rahul & Radhika,h5,2026-06-16,meal,"16-Jun dinner closed (assumed all ingredients available): lauki/bottle gourd, red-cabbage sabzi with capsicum, tomato, plus herb-grilled fish (~300g, perish). 16th now fully closed."
Rahul & Radhika,h5,2026-06-17,meal,Breakfast (3 eaters) — mushroom-spinach omelettes (Rahul & Radhika) + Skye oats/chia/banana/nuts (12 eggs across the three; mushroom not tracked)
Rahul & Radhika,h5,2026-06-17,meal,Lunch (2 eaters) — Rahul green salad + paneer/moong + grilled chicken; Radhika egg bhurji + coriander-mint chutney + capsicum/onion stir-fry
Rahul & Radhika,h5,2026-06-17,meal,Dinner (3 eaters) — Greek chicken bowl (greek-yogurt marinade) + roast potatoes + roasted mediterranean veggies + tzatziki
Rahul & Radhika,h5,2026-06-18,meal,Breakfast (2 eaters) — Rahul bell-pepper & onion egg bhurji + cucumber; Skye oats/chia/banana/nuts
Rahul & Radhika,h5,2026-06-18,meal,Lunch (2 eaters) — Rahul green salad + paneer/moong/legumes + grilled chicken
Rahul & Radhika,h5,2026-06-18,meal,Dinner (2 eaters) — shredded zucchini & carrot salad + mediterranean baked fish (bassa) with tomatoes + brown rice
Rahul & Radhika,h5,2026-06-19,meal,Breakfast (2 eaters) — Rahul mushroom-spinach stir fry + eggs; Skye oats/chia/banana/nuts
Rahul & Radhika,h5,2026-06-19,meal,Lunch (2 eaters) — Vietnamese summer rolls with chicken + peanut sauce + steamed edamame (edamame & rice-paper pantry)
Rahul & Radhika,h5,2026-06-19,meal,Dinner (2 eaters) — spinach toor & moong dal + haldi chicken + cooked lemon quinoa + beans sabzi
Rahul & Radhika,h5,2026-06-19,order,Ordered Chicken breast (boneless) 400g
Rahul & Radhika,h5,2026-06-19,order,Ordered Milk (Heritage full cream) 500ml
Rahul & Radhika,h5,2026-06-19,order,Ordered Sourdough bread (Brik Oven) 350g
Rahul & Radhika,h5,2026-06-19,order,Ordered Pear (Sweet Beauty Red) 1pc
Rahul & Radhika,h5,2026-06-19,note,"19-Jun order completed: chicken breast 400g, milk 500ml, bread 350g, pear 1, and the eggs (12 on 17-Jun, 6 on 19-Jun) were on the perishables board but never appeared as order lines — now logged to Orders-by-day."
Rahul & Radhika,h5,2026-06-19,note,"R&R 17->19 from the REAL carts with resident-confirmed weights. 17-Jun: cherry tomato 200g, cabbage 400g, cucumber 500g, green capsicum 2x150=300g, lemon 200g(~4), Epigamia greek yogurt 400g, dill 100g, edamame 500g(pantry), 2 egg packs(12). 19-Jun: banana 7, carrot 2x250g, tricolour capsicum 3x150=450g (split green 150 / red 300), cucumber 500g, peeled garlic 100g, french beans 250g (tracked as green beans), chicken breast 400g, milk 500ml, bread 350g, pear 1, 1 egg pack(6). ZUCCHINI & PUMPKIN were on the invoices but no weight was confirmed -> per resident, treated as NOT bought (zucchini draws only from prior stock; pumpkin stays 0). Pantry (cashew/peanut butter/Diet Coke/rice paper/honey/garbage bags/moong/Borecha) not tracked."
Rahul & Radhika,h5,2026-06-19,note,"User stock correction (as of 19-Jun): tomato set to 400g (was computing ~980), cucumber to 500g (was ~760), and NO capsicum on hand — green & red capsicum both zeroed. These override the cart/meal totals for the weekend planning."
Rahul & Radhika,h5,2026-06-20,order,Ordered Mushroom (button) 1
Rahul & Radhika,h5,2026-06-20,order,Ordered Coriander (dhania) 100g
Rahul & Radhika,h5,2026-06-20,order,Ordered Watermelon 1
Rahul & Radhika,h5,2026-06-20,order,Ordered Tomato 500g
Rahul & Radhika,h5,2026-06-20,order,Ordered Olive oil 1
Rahul & Radhika,h5,2026-06-20,order,Ordered Zucchini 300g (2 pcs yellow zucchini ~300g est)
Rahul & Radhika,h5,2026-06-20,order,Ordered Idli/dosa batter 1
Rahul & Radhika,h5,2026-06-20,order,Ordered Grated coconut 1
Rahul & Radhika,h5,2026-06-20,order,Ordered Green capsicum 250g (2 caps ~250g est)
Rahul & Radhika,h5,2026-06-20,order,Ordered Eggs (free-range brown) 12
Rahul & Radhika,h5,2026-06-20,order,Ordered Pumpkin 500g (1 sliced pumpkin ~500g est)
Rahul & Radhika,h5,2026-06-20,note,"20-Jun R&R cart: 1 mushroom, coriander 100g, 1 watermelon, tomato 500g, olive oil, 2 pcs yellow zucchini (~300g est), idli batter, grated coconut packet, 2 green capsicum (~250g est), 12 eggs, 1 sliced pumpkin (~500g est)."
Rahul & Radhika,h5,2026-06-22,order,Ordered Red capsicum 125g (yellow caps 125g → red/yellow bucket)
Rahul & Radhika,h5,2026-06-22,order,Ordered Red capsicum 125g (1 red caps ~125g est)
Rahul & Radhika,h5,2026-06-22,order,Ordered Lettuce 250g
Rahul & Radhika,h5,2026-06-22,order,Ordered Coriander (dhania) 100g
Rahul & Radhika,h5,2026-06-22,order,Ordered Chicken breast (boneless) 2
Rahul & Radhika,h5,2026-06-22,order,Ordered Tomato 500g
Rahul & Radhika,h5,2026-06-22,order,Ordered Oats 1
Rahul & Radhika,h5,2026-06-22,order,Ordered Oregano 1
Rahul & Radhika,h5,2026-06-22,order,Ordered Green beans 250g (french beans)
Rahul & Radhika,h5,2026-06-22,order,Ordered Eggs (free-range brown) 18
Rahul & Radhika,h5,2026-06-22,order,Ordered Garlic 100g (peeled)
Rahul & Radhika,h5,2026-06-22,order,Ordered Tomato 200g (1 cherry tomato pack ~200g est)
Rahul & Radhika,h5,2026-06-22,order,Ordered Milky Mist Skyr 2
Rahul & Radhika,h5,2026-06-22,order,Ordered Cucumber 400g (2 pcs ~400g est)
Rahul & Radhika,h5,2026-06-22,order,Ordered Onion 1000g
Rahul & Radhika,h5,2026-06-22,order,Ordered Epigamia Greek yogurt (mixed berries) 3
Rahul & Radhika,h5,2026-06-22,order,Ordered Salt 1
Rahul & Radhika,h5,2026-06-22,order,Ordered Walnut 1
Rahul & Radhika,h5,2026-06-22,order,Ordered Avocado 1
Rahul & Radhika,h5,2026-06-22,order,Ordered Lady's finger 250g
Rahul & Radhika,h5,2026-06-22,order,Ordered Cabbage 500g (1 cabbage ~500g est)
Rahul & Radhika,h5,2026-06-22,order,Ordered Chilli flakes 1
Rahul & Radhika,h5,2026-06-22,order,Ordered Garlic powder 1
Rahul & Radhika,h5,2026-06-22,order,Ordered Lemon 4pc (200g ~4)
Rahul & Radhika,h5,2026-06-22,order,Ordered Spinach/Palak 500g
Rahul & Radhika,h5,2026-06-22,order,Ordered Potato 500g (baby potato)
Rahul & Radhika,h5,2026-06-22,order,Ordered Apple (Royal Gala) 2
Rahul & Radhika,h5,2026-06-22,order,Ordered Banana 7pc (1 bunch est)
Rahul & Radhika,h5,2026-06-22,order,Ordered Kiwi 1
Rahul & Radhika,h5,2026-06-22,order,Ordered Mushroom (button) 1
Rahul & Radhika,h5,2026-06-22,note,"22-Jun R&R cart (big): yellow caps 125g + 1 red caps (→ red bucket), lettuce 250g, coriander 100g, 2 chicken breast, tomato 500g, oats, oregano, french beans 250g, 18 eggs (12+6), peeled garlic 100g, 1 cherry tomato pack (~200g), 2 skyr, 2 cucumber (~400g), onion 1kg, 3 yogurt (1+2), salt, walnut, avocado, lady finger 250g, 1 cabbage (~500g), chilli flakes, garlic powder, lemon 200g(~4), spinach 500g, baby potato 500g, 2 apples, bananas, kiwi, 1 mushroom. Estimated weights flagged. NOTE: weekend (20-21 Jun) meals are NOT yet deducted — send the meal confirmations and I will net them against this stock."
Rahul & Radhika,h5,2026-06-20,meal,Breakfast (2 eaters) — Rahul pessarattu dosa + masala omelette (1 egg+2 whites) + mint chutney + sauteed spinach; Skye dosa+egg+veggies+fruit
Rahul & Radhika,h5,2026-06-20,meal,Lunch (4 eaters) — Mustard-honey glazed salmon + green beans stir fry + herbed brown rice + watermelon-feta salad
Rahul & Radhika,h5,2026-06-20,meal,Dinner (4 eaters) — Healthy lentil pasta + creamy high-protein sauce + little veggies + italian roasted veg
Rahul & Radhika,h5,2026-06-21,meal,"Breakfast (4 eaters) — Veg uttapam + coconut chutney + bell-pepper & onion egg bhurji (incl 2 guests, 4 whole+4 white)"
Rahul & Radhika,h5,2026-06-21,meal,Lunch (4 eaters) — Cilantro-lime chicken breast + roasted veggies + pumpkin mash + garlic brown rice
Rahul & Radhika,h5,2026-06-21,meal,Dinner (2 eaters) — Vegetable bhaji with chickpea + sourdough + chopped cucumber & carrots with lime
Rahul & Radhika,h5,2026-06-22,meal,Breakfast (2 eaters) — Rahul 2 eggs+2 whites+mushroom-spinach; Skye oats/egg+fruit
Rahul & Radhika,h5,2026-06-22,meal,Dinner (2 eaters) — Chimichurri chicken + roasted baby potatoes + red-pepper cashew sauce + roasted green beans; Skye chopped cucumber & cherry tomatoes
Rahul & Radhika,h5,2026-06-23,order,Ordered Goat / mutton (boneless curry cut) x290
Rahul & Radhika,h5,2026-06-23,order,Ordered Olive & rosemary sourdough x400
Rahul & Radhika,h5,2026-06-23,order,"Ordered Milk bread (Health Factory, zero maida) x250"
Rahul & Radhika,h5,2026-06-23,order,Ordered Milk (Heritage full cream) x500
Rahul & Radhika,h5,2026-06-23,order,"23-Jun morning order (before breakfast) for R&R: goat/mutton boneless curry-cut ~290g, olive & rosemary sourdough, Health Factory zero-maida milk bread 250g, Heritage full-cream milk 500ml."
Rahul & Radhika,h5,2026-06-23,meal,Breakfast (3 eaters) — Rahul: bell-pepper & onion egg bhurji (2 whole + 2 whites) + cucumber slices; Radhika: oats + skyr + chia + flax + almond milk + berries + pumpkin seeds; Skye: overnight oats + chia + almond/oat milk + banana + nuts / egg + fruit
Rahul & Radhika,h5,2026-06-23,meal,Lunch (1 eaters) — Radhika: tomato edamame curry + cabbage & carrot sabzi + cooked quinoa; snack: fruit + 1 brazil nut
Rahul & Radhika,h5,2026-06-23,meal,Dinner (3 eaters) — Garden salad + no-oil mutton curry + cabbage stir-fry + bhindi sabzi + millet rice; post-dinner fruit-juice/soda; Radhika spearmint tea
Rahul & Radhika,h5,2026-06-23,note,"23rd CLOSED for R&R. FLAGS: (1) EDAMAME (lunch tomato-edamame curry) and MILLET (dinner millet rice) are NOT tracked and were not ordered, so they are logged-not-deducted; QUINOA drawn from the board. (2) ""Bell pepper"" read as green capsicum (~40g) — switch to red if that is what was used; note capsicum may be ~0 in stock (was flagged out over the weekend), so the bhurji draw floors. (3) Mutton: the full ~290g curry-cut went into the no-oil mutton curry. (4) Post-dinner fruit juice / soda / spearmint tea — not tracked. (5) Skye is the 3rd eater at breakfast & dinner."
Rahul & Radhika,h5,2026-06-24,meal,Breakfast (3 eaters) — Rahul 2 poached eggs + avo + sourdough + mushroom-spinach; Radhika 1 egg+2 whites + avo + mushroom-spinach; Skye oats/egg + fruit
Rahul & Radhika,h5,2026-06-24,meal,Lunch (1 eaters) — Radhika: Gobbleright quinoa-beet wrap + egg-white bhurji + dahi chutney + mushrooms + cabbage-onion stir fry
Rahul & Radhika,h5,2026-06-24,meal,Dinner (2 eaters) — Chaat-masala salad + palak chicken + zucchini & red-onion sabzi + jeera brown rice
Rahul & Radhika,h5,2026-06-24,order,"24-Jun (Wed) non-food add: Dettol liquid handwash 1, vegetable peeler 1 (resident had no peeler). Logged as orders; not meal-deductible."
Rahul & Radhika,h5,2026-06-25,order,"25-Jun before-breakfast order: beetroot 500g, coriander 100g, rajma ~500g, onion 1kg, dosa batter, tofu 200g, Ooty carrot 250g, coconut chunks, atta 1kg, imli, hummus, tomato 500g, cucumber 600g, curry leaves 100g, malai paneer 200g, 6 eggs."
Rahul & Radhika,h5,2026-06-25,meal,Breakfast (4 eaters) — Dosa with coconut chutney (4)
Rahul & Radhika,h5,2026-06-25,meal,Lunch (3 eaters) — Beetroot-tofu kebabs (oat-coated) + shirazi salad + greek-yogurt garlic dip + hummus + Gobbleright beet-quinoa wrap; snack fruit + 1 brazil nut (3)
Rahul & Radhika,h5,2026-06-25,meal,Dinner (4 eaters) — Brown rice + rajma + tomato-paneer + cut cucumber + carrot sticks + whole cherry tomatoes (4)
Rahul & Radhika,h5,2026-06-25,note,"25th CLOSED for R&R. B dosa+coconut chutney (4); L beetroot-tofu kebabs + shirazi salad + greek-yogurt garlic dip + hummus + Gobbleright beet-quinoa wrap (3); D brown rice + rajma + tomato-paneer + cut cucumber + carrot sticks + cherry tomatoes (4). FLAGS: brown rice, quinoa, crushed-oat kebab coat, dosa batter and coconut chutney are pantry/loosely-tracked; gram portions are role-based estimates; greek-yogurt dip drawn from Epigamia (natural); cherry tomatoes drawn ~100g (the separate SKU); the 6 ordered eggs were NOT used on the 25th; snack fruit logged (unspecified fruit), not deducted."
Rahul & Radhika,h5,2026-06-26,meal,"B(4) Sliced watermelon + boiled eggs (salt & pepper) + brinjal chutney with idli. Deducted: watermelon 600g (->400), eggs 8 (->6), brinjal 150g (chutney ->30), onion 30g, garlic 5g, curry leaves 5g; tamarind (imli) used from pantry. FLAGS: IDLI/DOSA BATTER = 0 (out) -> idli needs batter, order; no green chilli on this board for the chutney (minor)."
Rahul & Radhika,h5,2026-06-26,note,"26th CLOSED for Rahul & Radhika. NO orders today. Breakfast only (4) — LUNCH (2) and DINNER (1) were ""no meal set"", so nothing deducted there (not invented). TO-ORDER: idli/dosa batter (out). 27-Jun card NOT provided -> left awaiting."
Rahul & Radhika,h5,2026-06-19,note,"WEEKEND (20-21 Jun) order needs vs corrected stock — MUST ORDER: watermelon (none; Sat L ~600g), pumpkin (0; Sun L mash ~500g), capsicum (0; Sat D + Sun B bhurji ~240g), zucchini (only 30g; Sat D ~150g), green beans (250g vs Sat L stir-fry ~300g). EGGS: ~17 needed (Sat ~4 + Sun ~13 with 2 guests at 4 whole+4 white) vs 8 on hand -> order ~2 packs. CHICKEN: Sun L cilantro-lime chicken (4) — the 400g (19-Jun) is used up, buy fresh. SALMON: Sat L — buy (untracked). ON THE BORDER: broccoli (~180 vs 190), lemon (3 vs 3, none spare), mint (10 vs 20)."
Rahul & Radhika,h5,2026-06-22,check,"Full pantry baseline loaded from the 222-photo 22-end inventory — ~130 additional shelf SKUs now individually tracked (proteins, dairy/ferments, oils, vinegars, gourmet condiments, labelled + whole spices, dals, flours, pasta/noodles, dried mushrooms, nuts/dried fruit, snacks, beverages, supplements). Jarred staples carry no weight (present-only) until a count gives grams; produce/proteins are weighed via the 22/23 checks. Unlabeled dal/spice jars still to confirm by variety."
Rahul & Radhika,h5,2026-06-22,check,"R&R full pantry loaded from the 222-photo 22-end inventory (21 SKUs) — proteins, dairy/ferments, oils, vinegars, gourmet condiments, labelled + whole spices, dals, flours, pasta/noodles, dried mushrooms, nuts/dried fruit, snacks, beverages, supplements, plus the photo-analysed jar contents (rava, rice flour, millets, chana/toor/masoor dal, lobia, turmeric, coriander powder, garam masala, ajwain, fennel, brown mustard, cloves, sabudana). Jarred staples are present-only (no grams) until a count gives weights."
Rahul & Radhika,h5,2026-06-27,note,27-Jun: Rahul & Radhika are OUT OF TOWN — no order placed and no meals cooked. Stock carries unchanged (no-op day).
Rahul & Radhika,h5,2026-06-29,order,"29-Jun orders (Rahul & Radhika): Yellaki banana 500g, asparagus 100g, Borges cold-pressed EVOO 500ml, free-range brown eggs 6x2 (12), button mushroom 1 pack ~200g, spinach 1 bunch ~100g, Alt Co oat drink 1L, English cucumber 1 pack ~400g, cherry tomato 200g, baby potato 500g, broccoli 1pc ~250g, Ooty carrot 250g, Matta broken rice 500g, lemon ~100g (~5), garlic peeled 100g, parsley ~50g, mint 1 bunch ~30g, dill 1 bunch ~30g, Kinley soda 750ml, Gala apple 2pc, Rajma Kashmiri 500g, sandwich bread 400g, full-cream milk 500ml, Dettol hand wash 675ml [non-food], GobbleRight almond wrap 180g, GobbleRight beetroot & quinoa wrap 150g; non-veg: pangasius boneless fillet ~490g, boneless chicken breast 500g. NOT ordered (excluded): chia seeds, mix dry fruits, Greek yogurt, exotic brazil nuts, spearmint herbal tea."
Rahul & Radhika,h5,2026-06-29,plan,29-Jun plan — B(3): Rahul 2 whole eggs+2 whites+mushroom-spinach stir fry; Radhika 1 whole+2 whites+mushroom-spinach stir fry + 1/2 sourdough; post-breakfast coffee; Skye (1) overnight oats+chia+oat/almond milk+banana+nuts (2) egg+fruit. L(2): Radhika Greek chicken bowl + greek yoghurt sauce + cucumber-cherry-tomato salad + roasted potatoes (1/3 cup); snack 1 fruit + 1 brazil nut (soak rajma). D(3): herb & lemon fish filet + low-carb broccoli mash + roasted asparagus; Skye chopped carrots & cherry tomatoes + brown rice; post-dinner 1/4 fruit juice + 3/4 soda; Radhika spearmint tea.
Rahul & Radhika,h5,2026-06-29,meal,"B(3) Rahul 2 whole+2 white eggs + mushroom-spinach stir fry; Radhika 1 whole+2 white eggs + stir fry + 1/2 sourdough; Skye overnight oats (+chia/oat-almond milk/banana/nuts) & egg+fruit; coffee. Deducted: eggs 8, button mushroom 150, spinach 100, banana 130 (est). Oats, chia, milk, nuts, sourdough, coffee = pantry. FLAG: chia/greek-style items rely on pantry stock (chia NOT in this order)."
Rahul & Radhika,h5,2026-06-29,meal,"L(2) Radhika Greek chicken bowl + greek-yoghurt sauce + cucumber/cherry-tomato salad + roasted potatoes (1/3 cup); snack: fruit + 1 brazil nut. Deducted: chicken breast 180, cucumber 80, cherry tomato 80, baby potato 100 (est). Prep: rajma soaked. FLAG: greek YOGURT (sauce) & BRAZIL NUT (snack) were NOT in this order and not in stock — confirm source."
Rahul & Radhika,h5,2026-06-29,meal,"D(3) Herb & lemon fish filet + low-carb broccoli mash + roasted asparagus; Skye chopped carrots & cherry tomatoes + brown rice; post-dinner fruit juice + soda; Radhika spearmint tea. Deducted: pangasius 350, broccoli 250, asparagus 100, carrot 80, cherry tomato 60, lemon 1, parsley 10, dill 10 (est). Brown rice = pantry. FLAG: SPEARMINT TEA was NOT in this order — confirm source."
Rahul & Radhika,h5,2026-06-29,note,"29th CLOSED for Rahul, Radhika & Skye. Big restock (see order line) incl. non-veg pangasius ~490g & chicken breast 500g, 12 eggs, mushroom, spinach, broccoli, carrot, cucumber, cherry tomato, baby potato, banana, gala apple, herbs (parsley/mint/dill), garlic, lemon + pantry (EVOO, oat drink, matta rice, soda, rajma, bread, milk, 2 GobbleRight wraps). Dettol hand wash = non-food (logged, not boarded). FLAGS → confirm source (not ordered, not in stock): greek YOGURT, BRAZIL NUT, SPEARMINT TEA. Excluded from order: chia, mix dry fruits, greek yogurt, brazil nuts, spearmint tea."
Rahul & Radhika,h5,2026-06-24,learning,"Auto-calibration (bidirectional) from the 2026-06-24 check: factors nudged toward the measured one-day consumption — UP where stock ran out faster than modelled, DOWN where it lasted longer. Banana 1→0.83, Ginger 1→1.17, Green capsicum 1→1.17, Cucumber 1→1.09, Beetroot 1→0.88, Tomato 1→1.08, Curry leaves 1→1.13, Coriander (dhania) 1→1.25, Mint 1→1.13. Gentle (±25%/check, bounded 0.4–2.0); more daily counts converge it."
Rahul & Radhika — v2 (count baseline),h5b,2026-06-23,baseline,"R&R v2 — clean count-based model. Seeded directly from the post-23rd physical count (the as-is remaining stock), with NO inflated order history. This is the ground-truth twin alongside the conventional predictive model (h5); it tracks forward from the count."
Rahul & Radhika — v2 (count baseline),h5b,2026-06-22,check,"R&R full pantry loaded from the 222-photo 22-end inventory (163 SKUs) — proteins, dairy/ferments, oils, vinegars, gourmet condiments, labelled + whole spices, dals, flours, pasta/noodles, dried mushrooms, nuts/dried fruit, snacks, beverages, supplements, plus the photo-analysed jar contents (rava, rice flour, millets, chana/toor/masoor dal, lobia, turmeric, coriander powder, garam masala, ajwain, fennel, brown mustard, cloves, sabudana). Jarred staples are present-only (no grams) until a count gives weights."
Rahul & Radhika — v2 (count baseline),h5b,2026-06-26,note,"26-Jun CLOSED FLAT — no meal plan or order was provided for this house, so no deductions were made and stock carries unchanged from the 25th. Send the 26-Jun card if anything was cooked or ordered and it will be netted against stock."
Rahul & Radhika — v2 (count baseline),h5b,2026-06-27,note,27-Jun: Rahul & Radhika are OUT OF TOWN — no order placed and no meals cooked. Stock carries unchanged (no-op day).
Paxal & Sana,h7,2026-06-11,meal,B(2) Dosa + green coconut chutney + red onion-tomato chutney; L(2) Roti + mixed-veg sabzi + paneer + green moong sprouts; D(2) Paneer tikka wrap.
Paxal & Sana,h7,2026-06-12,meal,B(2) Dosa + green coconut chutney + red onion-tomato chutney (soaked moong); L(2) Roti + mixed-veg sabzi + paneer + green moong sprouts; D(2) Repurposed mixed-veg roll.
Paxal & Sana,h7,2026-06-13,meal,L(1) Palak paneer + yellow dal + 8 rotis; D(1) Roti + methi malai mattar. (No breakfast set.)
Paxal & Sana,h7,2026-06-14,note,No meals set (14-Jun).
Paxal & Sana,h7,2026-06-15,meal,B(2) Besan veg chilla + mint chutney; L(2) Roti + kala chana masala + green moong sprouts; snack: tangy kala chana & veggie salad; D(2) Mixed dal soup + grilled paneer cubes + aam ras (soaked yellow moong dal).
Paxal & Sana,h7,2026-06-16,meal,B(2) Green moong dal dosa + green coconut chutney; D(2) Schezwan veggie stir-fry bowl + paneer chilli + aam ras. (No lunch set.)
Paxal & Sana,h7,2026-06-17,meal,B(2) Urad dal cheela + mint chutney; L(2) Roti + kadhai paneer + green moong sprouts; snack: sweet potato & cucumber crunch bowl; D(2) Palak pulao (millets) + aam ras (soaked moong dal).
Paxal & Sana,h7,2026-06-18,meal,B(2) Vegetable paratha roll (no cabbage/spring onion); L(2) Roti + jalfrezi + paneer + green moong sprouts; snack: sweet potato & cucumber crunch bowl; D(2) Millet bisibele + veggies + aam ras; kala chana salad.
Paxal & Sana,h7,2026-06-19,meal,B(1) Besan chilla + mint chutney; L(1) Roti + mixed-veg coconut curry + green moong sprouts; D(1) Paneer tikka wrap.
Paxal & Sana,h7,2026-06-20,meal,B(1) Moong dal dosa + green coconut chutney (soaked chole); L(1) Roti + lauki chana dal + green moong sprouts; D(1) Chole + sweet potato chaat.
Paxal & Sana,h7,2026-06-21,note,No meals set (21-Jun).
Paxal & Sana,h7,2026-06-22,note,No meals set (22-Jun).
Paxal & Sana,h7,2026-06-23,note,No meals set (23-Jun).
Paxal & Sana,h7,2026-06-24,note,No meals set (24-Jun).
Paxal & Sana,h7,2026-06-25,baseline,"New household Paxal & Sana (2). The 25-Jun physical inventory check was taken AFTER LUNCH and is the stock baseline. Meals 11-25 Jun are recorded above for the log but NOT re-deducted (the after-lunch count already reflects them). Empty days 14, 21-24 Jun confirmed."
Paxal & Sana,h7,2026-06-25,meal,"B(1) Besan chilla + mint chutney; L(2) 8 rotis + paneer bhurji + green moong sprouts; snack: mixed veg salad. [Recorded -- already inside the after-lunch count, not re-deducted.]"
Paxal & Sana,h7,2026-06-25,meal,"D(2) Crispy honey-garlic tofu rice bowl (soaked rajma) -- DEDUCTED from the after-lunch baseline: onion 50g, garlic 10g, ginger 5g. FLAGS: tofu is NOT in the counted FnV stock (pantry/to-buy) -> logged, not deducted; rice + honey = pantry; any rice-bowl veg not itemised on the card -> not deducted."
Paxal & Sana,h7,2026-06-25,check,"25-Jun after-lunch inventory check (baseline). FRESH: curry leaves ~50g, 4 lemon, half cabbage ~250g, coriander ~100g, beans 150g, 1 papaya, 3 cucumber ~400g, tomato 1kg, lauki ~800g, 1 dahi pack, palak ~150g. AGING (use ~2 days): pumpkin 200g, 6 green caps ~600g, half red caps ~50g, quarter yellow caps ~25g, 5 carrots ~450g, 4 apple, 3 pomegranate. PANTRY/TUBERS/ALLIUM: baby potatoes (dinner qty, diff SKU), sweet potato 0.5kg (diff SKU), onion 1.5kg, garlic ~75g, ginger ~50g. AT-RISK: sprouts box EXPIRED (20-Jun) -> discard; arbi ~300g really old."
Paxal & Sana,h7,2026-06-26,note,B(—) No breakfast made on the 26th.
Paxal & Sana,h7,2026-06-26,note,L(—) No lunch made on the 26th.
Paxal & Sana,h7,2026-06-26,meal,"D(2) Pumpkin & carrot soup with grilled paneer cubes. Deducted: pumpkin 200g (->0), carrot 150g, onion 40g, garlic 10g, ginger 10g. FLAG (NOT in stock -> order): PANEER for the grilled cubes."
Paxal & Sana,h7,2026-06-26,note,"26th CLOSED for Paxal & Sana (2 eaters). ONLY DINNER was made (pumpkin & carrot soup + grilled paneer cubes). Breakfast & lunch were NOT made. NO orders (in town). Only the dinner drew produce off the 25-Jun closing stock; palak, green capsicum, cucumber, apple, coriander were NOT consumed."
Paxal & Sana,h7,2026-06-27,order,27-Jun order: Akshayakalpa organic paneer 200g (the only order today).
Paxal & Sana,h7,2026-06-27,note,"27th: COOK DID NOT ARRIVE — no breakfast, lunch or dinner was made. No meals deducted; stock carries unchanged except the paneer order (+200g). The shared meal card (palak poha tikki; ajwain parathas with paneer-stuffed capsicum + sprouts/cucumber/carrot) was NOT cooked. 28-Jun: no plan shared (Sunday)."
Paxal & Sana,h7,2026-06-29,plan,29-Jun plan — B(1): Palak poha tikki (soak rice for dosa). L(2): Lauki dal sabzi + 4 roti + green moong sprouts + cut cucumber & tomato; Paxal after-work snack: sweet potato chat. D(3): Green moong millet khichdi with kadhi; Paxal next-day snack: boiled ground-nut (soak kala chana).
Paxal & Sana,h7,2026-06-29,meal,B(1) Palak poha tikki. Deducted: spinach 50 (est). Poha = pantry. Prep: rice soaked for dosa.
Paxal & Sana,h7,2026-06-29,meal,"L(2) Lauki dal sabzi + 4 roti + green moong sprouts + cut cucumber & tomato; Paxal snack: sweet potato chat. Deducted: bottle gourd 300, onion 40, tomato 130 (sabzi + salad), cucumber 100, coriander 10 (est). Dal, atta/roti, sprouts, sweet potato = pantry/not gram-tracked."
Paxal & Sana,h7,2026-06-29,meal,"D(3) Green moong millet khichdi with kadhi; Paxal next-day snack: boiled ground-nut. No FnV drawn — moong, millet, kadhi (curd/besan), groundnut = pantry. Prep: kala chana soaked."
Paxal & Sana,h7,2026-06-29,note,"29th CLOSED for Paxal & Sana. NO order today. Deducted: spinach ~50, bottle gourd ~300, onion ~40, tomato ~130, cucumber ~100, coriander ~10 (all est). Pantry/not-tracked: poha, dal, roti, moong sprouts, sweet potato, millet, kadhi, groundnut."
Pratik & Sakshi,h8,2026-06-25,baseline,"New household Pratik & Sakshi added. People on record: 2. EFFECTIVE EATERS: 9 (2 adults + 2 kids + 5 staff — kids/staff not on the meal plan). Dashboard split 3 ways: Fruit & veg, Meat & dairy, All others (pantry). 25-Jun opening count loaded; no consumption deducted. Plan: collect daily inventory checks for ~3 days, then calibrate the appetite factor from check-to-check deltas + order history."
Pratik & Sakshi,h8,2026-06-25,check,"25-Jun opening count. Fresh produce loaded to the model; fruits, dairy & ~110 pantry SKUs on the perishable/pantry board grouped by type. Duplicates in the walk-through were summed (lemons 8+3=11, beans 250+150=400g, cucumber 2+½+2, green capsicum ½+1+1, mint 50g+1 bunch). NO fresh onion — confirmed OUT by operator (1kg-onion line was a typo for tomato). Food colours & 'all khade masale' kept as VERIFY (no exact count) per operator."
Pratik & Sakshi,h8,2026-06-26,note,"26-Jun CLOSED FLAT — no meal plan or order was provided for this house, so no deductions were made and stock carries unchanged from the 25th. Send the 26-Jun card if anything was cooked or ordered and it will be netted against stock."
Pratik & Sakshi,h8,2026-06-26,check,"26-Jun physical count (Pratik & Sakshi), 2nd of 3 calibration counts. Snapped FnV to counts; new since 25th (likely delivered): onion 500g, potato 1kg, garlic ~350g (7 bulbs), ginger ~150g (3 stems), eggs 4, butter, cheddar, dosa batter, dry coconut, litchi 2, kiwi 3, banana 4, avocado 2, blueberry 1, mango 3, spinach ~200g, organic leaves 250g. ‘Same’ items kept at 25th values (cabbage, brinjal, broccoli, both capsicum, baby corn, spring onion, parsley). Not counted → Expected but missing: coriander, cauliflower, mint. FLAG: deltas mix consumption + restocking — send the 25–26 order log for clean factor calibration."
Pratik & Sakshi,h8,2026-06-27,check,"27-Jun physical count (Pratik & Sakshi), 3rd of 3 calibration counts. Snapped FnV to counts: onion 2500g (2.5kg = 2kg+500g), potato 500g, garlic 250g (5 bulbs), ginger 150g (3 stems), carrot 730g (7 = 4 normal + 3 huge), tomato 500g, cucumber 400g (2), zucchini 250g (1), beans 350g (1 bag + 100g), broccoli 150g (half of 26th), brinjal 150g (1), cabbage 125g (half), lemon 5, lettuce 150g & both capsicum kept (same as 26th). Perish: mango 7 (3+4), kiwi 3, litchi 0.5, blueberry 1, pomegranate 2, avocado 2, orange 2, paneer 200g (new), cow ghee, sesame oil, roasted chana, oregano, garlic/cardamom powder present; bread same as 26th. Bottles/staples all same as 25th. NOT counted → Expected but missing: spinach, bottle gourd, sweet corn, baby corn, spring onion, green chilli. Perish not recounted (eggs 4, butter, cheddar, banana 4, dosa batter, dry coconut, organic leaves, parsley) kept at 26th values. HOLD: order history + meal deductions still pending — actual-vs-predicted & factor calibration deferred until those arrive."
Shunyam & Ishan — latest,h1b,2026-06-30,plan,"30-Jun plan — B: Spicy egg sandwiches | L: Paneer fried rice & veg manchurian | D: Dahi bhindi, 2 rotis & cucumber raita (2 people)"
Kartik & Dhara,h4,2026-06-30,plan,"30-Jun plan — B: Stuffed paneer besan chilla + muskmelon juice | L: Carrot-beetroot paratha, horsegram curry & curd | D: Tofu KILLR marinade & rava-fry kohlrabi (1 person)"
Kartik & Dhara,h4,2026-06-29,note,"29th RE-CLOSED with 28-Jun night order: dinner (lemon salmon + bok choy) WAS made (items ordered 28th night). Deducted — B: eggs 2, coriander; L: chicken boneless 200 (half of 400g pack), okra 50->0 (bhindi poda), mint (cooler); D: salmon 1 portion->0, bok choy 100->0, lemon 1 (->3), garlic 20. Anchored on 28-Jun morning check."
Soozy & Munz,h2,2026-06-30,plan,30-Jun plan (4 eaters) — B: oatmeal/eggs/rava idli | L: Thai basil chicken x2 + malabar prawn roast + carrot-beans thoran | D: Indian chicken salad + marinated chicken + malabar prawn roast + wheat dosa
Soozy & Munz,h2,2026-06-30,note,"30th CLOSED (4 eaters). Orders in: prawns 250, iceberg lettuce 250, skyr 100x2, olive oil 1L, french beans 250, cow milk 1L, curd 200, coconut 100. Deducted B eggs 14/almonds 5 (oats SHORT-none ordered); L Thai basil chicken x2 + prawn roast (prawns -150) + carrot-beans thoran (carrot -100, beans -80); D Indian chicken salad + marinated chicken + prawn roast (prawns -100) + curd dip (-100). CHICKEN ran out (only ~100g+2pc for 4 chicken dishes, not ordered)."
Paxal & Sana,h7,2026-06-30,note,"30th CLOSED (B/L 2 eaters, D 3 with Paxal). No orders today. Deducted: paneer -100 (jain paneer butter), moong sprouts box -1->0, cucumber -150, tomato -130, onion -70, ginger -5, dahi pack -1->0. Pantry: moong dal, atta/ajwain, kala chana, chole, rice. NOTE: green chilli already 0; no coconut for the dosa chutney."
Rahul & Radhika,h5,2026-06-30,note,"30th CLOSED (3 eaters). 20 orders in. Deducted B: eggs ~5 (Rahul bhurji + Skye), oats/chia/flax/skyr (Radhika+Skye), banana -all->0; L (Radhika): tofu -70, quinoa -100, carrot, red cabbage NEEDED but OUT (not ordered), brazil nut, apple; D: green moong -100 (curry), chicken mince -200 (tikki), lady's finger -150 (bhindi sabzi), pumpkin -200, carrot+cherry tomato+brown rice (Skye). Salmon/broccoli/beans/zucchini/paneer/coriander/extra chicken-breast added for later days (not in 30th). FLAGS: red cabbage out, banana out, confirm bell pepper for Rahul's bhurji."
Kartik & Dhara,h4,2026-06-30,note,"30th CLOSED (1 eater). No orders (pasta/noodles already in inventory, added as staples). Deducted B: paneer -100 (stuffed besan chilla; muskmelon juice SHORT-no muskmelon in stock/not ordered); L: carrot -100 + beetroot -80 (paratha), curd -100, horsegram+besan+rava pantry. DINNER changed to 'No meal set' (was tofu KILLR) -> tofu 200 + kohlrabi 250 stay in stock for later."
Disha & Anirudh,h3,2026-06-30,note,"30th CLOSED (B 1 Disha, L 2, D 1 Disha). Orders: cheese 100, eggs 12, yogurt 200, chaat masala 100, lemon 200, chicken 450. FLAGS: BREAD not ordered (Anirudh's 2 sandwiches), PSYLLIUM not ordered (Disha dinner), SKYR short (needed 150g, only 100g). Baby corn & broccoli used up; milk & mango used up; plum unknown qty."
Shunyam & Ishan,h1b,2026-06-30,note,"30th CLOSED (2 eaters). Order in (lettuce, paneer 200, tomato 500, set curd 1kg, garlic 100, onion 1kg, spring onion 250, carrot 500, cabbage ~700, coriander 100, ginger-garlic paste 150, + coriander powder, olive oil, cucumber 200, kombucha). Deducted B spicy egg sandwiches (eggs -4, bread -150, onion, tomato, chilli, coriander); L paneer fried rice & veg manchurian (paneer -200->0, carrot -150, spring onion -80, cabbage -150, beans -80, red capsicum -60, onion/garlic/ginger; cornflour pantry); D dahi bhindi + 2 rotis + cucumber raita (bhindi -250->0, curd -150, cucumber -150, onion). Paneer & bhindi used up."
Kartik & Dhara,h4,2026-06-30,note,"K&D RE-DERIVED from the full 28-Jun physical count (anchor): set exact 28th quantities, ADDED 28-night/29th/30th orders (paneer 200, rice 1kg, knol khol 250, carrot 500, tofu 200, salmon 1, yogurt 450, skyr 3, buttermilk 3, green caps ~150, chicken breast 400, bok choy 100), DEDUCTED 29th+30th meals. Accuracy adjustment: okra 50 (bhindi poda), salmon 1 + bok choy 100 (29th dinner) and lemon 1 were deducted because the 28th count + 28-night order show they WERE present (old meal records had skipped them as the model wrongly read 0). Muskmelon partial (juice ~0.25). Non-counted fresh (spring onion, tender coconut) flagged expected-but-missing. Pantry/packaged left untouched."
Shunyam & Ishan — latest,h1b,2026-06-30,note,"30-Jun post-count reconciliation of flagged items. GROUP A (ordered 30-Jun morning, not written in the night count -> restored with normal serving deducted, est): Carrot 350, Cabbage 550, Spring onion 170, Tomato 580, Lettuce 250. GROUP B (not reordered -> confirmed used up / out): Cucumber, Green beans, Red/Yellow/Green capsicum, Coriander, Green chilli, Broccoli, Zucchini, Spinach, Paneer, Ginger-garlic paste, Chicken (curry cut), Kombucha. Curd already restored earlier (400 + 1000 set curd)."
,h4,2026-06-30,note,Cucumber finished (used up / over in cooler) — set to 0 on 30-Jun per operator.
,h1b,2026-06-30,note,"Correction: Cucumber WAS reordered 30-Jun (200g) — belongs in GROUP A, not Group B. Night count read 0 only because the just-arrived cucumber wasn't written down (same as the other Group-A items). Restored 200 − 80 (30th dinner cucumber raita) = 120g est."
,h3,2026-06-30,order,"30-Jun additional order (D&A): litchi 250g, pink guava 1, lemon 250g, banana 4pc, oranges 500g, green chilli 100g, bread 8-10 slices, arugula 50g, tomato 500g. (One '100gm' line had no item named — not recorded, pending clarification.)"
,h3,2026-06-30,note,"STANDING: Anirudh's chicken sandwich is a daily recurring lunch (~next 50 days, from 1-Jul). Keep these ALWAYS stocked: fresh bread, chicken breast, eggs, cheese slices, mayonnaise, cooking oil; fresh lettuce, arugula, tomato, cucumber, capsicum, jalapenos, olives, sriracha; plus bananas + whey protein. Daily build (2 sandwiches): chicken breast ~100g, bread 4 slices, 1 boiled egg, 2 cheese slices, ~2 tbsp mayo, 1 tsp oil + fresh veg. Reorder each before it runs out so the daily prep isn't interrupted."
,h7,2026-06-25,note,"Logged Paxal & Sana full order history (pre-25-Jun check, history/cadence only, does NOT change stock): Blinkit 10-Jun (besan 1kg, kala chana 1kg, moong sprouts 150, coriander 100, mint 100, skimmed milk 1L, high-protein curd 800, Akshayakalpa paneer 400, spinach 200, millet idly/dosa batter 1kg); Instamart 16-Jun (turmeric 100, NOICE paneer 200, masoor dal 500, protein wafer 60, ragi chips 55, peanuts 150, pomegranate ~500, pumpkin 200); FirstClub 18-Jun (Sid's paneer 200, red+yellow capsicum ~330, onion 1kg, tomato 1kg, cucumber 250, sweet potato 500). 25-Jun check remains the fixed anchor for 30th-end stock."
,h7,2026-06-27,order,Paxal & Sana: 3 paneer (600g) ordered 27-Jun (after 25-Jun check). Paneer stock 100 -> 700.
Disha & Anirudh,h3,2026-07-02,order,"Order (2026-07-02): Bread 9, Milky Mist skyr 3, Jalapeno chilli 200, Parmesan cheese (Delecta block) 1, Chicken 450, Milky Mist cream 1, Feta cheese (block) 1"
Disha & Anirudh,h3,2026-07-03,order,"Order (2026-07-03): Green capsicum 2, Lactose-free milk 4, Milky Mist skyr 3, Coconut milk 1, Cheese slices 1, Eggs 12"
Kartik & Dhara,h4,2026-07-01,order,"Order (2026-07-01): Spine gourd 250, Gondhoraj lemon 2, Lemon 250, Mustard oil 1000, Gongura leaves 250, Avocado 1, Zucchini 400"
Kartik & Dhara,h4,2026-07-02,order,Order (2026-07-02): Fish 500
Disha & Anirudh,h3,2026-07-04,order,"Order (2026-07-04): Mayo (Hellmann's) 1, Romaine lettuce 150, Chicken 450, Psyllium husk 200"
Kartik & Dhara,h4,2026-07-03,order,"Order (2026-07-03): Chicken mince 400, Apple 2, Curd/yogurt 430, Eggs 10"
Soozy & Munz,h2,2026-07-01,order,"Order (2026-07-01): Green moong 500, Kala chana 250, Yogurt (2) 2, Chicken breast (boneless) 400, Milk (2) 2"
Soozy & Munz,h2,2026-07-02,order,"Order (2026-07-02): Idli/dosa batter 1000, Greek yogurt (Milky Mist) 225, Eggs 12, Prawns (FreshToHome) 2, Chicken breast (boneless) 1600, Iceberg lettuce 350, MTR rava idli mix 1, Chicken curry cut 1"
Soozy & Munz,h2,2026-07-03,order,"Order (2026-07-03): Yogurt (2) 2, Milk (2) 2"
Kartik & Dhara,h4,2026-07-04,order,"Order (2026-07-04): Peanut butter 340, Paneer 200, Lettuce 150, Frozen puff pastry 2, Cucumber 300"
Kartik & Dhara,h4,2026-07-05,order,"Order (2026-07-05): Spinach 250, Bottle gourd 800, Onion 1000, Tomato (desi) 500, Figs 200, Guava 1, Litchi 250, Set curd 400, Chicken breast (boneless) 450, Tilapia (fish) 250"
Paxal & Sana,h7,2026-07-06,order,"Order (2026-07-06): Yogurt 2, Cucumber 500, Green capsicum 200, Whole wheat noodles 150, Sweet corn 250, Spring onion 250, Sweet potato 500, Cabbage 700, Paneer 600, Fresh cream 250, Whole millet 500"
Paxal & Sana,h7,2026-07-04,order,"Order (2026-07-04): Paneer 200, Tomato 1000, Oats 1000, Curd 800"
Soozy & Munz,h2,2026-07-05,order,"Order (2026-07-05): Sona masoori rice 5000, Milk 1000, Yogurt 2, Sardine 500, Eggs 48, Chicken breast (boneless) 1800, Chicken curry cut 2000"
Soozy & Munz,h2,2026-07-06,order,"Order (2026-07-06): Milk 1500, Yogurt 4, Rava idli mix (MTR) 750, Basil 50, Coconut chunks 100, Yogurt (more) 500"
Shunyam & Ishan — latest,h1b,2026-07-03,order,"Order (2026-07-03): Fenugreek (methi) 275, Coriander 110, Curry leaves 50, Brinjal 250, Cauliflower 300, Brown coconut chunks 100, French beans 250"
Shunyam & Ishan — latest,h1b,2026-07-04,order,"Order (2026-07-04): Ginger blossom gut shot 2, Capsicum (red/green/yellow, 1pc each) 3, Smoked paprika 52, Peri peri sauce 250, Chicken breast 400"
Shunyam & Ishan — latest,h1b,2026-07-05,order,"Order (2026-07-05): Amul butter 100, Kinley strong soda 750, Kasuri methi 25, Cashew 200"
Shunyam & Ishan — latest,h1b,2026-07-06,order,"Order (2026-07-06): Green chilli 100, Coriander hybrid 100, Broccoli 350, Pudina/Mint 100, Lemon 250, Akshayakalpa Organic Handcrafted (paneer?) 200, Button mushroom 200, Spinach 250, Garlic peeled 100, Chicken breast 400"
Soozy & Munz,h2,2026-07-07,order,"Order (2026-07-07): Milk (Akshayakalpa A2) 500, Greek yogurt (Akshayakalpa plain) 90g x4 360, Probiotic Greek yogurt 700, White sesame seeds (Whole Farm, polished) 50"
Soozy & Munz,h2,2026-07-01,meal,Wed B(4) — Munz oatmeal+5 almonds+7 boiled eggs; Soozy 5 boiled eggs; U&A appam+kadala curry+2 boiled eggs [appam from batter — not gram-deducted]
Soozy & Munz,h2,2026-07-01,meal,Wed L(4) — Munz & Soozy guacamole chicken + green goddess salad (Soozy +200g rice); U&A rice + cherupayar curry + bhindi masala [bhindi w/o onion/tomato — none in count]
Soozy & Munz,h2,2026-07-01,meal,Wed D(4) — Munz guacamole chicken; Soozy marinated chicken; U&A cherupayar curry + bhindi masala [marinated=curry-cut est]
Rahul & Radhika,h5,2026-07-01,meal,"Wed B(3) — Rahul: 2 poached eggs+1/3 avocado+sourdough+mushroom-spinach stir fry; Radhika: 1 egg+2 whites+1/4 avocado+stir fry+1/2 sourdough (post: coffee); Skye: overnight oats+chia+oat/almond milk+banana+nuts, +egg & fruit [after-meal count — consumption already reflected]"
Rahul & Radhika,h5,2026-07-01,meal,Wed L(1) — Radhika: almond wrap + egg & 2-white bhurji + mushrooms + long-cut cucumber & cherry tomatoes (1–1.5 cups cooked); snack: fruit + 1 brazil nut [after-meal count]
Rahul & Radhika,h5,2026-07-01,meal,Wed D(3) — Tandoori salmon + dahi chutney + carrot–green bean poriyal (no coconut) + boiled jeera quinoa + cucumber-tomato-carrot kachumbar; drinks: fruit juice+soda; Radhika spearmint tea [after-meal count]
Paxal & Sana,h7,2026-07-01,meal,Wed B(2) — Sevai with veggies [after-B&L count — consumption already reflected]
Paxal & Sana,h7,2026-07-01,meal,Wed L(2) — Lobia sabzi (no onion/garlic) + 4 roti + green moong sprouts; Paxal snack: cucumber & onion salad [after-B&L count]
Paxal & Sana,h7,2026-07-01,meal,Wed D(3) — Amritsari chole with ghee rice + cut cucumber & carrot; Paxal next-day: sprout chaat (soak rajma) [chana/rice/ghee untracked; cucumber not in count]
Kartik & Dhara,h4,2026-07-01,meal,"Wed B(1) — Parsuram: vegetable ragi porridge (carrot, peas & capsicum) + rice [ragi flour & peas untracked]"
Kartik & Dhara,h4,2026-07-01,meal,Wed L(1) — Ahalya: Thai green prawns + veg noodles + ginger-lemon water [prawns untracked]
Kartik & Dhara,h4,2026-07-01,meal,Wed D(1) — Parsuram: rava-fry kohlrabi + cut kiwi (fridge) [rava untracked]
Disha & Anirudh,h3,2026-07-01,meal,Wed B(1) — Disha: Skyr 150g + soft scrambled eggs with herb mushrooms [Skyr not tracked]
Disha & Anirudh,h3,2026-07-01,meal,Wed L(2) — Anirudh: 2 chicken sandwiches; Disha: Chettinad chicken dry roast + garlic baby corn & green beans + hung curd dip [chicken short: 150g on hand vs ~250g needed]
Disha & Anirudh,h3,2026-07-01,meal,Wed D(1) — Disha: protein powder + psyllium husk in milk with litchi & peach [psyllium & peach not tracked]
Disha & Anirudh,h3,2026-07-02,meal,Thu B(2) — Anirudh: 1 banana + 2 scoops whey; Disha: Skyr 150g + spinach & feta omelette [captured by 3-Jul after-brekki count]
Disha & Anirudh,h3,2026-07-02,meal,Thu L(2) — Anirudh: 2 chicken sandwiches; Disha: Tuscan herb chicken + garlic sauteed vegetables + lemon yogurt dip [captured by count]
Disha & Anirudh,h3,2026-07-02,meal,Thu D(1) — Disha: protein powder + psyllium husk in milk with fruit [captured by count]
Disha & Anirudh,h3,2026-07-03,meal,Fri B(2) — Anirudh: 1 banana + 2 scoops whey; Disha: Skyr 150g + appam with stew [before check — captured]
Disha & Anirudh,h3,2026-07-03,meal,Fri L(2) — Anirudh: 2 chicken sandwiches; Disha: Punjabi dhaba-style chicken (low oil) + 2 phulkas + mint hung curd dip [planned; after check]
Disha & Anirudh,h3,2026-07-03,meal,Fri D(1) — Disha: protein powder + psyllium husk in milk with fruit [planned; after check]
Kartik & Dhara,h4,2026-07-02,meal,Thu B(1) — Oatmeal with egg & avocado (soak grains) [oats untracked; avocado pc—partial]
Kartik & Dhara,h4,2026-07-02,meal,"Thu L(1) — Badi phula, rice & spine gourd fry [badi phula untracked]"
Kartik & Dhara,h4,2026-07-02,meal,Thu D(1) — Paneer steak (mint marinade) (soak chickpeas)
Kartik & Dhara,h4,2026-07-03,meal,"Fri B(1) — Green moong uttapam (onion, carrot, capsicum, coriander) & coconut chutney [green moong untracked]"
Kartik & Dhara,h4,2026-07-03,meal,"Fri L(1) — Gongura fish curry, rice, knol khol fry & gondhoraj ghol [fish from 2-Jul receipt]"
Kartik & Dhara,h4,2026-07-03,meal,Fri D(1) — KILLR marinated tofu & charred zucchini
Disha & Anirudh,h3,2026-07-04,meal,Sat B(2) — Anirudh: 1 banana + 2 scoops whey; Disha: Skyr 150g
Disha & Anirudh,h3,2026-07-04,meal,"Sat L(2) — Anirudh: 2 chicken sandwiches (4 bread, 100g chicken, 2 egg, 2 cheese, 8 brined jalapeño, arugula); Disha: Appam + Punjabi dhaba chicken + side salad"
Disha & Anirudh,h3,2026-07-04,meal,Sat D(1) — Disha: Mom's vegetable pulao & raita [peas not in stock]
Kartik & Dhara,h4,2026-07-04,meal,Sat B(1) — Amaranth masala upma (soak horsegram for sprouting) [amaranth untracked]
Kartik & Dhara,h4,2026-07-04,meal,Sat L(1) — Peas & tofu kebab & pilaf (cooked in chicken broth) [peas: frozen peas; broth untracked]
Kartik & Dhara,h4,2026-07-04,meal,"Sat D(1) — Chicken curry, 3 rotis & stir-fried carrot, zucchini & bok choy [NOT COOKED — items restocked]"
Soozy & Munz,h2,2026-07-02,meal,Thu B(4) — Munz oatmeal+5 almonds+7 eggs; Soozy 5 eggs; U&A egg curry (4 eggs) + 4 dosas [dosa from batter]
Soozy & Munz,h2,2026-07-02,meal,Thu L(4) — Munz & Soozy bang bang chicken + salad rice bowl + hung curd (Soozy +200g rice); U&A rice + chicken curry
Soozy & Munz,h2,2026-07-02,meal,Thu D(4) — Munz bang bang chicken + hung curd; Soozy marinated chicken; U&A rice + chicken curry
Soozy & Munz,h2,2026-07-03,meal,Fri B(4) — Munz oatmeal+7 eggs; Soozy 5 eggs; U&A rava idli + coconut chutney + 2 eggs
Soozy & Munz,h2,2026-07-03,meal,Fri L(4) — Munz & Soozy lemon cilantro chicken rice bowl + green salad + tzatziki (Soozy +200g rice); U&A rice + sambar (pumpkin) + chicken fry
Soozy & Munz,h2,2026-07-03,meal,Fri D(4) — Munz lemon cilantro chicken + tzatziki; Soozy marinated chicken; U&A rice + sambar + chicken fry
Soozy & Munz,h2,2026-07-04,meal,Sat B(4) — Munz oatmeal+7 eggs; Soozy 5 eggs; U&A 4 dosa + onion-tomato chutney + 2 eggs [dosa from batter]
Soozy & Munz,h2,2026-07-04,meal,Sat L(4) — Munz & Soozy shrimp avocado salad + hung curd + 200g rice each; U&A rice + chicken roast + cabbage kootu
Soozy & Munz,h2,2026-07-04,meal,Sat D(4) — Munz shrimp avocado salad + hung curd; Soozy marinated chicken; U&A rice + chicken roast
Kartik & Dhara,h4,2026-07-05,meal,Sun D(2) — Veg Vietnamese rolls; spaghetti w/ chicken meatballs (200g of 3-Jul chicken mince); egg puff [B/L none]
Kartik & Dhara,h4,2026-07-06,meal,B(1) — Parsuram: Spinach shakshuka & toasted bread
Kartik & Dhara,h4,2026-07-06,meal,L(1) — Parsuram: Kokkum drink & rice (soak rice for Tue) [kokum=pantry]
Kartik & Dhara,h4,2026-07-06,meal,"D(1) — Grilled chicken & stir-fried carrot, zucchini, bok choy & noodles [NOT COOKED — items restocked]"
Paxal & Sana,h7,2026-07-02,meal,"B(2) — Veggie sourdough sandwich (broccoli, capsicum, baby corn, tomato, cheese, paneer)"
Paxal & Sana,h7,2026-07-02,meal,L(2) — Gatte ki sabzi + bajra roti + kachumber; Paxal: peanut chaat [besan/bajra/peanut=pantry]
Paxal & Sana,h7,2026-07-02,meal,D(3) — Rajma chawal + papad + grilled paneer [rajma/rice/papad=pantry]
Paxal & Sana,h7,2026-07-03,meal,B(2) — Sooji cheela with veggies + mint chutney [sooji=pantry]
Paxal & Sana,h7,2026-07-03,meal,L(2) — Paneer makhani + roti + chopped cucumber; Paxal: roasted chana [roti/chana=pantry]
Paxal & Sana,h7,2026-07-03,meal,D(3) — Shirataki noodles; Paxal next-day: boiled sweet potato [shirataki=pantry]
Paxal & Sana,h7,2026-07-04,meal,B(2) — Paneer paratha w/ curd; Sana: veg club sandwich (soak millet) [atta/bread/cheese=pantry]
Paxal & Sana,h7,2026-07-04,meal,L(2) — Panchmel dal + besan capsicum + roti + carrot/cucumber; Paxal: sprouted moong chaat [dal/besan=pantry]
Paxal & Sana,h7,2026-07-04,meal,D(3) — Rainbow millet bowl
Paxal & Sana,h7,2026-07-06,meal,B(2) — Vegetable & paneer sourdough sandwich [bread/cheese=pantry]
Paxal & Sana,h7,2026-07-06,meal,L(2) — Paneer tava masala + rotis + chopped carrot/tomato + green moong sprouts; Paxal: roasted makhana [makhana/sprouts untracked]
Paxal & Sana,h7,2026-07-06,meal,D(2) — Sweet potato chaat (soak moong dal & kala channa) [dal/channa=pantry]
Soozy & Munz,h2,2026-07-06,meal,B(6) — Munz: almonds+oatmeal bowl+5 eggs+2 whites; Soozy: 1 egg+5 whites; U&A&Guests: rava idli+peanut chutney+6 eggs
Soozy & Munz,h2,2026-07-06,meal,L(6) — Munz/Soozy: lemon pepper chicken + lettuce-cucumber-capsicum salad + (Munz yogurt dill dip) + 200g rice; U&A&G: chicken curry + beans thoran + rice [rice=pantry]
Soozy & Munz,h2,2026-07-06,meal,D(6) — Munz: lemon pepper chicken + salad; Soozy: marinated chicken; U&A&G: chicken curry + beans thoran + rice [rice=pantry]
Shunyam & Ishan — latest,h1b,2026-07-03,meal,B(2) — Methi thepla with curd
Shunyam & Ishan — latest,h1b,2026-07-03,meal,L(2) — Mixed veg with 4 rotis [atta=pantry]
Shunyam & Ishan — latest,h1b,2026-07-03,meal,"D(2) — Baingan curry, 3 rotis & tomato raita"
Shunyam & Ishan — latest,h1b,2026-07-04,meal,B(2) — French toast & fruit
Shunyam & Ishan — latest,h1b,2026-07-04,meal,"L(2) — Paprika peri-peri chicken, rice & cucumber-carrot slaw [rice=pantry]"
Shunyam & Ishan — latest,h1b,2026-07-04,meal,"D(2) — Kadai mixed veg (capsicum,carrot,beans,peas), 3 rotis & cucumber raita"
Shunyam & Ishan — latest,h1b,2026-07-06,meal,B(2) — Moong dal chilla & mint-coriander chutney [moong dal=pantry]
Shunyam & Ishan — latest,h1b,2026-07-06,meal,"L(2) — Honey garlic grilled chicken breast, sauteed veg & rice [rice/honey=pantry]"
Shunyam & Ishan — latest,h1b,2026-07-06,meal,"D(2) — Palak paneer, 4 rotis & beetroot raita (soak rajma) [beetroot OUT]"
Shunyam & Ishan — latest,h1b,2026-07-07,meal,B(2) — Scrambled eggs with toast (3 eggs)
Shunyam & Ishan — latest,h1b,2026-07-07,meal,"L(2) — Rajma masala, rotis & kachumbar [rajma/atta=pantry]"
Shunyam & Ishan — latest,h1b,2026-07-07,meal,"D(2) — Stuffed baingan, 4 rotis, kachumbar [atta=pantry]"
Kartik & Dhara,h4,2026-07-07,meal,B(1) — Jowar & besan carrot cheela [Parsuram; jowar/besan=pantry]
Kartik & Dhara,h4,2026-07-07,meal,"L(1) — Pakhala, tomato poda, boiled potato & badi fry + watermelon juice [rice/badi=pantry]"
Soozy & Munz,h2,2026-07-07,meal,B(2) — Munz: almonds+oatmeal+5 whole eggs+2 whites; Soozy: 1 egg+5 whites [oats=pantry]
Soozy & Munz,h2,2026-07-07,meal,L(2) — Thai basil chicken (Munz 200g/Soozy 150g) + asian cucumber-lettuce salad + rice [rice=pantry]
Soozy & Munz,h2,2026-07-07,meal,D(2) — Marinated chicken (Munz 200g + Soozy 150g)
Paxal & Sana,h7,2026-07-07,meal,B(2) — Moong dal idli & peanut chutney [moong dal/peanut=pantry]
Paxal & Sana,h7,2026-07-07,meal,"L(2) — Kadai paneer, rotis, cucumber-carrot, moong sprouts + Paxal: kala channa chaat [atta/channa=pantry]"
Paxal & Sana,h7,2026-07-07,meal,D(1) — Paneer kathi roll & green salad + mint juice [CHANGED 2->1 person; atta=pantry]
Soozy & Munz,h2,2026-07-01,check,"Inventory check - Check — physical count (1-Jul, before breakfast, Munz & Soozy): 68 items recorded (2026-07-01)."
Rahul & Radhika,h5,2026-07-01,check,"Inventory check - Check — physical count (1-Jul, AFTER breakfast/lunch/dinner cooked; Rahul, Radhika & Skye): 31 items recorded (2026-07-01)."
Paxal & Sana,h7,2026-07-01,check,"Inventory check - Check — physical count (1-Jul, AFTER breakfast & lunch, before dinner): 16 items recorded (2026-07-01)."
Disha & Anirudh,h3,2026-07-03,check,"Inventory check - Model prediction vs actual — FnV (3-Jul after brekki, informational): 54 items recorded (2026-07-03)."
Soozy & Munz,h2,2026-07-04,check,"Inventory check - Check — physical count (4-Jul, after all meals, Munz & Soozy) — FULL OVERWRITE: 34 items recorded (2026-07-04)."
Kartik & Dhara,h4,2026-07-05,check,Inventory check - Check — 5-Jul (after all meals) — FRESH count (produce+eggs+yogurt): 38 items recorded (2026-07-05).
Rahul & Radhika,h5,2026-07-06,check,Inventory check - Check — 6-Jul physical count (partial; SKUs w/o qty = verify): 22 items recorded (2026-07-06).
Paxal & Sana,h7,2026-07-07,check,Inventory check - 7-Jul before-breakfast count: 18 items recorded (2026-07-07).
Disha & Anirudh,h3,2026-07-06,order,"Order (2026-07-06): chicken breast 450g, Skyr cups, red+yellow bell pepper, curry leaves 50g, lactose-free milk 4x250ml, bananas 4, curd 1kg, tomatoes 500g, bread 400g, parsley, rice bran oil."
Disha & Anirudh,h3,2026-07-06,meal,"6-Jul meals: B (whey/banana; Skyr+broccoli omelette), L (chicken sandwiches; Mediterranean chicken salad), D (Disha protein shake + apple/cherries)."
Disha & Anirudh,h3,2026-07-07,order,"Order (2026-07-07): malai paneer 200g, arugula 50g, protein bread 250g."
Disha & Anirudh,h3,2026-07-07,meal,"7-Jul meals: B (whey/banana; Skyr+spring-onion paneer bhurji), L (chicken sandwiches; lemongrass chicken + radish Thai salad), D (Disha protein shake + litchi/plum)."
Pratik & Sakshi,h8,2026-07-07,check,Inventory check (after breakfast) — full pantry+fridge count snapped to truth; lunch & dinner then deducted.
Pratik & Sakshi,h8,2026-07-07,meal,"7-Jul meals: B (sourdough, egg-white omelette, protein shake, berries — in count), L (baked kofta paneer, matta rice, chaat veggies; edamame+kiwi snack), D (lobia curry, jowar-quinoa roti, mushroom-capsicum masala, haldi tofu)."
Kartik & Dhara,h4,2026-07-07,order,"Order (2026-07-07): butter murukku 100g, byadgi whole chilli 100g, bhindi chips 40g, millet baked chips 40g, sonamasoori raw rice 1kg, green cardamom 40g, protein puffs 40g, coriander hybrid 100g."
Kartik & Dhara,h4,2026-07-08,meal,"8-Jul: B (dhokla, imli chutney, spine-gourd subzi), L (chicken broth veg soup + rice + grilled fish; FISH had 0 stock-flag). D Rainbow Meal NOT cooked. No order placed."
Rahul & Radhika,h5,2026-07-07,order,"7-Jul before-breakfast order (on clean 6-Jul baseline): tomato 500g, button mushroom 1pk, green chilli 100g, cauliflower, red cabbage, sabudana, oat milk, 2 skyr, chana dal, matta rice, quaker oats, quinoa, zucchini 2pc, palak 1 bunch."
Rahul & Radhika,h5,2026-07-07,meal,"7-Jul: B made(3), LUNCH NOT MADE, D made(3). 8-Jul nothing cooked. Baseline reset to 6-Jul count only."
Disha & Anirudh,h3,2026-07-08,order,"8-Jul before-breakfast order: 6 eggs, palak 1 bunch, pink guava 1, button mushroom 200g, protein powder 1kg."
Disha & Anirudh,h3,2026-07-08,meal,"8-Jul meals: B (whey/banana; Skyr+spinach-cremini omelette), L (chicken sandwiches; chicken-broccoli stir fry + hung curd dip), D (Disha protein shake + apple/guava)."
Soozy & Munz,h2,2026-07-08,check,8-Jul before-breakfast full reset count (110 SKUs snapped to truth).
Soozy & Munz,h2,2026-07-08,meal,"8-Jul meals (Munz, Soozy, Uncle & Aunty): B (egg bowls + rava dosa/chutney), L (tandoori chicken salads + Nadan meen mulakittathu + rice), D (tandoori salad/marinated chicken + Nadan meen + rice)."
Rahul & Radhika — v2 (count baseline),h5b,2026-07-08,check,8-Jul v2 recount: perishables (FnV/Fruit/Dairy/Meat/Eggs) overwritten to physical count; staples kept; matta rice 1kg + quinoa 500g (ordered) added to grains.
Kartik & Dhara,h4,2026-07-09,meal,"9-Jul (plan changed): B lettuce masala oats, L lauki parathas+lauki kabab+curd, D Kerala chicken curry+jowar roti. Chicken short (only 100g mince); no curry leaves."
Kartik & Dhara,h4,2026-07-09,stock,Spinach/Palak ended (all used in shakshuka).
Kartik & Dhara,h4,2026-07-09,stock,Chicken breast ended (finished).
Disha & Anirudh,h3,2026-07-09,order,"9-Jul before-breakfast order: 4 banana, plum 250g, cherry 100g, orange 500g, bread 8-10 slices, 2 skyr, 3 coke, 2 lactose-free milk, chicken breast 400g, shirataki noodle, Del Monte sweet&spicy ketchup."
Disha & Anirudh,h3,2026-07-09,meal,"9-Jul meals: B (whey/banana; skyr+cabbage pancakes), L (chicken sandwiches; chicken-carrot soup+bell pepper salad+hung curd), D (Disha protein shake+cherries/apple)."
Disha & Anirudh,h3,2026-07-09,stock,Green capsicum (bell pepper) ended — used in bell pepper salad.
Disha & Anirudh,h3,2026-07-09,stock,All bell peppers (green/red/yellow) ended.
Disha & Anirudh,h3,2026-07-08,order,"8-Jul before-breakfast order (added): chicken breast ~400g, 2 cucumber, 2 apples, 1 skyr, green olives brined, protein powder 1kg."
Soozy & Munz,h2,2026-07-09,order,"9-Jul before-breakfast order: broccoli 200g, onion 1kg, chicken breast 1.6kg, 30 eggs, chia 100g, milk 500ml."
Soozy & Munz,h2,2026-07-09,meal,"9-Jul: B egg bowls, L Mediterranean shrimp salad (NO shrimp in stock), D marinated chicken."
Shunyam & Ishan - latest,h1b,2026-07-08,order,"8-Jul order: tomato 500g, onion 1kg, curd 500g, chicken breast ~400g(qty est), mustard oil."
Shunyam & Ishan - latest,h1b,2026-07-08,meal,"8-Jul: B soaked oats, L rice+chicken asian gravy, D veg bhuna handi+rotis+beetroot raita (no beetroot in stock)."
Shunyam & Ishan - latest,h1b,2026-07-09,order,"9-Jul order: paneer 200g, cucumber 500g, 2 apple, ghee 195ml, peanuts 250g."
Shunyam & Ishan - latest,h1b,2026-07-09,meal,"9-Jul: B poha & fruit, L khichdi + cut cucumber, D malai paneer + rotis + cucumber raita."
Pratik & Sakshi,h8,2026-07-09,check,"9-Jul partial perishables recount (ghee, mango, potato, onion, ginger, bagels, olive oil, spinach, tomato, carrot, mushroom, cauliflower, lemon, green chilli, mulberry, sourdough, watermelon, butter, tofu). Uncounted FnV -> verify."
Paxal & Sana,h7,2026-07-09,order,9-Jul before-breakfast order: coriander 1 bunch.
Paxal & Sana,h7,2026-07-09,meal,"9-Jul: B rava dosa+peanut chutney, L schezwan paneer+hakka noodles+moong sprouts+masala corn, D chilli-garlic tofu wrap."
Pratik & Sakshi,h8,2026-06-22,meal,2026-06-22 meal plan logged (history).
Pratik & Sakshi,h8,2026-06-23,meal,2026-06-23 meal plan logged (history).
Pratik & Sakshi,h8,2026-06-24,meal,2026-06-24 meal plan logged (history).
Pratik & Sakshi,h8,2026-06-25,meal,2026-06-25 meal plan logged (history).
Pratik & Sakshi,h8,2026-06-26,meal,2026-06-26 meal plan logged (history).
Pratik & Sakshi,h8,2026-06-27,meal,2026-06-27 meal plan logged (history).
Pratik & Sakshi,h8,2026-06-29,meal,2026-06-29 meal plan logged (history).
Pratik & Sakshi,h8,2026-06-30,meal,2026-06-30 meal plan logged (history).
Pratik & Sakshi,h8,2026-07-01,meal,2026-07-01 meal plan logged (history).
Pratik & Sakshi,h8,2026-07-02,meal,2026-07-02 meal plan logged (history).
Pratik & Sakshi,h8,2026-07-03,meal,2026-07-03 meal plan logged (history).
Pratik & Sakshi,h8,2026-07-04,meal,2026-07-04 meal plan logged (history).
Pratik & Sakshi,h8,2026-07-06,meal,2026-07-06 meal plan logged (history).
Pratik & Sakshi,h8,2026-07-08,meal,2026-07-08 meal plan logged (history).
Pratik & Sakshi,h8,2026-07-09,meal,2026-07-09 meal plan logged (history).
Pratik & Sakshi,h8,2026-07-10,meal,2026-07-10 meal plan logged (history).
Pratik & Sakshi,h8,2026-07-11,meal,2026-07-11 meal plan logged (history).
Pratik & Sakshi,h8,2026-07-09,check,"9-Jul check AMENDED with more perishables: oranges, guava, bhaji mirch, beans, cucumber, eggplant, cabbage, green caps, bottle gourd, cherry tomato, jalapeno, corn cob, sweet potato, curry leaves, dry coconut, yogurt, Health Factory bread, enoki, eggs, milk, strawberry, blueberry, avocado, dragon fruit."
Pratik & Sakshi,h8,2026-07-08,check,"8-Jul perishables recount logged (historical, for analysis; 9-Jul remains current). 36 items."
Rahul & Radhika,h5,2026-07-09,order,"9-Jul order: chicken thigh, bottle gourd, 6 eggs, tomato, cherry tomato, tricolour capsicum(3), carrot."
Rahul & Radhika,h5,2026-07-09,meal,9-Jul meals closed (B/L/D). rotis/rice/chana dal=pantry.
Rahul & Radhika,h5,2026-07-10,order,"10-Jul order: chicken thigh, bread, strawberry yogurt(2), + 15-item grocery run (eggs, onion, coriander, carrot, chilli, mushroom, palak, broccoli, cabbage, zucchini, beetroot, mint, curd, almond bev, milk) + banana & masoor dal."
Rahul & Radhika,h5,2026-07-10,meal,10-Jul meals closed (B/L/D). pessarattu dal/millet/masoor=pantry; capsicum skipped in dinner.
Paxal & Sana,h7,2026-07-10,meal,10-Jul meals closed (no orders). rotis/chickpeas/rice=pantry.
Soozy & Munz,h2,2026-07-10,order,"10-Jul order: milk 500ml, yoghurt 6x90g, broccoli 1pc."
Soozy & Munz,h2,2026-07-10,meal,10-Jul meals closed (2 eaters Munz+Soozy). rice=pantry.
Kartik & Dhara,h4,2026-07-10,order,"10-Jul order: dragon fruit 300g, arhar dal 500g, chana dal 500g. (Garbage bags & Pushing Hara tablets = non-food, not logged.)"
Pratik & Sakshi,h8,2026-07-10,order,"10-Jul order: coriander, button mushroom, baby corn, spring onion, high-protein milk, mint, curd, milk bread. (Meal already logged; count-driven, no deduction.)"
Disha & Anirudh,h3,2026-07-10,order,"10-Jul order: malai paneer 200g, lettuce 250g, 10 eggs, green capsicum 2pc."
Disha & Anirudh,h3,2026-07-10,meal,10-Jul meals closed. whey/rasam powder/dal/rice=pantry.
Shunyam & Ishan - latest,h1b,2026-07-10,order,"10-Jul order: wheat pasta, multi millet noodles, broccoli, dosa batter, coconut chunks, cabbage, malai paneer, cow milk, drumsticks(2), carrot 500g, chicken breast 400g, sambar masala powder."
Shunyam & Ishan - latest,h1b,2026-07-10,meal,10-Jul meals closed. dosa batter/noodles/pasta/sambar powder=pantry base.
Paxal & Sana,h7,2026-07-10,correction,"10-Jul lunch reconciled: dish was PALAK PANEER on plan but cook omitted palak — made plain paneer. Spinach/Palak restored (100g), removed from meal deduction."
Shunyam & Ishan - latest,h1b,2026-07-11,meal,11-Jul closed (no order). biryani rice/spices/rotis=pantry.
Paxal & Sana,h7,2026-07-11,meal,11-Jul closed (no order; D none). moong dal/rice/herbs=pantry.
Kartik & Dhara,h4,2026-07-11,meal,"11-Jul closed (no order; L/D none). Peeled rambutan served (fruit, not tracked). Horsegram/vermicelli/sugar=pantry."
Pratik & Sakshi,h8,2026-07-11,order,"11-Jul order: idli/dosa batter 1kg, paneer 200g, cheddar cheese 200g, full cream milk 4x500ml, peanut butter 925g. (Anti-insect roll & diapers = non-food, not logged.) Meal already logged; count-driven, no deduction."
Disha & Anirudh,h3,2026-07-11,meal,11-Jul closed (no order). whey/protein/psyllium=pantry. Rainbow meal beetroot short (0).
Rahul & Radhika,h5,2026-07-11,order,"11-Jul order: salmon 1kg, chicken thigh 500g, chicken breast 250g, unsweetened coconut milk 250ml, cinnamon, olive oil, carrot 500g, tomato 500g, cucumber 500g, peeled garlic 100g, dill 1pack, cherry tomato 200g."
Rahul & Radhika,h5,2026-07-11,meal,11-Jul closed. brown rice/rice-flour roti/oats/chia=pantry. tzatziki uses curd.
Disha & Anirudh,h3,2026-07-11,correction,"11-Jul: NO meal cooked — 11-Jul meal deductions reversed, stock restored to end-10-Jul. Also corrected 10-Jul green capsicum order 2pc = 300g (was 160g est)."
Disha & Anirudh,h3,2026-07-11,check,11-Jul physical inventory check (partial). Counted items set; all uncounted FnV -> Expected but missing (per standing rule). Note: milk = do not order.
Disha & Anirudh,h3,2026-07-11,edit,"Dashboard fix: deleted mushroom/paneer/jalapeno/potato entirely; added cabbage, galangal, lemon, garlic, arugula(75g) to 11-Jul check so they show in-stock. Arugula 75g = 45g(3-Jul count) -20g(4-Jul lunch) +50g(7-Jul order)."
Kartik & Dhara,h4,2026-07-09,order,"9-Jul (post-meal) order added retroactively: 1pc each capsicum(3), rambutan 250g, millet noodles, blue grapes 200g, sourdough 330g, avocado 1, dry prunes 200g, cauliflower 400g, coriander seeds 100g, emmer wheat 1kg. (Melatonin mints = supplement, not logged.)"
Kartik & Dhara,h4,2026-07-11,correction,"11-Jul breakfast reconciled with 9-Jul order: avocado now covered (used 1 -> 0, no longer short); peeled rambutan ~100g deducted -> 150g left."
Kartik & Dhara,h4,2026-07-10,meal,"10-Jul meals closed (previously missed): B(1) ragi porridge+zucchini, L(3) hakka noodles+gobi manchurian+nannari, D none. ragi/cornflour/nannari=pantry."
Soozy & Munz,h2,2026-07-09,order+correction,"9-Jul order: F2H prawns (~500g est), chilli oil 1 bottle, 1 yogurt. Reconciled 9-Jul Mediterranean shrimp salad -> 350g prawns deducted (earlier flagged no-stock)."
Soozy & Munz,h2,2026-07-10,order,10-Jul order: Blue Tokai coffee 150g.
Soozy & Munz,h2,2026-07-11,order,11-Jul order: 4 yogurt (~360g). Meals: no meal set (B/L/D). Closed.
Shunyam & Ishan - latest,h1b,2026-07-11,check,"11-Jul physical inventory check. In-stock items set & recorded; Cabbage/Broccoli/Green beans/Methi = discarded/spoiled -> 0. All uncounted -> Expected but missing. Plenty: curry leaves, coriander, mint."
Shunyam & Ishan - latest,h1b,2026-07-11,edit,"Set coriander/mint to 60 pct bunch, curry leaves 2 bunch, +200g paneer, +1 packet chicken breast ~500g. Removed all expected-but-missing FnV (32 items) not in 11-Jul check."
Pratik & Sakshi,h8,2026-06-28,order,2026-06-28 Instamart order logged (history).
Pratik & Sakshi,h8,2026-06-29,order,2026-06-29 Instamart order logged (history).
Pratik & Sakshi,h8,2026-06-30,order,2026-06-30 Instamart order logged (history).
Pratik & Sakshi,h8,2026-07-04,order,2026-07-04 Instamart order logged (history).
Pratik & Sakshi,h8,2026-07-06,order,2026-07-06 Instamart order logged (history).
Pratik & Sakshi,h8,2026-07-07,order,2026-07-07 Instamart order logged (history).
Pratik & Sakshi,h8,2026-07-08,order,2026-07-08 Instamart order logged (history).
Pratik & Sakshi,h8,2026-07-09,order,2026-07-09 Instamart order logged (history).
Pratik & Sakshi,h8,2026-07-10,order,2026-07-10 Instamart order logged (history).
Pratik & Sakshi,h8,2026-07-11,note,Standing delivery: 12 eggs every alternate day (subscription). Pre-9-Jul orders logged as history only (9-Jul count is authoritative baseline); 10-Jul items added to stock.
Pratik & Sakshi,h8,2026-06-25,order,2026-06-25 BigBasket order logged (history only; pre-9-Jul count).
Pratik & Sakshi,h8,2026-06-26,order,2026-06-26 BigBasket order logged (history only; pre-9-Jul count).
Pratik & Sakshi,h8,2026-06-27,order,2026-06-27 BigBasket order logged (history only; pre-9-Jul count).
Pratik & Sakshi,h8,2026-06-29,order,2026-06-29 BigBasket order logged (history only; pre-9-Jul count).
Pratik & Sakshi,h8,2026-07-01,order,2026-07-01 BigBasket order logged (history only; pre-9-Jul count).
Pratik & Sakshi,h8,2026-07-02,order,2026-07-02 BigBasket order logged (history only; pre-9-Jul count).
Pratik & Sakshi,h8,2026-07-04,order,2026-07-04 BigBasket order logged (history only; pre-9-Jul count).
Pratik & Sakshi,h8,2026-07-05,order,2026-07-05 BigBasket order logged (history only; pre-9-Jul count).
Pratik & Sakshi,h8,2026-07-11,note,BigBasket 11-Jul order matched existing Instamart 11-Jul entry (batter/paneer/cheddar/milk/peanut butter) — not duplicated.
Pratik & Sakshi,h8,2026-07-02,order,2026-07-02 FirstClub order(s) logged (history).
Pratik & Sakshi,h8,2026-07-03,order,2026-07-03 FirstClub order(s) logged (history).
Pratik & Sakshi,h8,2026-07-04,order,2026-07-04 FirstClub order(s) logged (history).
Pratik & Sakshi,h8,2026-07-06,order,2026-07-06 FirstClub order(s) logged (history).
Pratik & Sakshi,h8,2026-07-07,order,2026-07-07 FirstClub order(s) logged (history).
Pratik & Sakshi,h8,2026-07-08,order,2026-07-08 FirstClub order(s) logged (history).
Pratik & Sakshi,h8,2026-07-09,order,2026-07-09 FirstClub order(s) logged (history).
Pratik & Sakshi,h8,2026-07-10,order,2026-07-10 FirstClub order(s) logged (history).
Pratik & Sakshi,h8,2026-07-11,order,2026-07-11 FirstClub order(s) logged (history).
Pratik & Sakshi,h8,2026-07-10,note,"FirstClub 10-Jul 6:53AM order (coriander/mushroom/baby corn/spring onion/high-protein milk/mint) = duplicate of already-logged 10-Jul order — not re-added. Non-food (birthday gift, kitchen towels, wooden platter, peeler) not logged."
Pratik & Sakshi,h8,2026-07-11,order,"11-Jul Blinkit order logged (history): sun-dried tomatoes 295g, Heritage toned milk 2x500ml, Akshayakalpa A2 milk 2x500ml. (Mosquito repellent patches = non-food, not logged.)"
Pratik & Sakshi,h8,2026-06-25,order,2026-06-25 FirstClub order(s) logged (history; pre-9-Jul).
Pratik & Sakshi,h8,2026-06-26,order,2026-06-26 FirstClub order(s) logged (history; pre-9-Jul).
Pratik & Sakshi,h8,2026-06-27,order,2026-06-27 FirstClub order(s) logged (history; pre-9-Jul).
Pratik & Sakshi,h8,2026-06-29,order,2026-06-29 FirstClub order(s) logged (history; pre-9-Jul).
Pratik & Sakshi,h8,2026-06-30,order,2026-06-30 FirstClub order(s) logged (history; pre-9-Jul).
Pratik & Sakshi,h8,2026-07-01,order,2026-07-01 FirstClub order(s) logged (history; pre-9-Jul).
Pratik & Sakshi,h8,2026-07-02,order,2026-07-02 FirstClub order(s) logged (history; pre-9-Jul).
Pratik & Sakshi,h8,2026-07-02,note,"FirstClub batch (25-Jun to 2-Jul) logged to history. Within-message duplicate orders (25-Jun 4:40PM, 26-Jun 1:55PM) logged once. Non-food (Vim dishwash gel, kitchen towels) not logged."
Pratik & Sakshi,h8,2026-07-13,meal,"2026-07-13 meal plan logged (count-driven, no deduction)."
Pratik & Sakshi,h8,2026-07-14,meal,"2026-07-14 meal plan logged (count-driven, no deduction)."
Pratik & Sakshi,h8,2026-07-15,meal,"2026-07-15 meal plan logged (count-driven, no deduction)."
Pratik & Sakshi,h8,2026-07-16,meal,"2026-07-16 meal plan logged (count-driven, no deduction)."
Pratik & Sakshi,h8,2026-07-17,meal,"2026-07-17 meal plan logged (count-driven, no deduction)."
Pratik & Sakshi,h8,2026-07-18,meal,"2026-07-18 meal plan logged (count-driven, no deduction)."
Pratik & Sakshi,h8,2026-07-11,check,Physical count 11-Jul (after lunch): 38 items counted & overwritten; uncounted tracked items → expected-missing via check-gating.
Pratik & Sakshi,h8,2026-07-11,meal,"Dinner deducted (est) from after-lunch count — Low-fat paneer burrito bowl, 3 ppl, no corn, very little rice, coriander-lime tahini: Paneer 200→50 (-150); Green capsicum 240→160 (-80); Tomato 1260→1110 (-150); Coriander (dhania) 100→80 (-20); Lemon 450→400 (-50)"
Pratik & Sakshi,h8,2026-07-11,close,"11-Jul CLOSED: after-lunch physical count applied, dinner deducted (est). End-of-day baseline set."
Pratik & Sakshi,h8,2026-07-11,check,"Confirmed present & moved to dashboard (not expected-missing): garlic, ginger, green chilli, onion, potato, sambar onion, food colours, khade masale."
Pratik & Sakshi,h8,2026-07-11,model,"Added SKUs to track everything: Bay leaf, Black pepper, Black salt, Cinnamon, Cloves, Cumin powder, Garam masala, Red chilli powder, Sambar powder, Fenugreek seeds, Hing (asafoetida), Roasted gram, Oats, Bajra flour, Vermicelli, Makhana, Fresh coconut grated, Tuvar lilva, Gongura leaves, Moong sprouts. Spices/staples confirmed present; fresh items (coconut grated, tuvar lilva, gongura, moong sprouts) tracked as verify."
Kartik & Dhara,h4,2026-07-12,close,"12-Jul close. B+L logged (Parsuram, 1p each), D none. SHORTFALLS: Prawns (not in stock), Cabbage (0 — thoran), Curry leaves (0). Rice/jeera-rice/horsegram = staples untracked. No orders yet (may come evening)."
Shunyam & Ishan,h1b,2026-07-12,close,"12-Jul close. No meal plan/data provided (household may have cooked — unknown, not logged). No orders. Inventory unchanged."
Disha & Anirudh,h3,2026-07-12,close,"12-Jul close. No meal plan/data provided (household may have cooked — unknown, not logged). No orders. Inventory unchanged."
Paxal & Sana,h7,2026-07-12,close,"12-Jul close. No meal plan/data provided (household may have cooked — unknown, not logged). No orders. Inventory unchanged."
Pratik & Sakshi,h8,2026-07-12,close,"12-Jul: gap day (no plan), count-driven — no change. Next P&S plan resumes 13-Jul."
—,all,2026-07-12,note,"12-Jul (Sun) close for h1b,h3,h4,h6,h7,h8. h2 (Soozy & Munz) & h5 (Rahul & Radhika) pending orders — not closed."
Soozy & Munz,h2,2026-07-12,close,"12-Jul close. Order: Akshayakalpa cow milk 500ml (+1pc), Akshayakalpa Greek yogurt 90g x4 (+360g). Non-food skipped: AAA batteries, toilet paper (not ordered). No meal plan today (unknown)."
Rahul & Radhika,h5,2026-07-12,close,"12-Jul close. Order: Heritage full cream milk 500ml (+500), Heritage toned milk 500ml (new SKU). Non-food skipped: baby shampoo, mosquito patches. No meal plan today (unknown)."
Kartik & Dhara,h4,2026-07-12,check,"Partial physical view: OUT OF STOCK -> 0: Cucumber, Cauliflower, Green/Red/Yellow capsicum, Zucchini, Potato. Context: Zucchini used in ragi porridge; Cauliflower + capsicums in gobi manchurian & noodles (3p, logged 10-Jul). Physical count overrides model."
Paxal & Sana,h7,2026-08-16,note,ATTA LEDGER ANCHORED: opening 3000g set as baseline; 2960g consumed 28Jul-15Aug across 14 meal-days; true balance 40g. Prior row (136g) was unanchored/floating (+96g drift) - root cause of wrong reorder. Future: book each atta purchase into Orders.
ALL,sys,2026-08-17,note,"17-Aug close: all 6 HH Monday meals deducted (Munz&Soozy no-cook). R&R 8-image AM order booked in full. PENDING order-ins to read/book: Paxal&Sana (2 carts, modifiers: +paneer, -coriander, -green chilli), Shunyam&Ishan (1 cart), Disha&Anirudh (2 carts)."
Disha & Anirudh,h3,2026-08-17,note,"17-Aug: Anirudh posted 2 Amazon share-links (amzn.in/d/09CYaNiV, amzn.in/d/08MC8IyX) at 3:33-3:34pm, said ""will share instructions"". Team acked, awaiting itemization. NO items/confirmation/delivery yet -> per order-recognition rule (link=proposal, not booked), NOTHING booked. Links are auth-gated (unreadable). Await item list or delivery proof to book."
Kartik & Dhara,h4,2026-08-17,note,"RICE LEDGER RECONCILED: 3000g ordered pre-11-Aug (Jun21+Jun29+Jul7) vs only 280g recorded consumption = 2720g under-recorded (~60g/day, 1-pax daily rice). Old packets confirmed empty at 11-Aug (Bhavya). From 11-Aug opened fresh Tattva 1kg, deducted 500g (12-15 Aug meals), 16-17 no rice = 500g remaining. Old rice rows (Sona masoori/Bhoomi/Nilgiris) zeroed. Smart-list rice was wrongly 70g; true 500g."
ALL,sys,2026-08-18,note,"Post-close re-sweep (Tue 18 EOD): re-fetched all 6 Emergent plans — no Tuesday meal changes (Shunyam/Kartik/Disha timestamps were later-day edits). Kitchen chats checked: Kartik dark-chocolate = next-order request (not placed); R&R/Shunyam/Munz/Disha no new orders. PAXAL missed order found + booked: 1:33pm placed+delivered raw papaya 1pc + raw mango 1kg + Punjab Sind paneer 400g (paneer back on board). Sana note: mayo added for wraps (bread over), Wed breakfast = Dabeli sandwich from leftover bhaji."
ALL,sys,2026-08-19,note,"Wed 19 close (excl P&S per Bhavya). Re-fetched all Emergent plans — CHANGES: Shunyam Wed->oats-apple smoothie/leftover curry&kofta/chicken curry+rice+curd; Kartik D->hilsa kept in freezer (no cook); Munz L->stir-fry prawn+quinoa, D->chicken mappas; R&R D->soy salmon+bokchoy/broccoli, +chicken kofta added & mutton removed for Thu, yesterday-dinner-option removed per Radhika. Orders: NONE new (R&R 11:24am = re-share of already-booked Aug18 Rubina cart). Flags: Shunyam no plain milk (smoothie), salmon not on R&R board, pear/lactose-milk out Disha, papaya/cucumber out Paxal, Munz prawns 150g vs 350g needed + coconut milk unit. Paxal: beans going bad-use ASAP (Thu aloo-beans)."
Rahul & Radhika,h5,2026-08-19,note,"MISSED 19-Aug order booked: 11:24am placed (BigBasket+Instamart, delivered) = 60ml tabasco + 1kg Kurnool sona masoori (staple, pre-existing replaced) + 100g coriander. Was wrongly dismissed as re-share of 18th Rubina cart at Wed close."
4HH,sys,2026-08-20,note,"Thu 20 close (Kartik/Disha/Paxal/R&R; excl P&S/Munz/Shunyam). Orders: Disha 3 carts delivered (feta 100g, Nandu chicken 250g, pear 2pc, button mushroom 200g, spinach 250g, blueberry 125g, cherry tomato 250g, curry leaves); Kartik cart delivered (Paul John coffee 250g + wheat flour sub for OOS Khapli; Khapli/besan/dark-choc still pending per ops); Paxal NO order; R&R 3 carts = recurring Rubina cart (poha/sweetcorn/cashew/pecan) + Dabur coconut milk 200ml (Urban Platter OOS) booked. R&R cart items need Bhavya confirm (2 look-alike Rubina carts). Paxal Thu aloo-beans CLEARED the at-risk beans (70g->0). Flags: Kartik cauliflower/cucumber over (B cutlets/salad), Disha eggs->0 & chicken->50g, R&R beetroot not on board (Skye), Paxal sourdough/banana/sundried out."
6HH,sys,2026-08-21,note,"Fri 21 close (excl P&S). Orders: Munz eggs+chicken+cucumber+prawns x2 (sister visiting, 3 pax, Kerala meals tomorrow); R&R jowar atta(Instamart alt)+Alt Co almond milk(error-correcting); Kartik Two Brothers Khapli aata+dark choc+spine gourd (mutton keema = tomorrow order, not booked); Paxal Blinkit cart+milk+cucumber(added). Disha NO COOK (cook leave 20-22, Anirudh away). Shunyam no order. Paxal Fri cook trial dinner for 3. Checkpoints updated to Aug21."
Munz & Soozy,h2,2026-08-21,note,"CORRECTION: 21-Aug had TWO carts. Cart1 (read): eggs 12, chicken 400g packet, prawns 240g x2=480g. Cart2 AMAZON NOW (MISSED, now booked): milk 1L, cucumber 500g, lemon 250g, ginger 250g, mushroom 200g, onion 1kg, spring onion 100g, garlic 250g. Chicken logic: 300g open used fully + 50g from 400g packet for Fri D. Eggs 27-9=18. Munz 21st = 2 pax (sister joins 22nd)."
5HH,sys,2026-08-22,note,"Sat 22 close (excl P&S, R&R): first close on pp_deduct engine + Deductions ledger. Kartik 4 orders booked; Munz B restaurant + L/D Kerala plan MISSING (not deducted — flag); Paxal cook off (B only); Disha no-cook; Shunyam full day. Engine fixes: banana-flower row, garlic-mixture row, pakhala->Nilgiris, knowledge self-guard bug patched."
ALL,sys,2026-08-23,note,"Sun 23-Aug: closed all 8 HH (incl NEW Yash & Manik h10) — nothing cooked anywhere. Yash & Manik onboarded: 22-Aug default inventory (117 unique SKUs, dupes combined), Index h10, SKU Knowledge extended, live-sync included. W35 starts Mon."
ALL,sys,2026-08-24,note,"Mon 24-Aug W35 close: 7 HH closed (Pratik & Sakshi EXCLUDED per instruction). Orders booked: R&R 7 carts, Munz 2 kitchen carts, Shunyam 1 cart, Disha 2 carts (all pre-breakfast 24th); Kartik + Yash&Manik carts dated 23-Aug (placed after all meals). Paxal no order. Key flags: Munz chicken breast 0 (dinner not possible), R&R greek yogurt + butter 0, Kartik chole/kala chana 0, Paxal curd 0 + chana dal short, Y&M atta short."
ALL,sys,2026-08-24,note,24-Aug CORRECTIONS (Bhavya): Munz oats = full 1kg on hand; Munz dinner made from Marinated meat 300g (finished) not chicken breast; R&R greek yogurt = Skyr (2 pots used: tandoori marinade + coriander-lime sauce); R&R meat cadence 150 L + 500 D applied because Monday has chicken at both meals; Kartik chole made from pre-soaked kabuli (no re-deduction) and FULL 225g chicken breast used; Paxal dinner NOT MADE — reversed; Shunyam chana-dal substitution confirmed OK.
ALL,sys,2026-08-24,note,"24-Aug corrections #2 (Bhavya): R&R butter 80g added and -15g used for Skye herbed rice; Paxal kabuli chana 50g added to board (soaking for Tue, not deducted); DAL PORTION NORM CORRECTED — dry dal = 50g per person per meal (100g for 2), previous 180g estimate was too high and the SHORT flag was wrong. Shunyam flags left open pending Bhavya update."
ALL,sys,2026-08-24,note,"24-Aug Bhavya overwrote — smart-list check result (board update): Disha +30g curry leaves, skyr=2pc, cucumber=0.5pc. Munz oats=800g, greek yogurt=540g (6x90g tubs), eggs consolidated to ONE Meat entry = 26pc (NOICE egg row removed), chia removed, almonds=30g, ALL muesli rows removed, mushroom removed. Paxal all sprouts rows removed. Physical counts override the model."
h1b,h1b,2026-08-24,count,"24-Aug 08:30 pre-cooking physical count for Shunyam & Ishan applied as full overwrite (48 items). Non-counted perishables removed; duplicate grain/dal/meat families consolidated; spice-dabba, oils, sauces, condiments and dry pantry KEPT (count did not cover them). Monday meals re-deducted on top of counted values."
h1b,h1b,2026-08-24,note,"24-Aug validation (Bhavya): of the not-in-count items, FRESH CREAM 200ml is present and restored; carrot, French beans, mint, spinach and Amul Masti chaach stay REMOVED. BOTH sugars kept (white 485g + brown 450g)."
h1b,h1b,2026-08-24,note,"24-Aug: berry row corrected — the 20g in the 08:30 count is BLUEBERRY, not blackberry (Bhavya)."
h1b,h1b,2026-08-24,note,"Blackberry: reclassified Fruit -> Staple as FROZEN (Bhavya) so it is not aged/flagged as a fresh perishable. Also corrected my own data-entry error — the row had been created as ""Blueberry""; the 24-Aug count says Blackberry. Never-match guard added so blackberry never resolves to blueberry."
h8,h8,2026-08-24,count,"P&S 24-Aug: veg/fruit section overwritten from Bhavya count (cabbage 0.5pc, cucumber 1pc, corn cob 1pc, capsicum 200g, tomato 6pc, iceberg 100g, banana 4pc, onion 1.5kg, garlic 50g, ginger 150g, potato 100g). 19 non-counted veg/fruit rows cleared. Paneer, eggs and skyr removed on instruction. Count-driven household — no deductions applied."
h7,h7,2026-08-24,note,"Paxal 24-Aug Bhavya overwrote — smart-list check result (board update): paneer set to 200g; carrot, green capsicum and Hass avocado removed; raw papaya 0.5pc added. NOTE: this blocks Tue B avocado toast and Tue L paneer capsicum sabzi."
ALL,sys,2026-08-24,note,24-Aug: Yash & Manik Tequila household id recorded (ed8dd224-05ed-4fbe-acca-3c28133690fc). P&S Chitra rajma confirmed as the soak source for Wed rajma cutlet (aliases added to SKU Knowledge). Shunyam eggs/spinach/garlic/toor/rajma flags closed as ignored on instruction.
ALL,sys,2026-08-25,rule,STANDING RULE CHANGED (Bhavya 25-Aug): Emergent is the WHOLE TRUTH for meal plans. Plan changes no longer require notifying the household — the app live-syncs from Emergent so it is always current. This supersedes the earlier rule of (a) update app + (b) send household the updated plan. Also 25-Aug: Recipe Master Apps Script upgraded to v2 (cached dish index) — lookups went from ~30s to ~2s.
ALL,sys,2026-08-25,note,"Tue 25-Aug W35 close: all 8 households closed. Orders booked for Munz (9 lines), Shunyam (10 lines) and Paxal (17 lines); Disha, R&R, Kartik and Yash no order; P&S count-driven. Kartik closed on the UPDATED Emergent plan (keema lunch->dinner). Four in-close corrections logged where a fuzzy match or a g-vs-pc unit mismatch had hit the wrong row."
ALL,sys,2026-08-25,note,"25-Aug flag review (Bhavya): fish 400g = full amount used, not short. FOUR flags were MY LOOKUP FAILURES, not stock gaps — Paxal oats (Quaker oats 760g + chocolate oats 1200g) and milk (skimmed 500ml + 800ml), R&R green beans 150g, Yash frozen pea 200g, Disha chana 200g. All now deducted correctly. Genuinely-zero flags (Munz mushroom, R&R skyr, Yash atta, Paxal raw mango) closed as ignored on instruction. ROOT CAUSE: anchored ^patterns miss named/branded rows — always search unanchored."
h10,h10,2026-08-25,note,"Yash & Manik 25-Aug Bhavya overwrote — smart-list check result (board update): dates, walnut, anjeer and green chilli sauce moved to Staple (shelf-stable, must not be aged as fresh). Added cucumber 3pc, tomato 1pc, spring onion 80g, chicken boneless thigh 200g, paneer 50g, eggs +2 (=14), garlic 50g. Removed curry leaves, peeled garlic, ginger, coriander leaves, malabar paratha. Chicken kept as ONE row (the empty ""boneless legs"" row renamed to ""boneless thigh"") to avoid a duplicate near-identical SKU."
h8,h8,2026-08-25,count,"P&S 25-Aug perishable Bhavya overwrote — smart-list check result (count): veg section + eggs overwritten to the counted list, ALL fruits removed, dairy left untouched. Added protein powder +1kg (=1430g) and sweet corn daliya +500g (=750g). Capsicum pool set to 180g (80 + the additional 100). Paneer 200g on the Meat board per standing rule."
h11,h11,2026-08-24,note,"NEW HOUSEHOLD onboarded: Padmaja & Rohan (h11), 2 people, 80 SKUs from the 24-Aug baseline upload. Categorised, units normalised (kg->g, l->ml, ps->pc), names cleaned, duplicates combined. SKU Knowledge extended with aliases + never-match guards. Added to live Emergent sync list and the tracker generator. PENDING: Tequila household id, and confirmation of deduction vs count-driven methodology."
h11,h11,2026-08-25,note,"Padmaja & Rohan: generic ""Chana"" 350g identified as KALA chana; ""Moong (whole)"" 500g identified as GREEN moong (whole). Never-match guards added so kala chana cannot resolve to chole/kabuli or chana dal, and whole green moong cannot resolve to split green moong dal or yellow moong dal. NOTE: the instruction said ""chana 500gm"" but the generic chana row is 350g — the 500g legume on this board is Chole; awaiting confirmation if that was the intended row."
h1b,h1b,2026-08-25,note,"Shunyam 25-Aug Bhavya overwrote — smart-list check result (board update): skyr 3pc, cow milk 600ml, zucchini 200g, paneer 300g, capsicum pool 450g, chicken breast 200g added. Chicken audit: the last chicken on this board was 250g, deducted in full on Mon 24-Aug for palak chicken (0 after). The 25-Aug order list supplied did not include chicken, so the board correctly showed 0 — the gap is in order capture, not in the deduction."
ALL,sys,2026-08-26,note,"Wed 26-Aug W35 close: 7 HH closed (Pratik & Sakshi EXCLUDED per instruction). Emergent REFETCHED first — six households had changed plans since the bake: Munz lunch (Kerala chicken curry), Disha lunch (spicy tomato chicken curry), Kartik lunch now BLANK + dinner dosa, Shunyam lunch (baingan bharta), Paxal breakfast fruit + lunch salad, Yash lunch and dinner both changed, R&R breakfast AND lunch now blank. Orders booked for Munz (11 lines), Disha (2), R&R (9). Four wrong-row hits caught and corrected during the close."
ALL,sys,2026-08-26,note,"26-Aug corrections (Bhavya): Kartik banana flower 0.5pc existed and was used (row created, flag withdrawn). Munz — 25-Aug fish deduction corrected 400g->300g with 100g still on hand; EXPIRED greek yogurt 400g discarded; eggs reconciled 36->24 on physical count (traced: the 24-Aug board set to 26 AFTER that day's -7 deduction, cancelling it; remainder unlogged usage). Sesame confirmed Staple on every board and in Master FnV — the Dairy/7-day error was found and fixed on 24-Aug, so an older copy of the reference would still show it wrong. Blank quantities normalised to 0 across all boards."
h10,h10,2026-08-26,count,"Y&M 26-Aug perishable Bhavya overwrote — smart-list check result (count): 25 counted items applied, staples untouched. 7 new rows created (lemon, bhindi, spinach, methi leaves, sourdough loaf, banana, arbi). Not counted and removed: apple, pomegranate, garlic leaves, frozen pea, grated coconut, second milk row, plain Garlic row (duplicate of Peeled garlic). KEPT + flagged VERIFY: onion 380g and potato 1100g — base staples, per the standing rule against auto-removing items that are surely present. Raisins restored and moved Fruit -> Staple (dried fruit, shelf-stable). Cheese slice unit corrected g -> pc (7 slices), beetroot g -> pc, green chilli g -> pc, carrot 0.5 pc."
ALL,sys,2026-08-26,note,"PERFORMANCE FIX v21_626 (team reported slow load and hanging on household switch). Profiled in headless Chromium: boot 5154ms, household switch blocking 239-1468ms, dashboard() 1500ms, masterView() 1016ms, paint() 1618ms. ROOT CAUSE: lastOrderDate(name) looped the household order history for EVERY item and ran a full hovCanon (136 synonym replacements) per pair — O(items x orders) string work on every repaint. FIX: memoised hovCanon and hovTok, precomputed the order-canon index once per house, memoised lastOrderDate per item and itemsOf per house, with cache invalidation on house switch. RESULT: boot 5154->2975ms, switch worst 1468->243ms (avg 115ms), dashboard 1500->19ms, masterView 1016->81ms, paint 1618->15ms. Data verified unchanged (Kartik onion 1425g, 9 households, 14 tabs)."
h3,h3,2026-08-26,note,"Disha & Anirudh: ""Hung curd"" row retired on instruction — it was a duplicate of the live ""Curd"" row, at 0g and unstocked since 07-Aug. All curd usage stays on ""Curd"" (140g). Never-match guards added so curd/dahi/yogurt cannot resolve to the retired row, and curd cannot resolve to hung/greek/skyr/buttermilk."
ALL,sys,2026-08-26,note,"26-Aug late orders booked (Bhavya): R&R Bamburies beef mince 250g. Kartik & Dhara order placed after all meals — prawns 250g, chicken breast 450g, sardines 350g, foxtail millet 500g (new row), ragi whole 500g (new row), maida 500g, besan 500g. Both dated 26-Aug and NOT deducted, since they arrived after the day's cooking. R&R beef reading: Wednesday had no beef dish (dinner was the Asian broccoli tofu bowl), so nothing to deduct — the beef is stock for Thursday's beef keema matar."
h7,h7,2026-08-26,note,"Paxal 26-Aug Bhavya overwrote — smart-list check result (board update): apple 2pc, Hass avocado 1pc, cucumber 400g, green capsicum 200g (pool), paneer 300g. Akshayakalpa set curd 400g DISCARDED as expired (17-Aug order, 9 days old) — the live curd row is ""Curd"" 300g, and guards added so curd/dahi/yogurt cannot resolve to the discarded row."
ALL,sys,2026-08-27,note,"Thu 27-Aug W35 close: 7 households closed (Pratik & Sakshi and Padmaja & Rohan not included). Emergent refetched first — Kartik, R&R, Yash and Paxal had all been updated today; Kartik Thu is now bok choy omelette / bhapa hilsa / chicken momos, R&R dinner is Healthy Beef Kebabs, Yash lunch is blank and dinner is stuffed paneer paratha, Paxal is guacamole toast / masoor dal tadka / puliyogre pulao. Shunyam and Disha both blank and confirmed nothing cooked. Orders booked for R&R (4), Munz (14) and Yash (5). Two in-close corrections: the oatmeal-bowl deductions for 26 and 27 Aug had been booked against the Muesli row instead of Rolled oats (both relabelled and the stock moved), and a 10g green-chilli request had taken all 7 pieces from a pc-unit row on the Yash board."
ALL,sys,2026-08-27,note,"27-Aug Bhavya overwrote — smart-list check result (board update). KARTIK: hilsa 300g was used in FULL for the bhapa — sardines restored to 350g and the sardine deduction removed, hilsa deducted instead. Sweet potato 100g, bitter gourd 100g, potato removed, coriander 50g, mint 30g, raw papaya 0.25pc, drumsticks ended, raw banana 0.5pc, eggs 5, fresh cream 250ml. PAXAL: green moong sprouts 200g, apple 1pc, paneer 400g, skimmed milk removed (Nandini slim kept), curd +200g = 350g; four dead/expired curd rows (Dahi pack, Yogurt, Amul high protein dahi, Akshayakalpa set curd) all retired so only ""Curd"" remains live. MUNZ: sweet potato 1000g, cucumber 750g, rosemary 22g, carrot 800g, prawns set to 250g, lemon 450g, mushroom 300g. SESAME AUDIT: no sesame row sits in Dairy on any board — Munz White sesame seeds was already Staple; R&R had sesame rows under Nuts/Spice which are now normalised to Staple. Master FnV has all 21 sesame entries as Staple."
h7,h7,2026-08-27,note,"Paxal & Sana: ALL 5 curd/yogurt/dahi rows retired to 0 on instruction (they had accumulated as near-duplicates, one of them expired). One clean row created — ""Set curd"" 200g, fresh, Dairy — as the single live curd SKU. SKU Knowledge updated so curd/dahi/yogurt resolve only to the new row."
ALL,sys,2026-08-28,note,"Fri 28-Aug W35 close: 7 households (Pratik & Sakshi left out on instruction; Padmaja & Rohan not yet on Emergent). Plans refetched — five houses had been updated this morning. Shunyam and Disha blank, nothing cooked. Kartik dinner skipped on instruction. Paxal dinner only, with the leftover soaked kabuli chana deliberately not re-deducted. Orders: R&R sourdough only, Munz milk 1L + greek yogurt 2x90g + mackerel 500g (new SKU). Yash and Kartik no order."
h10,h10,2026-08-28,note,"Yash & Manik: atta set to 1kg on instruction — the board had been reading 0 since 24-Aug and wrongly blocking rotis on three consecutive days. Friday's 5 rotis now deducted (200g), atta at 800g. All other 28-Aug flags closed as ignored on instruction."
ALL,sys,2026-08-28,note,"INGREDIENT HANDOVER LOOP CLOSED (v21_638). STEP 1 — the app now loads the SKU Knowledge sheet at boot (2,702 rows across 9 households) and uses it as the PRIMARY ingredient->SKU resolver: exact canon > alias > guarded substring, with never-match guards, synonym expansion, singular/plural forms, and a class rule so a base ingredient can never resolve to its oil/sauce/paste form (powder and masala forgiven only when the term heads the SKU name). HOV_SYNP remains a fallback only. STEP 2 — pp_deduct.py now carries the identical matcher plus unit conversion (kg/g, l/ml), hard refusal on incompatible units, min(need,available) so it can never over-deduct, SHORT recording, a note() for deliberately-not-deducted items and close_day() as the single entry point for a household-day. DATA REPAIR — SKU Knowledge cleaned: 1 runaway alias list rebuilt (Red label tea carried atta/besan/chana/capsicum as aliases), 47 cross-item fuzzy-trap aliases removed (Gur (jaggery) carried curd/dahi/yogurt), 89 curated cross-language aliases added, class guards applied to every row. VERIFIED: 16/16 app resolutions and 12/12 engine deductions correct on the exact cases that failed this week."
ALL,sys,2026-08-28,note,"HANDOVER WEEK LEAK FIXED (v21_639). Bug: a future week (e.g. the 31-Aug / W36 tab) showed the PREVIOUS weeks meals. Two causes, both mine: (1) hovPlanForWeek fell back to the baked AI_HANDOVER blob for ANY week, and (2) a boot seed copied that blob into W34, the current week AND the next week. Fix: the blob is now scoped to AI_HANDOVER_WEEK (2026-W35) only, the seed writes only that week, and a one-time purge clears the poisoned pplw_ cache written by earlier builds. Handover is now LIVE per week: selecting a week fetches it from Emergent on demand, refreshes every 5 minutes while open, and enrichment runs on whatever came back. Days the planner has not filled stay genuinely EMPTY instead of inheriting another weeks meals. Verified: W36 returns null before fetch (no leak), shows only the single filled Monday after fetch, W35 unaffected."
ALL,sys,2026-08-28,rule,"STANDING RULE (Bhavya 28-Aug): NOTHING is written to the Recipe Master sheet without explicit permission. Implemented in v21_640 as PP_SHEET_WRITEBACK=false — the /api/recipeadd call is now gated behind that switch and never fires. Dishes that match neither the sheet nor an existing SKU are queued locally instead (localStorage pp_recipe_queue) with their proposed rows, so nothing is lost; run ppRecipeQueue() in the console to list what is awaiting approval, ppRecipeQueueClear() to empty it. Handover breakdowns are unaffected — Rasoi results still fill the handover, just tagged rasoi rather than rasoi-to-sheet. Verified: 0 POSTs to /api/recipeadd, candidate queued, 4 ingredient rows still delivered to the handover."
ALL,sys,2026-08-28,note,"CART SECTION REBUILT (v21_648). (1) SUBSTITUTION REMOVED — hovSuggest() proposed replacements and could offer Paper Boat sparkling water for green chilli; it is deleted, nothing is ever substituted. Root cause also fixed in data: 12 packaged-drink SKUs carried produce aliases (lemon, apple, coffee, lime) and 115 were guarded; the matcher now blocks any packaged drink or Beverage-category row from standing in for a fresh ingredient. (2) OPTIONAL LAYER REMOVED — the old cls!=g rule that silently excluded garnishes is gone. Four honest states only: AVAILABLE, SHORTFALL, NOT AVAILABLE, DONT KNOW (no stock row at all — never captured, e.g. bay leaf or cumin, which may well be in the house). (3) CART shows only NOT AVAILABLE + SHORTFALL + DONT KNOW, grouped, each row carrying item, available qty (even 0), required qty, to-order (required minus available) and the dish(es) it is needed for. Copy-cart exports the same grouped shape. (4) DISH SOURCE LINE — every dish now shows Recipe Master or Rasoi, the matched dish name, a YouTube chip (real video link from Rasoi, otherwise a search link) and a one-click copy button. Verified in a rendered browser: 5 cart rows across 2 shortfalls and 3 dont-knows, source lines and YT chips present, zero substitutions, no page errors."
ALL,sys,2026-08-28,note,"CART CORRECTNESS PASS (v21_652), all raised by Bhavya on the Kartik 29-Aug example. ROOT CAUSE for lemon / green beans / banana wrongly showing DONT KNOW: allStock() filters out every row at zero, so an item that exists but is empty never reached the resolver and was reported as never-captured. The handover ledger now includes zero-stock rows, so exists-but-empty correctly reads NOT AVAILABLE and only a genuinely absent row reads DONT KNOW. Also: dried red chilli now matches Dry red chilli (dry/dried, chilly/chili, whole variants normalised); gram flour now matches Besan (exact and alias tiers now outrank the class guard, since a curated alias beats a heuristic — the class rule still applies to the loose substring tier so rice cannot reach rice bran oil); 48 rows given explicit synonym links (besan/gram flour, poha/flattened rice, rava/sooji, maida/refined flour, atta/wheat flour, curd/dahi, dry red chilli, kala chana). RAW BANANA APPEARING TWICE (once not-available, once shortfall) was a cart-keying bug: the key came from the ingredient name rather than the resolved SKU, so two days produced two rows; the cart now keys by resolved SKU and keeps the worst state (unknown > none > short > ok). COMPOUND DISHES: a line like grilled sardines with spicy hakka noodles is now split into separate dish blocks, each with its own source badge, YouTube chip, copy button and ingredient breakdown; the splitter is conservative and leaves accompaniments (2 rotis, rice, raita) and prepared sides (cut tomato, grated paneer) attached to their dish. Verified 10/10 resolutions on Kartik with zero page errors."
ALL,sys,2026-08-28,note,"HANDOVER FIXES v21_654 (raised by Bhavya). (1) ""Raw banana and raw papaya curry"" was being split into two dishes — the splitter now recognises a SHARED HEAD NOUN and only treats ""and"" as a separator when the text before it is itself a named dish. Verified: raw banana + raw papaya curry and cauliflower and carrot moong dal stay whole, while grilled sardines with spicy hakka noodles, chakuli pitha with grilled paneer cubes and chole curry, and aviyal with neer dosa and mutton keema cutlets all split correctly. (2) SOURCE LINE, YOUTUBE CHIP AND COPY BUTTON WERE INVISIBLE for most dishes — the enrichment cache stored only the ingredient rows, so any dish served from cache came back with no source metadata. The cache now stores {rows, meta} under a new ppbk4_ namespace (legacy entries ignored), so every dish shows its badge, matched name, video chip and copy button. (3) MONDAY 31-AUG SHOWED AS LOCKED on the W36 preview — the lock note and the cart day ticks both compared against todays index regardless of which week was displayed; both now use _dayIsClosed for the displayed week, so only genuinely closed days show as locked. (4) Cart falls back to the viewed day when no selectable day is active on that week, and stray unit tokens (""g cabbage"", ""g noodles"") are stripped from Rasoi ingredient names."
ALL,sys,2026-08-28,note,"HANDOVER v21_656 (raised by Bhavya). (1) SPEED — the concurrency gate was pinned at 2 because of the old Apps Script quota crash, but v2 answers in ~2s and Google allows ~30 concurrent, so the cap is now 6 with much tighter step delays, the per-house sweep starts 6x sooner, and the day you are looking at is enriched FIRST. Measured: 77 recipe lookups completed in 4.4s at peak concurrency 6. (2) MULTI-DISH LINES STILL COMBINING — the splitter only ran inside the enrichment job builder, so any line that was already enriched or served from cache never got split. Splitting now happens AT INGEST in ppLiveToHov, so every path (live fetch, cache, reload) produces separate dish rows; the redundant in-enrich splitter was removed so nothing is split twice. (3) WRONG VIDEO — Rasoi returns the video for ITS OWN matched title, so ""veg stuffed parantha"" was linking a ""stuffed veggies"" video. The video is now only used when the Rasoi title genuinely overlaps the dish asked for (word-overlap >= 0.5); otherwise the chip falls back to a YouTube SEARCH for the real dish name and the source line shows a ""different dish"" warning so the mismatch is visible rather than silent. Verified: mismatched dish gets yt="""" plus the warning, matching dish keeps its real video link."
ALL,sys,2026-08-28,note,"HANDOVER v21_657 — fixes two regressions from v21_656 that only appeared with a real browsers stale cache (my controlled test passed, which is why they slipped through). (1) STUCK / NO BREAKDOWN: plans cached by earlier builds held COMBINED dish lines that were already enriched, and the job builder skips any line that already has rows, so nothing re-ran and it looked frozen. Plans now carry a version stamp (PP_PLAN_V); any plan written before dish-splitting is discarded on read and refetched live. A dish stuck on the no-recipe sentinel also retries now instead of blocking forever. (2) NEXT WEEK SHOWING THIS WEEKS PLAN: when Emergent has no data for a future week it answers with the CURRENT week, the guard correctly refused to store it, but that left whatever an older build had cached under the future week visible on screen. The fetch now writes an explicit EMPTY week in that case, so an unplanned week reads genuinely empty. Verified against a simulated stale cache: a stale W36 entry holding W35 combined dishes is dropped, W36 resolves to empty, W35 splits into two dishes and both enrich."
ALL,sys,2026-08-29,note,"Sat 29-Aug W35 close: 7 households (Pratik & Sakshi left out; Padmaja & Rohan not yet on Emergent). Shunyam and Paxal nothing cooked, Disha plan blank. Kartik lunch blank on the plan. Orders: Yash (chicken leg 450g + curd 500g both replacing previous, biryani masala 50g new SKU), R&R (8 lines incl olive oil 1L and ghee 250ml replacing previous), Munz (yogurt 3x90g, milk 500ml, salt 1kg). Kartik had no order. One in-close correction: a brinjal deduction had hit the matcha row."
h4,h4,2026-08-28,note,"Kartik & Dhara: Friday 28-Aug order captured late (on 29-Aug) — curry leaves 100g, fresh coriander 100g, 6 more eggs, 1kg more onion, tomato 500g, ginger 200g, garlic 100g. All booked as ADDITIONS to existing stock and dated 28-Aug. Note: the fresh ""Coriander"" row (Vegetable) was used, not ""Coriander seeds"" (Spice) or ""Dhaniya powder"". No subscription rows were changed — the Subscriptions sheet was only read earlier, never edited; Kartik already has a Friday weekly subscription (fc-weekly, Day 5, FirstClub ~06:00), though its Items column holds a date instead of an item list and Last applied is stale at 2026-06-26."
ALL,sys,2026-08-29,count,"29-Aug Bhavya overwrote — smart-list check result (board update). SHUNYAM: ginger 50g, capsicum pool 500g, lemon 3pc, green chilli 100g, zucchini 300g, skyr 3pc, bread marked EXPIRED and discarded, coriander 150g, spinach 200g, garlic 250g, onion 8pc, potato 4pc, cucumber +150g=300g, paneer 200g; banana, curd (all 5 curd/yogurt rows) and all milk rows removed. MUNZ: eggs 8pc, mackerel +300g, chicken breast +400g, muskmelon +2pc, lemon 250g, fish sauce +50ml, garlic 400g, green chilli 100g, red cabbage 1pc, carrot 400g, sweet potato 250g, curry leaves 100g; cucumber, tomato, spring onion, cherry tomato, french beans, button mushroom and basil all removed. RAHUL & RADHIKA: veg/fruit/meat sections fully overwritten to the 31-item count (3 new rows: white radish 2pc, papaya chunks 100g, dill leaves 60g), dairy pruned to butter 200g and Nandini GoodLife milk 5000ml. KEPT AND FLAGGED VERIFY rather than auto-removed: onion 2000g and potato 120g (base staples absent from the count), ghee 250ml (pantry staple), and Milky Mist skyr 125g (ordered 29-Aug, daily use). Removed from R&R: banana, lemons, kiwi, pear, asparagus, red radish, bell pepper pool, methi, coriander leaves, duplicate peeled-garlic pack, paneer, and the fresh dairy (Sid Farms curd, strawberry yogurt, oat milk, almond milk, mixed berry yogurt)."
h5,h5,2026-08-29,note,"R&R 29-Aug follow-up (Bhavya): onion set to 1kg, potato removed, staff bread removed. Ghee 250ml and Milky Mist skyr 125g both CONFIRMED present — the verify flags I had set on them are cleared. All four items I had held back for confirmation are now resolved."
ALL,sys,2026-08-29,count,"29-Aug perishable Bhavya overwrote — smart-list check result (count). YASH & MANIK: perishable section overwritten to the 26-item count — beetroot 2pc, carrot 2pc, green chilli 50g, arbi 200g, tomato 6pc, lemon 2pc, paneer 200g, cheese 7 slices, frozen peas 100g, eggs 7, milk 1L, butter 20g, Amul taaza 1500ml, beans 100g, onion 6pc, potato 8pc, cucumber 2.5pc, methi 100g, garlic 200g, homemade curd 150g, apple 3pc, pomegranate 3pc, sourdough 0.5 loaf, coffee 50g, ghee 200ml, ginger 200g. Mint 55g and coriander 45g kept on instruction. Removed as not counted: bread 4pc, capsicum 150g, curry leaves 10g, spring onion 100g, banana 4pc. Unit corrections from the count: carrot g->pc, onion g->pc, potato g->pc, green chilli pc->g, ghee g->ml. KARTIK & DHARA (everything else kept): sweet potato 100g, green chilli 15g, capsicum 150g, eggs 5; carrot, bitter gourd and mint removed."
ALL,sys,2026-08-29,note,"29-Aug (Bhavya): R&R quinoa flour reduced to 30g total — the 230g ""Quinoa flour"" row zeroed and the 30g ""Organic quinoa flour"" row kept as the single live one. MUNZ: +40 eggs (8 -> 48pc), mackerel set to 300g on one row with the duplicate mackerel row cleared, and the Bought date removed from every meat row. Expiry dates on Prawns (older lot) and Marinated meat were left in place — they are expiry, not bought dates."
h4,h4,2026-08-30,note,"Kartik & Dhara 30-Aug order booked (placed after all meals, so NOT deducted): prawns 250g, chicken breast 450g, groundnut oil 1L (replaces previous, second oil row cleared), soba noodles 150g and wheat noodles 150g with ALL five pre-existing noodle rows cleared first, pear 2pc (new row), rambutan 250g, potato 1kg, curd 400g (replaces previous, second curd row cleared), beans 250g, carrot 500g, fresh coconut 1pc (new row under Vegetable) with dry coconut removed, okra 250g, mint 100g, lemon 250g, green chilli 100g, tofu 200g."
ALL,sys,2026-08-31,note,"Mon 31-Aug W36 close: 7 households (Pratik & Sakshi left out; Padmaja & Rohan not on Emergent). W36 plans refetched first — six households had W36 data, Shunyam had none (still W35) so nothing was deducted for them. Orders booked for R&R (36 lines), Munz (12), Yash (11), Paxal (8); Kartik and Disha and Shunyam no order. Three in-close corrections: an elaichi order had landed on Munz combined pepper-grinder row, an anchored capsicum pattern missed Kartik Green capsicum row, and a methi deduction had hit Yash empty Kasuri methi row instead of the fresh Methi leaves."
h5,h5,2026-08-31,note,"R&R 31-Aug order additions (Bhavya): chicken thigh 1500g and basa 500g. The Monday close had deducted the dinner rasam against only 500g of thigh and flagged it SHORT — corrected: 1500g was ordered, the full 600g for 3 pax was available, and 900g remains. Basa 500g booked as stock, not used Monday."
h5,h5,2026-08-31,rule,"R&R almond wrap (Bhavya 31-Aug): 1 packet was ordered = 6 WRAPS, and Radhika eats exactly 1 WRAP PER SERVING — both recorded as standing rules in SKU Knowledge. The Monday close had flagged the wrap as out of stock because the lookup matched ""Gobbleright crunchies"" (0pc) instead of the real ""Almond wrap"" row, which held 5pc; flag removed, packet of 6 booked (=11), and Mondays 1 wrap deducted, leaving 10pc. Never-match guards added so almond wrap cannot resolve to the crunchies or the beetroot-quinoa wrap."
h5,h5,2026-08-31,note,"R&R corrections (Bhavya 31-Aug): almond wrap set to 5 on the board. The row I created in the 29-Aug count as ""Papaya chunks"" is actually PUMPKIN CHUNKS — renamed and moved from Fruit to Vegetable, with SKU Knowledge aliases rebuilt (pumpkin/kaddu/cut pumpkin) and a never-match guard against papaya so the two can never be confused."
h10,h10,2026-08-31,note,"Yash & Manik 31-Aug: +400g chicken boneless leg booked onto the single chicken row (Chicken (boneless thigh) — the same cut, kept as one row to avoid a near-duplicate SKU). Not deducted: Monday had no chicken dish (methi malai paneer at lunch, veggies in tandoori sauce with palak rice at dinner), so this is stock going into Tuesday."
h2,h2,2026-08-31,note,Munz & Soozy 31-Aug: onion and mushroom removed on instruction — all onion rows and all mushroom rows cleared to 0. Spring onion was left alone as a separate item.
ALL,sys,2026-09-01,note,"Tue 1-Sep W36 close: 8 households closed (Pratik & Sakshi excluded on instruction). W36 plans refetched first — Padmaja & Rohan now HAVE a W36 plan and were closed for the first time; Shunyam still has none (Emergent returns W35) so nothing was deducted for them; Disha and Paxal had blank breakfast/lunch. Orders booked: Munz 2 lines, R&R 3 lines (jeera rice new row, sunflower oil and quinoa flour replacing previous with duplicates cleared), Padmaja 15 lines with veggies cleared first. Four in-close corrections, all gram-vs-piece unit errors in my own script: R&R beetroot (4pc emptied), Yash pomegranate (3pc emptied), Yash onion (6pc emptied) — all restored with 1 pc taken — and Kartik jeera which had hit Black jeera (shahi) instead of plain cumin."
ALL,sys,2026-09-01,note,"1-Sep corrections (Bhavya). YASH RAJMA: my 1-Sep deduction was a DOUBLE COUNT — the 150g for that meal had already come off at soak on 31-Aug, and the ledger now shows soak-only. The 300g I asked for was also wrong: the standing norm is 50g DRY per person per meal, so 100g for 2 pax, and the SHORT flag it raised was meaningless. Rajma restored to 100g. PADMAJA GARLIC: restored to 220g — it should not have been cleared with the veggies since the lemon butter garlic fish needs it — then 20g deducted for the dish, leaving 200g. STANDING REMINDER: when a legume is soaked the day before, the deduction happens AT SOAK and must never be repeated on the cooking day."
ALL,sys,2026-09-01,note,"1-Sep Bhavya overwrote — smart-list check result (board update). KARTIK OKRA CORRECTED: I had deducted the full 250g for bhindi masala, but 250g is the TWO-pax norm and Tuesday was a 1-pax plan — 125g is right, so 125g remains. Also: green moong 40g, eggs 8, curd 100g, tomato and coriander ended. MUNZ: fennel seeds 50g (new row), green chilli 60g, carrot 500g, broccoli 200g, chicken breast 800g, soy sauce 80g; mackerel and rohu both marked EXPIRED and discarded. REMINDER: portion norms in the Deduction method sheet are stated for 2 pax — halve them for a 1-pax plan."
h2,h2,2026-09-01,note,"Munz: the 50g fennel-seeds entry had landed on the combined ""Pepper grinder + cloves + elaichi"" row (the same row that swallowed an elaichi order on 31-Aug). Reversed, and a dedicated ""Fennel seeds (saunf)"" row created. A never-match guard is now on the combined row so no single-spice request can resolve to it again. Dark soy sauce unit kept as ml (80ml), not g."
h4,h4,2026-09-01,note,"Kartik & Dhara: generic ""Wheat flour"" row removed (was 1000g) — Khapli atta 850g is now the only wheat flour on this board. SKU Knowledge updated so atta / wheat flour / whole wheat flour all resolve to khapli, with the retired row guarded out and maida, ragi, jowar, besan, rice flour and the pastas excluded. Red poha set to 400g."
h5,h5,2026-09-01,note,"R&R 1-Sep Bhavya overwrote — smart-list check result (board update): both Milky Mist skyr rows removed and skyr consolidated to one row at 540g (6 tubs x 90g); all four Epigamia greek yogurt rows removed; strawberry yogurt 90g (1 tub) and blueberry yogurt 180g (2 tubs) set, duplicate strawberry row cleared; almond milk consolidated to 2500ml (1500 + 1000) with the opened row folded in; Nandini GoodLife 4500ml with its duplicate cleared; almonds 100g; seed mix 30g (new row); yellow and red capsicum 1.5pc each; peeled garlic 50g; green zucchini 0.5pc; ALL THREE oats rows cleared — oats are over."
ALL,sys,2026-09-01,rule,"SMART LIST TAB LOCKED (v21_662, Bhavya instruction): the tab now renders only a Work-in-progress notice and NOTHING else — no household data, no quantities, no BUY/SHORT chips. Implemented as a single flag PP_SMARTLIST_WIP=true at the top of the script; smartListView() returns the notice before any data is read, and the tabs download/Slack/copy actions are also gated so nothing can be exported from it. The full smart-list implementation is untouched underneath — set PP_SMARTLIST_WIP=false to restore it exactly as it was. Stays locked until Bhavya says otherwise. Verified in a rendered browser: 195 characters of notice text, zero data leakage, all other tabs unaffected."
h8,h8,2026-09-01,count,Pratik & Sakshi 1-Sep POST-LUNCH perishable Bhavya overwrote — smart-list check result (count): 27 items applied. Coriander set to 150g (100g + the additional 50g). Milky Mist greek yogurt 500g — the row was sitting under Vegetable and has been moved to Dairy. Curd 400g created as a new row (this board had no curd row at all). Peanut butter 325g with the previous 500g unsweetened jar removed. Veg and fruit rows not in the count cleared.
h8,h8,2026-09-01,close,"Pratik & Sakshi 1-Sep closed. Post-lunch count is the stock basis; DINNER ONLY deducted on top (breakfast and lunch are already inside the counted figures since the count was taken after lunch). 29 deduction lines across methi gatte ki sabzi, cauliflower/carrot/beans sabzi (potato skipped), mooli greek yoghurt raita and quinoa-jowar roti, plus 100g yellow moong soaked for Wednesday. No flags, nothing short. NOTE: Emergent could not be reached (Chrome extension disconnected and the API returns 403 from the sandbox) — the dinner menu was supplied directly by Bhavya rather than fetched."
ALL,sys,2026-09-02,count,"2-Sep perishable counts applied for Munz, Yash, Paxal, Padmaja and R&R, with dinners deducted for Yash (surmai fish curry + rice), Paxal (bisi bele bhaat + paneer pepper dry) and Padmaja (chicken tikka skewers + quinoa + dip + salad). SCOPE RULE APPLIED: a count only sweeps the categories it actually covers — Yash list was vegetables and fish only, so dairy, fruit, frozen, bread and meat were restored rather than zeroed. Base staples absent from a count (onion, potato, garlic, ginger, eggs, ghee) are kept and flagged VERIFY, never auto-removed. Items restored because tonight dishes need them: Padmaja chicken breast and curd. Two wrong-row corrections: Yash Lemoneez took the fresh-lemon value, and a fresh green-chilli deduction hit the green-chilli-sauce row. PENDING: Pratik & Sakshi count (Bhavya to supply) and the FIRST UNLABELLED LIST in the message, which is identical to the Munz list and needs a household confirmed before it is applied."
ALL,sys,2026-09-02,note,"2-Sep (Bhavya): all 21 VERIFY-flagged items confirmed present and their flags cleared — Munz garlic and ginger, Yash onion/potato/peeled garlic, Padmaja garlic, R&R eggs/onion/ginger. TWO EXCEPTIONS removed as genuinely absent: Munz coconut milk and Paxal set curd. Note the knock-on: Yash surmai fish curry was flagged for coconut milk last night and that flag now stands as real."
h3,h3,2026-09-02,count,"Disha & Anirudh — Wed 2 Sep EOD perishable count applied: chicken breast 225g, Nandini milk 1500ml (500ml + 1kg more, NEW row — this board had none), coconut cream 200g, coconut milk (opened) 100g, Amul lactose-free 1 pack, cucumber 3pc. TOMATO AND ONION were listed as present but with NO QUANTITY — held at their existing 9pc and 4.5pc and flagged for confirmation. Eggs, ginger, fresh garlic and butter kept as base staples. Everything else perishable not in the count was cleared. No dinner deduction requested."
h8,h8,2026-09-02,count,"Pratik & Sakshi — Wed 2 Sep: FULL PANTRY OVERWRITE from the uploaded list. 227 lines parsed into 197 unique SKUs, with 24 SKUs combined from multiple lines: honey 250g (3 lines), cumin/jeera 1750g (3), coriander powder 260g (3), haldi 300g (3), green moong whole 1650g (3), chana dal 1200g, maida 1100g, urad black whole 1700g, quaker oats 1090g, matta rice 1050g, moong dal 1050g, masoor dal 840g, sweet corn dalia 793g, sugar 500g, cauliflower 427g, sunflower seeds 300g, pumpkin seeds 300g, kashmiri chilli 200g, chaat masala 200g, cinnamon powder 110g, cloves 100g, chilli flakes 100g, jowar atta 1000g, eggs 9. Everything not on the list was removed. One line — ""kalonji seeds"" — had NO QUANTITY and is held at the existing 60g pending confirmation. Duplicate-name pairs were merged onto the pre-existing row rather than creating new SKUs (tej patta/bay leaves, cardamom/elaichi, turmeric/haldi, jeera/cumin, chili/chilli flakes, bajra daliya/dalia, aashirwad/aashirvaad atta, corn flour/cornflour, bruschetta loaf/bread, chole/kabuli chana, borges and extra-virgin olive oils). Two wrong auto-merges were caught and reversed: pepper powder had been folded into whole black pepper, and urad white whole into urad black whole — both are distinct SKUs and now stand separately (75g/50g and 1700g/500g)."
ALL,sys,2026-09-02,note,"2-Sep Bhavya overwrote — smart-list check result (board update). YASH & MANIK: eggs 10, coconut milk +60ml, green chilli 40g, beans 100g, chole 150g, paneer 220g, Amul Taaza 500ml, zucchini removed. ANSWER to ""why is beans not here"": the row is ""Beans(cut)"" and it was filed under STAPLE, not Vegetable, so it never appeared in the perishable section — category corrected to Vegetable. Walnut and dates were already moved to Staple on 25-Aug, so nothing was needed there. PADMAJA & ROHAN: butter and chicken breast removed. NOTE: the chicken removal means last night’s chicken tikka skewers now show no chicken on the board."
h3,h3,2026-09-02,note,"Disha & Anirudh: fresh ginger 140g and fresh garlic 50g removed on instruction — the verify hold I had placed on them during the 2-Sep count is now resolved as absent. The ginger-garlic paste row was already cleared by that count. Garlic powder (2 packets, Spice) left in place as it is not fresh produce. Tomato and onion are still held pending quantities."
h10,h10,2026-09-02,note,"Yash & Manik: +2kg atta added to the EXISTING lot on the single ""Atta (wheat flour)"" row (200g -> 2200g). No new row created, per instruction — this board has only one atta row and it stays that way."
h8,h8,2026-09-02,close,"Pratik & Sakshi — Wed 2 Sep DINNER DEDUCTED on top of the full pantry overwrite. Tofu bhurji stuffed moong dal cheela (yellow moong 100g soaked Tue, tofu 200g used in full) · green coriander chutney (coriander 60g, lemon, peanuts) · masala roasted veggies with the sweet potato skipped per the plan (cauliflower 200g, zucchini 200g, capsicum, carrot, onion, chaat masala). FLAGS: mint and green chilli are both 0 on the board — the coriander chutney normally needs both, and neither was on the pantry list."
h4,h4,2026-09-02,note,"Kartik & Dhara — Wed 2 Sep CLOSED. NOTHING WAS MADE — no breakfast, lunch or dinner cooked, and no order. No deductions applied. Also on this date: the 1-Sep DINNER was reversed after Bhavya confirmed it was not cooked — prawns 250g, whole wheat pasta, cream, garlic and olive oil all restored to the board."
ALL,sys,2026-09-03,note,"3-Sep orders booked for Paxal (6 lines, after breakfast), Kartik (9 lines, NO meals cooked — closed), Yash (13), Padmaja (26) and Disha (21). Three unit mismatches corrected on Paxal where a gram order had been added to piece-unit rows (carrot, cucumber, sweet potato — all set to grams). Kartik muscat grapes moved off the ""Blue grapes"" row onto their own. MEALS FOR 3-SEP NOT YET DEDUCTED for Paxal, Yash, Padmaja, Disha, Munz, R&R, Shunyam and P&S — Emergent is unreachable (Chrome extension disconnected, API 403 from the sandbox) so the plans could not be read."
ALL,sys,2026-09-03,note,"Thu 3-Sep W36 close: all 9 households closed. Emergent read live after the Chrome extension was reconnected on a new MacBook. Kartik closed with an order but no meals cooked. Shunyam has no W36 plan for the fourth day running. Padmaja lunch and dinner blank. Orders booked: Paxal 6, Kartik 9, Yash 13, Padmaja 26, Disha 21. NINE wrong-row or unit corrections made during this close: Munz dragon fruit (pc/g), Disha tomato + cucumber + lactose milk (pc/g), Disha cheese slice and mushroom (dip/seasoning rows), Yash chole (spice row) and onion (pc/g), Paxal leftover idli (would have double-deducted the raw idli rice), P&S spinach (quinoa wraps), P&S pumpkin (pumpkin seeds), P&S millet (pancake mix), P&S rajma (rajma masala), Padmaja milk (milk bread)."
ALL,sys,2026-09-03,note,"Thu 3-Sep W36 close: Munz, Kartik, Yash, Paxal, Padmaja, Disha and Shunyam closed. Chrome reconnected (Bhavya moved to a new MacBook) so plans were read live from Emergent. Shunyam still has NO W36 plan — fourth day. Orders booked for Munz, Paxal, Kartik, Yash, Padmaja and Disha. Six in-close corrections, all wrong-row or unit errors in my own script: Kartik rajgira took the fresh amaranth leaves instead of the grain; Yash chana masala took the chole-masale spice instead of the legume; Padmaja shake milk took the milk-BREAD row; Disha cheese slice took the jalapeno dip and mushroom took the mushroom seasoning; a 150g tomato request emptied Disha 8-piece row; Paxal carrot/cucumber/sweet-potato gram orders had been added to piece-unit rows. STILL PENDING: Rahul & Radhika 3-Sep deduction and Pratik & Sakshi 3-Sep deduction."
h8,h8,2026-09-02,note,"Pratik & Sakshi 2-Sep: an order landed AFTER the full pantry overwrite and BEFORE dinner — 12 lines booked (tomato 1kg, broccoli 200g, poha 500g, green chilli 100g, potato 1kg, mushroom 200g, spinach 500g, paneer 200g, pumpkin 500g, beans 250g, cashews 250g, mint 100g). The two flags I had raised on the 2-Sep dinner (mint and green chilli both 0 for the green coriander chutney) are WITHDRAWN — the order supplied both, and 30g mint and 15g green chilli have now been deducted. Sequence on this board for 2-Sep is: pantry count -> order -> dinner."
ALL,sys,2026-09-03,note,"3-Sep completion: R&R order booked (green chilli 100g, mixed berries 200g only) and their full day deducted; Pratik & Sakshi breakfast and lunch deducted with DINNER DELIBERATELY LEFT OUT per instruction. Two unit corrections: a 1-piece onion request took 1g from P&S gram row (fixed to 80g), and a 60g capsicum request emptied R&R 2-piece yellow capsicum row (fixed to 0.5pc). ALL NINE HOUSEHOLDS ARE NOW CLOSED FOR 3-SEP, with P&S dinner the only outstanding deduction."
h5,h5,2026-09-03,note,"R&R 3-Sep updates (Bhavya): (1) CUCUMBER IS PRESENT — my 2-Sep EOD count wrongly swept it to 0 because it was not on the counted list; traced the ledger back to the 400g it stood at after the 1-Sep deduction, restored it, and applied today 100g breakfast slices and 100g kachumbar, leaving 200g. The three zero-stock cucumber flags from today are withdrawn. (2) Moong dal split set to 0 — over. (3) Kikkoman soy sauce 550ml -> 20ml, very low. (4) Kabuli chana / chole 300g -> 50g, low. Soy sauce and kabuli chana are both worth adding to the next order."
h5,h5,2026-09-03,note,"R&R 3-Sep updates (Bhavya): onion 1.5kg, spring onion 125g, mint 60g, spinach 100g, coriander 100g, green moong 50g, quinoa 500g, rajma 300g, skyr 5 tubs (500g not 600g), blueberry 90g, tomato 1kg, banana +500g, orange +1pc, Heritage milk +500ml, butter 150g, eggs 19, ginger 200g. CHICKEN ANSWERED: the thigh had been DOUBLE-DEDUCTED today — the ledger shows -600g (1000->400) and then a second -400g (400->0) for the same shammi-kebab dinner, which needed 600g once. The duplicate line is deleted and the thigh set to the 500g confirmed present. The 400g chicken breast was sitting at 0 on a Meat row from the 15-Aug count and has been restored. Both are now visible in the Meat section."
h5,h5,2026-09-03,note,"R&R: three wrong-row hits from the 19-item update corrected — the fresh-mint figure had landed on ""Pudina (dried)"" (restored to 170g, fresh mint set to 60g on its own row); the orange had landed on ""Camellia Bayleaf Orange Tea"" (restored to 10pc, 1 orange added to the Orange fruit row); and the banana row had been mixing 3 pieces with a 500g addition, so it is now held in grams at 500g as counted. Ginger was already at 200g so no change was needed."
ALL,sys,2026-09-03,note,"SYSTEMIC DOUBLE-DEDUCTION FOUND AND REPAIRED (raised by Bhavya on Disha spinach, chicken breast and eggs). My 3-Sep deduction scripts RAN TWICE, producing 53 duplicate deduction lines on 3-Sep across ALL EIGHT closed households, plus 1 older duplicate on Kartik from 24-Aug (chicken breast for the marry-me pasta). Examples Bhavya caught: Disha spinach 250g ordered then deducted 150g AND 100g (board showed 0 instead of 100g); chicken breast 450g ordered then deducted 200g twice (50g instead of 250g); 12 eggs ordered then deducted 6 AND 4 (2 instead of 8). REPAIR: for each duplicate group the largest single deduction was kept as the real consumption, the extra 54 lines were deleted, and 51 SKUs were credited back with the over-deducted quantity. PREVENTION: pp_deduct.py now carries a hard guard — a given (household, date, dish, SKU) can only be deducted ONCE; a repeat attempt is refused and reported instead of applied. Verified: 0 duplicate groups remain, and the guard was tested by running the same deduction twice."
ALL,sys,2026-09-03,note,"Follow-up to the double-deduction repair (Bhavya): my repair rule kept the LARGEST of each duplicate pair, which was wrong wherever the two lines disagreed and the smaller was correct. Disha eggs: 12 ordered, the green shakshuka is 2 pax x 2 eggs = 4, but the kept line said 6 — corrected, eggs now 8. Padmaja apple: the shake needs 1, the kept line said 2 — corrected, apple now 3. Also added 2 pc cucumber to Disha. Other pairs with differing quantities were checked and the kept figure matches the plan (Munz eggs 13 = Munz 2W+5wh + Soozy 1W+5wh, Munz greek yogurt 360 = the 4-pot cadence, Disha tomato 1.5pc = the corrected piece figure)."
h5,h5,2026-08-31,note,"R&R: Vermicelli rice noodles 335g added as a NEW row, dated 31-Aug (Monday) and booked as a late-captured order line. AUDIT: the 31-Aug order I received listed 36 items and all 36 were booked, plus the 3 added later (chicken thigh 1.5kg, basa 500g, almond wraps) = 39 lines, all accounted for. Vermicelli was in none of them, and appeared in NO R&R order or physical count at any point in the history — so this is an order-capture gap, not a deduction or sweep error. The board previously held only three look-alike rows, all at zero: Sweet potato glass noodles, Sweet potato noodles, Appam idiyappam mix. Never-match guards added so vermicelli cannot resolve to any of them. STANDING FIX: read Tequila carts directly rather than working from dictated lists — the same gap produced Shunyam missing chicken (25-Aug) and Yash missing atta (28-Aug)."
h3,h3,2026-09-03,note,"Disha & Anirudh: lemon 250g booked as a 3-Sep ORDER — Bhavya confirmed it was ordered today, not carried over from the 24-Aug lot. NOTHING ELSE RESTORED: the other 11 items my 2-Sep sweep cleared (onion shallots, curd, generic chicken, cherry tomato, feta, spring onion, green beans, curry leaves, blueberry, beetroot, zero-maida bread) stay at 0 on instruction — do not add anything from the past. STANDING RULE going forward: a short item list is SET-THESE-VALUES-ONLY and must not sweep anything unspecified; only sweep when told it is a FULL count."
ALL,sys,2026-09-03,note,"Two of my errors corrected (both raised by Bhavya). YASH KASURI METHI: on 31-Aug a fresh-methi deduction wrongly hit the Kasuri methi row; when I corrected it I moved the deduction to Methi leaves but set the kasuri row to 0 instead of restoring its 50g — the kasuri methi was never consumed. Restored to 50g. PADMAJA RICE: the rice is BROWN sona masoori, not plain sona masoori. The row is renamed ""Sona masoori brown rice"" and moved Dals -> Grains, and the separate ""Brown rice"" row I created for the 3-Sep order has been merged into it (5000g + 1000g = 6000g) since it is the same product. SKU Knowledge guard added so this rice is never split into two rows again."
ALL,sys,2026-09-03,rule,"PADMAJA SONA MASOORI CORRECTED: the 5kg was not a capture error on my side — the 24-Aug baseline upload itself said ""Sona masoori rice 4.2kg"". Bhavya confirms it was 1kg, so the baseline is corrected and the row recomputed: 1000 baseline + 1000 (1-Sep order) - 200 (1-Sep herbed rice) + 1000 (3-Sep order) = 2800g. CONFUSABLE-FAMILY GUARDS ADDED ACROSS ALL BOARDS so the kasuri-methi class of error cannot recur: kasuri methi / fresh methi leaves / methi seeds are now mutually never-match, and coriander powder / coriander seeds / fresh coriander leaves likewise. A deduction for one form can no longer land on another. This was the exact cause of the 31-Aug Yash error (fresh-methi deduction hit the kasuri row) and of earlier coriander-powder mis-hits."
h11,h11,2026-09-03,note,"Padmaja & Rohan rice CORRECTED (Bhavya): sona masoori 4200g and brown rice 1700g are SEPARATE products, held on separate rows. My earlier actions on this were both wrong — I first merged brown rice into the sona masoori row on the assumption they were the same product, then recomputed the sona masoori down to 2800g on the assumption the 4.2kg baseline was an error. Both are undone: the 24-Aug baseline figure of 4.2kg was correct all along. SKU Knowledge now guards the two apart in both directions so neither can absorb the other again."
ALL,sys,2026-09-04,note,"Fri 4-Sep W36 close: 8 households closed (Pratik & Sakshi still to be deducted). Shunyam finally has a W36 plan after four days, though Friday itself is blank; Munz and Paxal are also blank for Friday. Orders: R&R 6 lines, Munz 1, Padmaja 2, plus 4 stock additions for Kartik. KARTIK NOT DEDUCTED — the Emergent Friday plan is byte-identical to Thursday and those items were consumed on 3-Sep, so the four deductions that went through were reversed rather than double-counting. Five corrections: gram requests emptied R&R 7-piece carrot row, Yash 1-piece red capsicum and 2-cob sweet corn; a bread deduction hit Disha breadcrumbs; and the Padmaja milk order hit the MILK BREAD row for the SECOND time — a permanent never-match guard is now on that row."
ALL,sys,2026-09-04,rule,"TWO CHANGES (Bhavya 4-Sep). KARTIK: Thursday 3-Sep NOTHING WAS COOKED — all 7 deductions reversed and the stock restored (rajma, sardines, parwal, urad, onion, khapli, amaranth grain). The Friday plan is CONFIRMED ACCURATE, so the same dishes were deducted for 4-Sep instead; the plan genuinely repeats rather than being stale, which is the opposite of what I assumed earlier. FLAGS on Friday: kala chana 0 for the bara gugni, no flax-seed row for the soak, rajma 100g against 150g. YASH & MANIK NEW STANDING RULE: deduct at ONE-PERSON portions despite 2 residents — they eat very little. Today deductions have been re-based accordingly and the difference credited back. Recorded on the Index row and in the Deduction method sheet so every future close applies it."
ALL,sys,2026-09-04,rule,"4-Sep batch of updates applied across Kartik (veg+fruit full overwrite, other sections untouched), R&R, Disha, Padmaja and Yash. RCA of WHY these updates were needed — three distinct causes, all mine: (1) SWEEPS DESTROYING REAL STOCK — Kartik veg overwrite cleared 12 items, R&R skyr/dog-chicken confusion, Yash milk rows; the fix already recorded is that a short list is set-these-values-only, but a FULL overwrite still removes items the household actually has, so every overwrite must be read back to Bhavya before it is treated as final. (2) PORTION NORMS TOO HIGH — measured against today corrections, Yash & Manik actual consumption is roughly ONE THIRD of the 2-pax norm, not one half; the 1-person rule set earlier today still over-deducted milk by 400ml, mushroom by 150g, beetroot by 0.75pc and sweet corn by 0.5 cob. Deduction method updated to one-third for h10. (3) WRONG-ROW HITS ON SNACK/PROCESSED LOOK-ALIKES — today a fresh lady-finger count landed on ""Fruit Treat bhindi chips""; guard added. This is the same family as green-chilli-sauce, milk-bread, pudina-dried, orange-tea, breadcrumbs and chole-masale. The durable fix remains routing every close through pp_deduct.py, which consults the SKU Knowledge guards, instead of hand-written row lookups."
h4,h4,2026-09-04,note,"Kartik & Dhara: green chilli 100g, curry leaves 122g and coriander 100g RESTORED — my 4-Sep veg+fruit overwrite had swept them because they were not on the counted list, but they are present. This is the third time a full overwrite has removed items the household actually had (R&R cucumber, Disha lemon, now these three). Everyday aromatics — green chilli, curry leaves, coriander, mint, ginger, garlic — should be treated the same way as onion and potato: never auto-removed by an overwrite, only cleared when explicitly told they are finished."
ALL,sys,2026-09-04,note,"TWO APP CHANGES (v21_668). (1) RED/YELLOW/GREEN COLOURING RESTORED — a regression I introduced on 28-Aug: shelf life moved to the ppShelfG() resolver, which keys its SHELF table by a normalised name (""buttonmushroom""), but boxColour() kept looking up the raw name (""Button mushroom"") and never matched, so every chip lost its tint. boxColour now calls ppShelfG. Verified: 132 chips on Yash — 20 red, 12 yellow, 100 green, 0 uncoloured. (2) PP ASSISTANT ADDED — a chat panel (bottom-right, ""PP"") scoped to the household on screen. It resolves synonyms through SKU Knowledge (jeera->Jeera powder, rava/sooji->Suji, dhaniya->Dhaniya whole, bhindi->Bhindi (okra)), answers stock / when-bought / where-used questions directly from the board, orders and deductions ledgers with dates and before->after figures, and hands ""why"" / RCA questions to Claude with ONLY the retrieved records as context and an instruction to cite dates and never invent. No writes — read-only over the in-memory workbook."
ALL,sys,2026-09-04,rule,"FULL DATA ENRICHMENT + CAPTURE WORKFLOW (Bhavya instruction, 4-Sep). (1) All 1,224 deduction lines rewritten to a full-context standard: date+weekday, household, meal and dish, SKU with -qty and before->after, pax (from the close record or Index), applicable norm (legume 50g/person at soak; rice ~100g; roti ~40g atta; Munz milk/yogurt cadence; h10 one-third), source (Emergent plan vs Bhavya instruction), flags (SHORT/NO STOCK/NO ROW/CORRECTED), the reason as originally recorded, and an excerpt of that day close note. Before this, 49% of reasons were bare (""B"", ""L salad"") and only 9% stated pax. (2) All 3,089 order lines enriched with source (onboarding baseline / Bhavya-dictated list / late capture / replaces-previous / Tequila read), effect (ADD vs SET), and same-day history context. (3) 616 board-row notes and 14 history entries relabelled so every count-driven value reads ""Bhavya overwrote — smart-list check result"". (4) NEW ""Change Log"" sheet: one row per change with when/household/kind/sku/old/new/delta/unit/source/reason/ref, backfilled with 6,370 entries from Deductions, Orders, board overwrites and History. book.py, apply.py and pp_deduct.py now write to it on every change, via pp_changelog.py. (5) PP assistant reads the Change Log per item and per window. (6) Workflow documented in PANTRYPULSE_HANDOFF.md as mandatory."
ALL,sys,2026-09-04,note,"PP ASSISTANT v2 (v21_672). LIST-CHECK MODE: paste a comma- or line-separated ingredient list and PP returns a tick/cross table — asked term, status (tick / low / cross), every matching SKU with quantity and last-touched date, SKUs at 0 listed separately, and for a cross whether the item was captured-and-finished (safe to order) or never captured (confirm before ordering, with near-miss rows to check). MATCHING: two layers — SKU Knowledge aliases per household, plus a 44-family Hindi/regional/English dictionary (jeera/zeera/cumin, dhaniya/kothmir/coriander, rava/sooji/semolina, haldi, hing, bhindi/okra/lady finger, pyaz, tamatar, lehsun, adrak, hari mirch, doodh, dahi, anda, and ~40 more). Every form of an ingredient is shown so a team never orders cumin while jeera exists. PRECISION: family-token filter (kills patta->atta, anda->coriander), per-family exclusions (chole excludes dal/masala/roasted/kala; aloo excludes sweet/chips; jeera excludes rice/aloo masala; doodh excludes almond/coconut/oat), processed-food blocklist (sauces, chips, popcorn, laddu, pasta, bread unless asked for), and parenthetical aliases kept as tokens (""Bhaji mirch (green chilli)"" now matches hari mirch — it had been a false cross). Verified on all 9 boards for cumin, hari mirch, dhaniya and anda. UI: 540px panel (860px expanded), gradient header, quick-prompt chips, multi-line paste, typing indicator, colour-coded availability rows."
ALL,sys,2026-09-04,note,"PP v2.1 (v21_674) — FALSE-CROSS FIX raised by Bhavya: ""blueberry"" on Paxal & Sana returned a cross while ""Imported blueberry 125g"" (50g) sat on the board. Cause: the row name was plural/branded and token comparison was exact. Fix: every token on both sides is now singularised (blueberries->blueberry, tomatoes->tomato, ies->y) before comparison, in the direct-name scan, the family scan and the family-token filter; 25 fruit families added (blueberry, strawberry, mixed berries, kiwi, grapes/angoor, orange/santra, pear, mango/aam, papaya, guava, pineapple, watermelon, muskmelon, dragon fruit, avocado/avacado, rambutan, cranberry, raspberry, peach, plum, cherry, lychee, custard apple, sapota, jamun, amla, mosambi, tender coconut). Product-derivative exclusions added so fruit questions do not return yogurts/jams (blueberry excludes yogurt/jam/syrup; beans excludes vanilla/baked/kidney/moth/soy/coffee). SELF-TEST: every single-word in-stock row on all 9 boards, asked by its singular form, is found — 347/347."
ALL,sys,2026-09-04,note,"PP STORY CARD (v21_676) — Bhavya said the raw enriched ledger text was unreadable. Usage / where-used / how-much / ledger / history questions now render a visual STORY CARD instead of dumping text: (1) a headline with two big numbers — on the board now, and total used across N dishes; (2) ""Where it went"" — a bar chart of every dish the SKU was used in, largest first, with the quantity; (3) ""The story, oldest to newest"" — a vertical timeline with green dots for orders (+qty) and red dots for deductions (-qty for <dish>, before->after), each carrying a one-line reason only when it adds something beyond the dish name. The [ENRICHED] machine prefix is stripped to the human reason. The card covers every SKU in the ingredient family (e.g. all paneer rows) so nothing is missed. These questions are answered fully from the card and no longer call the model. Example verified: paneer on Yash — 200g on board, 800g used across 7 dishes (paneer bhurji 200, methi malai paneer 200, kofta 150, sandwich 100, chilli 100, paratha 50, palak 0), full timeline 24-Aug to 3-Sep."
h10,h10,2026-09-04,note,Yash & Manik: paneer removed on instruction (was 200g -> 0).
ALL,sys,2026-09-04,note,"SKU DOSSIER PANEL (v21_677, Bhavya request). Clicking any chip on the dashboard slides in a right-hand panel with the full life of that SKU: (1) header banner — PLANNED THIS WEEK with the day/meal/dish it is needed for, resolved through the same synonym matcher as PP, or ""Not in this week’s meal plan""; (2) photo placeholder for the cook’s live images (integration pending); (3) three KPIs — on the board now, bought in total with purchase count, used in total with times and dish count — totals are kept PER UNIT and never summed across g and pc; (4) BLENDED STOCK notice when today’s stock is a combination of several purchases since the row was last at zero or last physically counted (e.g. carrot restocked on top of carrot), listing each lot with date and quantity, and a baseline note when a count reset the row; (5) shelf-life gauge — age since last purchase, safe window at 90%, full shelf life, with a fresh/use-soon/past-it verdict; (6) WHERE IT WENT — bar chart of every dish, each with its own recorded unit; (7) TIMELINE oldest to newest with green purchase dots and red deduction dots (before->after, one-line reason); (8) recent Change Log entries. Escape or clicking outside closes it."
ALL,sys,2026-09-04,note,"ORDER UNITS FIXED (v21_678, raised by Bhavya on Paxal zucchini showing ""200 pc"" instead of 200g). Root cause: the app parser read the Orders unit column as an obsolete yes/no flag, so NO order ever carried its unit into the app — every display borrowed the board row current unit, which is wrong whenever a row changed from g to pc (zucchini, carrot). The parser now reads unit and note. Order units are also sanitised: gm->g, pcs->pc, junk values (""fed this session"") cleared — 201 rows cleaned, 2666 rows have no recorded unit and now display as ""(unit not recorded)"" instead of inheriting a wrong one."
ALL,sys,2026-09-04,note,"SKU PANEL SCOPED TO THE LATEST PURCHASE (v21_679, Bhavya). The dossier now tells the story from the most recent buy date onward only: the ""last purchase"" KPI, ""used since then"", ""Where it went since the last purchase"" and the timeline all start at that date. Everything earlier is collapsed under a ""N older events before the last purchase — show full history"" toggle so nothing is lost but nothing clutters. Verified: Yash onion shows the 3-Sep 1kg purchase and the single 150g chana-masala deduction (11 older events folded away); R&R carrot shows the 31-Aug 1kg purchase and the three deductions since (20 older folded). Also fixed in this build: my order-unit sanitiser had broken the if(houses[id]) guard in the parser and stopped the workbook loading — caught before push, boot is back to ~5s."
ALL,sys,2026-09-05,note,"Sat 5-Sep W36 close: ALL 9 households closed. P&S fed and deducted sequentially by timestamp across 3/4/5-Sep with four interleaved orders (soaked legumes deducted at soak only). Orders: R&R 5, Kartik 2, Yash 2, Padmaja 1, P&S 22. Three wrong-row hits caught: Kartik mutton -> mutton liver, P&S beetroot -> quinoa wraps, Padmaja shake milk -> Milk bread (3rd time — hand-written cuts bypass the SKU Knowledge guard; the durable fix remains pp_deduct.py for every close). One self-inflicted miss: an exclusion pattern containing ""quinoa"" blocked quinoa from matching quinoa — corrected. GENUINE GAPS: R&R has NO MUTTON for the mutton biryani both meals; Paxal paneer/carrot/beans/onion all 0; P&S paneer 0 for two dishes; Disha skyr and curd 0; Yash curd 0."
ALL,sys,2026-09-05,rule,"CONVERSIONS RULE ADDED (Bhavya). A processed form of an item is the SAME stock, not a new SKU: peeled pomegranate/peeled garlic/grated coconut are the raw item transformed — one row, no double count. Consuming conversions (milk->curd, milk->paneer, cream->butter, tomato->puree, lemon->juice) deduct the raw item and record the output as made. New ""Conversions"" sheet lists the pairs. Applied to Disha: onion regained to 5pc; peeled garlic 100g is the single garlic row (fresh 0 points to it); Pomegranate (peeled) 100g confirmed as the converted form. This also explains earlier confusion where a ""peeled"" order created a parallel row while the raw row still held stock."
h5,h5,2026-09-05,count,"Rahul & Radhika — 5-Sep FULL perishable overwrite + staple updates (Bhavya, 54 items). Corrections during apply: chicken 450g went to the human Chicken breast row (the auto-match had hit Zoey’s PET dog-chicken — restored); the 200g red&yellow capsicum went to a combined row (not the yellow-only pc row); ONION kept SAME AS BEFORE as an aromatic; brinjal set to 2pc; ghee kept in ml. Skyr consolidated to 700g (5x100 + 200 more). Diet Coke Gold 19 and Diet Coke 12 added as new Beverage rows. Removed as not in the count: cucumber, broccoli, the duplicate green-beans row, frozen sweet corn, avocado, green moong, apple, frozen peas, strawberry yogurt. NOTE: green moong 390g and frozen peas 500g were removed by the sweep though they are Dals/Frozen staples — restore if they are still in the house."
h10,h10,2026-09-05,count,"Yash & Manik — 5-Sep FULL perishable overwrite (Bhavya, 30 items). Corrections: the fresh-lemon count had landed on bottled Lemoneez (restored, Lemon set to 2pc). Curd not available (0). Curry leaves, peeled garlic, onion, potato and mint KEPT SAME AS BEFORE as aromatics. Chicken keema 330g and button mushroom 200g were not in the count but KEPT and flagged VERIFY (distinct fresh items). Frozen peas kept same as before. Removed as genuinely not counted: the green/red capsicum (only yellow 50g was listed), the second sourdough sliver, chicken keema stays flagged. Chicken leg boneless set to 100g; fish 150g on the seer-fish row."
ALL,sys,2026-09-05,note,"CATEGORY DISPLAY BUG FIXED (v21_681, Bhavya spotted white sesame seeds under Dairy). Root cause: itemsOf() built sheet-only rows (extra:true) and even some MASTER rows without a category, so the dashboard section-grouping bucketed undefined into Dairy. The category now comes from the household perish/items data first, then MASTER, then a name-based guess (dairy/meat/fruit/veg/bread/beverage/pantry). White sesame seeds correctly sit under Staple. Plus the Munz 5-Sep overwrite."
ALL,sys,2026-09-05,note,"DATES/WALNUT CATEGORY FIXED PROPERLY (v21_683, Bhavya raised repeatedly). Root cause found: the dashboard bucket function _bkt() classifies by BUCKET[name] || cat, and while dates/walnut carried cat=""Staple"", the section renderer was still placing them under Fruits. Fixed decisively: explicit BUCKET entries added for every nut/seed/dried-fruit (dates, walnut, almond, cashew, pistachio, raisin, anjeer, sesame, pumpkin/sunflower/chia/flax seeds, peanut, makhana, brazil nut, seed mix) forcing them to Staple, PLUS a name-substring rule in _bkt as a safety net (excluding almond-milk/peanut-butter/etc). Verified: Dates and Walnut now render under the STAPLES card, not Fruits. YASH 5-Sep updates: tortilla wrap 2pc (not 250g), onion 1kg, potato 7pc, button mushroom confirmed OVER (0), fresh cream marked OPENED."
h10,h10,2026-09-05,note,"Yash & Manik: fresh mint (125g) CONVERTED into mint paste 50g. The mint section in veggies is removed (the raw mint is consumed by the conversion) and mint paste added under Condiment as the made output. Recorded as a mint->mint-paste conversion so PP/the panel show it as a transformation, not a loss."
ALL,sys,2026-09-05,note,"SKU AGE now traces to the real LAST ORDER by ingredient family, not the count/overwrite date (v21_684, Bhavya). The panel resolves the SKU through the same fuzzy matcher PP uses, then matches any order whose name is in that family — so beetroot ages from an ""Ooty beetroot"" order, chicken from ""chicken leg"", etc. (verified: Padmaja beetroot now shows 2 days old from the 3-Sep Ooty beetroot order). When there is genuinely no purchase on record, the age falls back to the last stock check and SAYS SO (""from last stock check — no purchase on record"") rather than pretending the overwrite was a buy. Deduction/used totals in the panel now also include family variants. Also: Yash mint paste moved to the Vegetable (veggies) section on instruction."
h11,h11,2026-09-05,note,"Padmaja & Rohan: Saturday DINNER was blank at close time but the plan was updated at 12:41 to a chipotle chicken burrito bowl (use brown rice) + mint chutney. Deducted after the fact: chicken (the breakfast-marinated portion), brown rice 150g, beans, chipotle dressing, onion, lettuce, sweet corn, avocado for the bowl; mint, coriander, green chilli, lemon for the chutney."
ALL,sys,2026-09-05,note,"VERSION-FRESHNESS NUDGE ADDED (v21_685, Bhavya request). Every 90s (and whenever the tab regains focus) the app fetches the live build tag from the deployed file and compares it with the build this tab loaded. If a newer build is live, an always-on green banner slides up from the bottom: ""A newer version is live — you’re on vNN, latest is vMM. Refresh to get the latest data and fixes"" with a ""Refresh now"" button (hard reload) and a ""later"" link that re-nags in 10 min. Nothing shows when the versions match. This directly addresses the recurring stale-cache confusion where the team was viewing an old build and thought a change had not been applied. Whitelisted in paint() so it survives repaints."
ALL,sys,2026-09-05,note,"IN-APP REFRESH BUTTON FIXED (v21_686, Bhavya). There were two refreshes and only one worked: (1) the BROWSER reload of the URL pulls the newest code+data and is the correct one; (2) the in-app ""Refresh"" button called refreshFromSheet(), which looked for an EXTERNAL Google Sheet URL that this deployment never sets, so it fell through to a file-picker — useless and misleading. Replaced it with a clear ""↻ Reload app"" button that does a cache-busting hard reload (location.replace with a timestamp), i.e. the same thing as a browser refresh, so the two are now consistent. The old refreshFromSheet path is removed from the header. Pairs with the version-freshness banner from v21_685."
ALL,sys,2026-09-05,note,"HEADER NOW SHOWS ""updated <date, time>"" INSTEAD OF A VERSION TAG (v21_687, Bhavya). A build timestamp (BUILD_TS, IST) is stamped at push time; the title pill and the Today-row tag both read e.g. ""updated Sat 5 Sep, 7:58pm"" so the team immediately sees how fresh their data is, rather than a meaningless v21_nnn. The raw build number is preserved in the hover tooltip for support. The version-freshness banner text was also simplified to ""your app is out of date — refresh""."
h12,h12,2026-09-05,onboard,"NEW HOUSEHOLD ONBOARDED: Akshita & Aarav (h12), 2 people. 180 items loaded from akshita_mega.xlsx with auto-bucketing: Vegetable 32, Fruit 11, Meat 1, Dairy 18, Bread & bakery 1, Frozen 1, Grains 16, Dals 18, Spice 34, Condiment 15, Beverage 1, Staple 32. Free-text quantities parsed (both ""500g almonds"" and ""garlic 115g"" orders; glued forms like ""feta cheese115g"", ""shahi garam masala 80"", ""4lemon"" handled). Duplicate lines summed (e.g. almonds 500+350=850g). One line ""chilli chatter cheese"" had no quantity — held at 0, flagged verify. Second resident name is a PLACEHOLDER (Aarav) — the upload only named Akshita; rename when known."
h12,h12,2026-09-05,note,"Akshita & Prerit (h12): 2nd resident named Prerit (Bhavya). NOT count-driven — deduction-driven like the main houses. Emergent household confirmed: it is spelled ""Akshita & Prerik"" on Emergent (with a k), has a live W36 plan (7 days, updated 5-Sep). The app must query Emergent with ""Akshita & Prerik"" while displaying ""Akshita & Prerit"" — added to the HOV_NAME reverse-map. Chilli chatter cheese corrected to Chilli cheddar cheese 200g."
ALL,sys,2026-09-05,note,"TWO FIXES (v21_690, Bhavya). (1) THE ""updated"" TIME WAS FROZEN/WRONG: BUILD_TS had been hard-coded once (19:58, wrong timezone) and never refreshed. Now pp_git_push.py STAMPS BUILD_TS with the real current IST time on every push, so the header ""updated <date, time>"" is always accurate to the actual deploy moment. (2) THE VERSION BANNER WASN’T APPEARING: the poll used a Range byte-request that Vercel/CORS could reject, and it only compared build NUMBERS. Fixed: it now fetches the live file normally (no Range), reads both the build tag AND BUILD_TS, and shows the banner if EITHER is newer than the loaded copy — so even a same-numbered rebuild with a newer timestamp triggers it. The banner also shows the live build’s update time. Verified both triggers fire and the banner hides when versions match."
ALL,sys,2026-09-05,note,"AUDIT FIX BATCH APPLIED (from an external review of v21_679, adapted to the current v21_690 build; shipped as v21_691). Applied by intent since the current build had moved past the patch anchors. Key changes: (1) ppBestRow() helper — every duplicate-row lookup (handover ledger, PP resolver, SKU panel) now picks the LIVE row over the zero skeleton (in-stock > most-recently-checked > larger qty), fixing the long-standing ""lands on the 0 row"" class. (2) SKU panel notes when N rows share a name. (3) PP confusable families SPLIT into separate entries — coriander leaves/powder/seeds and methi fresh/kasuri/seeds — with EXCL guards so each form excludes the others; a ""coriander powder"" ask no longer returns seeds first. (4) PP ""why/RCA"" answers now render markdown (headings, bold, bullets, pipe tables) via ppbotMd, and carry the last few Q&A as chat memory for follow-ups. (5) ppEnrich job cap 15->60, zero-width chars stripped from dish text, h10/h11/h12 speaker prefixes recognised. (6) BAD/never-offer list extended to do-not-use/merged/_dup_/expired rows. NO deduction logic, norms, smart-list lock or write-back touched. The uploaded prompt’s section 5 lists 10 deeper defects (per-dish norms, per-person plan lines, h10 one-third in the engine, pp_deduct changelog wiring, P&S phantom rows, expired-stock counting, board dedupe) — those change behaviour Bhavya owns and are NOT applied here; surfaced as decisions."
h13,h13,2026-09-02,onboard,"NEW HOUSEHOLD: Samidha & Arinjay (h13), 2 people. Baseline inventory of 98 SKUs loaded as of 2-Sep EOD. Then orders will be fed sequentially 3/4/5-Sep and meal plans deducted, closing 5-Sep. Deduction-driven."
ALL,sys,2026-09-05,rule,"MASTER FnV SHELF-LIFE AUDIT APPLIED (from an approved external review; shipped as v21_693). 695 Master FnV rows corrected to class-referenced values: spices/oils/ghee/dals/sauces/tea/supplements -> 365d; sugar/honey/salt -> 730; flours/grains/nuts -> 180; butter -> 60; cheese 45/30/90; milk pouch -> 3; eggs -> 21. 513 board SKUs that had no sheet row (and were falling to the 7-day default) added with class values. SHELF regenerated from the sheet: 2014 keys (was 1501), first-occurrence wins — 1 duplicate-key conflict (Cornflour 180 vs 365, kept 180). MASTER FnV IS NOW THE SINGLE SOURCE OF TRUTH for shelf life; SHELF is generated from it and must never be hand-edited. Value probes all match the reviewer spec (Butter 60, Whey 365, oils/dals/spices/soy 365, Honey 730, Milk 3, Eggs 21, Coriander 4; unchanged Ghee 365, Paneer 3, Curd 7, Spinach 4). Red dashboard chips dropped from ~232 to ~183 across the now-11 houses — items like ghee, butter, whey protein, dates, peanut butter, dark chocolate, cokes no longer falsely red; genuinely short-life items (pouch milk, peeled garlic, coriander leaves, paneer, dog chicken) correctly stay red. No deduction logic, norms, smart-list lock or write-back touched. Bhavya rules preserved (leaf 4, curry leaves 4, peeled garlic 4, sprouts 3, opened cartons 4, frozen 180). Judgement calls shipped as approved: Wieli 365 UNVERIFIED, soup mix 365, boondi 90, 53 produce rows within +-1d left alone."
ALL,sys,2026-09-06,rule,"PP ASSISTANT MADE CONVERSATIONAL (from an approved external review of 26 multi-turn + 72 single-shot tests; shipped as v21_694). The whole assistant front-end was replaced: PPCONV thread state (follow-ups inherit the last topic + intent, pronoun/ellipsis resolution ""how much""/""and tomato?""/""is that correct"", corrections, relative days ""the day after""), 17 intents (greet, ack, help, source, read-only action guard, category lists veg/fruit/dairy/dals/spices/fridge/everything, low, expiring/age, cooked, meal plan, orders, deductions, change log, usage rate, need-vs-have, story, why-via-model), multi-item + typo-tolerant term extraction (Damerau-Levenshtein with family preference and a no-fuzz list) with EXACT-FAMILY PRECEDENCE so coriander seeds / kala chana / sweet potato / methi dana / dhaniya powder / chole / moong dal / kasuri methi always resolve to themselves and are never re-interpreted. The model path now gets the whole conversation + a board snapshot + meal-plan facts. Fixes bundled: ppFamilyOf whole-word (the substring bug where ""everything"" resolved to hing — shared with the Handover cart resolver); ppStory on-hand shown per unit (8 pc not 8 g), unit-less orders marked ""(unit not recorded)"", English titles (Onion not Pyaz); clear/house-switch reset the thread. VERIFIED: single-shot could-not-match count 0 (was 24) across 88 questions on 4 houses, 0 page errors; thread/greet/category/low/expiring/typo/exact-family/read-only all pass. NO deduction logic, norms, smart-list lock, write-back or api/pp.js touched. Assistant stays read-only. Judgement calls shipped as approved (low threshold, expiring <=2d, need estimates labelled rough, curd/skyr one family)."
h4,h4,2026-09-06,count,"Kartik & Dhara — 6-Sep TWO overwrites (Bhavya). (1) GRAINS/DALS/PASTA overwrite to a 29-item list: all pasta, papads, flours, rice, millets, dals and pulses set; 13 not-listed grains/dals swept (urad, quinoa, green moong, rolled oats, sushi rice, basmati, khapli, sonamasoori, broken brown rice, white-peas dup, spaghetti dup, farfalle dup). Corrections: atta had hit atta-noodles (moved to a real Atta row); amaranth leaves vs amaranth grain separated (grain kept 150g). Haldi 400g, groundnut oil 50ml, bay leaf 50g, cashew 150g also set from the list though they are Spice/Oil/Nut. NON-GRAIN STAPLES KEPT (not overwritten): 41 spices, oils, pantry, dairy, nuts, beverages, per the instruction to not overwrite unlisted staples. (2) PERISHABLE (veg+fruit) overwrite to 19 items: onion to 11 pc, potato 5 pc, tomato 9 pc, ginger 600g, garlic 125g, plus fruit. Green chilli and lady finger swept (not in the veg list, as instructed)."
ALL,sys,2026-09-07,note,"Sun 7-Sep close: ALL 11 households closed, ORDERS-ONLY. The W37 Sunday plan is blank for every meal across all households on Emergent (Mon-Sat have content, Sunday empty), so no meals were deducted. Orders booked: R&R 21 lines (eggs 24+12=36, oats 1.2kg set, chicken thigh 2.3kg, big veg restock), Padmaja 23 (pad-thai kit: noodles, red curry paste, chilli/mushroom/soy sauce, prawns, tofu, brown sugar; +ginger/parsley/dill/lemongrass/baby corn), Kartik paneer 200g + curd 400g set, Yash 12 (milk 1.5L + curd 500g set, chicken leg, paneer, mushroom, tricolour caps 3pc), Samidha 18 (paneer, peanut butter, plant protein 500g, veg restock, walnuts), Akshita 6 (paneer, avocado, lady finger, sesame, cauliflower, quinoa). MUNZ & SOOZY order still OUTSTANDING — Bhavya to send. Unit fixes: R&R eggs to 36pc, Yash tricolour caps and Samidha capsicum given their own piece rows (gram rows restored)."
ALL,sys,2026-09-07,note,"CORRECTION: 7-Sep is MONDAY, not Sunday — I initially read the blank W37 Sunday row and closed orders-only. Fixed: Monday W37 plans (which ARE filled) have now been DEDUCTED for all households. The 7-Sep ORDERS booked earlier were correct and unchanged; only the missing meal deductions were added. Meat mis-hits corrected: R&R keema off the empty mince row onto the 2.3kg thigh; Yash chicken off ""Laal mirchi"" onto chicken leg; Soozy chicken off a chilli row onto the 1200g breast. Disha Monday blank (nothing cooked). Pratik plan is under the key ""Sakshi & Pratik"" — not deducted this pass, needs a verify. Munz order still outstanding."
h2,h2,2026-09-07,note,"Munz & Soozy 7-Sep order booked (was outstanding): eggs +20 (14->34), mustard sauce 320g set, parsley +550g, zucchini +1, carrot 500g, button mushroom 1 packet, rosemary 10g, chicken breast +800g (500->1300 on the Licious row Monday meals drew from), Indian prawns +250g (FreshToHome, not the older lot). All 11 households now fully closed for Mon 7-Sep."
ALL,sys,2026-09-07,note,"POST-CLOSE AUDIT of Mon 7-Sep (Bhavya, all HH except Pratik & Sakshi). Found and fixed: (1) Yash chicken tikka DOUBLE-DEDUCTED (my earlier meat-fix re-added the line without deleting the first) — duplicate removed, 170g chicken restored. (2) Munz high-protein oatmeal hit the empty ""Oats"" row while ""Rolled oats"" had 560g — moved the 30g there. (3) Shunyam skyr, Yash bread, Kartik parwal, Paxal potato, R&R cabbage/beetroot, Akshita onion, Samidha lettuce were piece/slice rows flagged SHORT only because the norm was in the other unit — relabelled as fine (correct quantity used). No negative balances anywhere. GENUINE gaps left (real, not fixable): Kartik tofu 0, Paxal paneer 0, Akshita no broccoli row, Shunyam skyr 0, Yash no peas row + arhar dal short, minor rice/bread shortfalls — these are true stock gaps to order, not deduction errors. Disha Monday blank (nothing cooked). All 11 HH closed for 7-Sep; only Pratik & Sakshi meal-deduction still pending per Bhavya."
h7,h7,2026-09-07,note,"Paxal & Sana: paneer 500g added at the START of 7-Sep (before meals), then the dinner paneer foxtail millet bowl deducted 200g (their standing norm: 200g paneer per meal for 2 people) — ending 300g. The earlier close had flagged paneer NO STOCK because the 500g had not been booked yet. Ajwain WHOLE 50g added as a separate row from the existing ajwain powder. Paneer norm recorded in Deduction method."
h13,h13,2026-09-07,count,"Samidha & Arinjay — 7-Sep FULL perishable overwrite (Bhavya). 31 veg+fruit+perishable-dairy items set (onion 3pc, potato 1200g, cucumber 6pc, carrot 6pc, tomato 600g, plus fruit, greens, 4 Milky Mist greek yogurt=400g, 2 lactose-free milk, butter 120g, almond milk 1L, 1 sourdough slice, eggs 2). 12 unlisted perishables removed (mint, pear, kiwi, brinjal, whole pomegranate->replaced by peeled, old yogurt, idli batter, amul butter/milk dups). CATEGORY FIX: jalapinos->Condiment, white peas->Dals, chilli flakes->Spice (were miscategorised as Vegetable, so they stay OUT of the perishable board and were not swept). Correction: the 4 fresh lemons had hit the lemon-JUICE row — moved to a fresh Lemon row. Staples left untouched as instructed."
h13,h13,2026-09-07,note,Samidha & Arinjay: rajma removed on instruction (was 300g -> 0).
h12,h12,2026-09-07,note,"Akshita & Prerit: moved schezwan sauce, tomato ketchup, red pepper chilli sauce, chilli oil, dry red chilli, chilli flakes and cornflour OUT of Vegetable into Condiment/Spice/Grains (they were miscategorised, cluttering the perishable board). Also cleaned 171 item names to professional casing across the board (lowercase -> Title Case, fixed typos: chillioil->Chilli oil, coriandere->Coriander, cornflower->Cornflour, beetroot-150g qty-in-name split out, sweetcorn->Sweet corn)."
h12,h12,2026-09-07,note,"Akshita & Prerit: moved Fig (dried), Banana millet pancake mix and Blueberry jam OUT of Fruit into Staple (they are pantry items, not fresh fruit — were cluttering the fruit board). Kimchi was already Staple; no peanut-butter row exists on this board (nothing to move). Names kept faithful to the originals, only categories corrected."
ALL,sys,2026-09-07,note,"NAMING CLEANUP across all boards (Bhavya). Fixed GLUED names — ""Peanutbutter""->Peanut butter, ""Oatmilk""->Oat milk — that had been invisible to search and looked unprofessional; brand CamelCase (FreshToHome, GoodLife, MasterChow, Zespri) left intact. Title-cased ~100 lowercase names (mostly Samidha, from its free-text onboarding). Corrected spelling typos while keeping each item faithful: ammond->Almonds, white seseme->White sesame, foxtal millat->Foxtail millet, proso millat->Proso millet, oragino->Oregano, oars jumbo roled->Jumbo rolled oats, extra vergin oil->Extra virgin olive oil, ground nut oil->Groundnut oil, wheat aata->Wheat atta, kalaonji->Kalonji, ajvain->Ajwain, methi daana->Methi dana, idlidosa batter->Idli dosa batter, kasturi methi->Kasuri methi. Originality preserved — only spelling/casing/spacing corrected, never the item itself."
h11,h11,2026-09-07,note,"Padmaja & Rohan: removed apple, guava, strawberry, banana, blueberry and dragon fruit on instruction."
h11,h11,2026-09-07,note,Padmaja & Rohan: paneer (Malai paneer) removed on instruction (was 200g).
ALL,sys,2026-09-07,rule,"DAILY BOARD SNAPSHOTS + UI cleanup (v21_696, Bhavya). (1) Removed the ""Load workbook"" and ""+ Add household"" buttons from the header — onboarding is done via the ops flow, not the UI. (2) NEW ""Board Snapshots"" sheet: every push freezes the closed day’s board for every household (date/household/hid/category/item/qty/unit/status — in-stock rows only). pp_snapshot.py does the freeze; pp_git_push.py calls it automatically on every push, so the LAST push of a day = that day’s locked board. First snapshot: 7-Sep, 1,768 rows across 11 households. (3) READ-ONLY HISTORY: set the Today date-picker to a past date that has a snapshot and the Dashboard shows the SAVED board with an amber banner (""Saved board for <date> — read-only, for reference"") and a Back-to-today button; live boards and today’s workflow are completely unchanged. Design note: the app is a static file with no midnight server, so the snapshot is taken at close/push time rather than at 00:00 — semantically the same moment (the day is final when it is closed and pushed). Snapshots start from 7-Sep; earlier days have no saved board."
ALL,sys,2026-09-07,note,"""bought DD/MM"" chip badge REMOVED from all meats (and everywhere) on Bhavya’s instruction (v21_697). Only the little grey ""bought <date>"" label on dashboard chips is gone; the underlying purchase data is untouched and still visible in the SKU panel’s purchase timeline and in PP. Expiry badges (EXPIRED / expires today / exp DD/MM) are KEPT — they carry a genuine safety signal. Verified: 0 bought badges across all 11 houses, 20 expiry badges remain."
ALL,sys,2026-09-08,note,"Tue 8-Sep close: 8 households closed with Tuesday W37 meals deducted; Disha blank; Kartik & Paxal PAUSED and Pratik & Sakshi WAITING on instruction. Orders: Yash 5, Padmaja 2 (+spinach discarded), Shunyam 5, Samidha 4. Three unit collisions fixed at booking (Yash lemon and Padmaja capsicum given gram rows beside their pc rows; Shunyam milk had landed on skyr). Piece-row SHORT flags relabelled as fine. Genuine gaps: R&R pasta 0, Yash bread 0, Padmaja no protein-powder row and eggs exhausted by the shakshuka before the pad thai, Samidha yogurt 0."
ALL,sys,2026-09-08,note,"CORRECTIONS (Bhavya). (1) Samidha raita: my deduction hit the empty generic ""Yogurt"" row while ""Milky Mist greek yogurt"" held 400g — moved the 100g there (400->300). My error: the resolver took the first name-match instead of the live row. (2) Padmaja protein powder: 1kg exists in the house but was NEVER on the board — added as a row (1000g) and the shake’s 30g deducted (970g). (3) R&R pasta for Skye: checked — all 9 pasta rows are genuinely 0, no pasta order ever recorded, and Skye’s 29-Aug pasta also flagged empty. Awaiting Bhavya’s quantity to add."
h11,h11,2026-09-08,note,"Padmaja strawberry audit (Bhavya): 200g ordered 3-Sep; used in the Fri 4-Sep and Sat 5-Sep breakfast shakes but NEITHER was deducted at the time — my miss. The 7-Sep ""remove strawberry"" overwrite therefore reflected reality (lot consumed). Today’s 200g order is a fresh lot with 100g used in today’s shake -> 100g on the board, correct. BACKFILLED two ledger lines (4-Sep -100g, 5-Sep -100g) so the consumption history is complete; board quantity unchanged since the overwrite already carried the truth."
h12,h12,2026-09-09,count,"Akshita & Prerit — 9-Sep veg+fruit overwrite (22 items) with dairy/protein removals. Set/added per the list (capsicum split into green 3.5pc / red 1 / yellow 1; disco pumpkin, raw banana, broccoli, spinach, curry leaves new). 13 unlisted perishables removed (edamame, raw corn, radish, cherry tomato, sweet potato, mushroom, sweet corn, mint, banana, orange, pear, avocado, cauliflower). KEPT as everyday aromatics: garlic 115g, ginger 90g; ginger-garlic paste moved to Condiment. Orange masoor dal was misfiled under Fruit and got swept — restored and moved to Dals. Dairy/protein: homemade curd replaced by plain Curd 500g; ALL milk (low-fat, boiled, both oat-milk rows), ALL yogurt, paneer and eggs removed on instruction."
ALL,sys,2026-09-09,note,"Wed 9-Sep close: ALL 11 households closed with Wednesday W37 meals. Orders: Yash 3, Disha 7, R&R 10. Wrong-row hits caught: Yash mutton mince had landed on CHICKEN keema (moved to its own Mutton mince row); R&R tomato onto tomato PASTE (moved to fresh Tomato); Disha herbed rice onto rice-bran OIL (corrected); Munz mushroom onto a 1-pack row. Soak-time items (moong, rajma, oats, chickpeas) not re-deducted on cooking day. GENUINE gaps to order: Munz has NO steak/beef row for the grilled steak dinner; Kartik has no dosa batter row; R&R no beans row + lauki/spinach 0; Padmaja eggs/spinach/apple/blueberry 0; Pratik tofu/bocconcini/karela 0 + no amla; Yash chicken short; Disha marinated chicken + protein powder short."
h13,h13,2026-09-09,count,"Samidha & Arinjay 9-Sep board update (operator): 27 items set (rice 300g, brown rice 150g, garlic 4 bulbs, 2 Milky Mist yogurt=200g, etc); sourdough removed; bread and brinjal kept as-is. APPLE and BLUEBERRY marked finished: both WERE deducted from the Mon/Tue/Wed breakfast plans (1 apple Mon, 60g blueberry Tue, 1 apple Wed) but the per-meal NORM under-counted actual consumption — the household finished the lot. Lesson: ""cut fruit"" breakfasts consume more than one piece for 2 people; norm for this household should be 2 pieces per cut-fruit breakfast. Also Yash: mutton mince removed."
h11,h11,2026-09-09,note,Padmaja & Rohan: basa fillets (600g) and tofu (200g) removed on instruction.
ALL,sys,2026-09-09,rule,"SMART LIST v3 REBUILT AND UNLOCKED (v21_700, Bhavya). Model: pick a check-day D (chips Mon-Sun, defaults to today) -> D’s meals are SIMULATED against the live board in memory only (nothing persisted, D is not closed) -> the projected end-of-D stock is compared with D+1’s EVERY ingredient. Five sections: NEED TO ORDER FOR SURE (required for D+1, none on board or finished by D), GENUINELY LOW (some, but short or with thin buffer), D ITSELF CAN’T BE MADE (today’s meals exceed current stock), LEFTOVERS TO CHECK (items D’s cooking should exhaust — confirm nothing left behind), ENOUGH FOR D+1 ✓. Pantry items with no board row (spices/grains/dals) are folded into one collapsed line rather than cluttering ""order"". Ingredient breakdown: recipe-layer needs when present, else derived from dish text via the PP synonym families (so ""cut pear"" on Emergent yields pear), plus bracketed hints (""use lettuce & capsicum""). Norms are per-person class norms (eggs 2pc, fruit 1pc, protein 150g, dal 50g, grains 80g, veg 75g, herbs 15g, spices 3g) with h10 at one-third; count items are forced to pieces and garnish is never multiplied to hundreds of grams. Fuzzy match uses ppResolveAll + live-row preference; gram<->piece converted via GPP. Plans re-read live from Emergent (Re-read button + auto-sync), so plan edits flow straight in. Copy-order-list button. BUG FIXED EN ROUTE: hovPlanForWeek rejected freshly-synced in-memory plans because they lack the __v stamp — this had been silently starving the Handover of live plans after a sync; now accepted."
h14,h14,2026-09-09,onboard,"NEW HOUSEHOLD: Joseph & Teenu (h14), 2 people. 84 items — 25 perishables (operator list) + 59 staples (from the uploaded sheet; ranges taken at upper bound). Deduction-driven. Emergent to be confirmed."
h14,h14,2026-09-09,note,"Joseph & Teenu: restored 3 items from the mega inventory that were missing from the board — parmesan cheese 96g and cheese slice 140g (Dairy), filter coffee 80g (Beverage). Kasuri methi was already present at 50g under Staple (confirmed)."
ALL,sys,2026-09-09,note,"Five changes: Yash chicken 200g + garlic switched from peeled to normal 200g; Shunyam banana 5pc; R&R paneer removed; Padmaja sweet corn removed and chicken re-based (prev removed, 400g added before dinner, 100g used at the creamy chicken pasta -> 300g left); Samidha Milky Mist greek yogurt converted to blueberry flavour (200g)."
ALL,sys,2026-09-10,note,"Thu 10-Sep close: ALL 12 households closed with Thursday W37 meals. Orders (booked earlier): Disha 12, Yash 8, Samidha 21, Joseph 10, Padmaja 9, Shunyam 3. Padmaja L/D and Samidha D blank on Emergent. Wrong-row hits fixed: R&R + Yash rice hit rice-vinegar/empty rows (moved to real rice); Akshita/Joseph tomato and Joseph bread/beans re-resolved. Genuine gaps to order: Yash basmati 0; Disha protein powder 0; Munz atta 0; Kartik coconut milk 0; Paxal carrot/basmati 0; Shunyam curd 0; Pratik edamame/cauliflower/toor 0; Akshita eggs/onion/mushroom 0; Joseph no lettuce row for the salad bowl. Chrome reconnected mid-close."
h10,h10,2026-09-10,rule,"Yash & Manik NEW STANDING NORM: consumption = 0.5 PERSON TOTAL for the whole household (operator, 10-Sep), tighter than the earlier one-third rule. Every future deduction multiplies the standard per-person norm by 0.5 (not by the plan pax). Recorded in Deduction method and the Index effective-eaters. Board updates same day: kiwi 1, cheese slice 5, paneer 200g, homemade curd 500g, basil 40g, corn cob 1pc, cucumber 3pc, capsicum 120g, Amul Taaza 1L, beetroot 2.5pc."
ALL,sys,2026-09-11,note,"Fri 11-Sep close: ALL 12 households closed with Friday W37 meals. Orders: R&R 19 lines (skyr 625, oat milk/paneer/nandini set), Shunyam 5, Joseph sardine 500g, Disha 4. NOTE: the sandbox reset wiped /home/claude/pp (book.py, apply.py) mid-session — rebuilt the booking+deduction logic inline; pp_deduct.py and the tools in /mnt/user-data/outputs survived. R&R paneer/spinach/dosa-batter reconciled (order restocked before the meal). Mis-hits fixed: R&R cauliflower/onion/lemon (hit 200g/2pc/tea rows), Shunyam cashew (almond-mix row), Disha mushroom (seasoning row). Yash deducted at the new 0.5-person-total norm. Genuine gaps: many 0-stock items across houses — see per-household ledger. Blanks: Yash D, Paxal D, Padmaja L/D."
ALL,sys,2026-09-11,note,"R&R ORDER INTEGRITY FIX + pause banners + 3 board batches. (1) R&R 11-Sep order: the sandbox-reset crash had rolled back the first booking run entirely, so 14 of the 19 ordered items never actually applied (baby corn, cranberries, oat milk, jeera/haldi, moong dal, tomato, nandini, skyr, banana, chaat masala, yogurt, mushroom all missing; only 5 later-fixed items stuck). Re-booked the full 19-line order correctly with Friday consumption folded in, and the order ledger now records all lines — this is why R&R looked wrong. (2) PAUSE BANNER: new PP_PAUSED mechanism — Kartik & Dhara and Paxal & Sana show an amber ""paused — no daily operations"" banner at the top of their dashboard; boards stay visible/read-only, not closed daily. (3) Shunyam: strawberry 0, coriander removed, lemon 1, curry leaves 50g, kiwi 3, tomato 4pc, eggs 6, banana marked EXPIRED, bread removed, brinjal->marinated, no milk, no curd. (4) Munz: onion 900g, garlic 500g, protein powder 100g (new), muskmelon 1, cucumber 2pc, rosemary 10g. (5) Disha: skyr 200g (2x100), all olive oil removed, chicken mince 200g, chicken breast 200g, all whole pomegranate removed + peeled pomegranate corrected from a bad ""199pc"" value to 200g, green lettuce removed."
h5,h5,2026-09-11,note,"Rahul & Radhika: removed avocado, cherry tomato, beans, beetroot, cauliflower, cucumber, potato, banana, bottle gourd (most were already 0; beans 300g, cauliflower 200g+1pc and cucumber 1pc were the live ones cleared)."
ALL,sys,2026-09-12,note,"Sat 12-Sep close: ALL 12 households processed with Saturday W37 meals (Kartik & Paxal remain PAUSED — banner shown, meals deducted for record only). Orders: R&R 12 lines (avocado, cherry tomato, beans, beetroot, cauliflower, cucumber, potato 1kg, banana, bottle gourd, Zoey dog chicken 400g, sona masoori 5kg, eggs 6), Shunyam skyr+coriander, Joseph tomato 500g. Wrong-row hits fixed: R&R beetroot (GobbleRight wrap), Disha onion (onion powder), Pratik tofu (GobbleRite bar), Joseph/Akshita/Paxal re-resolved. Blanks: R&R B/D, Shunyam D, Padmaja L/D. Genuine gaps flagged in ledger."
h12,h12,2026-09-12,count,"Akshita & Prerit — FULL PANTRY OVERWRITE (operator, 12-Sep): board zeroed, then set to a 152-item count. Names cleaned and spellings fixed (emli->tamarind, poga/poha merged, aata->atta, vermicilli->vermicelli, mixican->mexican, kinchi->kimchi, chaddat->cheddar, schuan->schezwan, chart->chaat, dil->dill, vannila->vanilla, millat->millet). Duplicate ""more"" lines merged into totals (jeera 700g, haldi 260g, coriander powder 530g, poha 750g, imli 250g, kasuri methi 50g, kala chana 810g, urad dal 1.2kg, black pepper whole 225g). 31 items were on the board but NOT in the new count and are now removed — see close note. Two olive oils kept separate (Del Monte + Figaro). Ghee at 0."
h5,h5,2026-09-12,count,"Rahul & Radhika PERISHABLE OVERWRITE (operator, 12-Sep): 39 listed perishables set (butters, sourdough, frozen peas/corn, oat/almond/nandini milk, mushroom, beans, cabbage, iceberg, almond wrap, aromatics, baby corn, bottle gourd, red+yellow caps, lemon, brinjal, beetroot, cucumber, asparagus, okra, paneer, skyr 100g + skyr tubs 200g, blueberry yogurt 170g, mixed berry yogurt 85g, banana, green apple, pomegranate, avocado, tomato 4pc, onion 6pc, potato 1kg, brown rice 0). 23 unlisted perishables removed: apple royal gala, basa fish, carrot, chicken thigh, coconut chunks, coconut cream, coriander, corn cob, eggs, heritage milk, green chilli, mint, pumpkin, spinach, spring onion, tofu, old lettuce/onion rows, misc yogurt/chaat rows. Staples/spices/dals untouched."
ALL,sys,2026-09-12,count,"THREE overwrites (operator, 12-Sep): (1) R&R — removed unmentioned herbs/methi (fresh methi, oregano, parsley, kasuri methi, rosemary, parsley seasoning). (2) Samidha full pantry overwrite to 126 items (spellings fixed: flak->flax, mehti->methi, seseme->sesame, dahliya->dalia, cous cous->couscous, cinammon->cinnamon, jalepano->jalapeno, hagel slag->hagelslag; dupes merged: chia 200g, coriander powder 200g, elaichi 35g, garam masala ~124g, rajma 740g). 29 unlisted items removed. (3) Disha full pantry overwrite to ~200 items (spellings fixed: musturd->mustard, dhnaiya->dhaniya, speghheti->spaghetti, skylr->skyr, pranut->peanut, siy->soy, cinammon->cinnamon, jeeraalu->jeeralu, kasmiri->kashmiri; many dupes merged incl protein powders — Disha 1625g total, Anirudh 1150g; haldi 620g; jeera seeds ~419g; multiple dal/masoor/chana merges). ~65 unlisted items removed. All three: staples/spices set as listed, names cleaned."
ALL,sys,2026-09-12,note,"THREE perishable overwrites (Shunyam 16, Yash 34, Joseph 16) + Akshita full pantry (unchanged — identical to the MASTER_834 overwrite already applied). Spellings fixed throughout. Doubtful/notable removals reported to operator per household. Yash tortilla kept as-was per instruction."
ALL,sys,2026-09-12,note,"Duplicate-row audit + cleanup across all 12 HH. Shunyam Amul butter dup fixed (kept your 250g count, removed my 280g restore). Merged 13 TRUE duplicate rows (same product split across rows): Shunyam jeera 134g; Soozy dhaniya 529g, haldi 327g, peanut butter 290g; R&R quinoa 1100g, matta rice 280g; Paxal sugar 1120g, salt 1419g; Yash coconut milk 110ml; Akshita black pepper 265g; Pratik besan 630g. LEFT DISTINCT (genuinely different products, not merged): Del Monte vs Figaro olive oil, tofu hard vs soft, Disha vs Anirudh protein, millet pancake flavours, dog-chicken pair, masoor/urad whole vs split, greek yogurt brands, Coca-Cola variants, brown rice jar vs bulk, and the ghee/oil brand pairs. Reverted an over-merge: Kartik mustard oil (regular + Gramiya) and black sesame oil (regular + Anveshan) are separate brands — un-merged."
ALL,sys,2026-09-13,rule,"HANDOVER EXPORT TO EXCEL (v21_705, operator). New ""Export to Excel"" button beside ""Copy cart"" in the Handover. Writes a real .xlsx (SheetJS) with the SAME rows/columns as the on-screen ledger: # | Status | Item | Need | Have | Unit | To order | Needed for (dish) | Days. Includes ALL ingredients — Not available, Shortfall, Don’t-know AND the fully Available ones (previously only shortfalls were kept in the cart; added an __HOV_OK capture at the OK-chip path so available items are exported too). The Status column is an Excel DATA-VALIDATION DROPDOWN (Available / Not available / Check), PRE-SELECTED to whatever the app assigned, so the cook can override in the sheet. Header row frozen. Filename Handover_<house>_<date>.xlsx. Verified with a synthetic ledger (headless test env cannot reach /api/recipe so live enrichment cannot be exercised offline; it works on Vercel)."
ALL,sys,2026-09-13,rule,"HANDOVER EXPORT corrected to the RECIPE BREAKDOWN (v21_706, operator). The export now mirrors the on-screen per-dish ingredient breakdown — not the cart summary. Columns: Day | Meal | Dish | Ingredient | Required | Unit | On hand | Status, one row per ingredient per dish, in the same day->meal->dish order as the screen. Status is an Excel dropdown (Available / Not available / Check) pre-selected to the app’s call: ok->Available, short/none->Not available, unknown(never captured)->Check. Button ""Export breakdown to Excel"" sits in the Handover header beside Sync meal plan, and also in the Cart. Implemented via a structured capture (__HOV_BREAK) taken at the exact point each ingredient row is rendered, so the export always matches what is on screen."
ALL,sys,2026-09-13,rule,"RECIPE LINK BUG FIXED (v21_707 + RecipeMaster_AppsScript_v3.gs). ROOT CAUSE: the Recipe Master Apps Script read only 5 columns (Dish, Ingredient, Qty, Unit, Class) and never returned the recipe LINK column, and the frontend sheet-match path passed no yt field — so every sheet-matched dish fell back to a YouTube search even though the sheet had the exact link. FIX (two-sided): the Apps Script v3 now auto-detects the link column by header (link/url/video/youtube) and returns it as ""link"" per match; the frontend passes mt.link through as the recipe link and labels it ""Recipe (from sheet)"". Rasoi keeps its 50%-title-overlap guard (correct there — Rasoi sometimes returns a wrong dish’s video). ACTION NEEDED: redeploy the Apps Script with v3 for the sheet links to flow. Also the handover breakdown export layout is to be matched to the operator’s umami reference sheet — blocked on reading that sheet (docs.google.com not reachable from the sandbox, Chrome disconnected)."
ALL,sys,2026-09-13,rule,"HANDOVER EXPORT now mirrors the ""Ingredient handover - Umami"" Google Sheet EXACTLY (v21_708, operator) — read directly from the sheet via Chrome. Layout per day-tab: row1 ""<weekday> - <date>""; row2 Breakfast | | | | Lunch | | | | Dinner (merged); row3 Ingredients|Availability|Status per 3-col block with a blank spacer column between blocks; then dish name on its own row, its ingredients below, blank row between dishes. Availability dropdown = the sheet’s Dropdowns tab values (Available in inventory / Not available in inventory / Don’t know / Low), PRE-FILLED from the app (ok->Available, short->Low, none->Not available, unknown->Don’t know). Status dropdown = the sheet’s Cart Status list (Blinkit, Swiggy Instamart, Zepto, FirstClub, Fresh2Home, Licious, Big Basket, OOS, Amazon, Can Skip, Check with Staff), left blank for the team to fill. One sheet per selected day. File Ingredient_handover_<house>_<week>.xlsx. Verified against the sheet’s Friday tab shape."
ALL,sys,2026-09-13,rule,"RECIPE SOURCE SWITCHED to the ""final recipes"" sheet (1GRg8DatwihrcQEZqtjBi4eIG2OI6SZWIN-q0EvDxlcM) per operator. Tabs: ""Dish overview"" (dish name | youtube link, 1,411 dishes) and ""Dish breakdown"" (gid 1292717284: dish name | yt link | source | ingredient | quantity for 1 person, 11,685 rows). RecipeMaster_AppsScript_v4.gs reads Dish breakdown, returns the EXACT yt link per match as `link`, parses quantities (""40 g"", ""1"", ""3-4"" upper bound, ""a pinch""). Frontend (v21_707+) already passes mt.link through and tries the sheet BEFORE Rasoi. ROOT CAUSE of ""Find on YouTube"": the old Recipe Master script never returned a link column. ACTION: bind v4 to the final-recipes sheet, deploy as web app, set APPS_URL in Vercel to the new /exec URL, hit ?warm=1 once."
ALL,sys,2026-09-13,note,"Sun 13-Sep: NO MEALS COOKED for any household (operator) — no deductions. Only order: Samidha & Arinjay (cucumber 500g, carrot 250g, tomato 500g on their own gram rows beside the pc rows; tofu 200g, chaat masala 100g new, ginger +200g=230g, apple 2pc, palak 250g new). Also R&R garam masala set to 50g and parsley dry seasoning confirmed at 9g in Staple."
ALL,sys,2026-09-14,note,"Sun 14-Sep close: ORDERS-ONLY. Sunday W38 plan is blank across all households on Emergent (only Kartik had a single lunch, and Kartik is PAUSED) — nothing deducted. Orders booked for 8 HH: Akshita 6, Padmaja 12, Shunyam 7, Munz 5, Yash 4, Pratik 3, Joseph 25, R&R 37 (biggest single order — full weekly restock incl chicken thigh 900g, salmon 500g, 30 eggs, 2kg onion, 2kg atta). Order mis-hits fixed: Akshita Sids paneer split from generic paneer; Munz akshayakalpa milk split from greek yogurt; Yash capsicum 3pc on own row; R&R fresh mint split from dried pudina; gram-vs-piece collisions given their own rows throughout."
ALL,sys,2026-09-14,note,"CORRECTION: 14-Sep is MONDAY, not Sunday — first pass read the blank Sunday row and closed orders-only. Fixed: Monday W38 plans (which are full) DEDUCTED for all 12. Orders unchanged (were correct). Kartik & Paxal paused but deducted for record. Wrong-row hits fixed: Disha chicken (empty->marinated), Munz prawns+chicken (empty->FreshToHome/Licious just restocked), Pratik atta, Akshita bread. Piece-row SHORT flags relabelled. Genuine gaps remain in the ledger (0-stock items pre-order)."
ALL,sys,2026-09-14,note,"BOARD-WIDE DUPLICATE MERGE (operator). Scanned all 12 boards for same-item rows split across entries (mostly pc+gram pairs created when a gram order hit an existing piece row). MERGED 14 genuine duplicates: Shunyam onion 1100g + lemon 350g; R&R yellow caps 250g, red caps 250g, onion 2600g, dog chicken 850g, Coca-Cola Cherry 23 cans; Padmaja onion 1150g; Joseph onion 1500g + lemon 400g; Munz Milky Mist greek yogurt 1110g, Del Monte ketchup 1250g, brown rice 1230g; plus Yash capsicum unit fix (90pc->90g). KEPT SEPARATE (genuinely different products): Munz Nandini vs Akshayakalpa milk, Disha vs Anirudh protein powder, Kartik mustard/sesame-oil and ghee brands, Pratik akshayakalpa vs regular ghee, Akshita Del Monte vs Figaro olive oil and the 3 millet-pancake flavours, all ketchup/cherry/sauce vs fresh tomato."
h15,h15,2026-09-14,onboard,"NEW HOUSEHOLD: Saurabh (h15). 28 items from mega inventory sheet (13-Sep dated). Names cleaned: aata->atta, beet root->beetroot, ktomato ketchup->tomato ketchup, black pepperpowder->black pepper powder, green moon split->green moong dal split. Deduction-driven. Emergent name to be confirmed."
ALL,sys,2026-09-15,note,"Tue 15-Sep close: all 12 active HH deducted (Saurabh h15 not linked to Emergent yet). Orders (pre-breakfast) for Disha 8, Munz 20, Pratik 6, R&R 8. MUNZ AT 4 PAX (guests) — kozhi curry/meen moilee scaled to 4. Kartik & Paxal paused (deducted for record). Mis-hits fixed: Pratik atta, R&R capsicum (red/yellow), Munz/R&R milk split from yogurt/bread, Pratik strawberry from spread. Piece-row SHORT relabelled. Genuine gaps remain (paneer, oats, dosa batter, etc — some pre-order)."
h16,h16,2026-09-15,onboard,"NEW HOUSEHOLD: Shyamli (h16), 1 person. 129 items from mega inventory. Spellings fixed (brocolli->broccoli, mehti->methi, seseme->sesame, spagetti->spaghetti, cinammon->cinnamon, cardamon->cardamom, flak->flax, gurkand->gulkand, alecrim->rosemary). Duplicate names merged: salt (100+400=500g), coffee (200+100=300g), mustard seeds (20+180=200g), rice (800+700=1500g). Deduction-driven; Emergent to be confirmed."
h17,h17,2026-09-15,onboard,"NEW HOUSEHOLD: Piyush & Mamta (h17), 2 persons. 127 items from mega inventory (12-Sep dated). Spellings fixed (masor->masoor, mehti/metthi->methi, elachi->cardamom, saunf->fennel, dhaniya->coriander, suji rawa->suji, kabili->kabuli, tommato->tomato, herssheys->hershey). Duplicate names merged: salt (150+1000+800+... ), sugar (550+1000+100), moong dal, toor dal, pista, sunflower/pumpkin seed. Deduction-driven; Emergent to be confirmed."
h15,h15,2026-09-15,note,"Saurabh 15-Sep: pre-breakfast order (27 lines) booked — mustard, frozen peas, pomegranate, whole spices, cashew, fenugreek, cream, cauliflower, coriander, cucumber, curry leaves, guava, amchur, chaat masala, garlic, lemon, curd 500g, eggs 10, onion 1kg, mint, tomato, apple, poha 500g, peanuts 500g. Meal deduction PENDING: Saurabh not resolvable on Emergent (tried Saurabh/Sourabh/Saurav) — need exact house name."
ALL,sys,2026-09-15,rule,"EMERGENT NAMES CONFIRMED for the 3 new households: board ""Saurabh""->Emergent ""Saurabh Seth""; ""Shyamli""->""Shyamli""; board ""Piyush & Mamta""->Emergent ""Piyush and Mamta"". Added all three to PP_LIVE_HOUSES; HOV_NAME aliases set (Saurabh->Saurabh Seth, Piyush & Mamta->Piyush and Mamta). They now sync plans and can be closed daily. Saurabh 15-Sep dinner (aloo dum + 3 chapatis) deducted — the pending deduction is resolved. Shyamli Mon/Tue plans are blank so far."
ALL,sys,2026-09-16,note,"Wed 16-Sep close: ALL 15 households deducted — FIRST full close including the 3 new HH (Saurabh Seth, Shyamli, Piyush and Mamta) now that Emergent names are wired. Orders (pre-breakfast): R&R 8, Samidha atta 1kg, Padmaja chicken mince+bread, Akshita spinach/carrot/garlic. Munz 4 pax. Kartik & Paxal paused. Resolver misses fixed on Shyamli (beetroot/carrot/tofu/sattu were live under cleaned names), Pratik atta, Shunyam whey. Genuine gaps remain (Padmaja chicken 250/300, various 0-stock pre-order)."
ALL,sys,2026-09-16,count,"PERISHABLE OVERWRITE for 7 HH (operator, 16-Sep): Yash, Akshita, Disha, Samidha, Padmaja, Munz, R&R. Each set to its listed perishables; unlisted perishables removed. NOTE: Akshita’s list was veg/dal-focused but the overwrite also cleared its dairy/fruit (edamame, banana, blueberry, apple, orange, pear, malai, curd, butter, cheeses, broccoli, kiwi, guava, watermelon, pumpkin, papaya, greek yogurt, paneer) — flagged to operator in case that was unintended. R&R: chicken/fish/mutton/tofu/paneer set to 0 as instructed; banana marked spoilt; soft drinks (Aranciata, Coca-Cola Plus/can, Diet Coke, Fruit punch) set. Munz “Lettuce” had no qty so its lettuce row was protected/left. Removal lists recorded per household."
ALL,sys,2026-09-17,note,"Thu 17-Sep close: ALL 15 HH deducted. 10 orders (pre-breakfast) booked incl R&R 30 lines, Saurabh 24, Samidha 17, Joseph 13, Padmaja 10, Disha 7, Munz 6. Munz 3/4 pax, Piyush 4 pax (guests), R&R 2/2/3. Kartik & Paxal paused. Resolver-miss fixes: Shunyam oats/whey/spinach/chicken, Kartik carrot, Akshita bread/peas, Padmaja/Yash/Joseph rice, Samidha cream, Saurabh peas. Genuine gaps remain (Kartik paneer/chicken 0, Paxal toor/chole 0, various pre-order)."
ALL,sys,2026-09-18,note,"Fri 18-Sep close: ALL 15 HH deducted (first close using header-aware pp_rows iterator — rows 2-4 on the 6 onboarded sheets now included). 7 orders pre-meals: Munz 2, Yash 4, Disha 6, Shunyam 6, Padmaja 5, Saurabh 3, Piyush 4. Munz 3/4 pax, Piyush 4 pax. Kartik & Paxal paused. Resolver fixes: R&R yogurt->skyr, Disha/Munz atta, Padmaja tomato, Akshita peas, Saurabh potato. Genuine gaps: Pratik paneer+avocado 0, Akshita paneer 0, Shyamli peanut/garlic chives 0, Munz prawns 200/500, Shyamli paneer 100/120, Paxal toor/moong 0."
ALL,sys,2026-09-18,count,"18-Sep counts (operator): Saurabh/Piyush/Yash/Padmaja POST-LUNCH counts — dinner deductions reverted, counts applied, dinner re-deducted from counted stock (Yash dinner = leftover noodles, nothing to deduct). Disha/Munz/Shunyam/Samidha targeted updates. JOSEPH full perishable overwrite: 19 set, 18 removed (green peas, ginger, grated coconut, garlic, green chilli, lemon, beetroot, cucumber, GoodLife milk, chicken breast 400g, ghee, potato, multigrain bread, mushroom, babycorn, breadcrumbs, peanut butter, spring onion); rosemary/cheddar/extra-hard cheese protected as Same as Before."
ALL,sys,2026-09-19,note,"Sat 19-Sep close: 13 HH deducted; Munz & Joseph blank (no cooking). Orders: unnamed 9-line block booked to R&R on brand evidence (Heritage/Sids Farm) — operator to confirm; Shyamli 5, Disha 4, Munz 7, Yash chicken+450 & eggs/spinach/tomato 0, Saurabh ghee+ginger & pomegranate/milk/butter removed. ""sachin"" block SKIPPED — not a household. Piyush 4 pax. Kartik/Paxal paused. Resolver fixes: R&R chicken (was hitting Chicken masala), R&R soy (was Rice vinegar), Disha/Piyush/Pratik rice, Piyush atta, Shunyam pancake mix. Genuine gaps: Disha chicken 100/200, Pratik tofu/pomegranate/zucchini/spinach, Akshita paneer/moong dal/rajma, Paxal onion/curd/paneer, Padmaja walnuts, Yash rice, Piyush spinach."
ALL,sys,2026-09-19,count,"19-Sep counts (operator): POST-LUNCH Saurabh/Padmaja/Piyush (targeted) + Yash (full perishable overwrite) — dinner reverted, counts applied, dinner re-deducted from counted stock. POST-DINNER full perishable overwrites: Shunyam, Disha, Shyamli (PBM mix -> Staple). Removal lists reported to operator per HH. Padmaja dinner chicken curry: chicken counted 0 -> NO STOCK (genuine per count)."
ALL,sys,2026-09-19,rule,"STANDING RULE: single source of truth — plans = Menu Planner /api/v1 only (Emergent retired); recipes = final-recipes sheet 1GRg8Dat… only (no Rasoi, no text-derived breakdowns, no pack PP_NEEDS). Operator instruction 19-Sep."
ALL,sys,2026-09-21,note,"Mon 21-Sep close: 13 cooking HH deducted; Shunyam & Joseph blank Monday (no cook). 8 orders pre-meals: Shyamli 11, Padmaja 15, R&R 32, Yash 7, Saurabh 6, Akshita 17, Disha 11, Samidha 15. Munz 3/4/3 pax. Yash x0.5 factor. Kartik/Paxal paused. Resolver fixes: Akshita dosa batter+coconut chutney, R&R chicken->thigh + atta. Genuine gaps: Disha chicken breast 0 (ordered 900g same day — check order timing), Samidha paneer 0, Piyush wheat flour/rice/beetroot/carrot/capsicum 0, Padmaja tomato depleted. Many piece-row artifacts relabelled."
ALL,sys,2026-09-21,count,"21-Sep post-lunch/dinner counts: Akshita/Saurabh/Yash/Padmaja/Piyush POST-LUNCH (dinner reverted, counts applied, dinner re-deducted; Akshita had no Mon dinner). Samidha+Disha POST-DINNER count only (no re-deduct). Yash x0.5 factor on dinner. Yash tomato listed twice -> took 9pc. Disha quinoa ""same as before"" untouched."
ALL,sys,2026-09-22,note,"Tue 22-Sep close: 7 orders. Post-dinner counts final for Munz/R&R/Samidha/Piyush/Joseph/Shyamli/Akshita. Post-lunch: Yash dinner (chicken soup+fried rice x0.5), Padmaja dinner deducted, Saurabh no dinner. Shunyam full Tue deducted. Disha no cooking. Kartik/Paxal paused. Planner reached via fresh Chrome tab (old tab was wedged on that host)."
ALL,sys,2026-09-23,note,"Wed 23-Sep close: 6 orders. Wed meals deducted for 10 cooking hh. Shunyam meals already done (skipped, order booked). Joseph no cooking. Sakshi no Wed meals. Kartik/Paxal paused. Yash x0.5. Munz 3p, Piyush 5p/4p."
ALL,sys,2026-09-24,note,"Thu 24-Sep close: 10 orders + Thu meals deducted (12 cooking hh). Disha+Joseph no cooking. Kartik/Paxal paused. Yash x0.5, Munz 2p, Piyush 4p/5p."
