Household,id,Date,Check label,Item,Predicted,Actual,Delta,Std buy,Dev %
Shunyam & Ishan — latest,h1b,2026-06-03,"Check 1 — photos (Wed, 3-Jun · eyeball, no scale)",Onion,170,200,,,
Shunyam & Ishan — latest,h1b,2026-06-03,"Check 1 — photos (Wed, 3-Jun · eyeball, no scale)",Tomato,500,500,,,
Shunyam & Ishan — latest,h1b,2026-06-03,"Check 1 — photos (Wed, 3-Jun · eyeball, no scale)",Garlic,100,40,,,
Shunyam & Ishan — latest,h1b,2026-06-03,"Check 1 — photos (Wed, 3-Jun · eyeball, no scale)",Green chilli,90,60,,,
Shunyam & Ishan — latest,h1b,2026-06-03,"Check 1 — photos (Wed, 3-Jun · eyeball, no scale)",Potato,330,300,,,
Shunyam & Ishan — latest,h1b,2026-06-03,"Check 1 — photos (Wed, 3-Jun · eyeball, no scale)",Brinjal,200,280,,,
Shunyam & Ishan — latest,h1b,2026-06-03,"Check 1 — photos (Wed, 3-Jun · eyeball, no scale)",Broccoli,150,150,,,
Shunyam & Ishan — latest,h1b,2026-06-03,"Check 1 — photos (Wed, 3-Jun · eyeball, no scale)",Methi (fenugreek),150,150,,,
Shunyam & Ishan — latest,h1b,2026-06-03,"Check 1 — photos (Wed, 3-Jun · eyeball, no scale)",Red capsicum,80,80,,,
Shunyam & Ishan — latest,h1b,2026-06-03,"Check 1 — photos (Wed, 3-Jun · eyeball, no scale)",Lemon,5,5,,,
Shunyam & Ishan — latest,h1b,2026-06-03,"Check 1 — photos (Wed, 3-Jun · eyeball, no scale)",Ginger,0,150,,,
Shunyam & Ishan — latest,h1b,2026-06-03,"Check 1 — photos (Wed, 3-Jun · eyeball, no scale)",Carrot,0,350,,,
Shunyam & Ishan — latest,h1b,2026-06-03,"Check 1 — photos (Wed, 3-Jun · eyeball, no scale)",Cauliflower,0,380,,,
Shunyam & Ishan — latest,h1b,2026-06-03,"Check 1 — photos (Wed, 3-Jun · eyeball, no scale)",Zucchini,0,180,,,
Shunyam & Ishan — latest,h1b,2026-06-03,"Check 1 — photos (Wed, 3-Jun · eyeball, no scale)",Banana,0,3,,,
Shunyam & Ishan — latest,h1b,2026-06-03,"Check 1 — photos (Wed, 3-Jun · eyeball, no scale)",Pumpkin,0,400,,,
Shunyam & Ishan — latest,h1b,2026-06-03,"Check 1 — photos (Wed, 3-Jun · eyeball, no scale)",Watermelon (cut),400,0,,,
Shunyam & Ishan — latest,h1b,2026-06-06,"Check 2 — photos (Sat eve, 6-Jun · eyeball, no scale)",Onion,900,900,,,
Shunyam & Ishan — latest,h1b,2026-06-06,"Check 2 — photos (Sat eve, 6-Jun · eyeball, no scale)",Potato,870,850,,,
Shunyam & Ishan — latest,h1b,2026-06-06,"Check 2 — photos (Sat eve, 6-Jun · eyeball, no scale)",Garlic,0,70,,,
Shunyam & Ishan — latest,h1b,2026-06-06,"Check 2 — photos (Sat eve, 6-Jun · eyeball, no scale)",Ginger,120,100,,,
Shunyam & Ishan — latest,h1b,2026-06-06,"Check 2 — photos (Sat eve, 6-Jun · eyeball, no scale)",Green chilli,20,50,,,
Shunyam & Ishan — latest,h1b,2026-06-06,"Check 2 — photos (Sat eve, 6-Jun · eyeball, no scale)",Carrot,390,400,,,
Shunyam & Ishan — latest,h1b,2026-06-06,"Check 2 — photos (Sat eve, 6-Jun · eyeball, no scale)",Green beans,140,150,,,
Shunyam & Ishan — latest,h1b,2026-06-06,"Check 2 — photos (Sat eve, 6-Jun · eyeball, no scale)",Bottle gourd,330,400,,,
Shunyam & Ishan — latest,h1b,2026-06-06,"Check 2 — photos (Sat eve, 6-Jun · eyeball, no scale)",Cauliflower,210,300,,,
Shunyam & Ishan — latest,h1b,2026-06-06,"Check 2 — photos (Sat eve, 6-Jun · eyeball, no scale)",Lemon,5,5,,,
Shunyam & Ishan — latest,h1b,2026-06-06,"Check 2 — photos (Sat eve, 6-Jun · eyeball, no scale)",Banana,3,3,,,
Shunyam & Ishan — latest,h1b,2026-06-06,"Check 2 — photos (Sat eve, 6-Jun · eyeball, no scale)",Papaya,0,1,,,
Shunyam & Ishan — latest,h1b,2026-06-10,"Check 3 — photos (Wed eve, 10-Jun · eyeball, no scale)",Tomato,130,350,,,
Shunyam & Ishan — latest,h1b,2026-06-10,"Check 3 — photos (Wed eve, 10-Jun · eyeball, no scale)",Onion,255,250,,,
Shunyam & Ishan — latest,h1b,2026-06-10,"Check 3 — photos (Wed eve, 10-Jun · eyeball, no scale)",Garlic,30,50,,,
Shunyam & Ishan — latest,h1b,2026-06-10,"Check 3 — photos (Wed eve, 10-Jun · eyeball, no scale)",Ginger,25,80,,,
Shunyam & Ishan — latest,h1b,2026-06-10,"Check 3 — photos (Wed eve, 10-Jun · eyeball, no scale)",Green chilli,10,40,,,
Shunyam & Ishan — latest,h1b,2026-06-10,"Check 3 — photos (Wed eve, 10-Jun · eyeball, no scale)",Carrot,310,300,,,
Shunyam & Ishan — latest,h1b,2026-06-10,"Check 3 — photos (Wed eve, 10-Jun · eyeball, no scale)",Cucumber,150,120,,,
Shunyam & Ishan — latest,h1b,2026-06-10,"Check 3 — photos (Wed eve, 10-Jun · eyeball, no scale)",Zucchini,180,150,,,
Shunyam & Ishan — latest,h1b,2026-06-10,"Check 3 — photos (Wed eve, 10-Jun · eyeball, no scale)",Pumpkin,500,500,,,
Shunyam & Ishan — latest,h1b,2026-06-10,"Check 3 — photos (Wed eve, 10-Jun · eyeball, no scale)",Potato,850,800,,,
Shunyam & Ishan — latest,h1b,2026-06-10,"Check 3 — photos (Wed eve, 10-Jun · eyeball, no scale)",Lemon,4.5,5,,,
Shunyam & Ishan — latest,h1b,2026-06-10,"Check 3 — photos (Wed eve, 10-Jun · eyeball, no scale)",Banana,3,3,,,
Shunyam & Ishan — latest,h1b,2026-06-13,Check — 13-Jun EVENING (full-kitchen photo inventory),Onion,850,850,,,
Shunyam & Ishan — latest,h1b,2026-06-13,Check — 13-Jun EVENING (full-kitchen photo inventory),Potato,585,600,,,
Shunyam & Ishan — latest,h1b,2026-06-13,Check — 13-Jun EVENING (full-kitchen photo inventory),Garlic,120,100,,,
Shunyam & Ishan — latest,h1b,2026-06-13,Check — 13-Jun EVENING (full-kitchen photo inventory),Ginger,60,60,,,
Shunyam & Ishan — latest,h1b,2026-06-13,Check — 13-Jun EVENING (full-kitchen photo inventory),Tomato,670,650,,,
Shunyam & Ishan — latest,h1b,2026-06-13,Check — 13-Jun EVENING (full-kitchen photo inventory),Cucumber,120,200,,,
Shunyam & Ishan — latest,h1b,2026-06-13,Check — 13-Jun EVENING (full-kitchen photo inventory),Green capsicum,130,150,,,
Shunyam & Ishan — latest,h1b,2026-06-13,Check — 13-Jun EVENING (full-kitchen photo inventory),Red capsicum,280,250,,,
Shunyam & Ishan — latest,h1b,2026-06-13,Check — 13-Jun EVENING (full-kitchen photo inventory),Baby corn,200,200,,,
Shunyam & Ishan — latest,h1b,2026-06-13,Check — 13-Jun EVENING (full-kitchen photo inventory),Carrot,100,250,,,
Shunyam & Ishan — latest,h1b,2026-06-13,Check — 13-Jun EVENING (full-kitchen photo inventory),Green beans,150,200,,,
Shunyam & Ishan — latest,h1b,2026-06-13,Check — 13-Jun EVENING (full-kitchen photo inventory),Spinach/Palak,0,0,,,
Shunyam & Ishan — latest,h1b,2026-06-13,Check — 13-Jun EVENING (full-kitchen photo inventory),Coriander (dhania),0,0,,,
Shunyam & Ishan — latest,h1b,2026-06-13,Check — 13-Jun EVENING (full-kitchen photo inventory),Green chilli,25,50,,,
Shunyam & Ishan — latest,h1b,2026-06-13,Check — 13-Jun EVENING (full-kitchen photo inventory),Lemon,5,6,,,
Shunyam & Ishan — latest,h1b,2026-06-13,Check — 13-Jun EVENING (full-kitchen photo inventory),Papaya,1,1,,,
Shunyam & Ishan — latest,h1b,2026-06-13,Check — 13-Jun EVENING (full-kitchen photo inventory),Broccoli,0,0,,,
Shunyam & Ishan — latest,h1b,2026-06-13,Check — 13-Jun EVENING (full-kitchen photo inventory),Cauliflower,0,0,,,
Shunyam & Ishan — latest,h1b,2026-06-13,Check — 13-Jun EVENING (full-kitchen photo inventory),Zucchini,0,0,,,
Shunyam & Ishan — latest,h1b,2026-06-13,Check — 13-Jun EVENING (full-kitchen photo inventory),Lady's finger,250,250,,,
Shunyam & Ishan — latest,h1b,2026-06-13,Check — 13-Jun EVENING (full-kitchen photo inventory),Beetroot,0,0,,,
Shunyam & Ishan — latest,h1b,2026-06-13,Check — 13-Jun EVENING (full-kitchen photo inventory),Pumpkin,0,100,,,
Shunyam & Ishan — latest,h1b,2026-06-13,Check — 13-Jun EVENING (full-kitchen photo inventory),Yellow capsicum,,200,,,
Soozy & Munz,h2,2026-06-03,"Check 1 - photos (3-Jun morning, scale-assisted) - ANCHOR",Tomato,1000,400,,,
Soozy & Munz,h2,2026-06-03,"Check 1 - photos (3-Jun morning, scale-assisted) - ANCHOR",Carrot,500,250,,,
Soozy & Munz,h2,2026-06-03,"Check 1 - photos (3-Jun morning, scale-assisted) - ANCHOR",Cabbage,700,700,,,
Soozy & Munz,h2,2026-06-03,"Check 1 - photos (3-Jun morning, scale-assisted) - ANCHOR",Ash gourd,1000,300,,,
Soozy & Munz,h2,2026-06-03,"Check 1 - photos (3-Jun morning, scale-assisted) - ANCHOR",Ginger,80,70,,,
Soozy & Munz,h2,2026-06-03,"Check 1 - photos (3-Jun morning, scale-assisted) - ANCHOR",Green chilli,70,60,,,
Soozy & Munz,h2,2026-06-03,"Check 1 - photos (3-Jun morning, scale-assisted) - ANCHOR",Garlic,300,90,,,
Soozy & Munz,h2,2026-06-03,"Check 1 - photos (3-Jun morning, scale-assisted) - ANCHOR",Coriander (dhania),50,50,,,
Soozy & Munz,h2,2026-06-03,"Check 1 - photos (3-Jun morning, scale-assisted) - ANCHOR",Beetroot,500,500,,,
Soozy & Munz,h2,2026-06-03,"Check 1 - photos (3-Jun morning, scale-assisted) - ANCHOR",Brinjal,250,250,,,
Soozy & Munz,h2,2026-06-06,"Check 2 - photos (6-Jun morning, before breakfast, scale)",Tomato,840,750,,,
Soozy & Munz,h2,2026-06-06,"Check 2 - photos (6-Jun morning, before breakfast, scale)",Green beans,300,300,,,
Soozy & Munz,h2,2026-06-06,"Check 2 - photos (6-Jun morning, before breakfast, scale)",Brinjal,550,300,,,
Soozy & Munz,h2,2026-06-06,"Check 2 - photos (6-Jun morning, before breakfast, scale)",Cabbage,940,700,,,
Soozy & Munz,h2,2026-06-06,"Check 2 - photos (6-Jun morning, before breakfast, scale)",Beetroot,200,170,,,
Soozy & Munz,h2,2026-06-06,"Check 2 - photos (6-Jun morning, before breakfast, scale)",Broccoli,400,200,,,
Soozy & Munz,h2,2026-06-06,"Check 2 - photos (6-Jun morning, before breakfast, scale)",Romanesco,150,150,,,
Soozy & Munz,h2,2026-06-06,"Check 2 - photos (6-Jun morning, before breakfast, scale)",Carrot,555,250,,,
Soozy & Munz,h2,2026-06-06,"Check 2 - photos (6-Jun morning, before breakfast, scale)",Garlic,185,200,,,
Soozy & Munz,h2,2026-06-06,"Check 2 - photos (6-Jun morning, before breakfast, scale)",Ash gourd,130,250,,,
Soozy & Munz,h2,2026-06-06,"Check 2 - photos (6-Jun morning, before breakfast, scale)",Ginger,50,60,,,
Soozy & Munz,h2,2026-06-06,"Check 2 - photos (6-Jun morning, before breakfast, scale)",Coriander (dhania),200,50,,,
Soozy & Munz,h2,2026-06-06,"Check 2 - photos (6-Jun morning, before breakfast, scale)",Cucumber,380,150,,,
Soozy & Munz,h2,2026-06-06,"Check 2 - photos (6-Jun morning, before breakfast, scale)",Lemon,0,1,,,
Soozy & Munz,h2,2026-06-06,"Check 2 - photos (6-Jun morning, before breakfast, scale)",Green chilli,55,0,,,
Soozy & Munz,h2,2026-06-10,"Check 3 - photos (10-Jun morning, before breakfast)",Lemon,18,17,,,
Soozy & Munz,h2,2026-06-10,"Check 3 - photos (10-Jun morning, before breakfast)",Green chilli,165,100,,,
Soozy & Munz,h2,2026-06-10,"Check 3 - photos (10-Jun morning, before breakfast)",Carrot,460,400,,,
Soozy & Munz,h2,2026-06-10,"Check 3 - photos (10-Jun morning, before breakfast)",Brinjal,400,350,,,
Soozy & Munz,h2,2026-06-10,"Check 3 - photos (10-Jun morning, before breakfast)",Tomato,645,300,,,
Soozy & Munz,h2,2026-06-10,"Check 3 - photos (10-Jun morning, before breakfast)",Green beans,165,120,,,
Soozy & Munz,h2,2026-06-10,"Check 3 - photos (10-Jun morning, before breakfast)",Red capsicum,300,250,,,
Soozy & Munz,h2,2026-06-10,"Check 3 - photos (10-Jun morning, before breakfast)",Broccoli,50,150,,,
Soozy & Munz,h2,2026-06-10,"Check 3 - photos (10-Jun morning, before breakfast)",Ash gourd,165,300,,,
Soozy & Munz,h2,2026-06-10,"Check 3 - photos (10-Jun morning, before breakfast)",Cabbage,700,350,,,
Soozy & Munz,h2,2026-06-10,"Check 3 - photos (10-Jun morning, before breakfast)",Onion,1270,200,,,
Soozy & Munz,h2,2026-06-10,"Check 3 - photos (10-Jun morning, before breakfast)",Ginger,130,80,,,
Soozy & Munz,h2,2026-06-10,"Check 3 - photos (10-Jun morning, before breakfast)",Garlic,180,170,,,
Soozy & Munz,h2,2026-06-10,"Check 3 - photos (10-Jun morning, before breakfast)",Coriander (dhania),150,50,,,
Soozy & Munz,h2,2026-06-10,"Check 3 - photos (10-Jun morning, before breakfast)",Spinach/Palak,30,30,,,
Soozy & Munz,h2,2026-06-10,"Check 3 - photos (10-Jun morning, before breakfast)",Beetroot,170,85,,,
Soozy & Munz,h2,2026-06-10,"Check 3 - photos (10-Jun morning, before breakfast)",Cucumber,330,0,,,
Soozy & Munz,h2,2026-06-10,"Check 3 - photos (10-Jun morning, before breakfast)",Green capsicum,150,0,,,
Soozy & Munz,h2,2026-06-13,"Check 4 - photos (13-Jun morning, before breakfast, scale-assisted)",Cabbage,0,225,,,
Soozy & Munz,h2,2026-06-13,"Check 4 - photos (13-Jun morning, before breakfast, scale-assisted)",Broccoli,130,200,,,
Soozy & Munz,h2,2026-06-13,"Check 4 - photos (13-Jun morning, before breakfast, scale-assisted)",Green chilli,100,120,,,
Soozy & Munz,h2,2026-06-13,"Check 4 - photos (13-Jun morning, before breakfast, scale-assisted)",Coriander (dhania),40,50,,,
Soozy & Munz,h2,2026-06-13,"Check 4 - photos (13-Jun morning, before breakfast, scale-assisted)",Carrot,225,300,,,
Soozy & Munz,h2,2026-06-13,"Check 4 - photos (13-Jun morning, before breakfast, scale-assisted)",Tomato,100,150,,,
Soozy & Munz,h2,2026-06-13,"Check 4 - photos (13-Jun morning, before breakfast, scale-assisted)",Brinjal,260,250,,,
Soozy & Munz,h2,2026-06-13,"Check 4 - photos (13-Jun morning, before breakfast, scale-assisted)",Green beans,90,80,,,
Soozy & Munz,h2,2026-06-13,"Check 4 - photos (13-Jun morning, before breakfast, scale-assisted)",Lemon,17,7,,,
Soozy & Munz,h2,2026-06-13,"Check 4 - photos (13-Jun morning, before breakfast, scale-assisted)",Garlic,155,130,,,
Soozy & Munz,h2,2026-06-13,"Check 4 - photos (13-Jun morning, before breakfast, scale-assisted)",Ginger,80,60,,,
Soozy & Munz,h2,2026-06-13,"Check 4 - photos (13-Jun morning, before breakfast, scale-assisted)",Mint,0,100,,,
Soozy & Munz,h2,2026-06-13,"Check 4 - photos (13-Jun morning, before breakfast, scale-assisted)",Lettuce,0,300,,,
Soozy & Munz,h2,2026-06-13,"Check 4 - photos (13-Jun morning, before breakfast, scale-assisted)",Spring onion,0,150,,,
Soozy & Munz,h2,2026-06-13,"Check 4 - photos (13-Jun morning, before breakfast, scale-assisted)",Sweet corn,0,135,,,
Soozy & Munz,h2,2026-06-17,"Check 5 — physical count (17-Jun morning, resident, scale)",Tomato,0,1017,,,
Soozy & Munz,h2,2026-06-17,"Check 5 — physical count (17-Jun morning, resident, scale)",Cucumber,0,336,,,
Soozy & Munz,h2,2026-06-17,"Check 5 — physical count (17-Jun morning, resident, scale)",Green beans,80,130,,,
Soozy & Munz,h2,2026-06-17,"Check 5 — physical count (17-Jun morning, resident, scale)",Cabbage,225,340,,,
Soozy & Munz,h2,2026-06-17,"Check 5 — physical count (17-Jun morning, resident, scale)",Green capsicum,0,220,,,
Soozy & Munz,h2,2026-06-17,"Check 5 — physical count (17-Jun morning, resident, scale)",Carrot,265,32,,,
Soozy & Munz,h2,2026-06-17,"Check 5 — physical count (17-Jun morning, resident, scale)",Ginger,50,25,,,
Soozy & Munz,h2,2026-06-17,"Check 5 — physical count (17-Jun morning, resident, scale)",Garlic,0,127,,,
Soozy & Munz,h2,2026-06-17,"Check 5 — physical count (17-Jun morning, resident, scale)",Coriander (dhania),50,50,,,
Soozy & Munz,h2,2026-06-17,"Check 5 — physical count (17-Jun morning, resident, scale)",Spring onion,150,250,,,
Soozy & Munz,h2,2026-06-17,"Check 5 — physical count (17-Jun morning, resident, scale)",Sweet corn,135,133,,,
Soozy & Munz,h2,2026-06-17,"Check 5 — physical count (17-Jun morning, resident, scale)",Lemon,7,4,,,
Soozy & Munz,h2,2026-06-17,"Check 5 — physical count (17-Jun morning, resident, scale)",Dill,0,80,,,
Soozy & Munz,h2,2026-06-17,"Check 5 — physical count (17-Jun morning, resident, scale)",Mint,0,63,,,
Soozy & Munz,h2,2026-06-17,"Check 5 — physical count (17-Jun morning, resident, scale)",Curry leaves,0,15,,,
Soozy & Munz,h2,2026-06-27,"Check — physical count (27-Jun, after breakfast)",Tomato,610,617,,,
Soozy & Munz,h2,2026-06-27,"Check — physical count (27-Jun, after breakfast)",Green chilli,72,43,,,
Soozy & Munz,h2,2026-06-27,"Check — physical count (27-Jun, after breakfast)",Coriander (dhania),270,126,,,
Soozy & Munz,h2,2026-06-27,"Check — physical count (27-Jun, after breakfast)",Curry leaves,51,46,,,
Soozy & Munz,h2,2026-06-27,"Check — physical count (27-Jun, after breakfast)",Green capsicum,340,250,,,
Soozy & Munz,h2,2026-06-27,"Check — physical count (27-Jun, after breakfast)",Dill,60,72,,,
Soozy & Munz,h2,2026-06-27,"Check — physical count (27-Jun, after breakfast)",Carrot,660,600,,,
Soozy & Munz,h2,2026-06-27,"Check — physical count (27-Jun, after breakfast)",Pumpkin,200,200,,,
Soozy & Munz,h2,2026-06-27,"Check — physical count (27-Jun, after breakfast)",Basil,0,85,,,
Disha & Anirudh,h3,2026-06-13,Check 1 — video walkthrough + notes (13-Jun 7am) · ANCHOR,Red capsicum,700,700,,,
Disha & Anirudh,h3,2026-06-13,Check 1 — video walkthrough + notes (13-Jun 7am) · ANCHOR,Green beans,400,400,,,
Disha & Anirudh,h3,2026-06-13,Check 1 — video walkthrough + notes (13-Jun 7am) · ANCHOR,Carrot,500,500,,,
Disha & Anirudh,h3,2026-06-13,Check 1 — video walkthrough + notes (13-Jun 7am) · ANCHOR,Baby corn,250,250,,,
Disha & Anirudh,h3,2026-06-13,Check 1 — video walkthrough + notes (13-Jun 7am) · ANCHOR,Cucumber,300,300,,,
Disha & Anirudh,h3,2026-06-13,Check 1 — video walkthrough + notes (13-Jun 7am) · ANCHOR,Cabbage,300,300,,,
Disha & Anirudh,h3,2026-06-13,Check 1 — video walkthrough + notes (13-Jun 7am) · ANCHOR,Broccoli,80,80,,,
Disha & Anirudh,h3,2026-06-13,Check 1 — video walkthrough + notes (13-Jun 7am) · ANCHOR,Spinach/Palak,80,80,,,
Disha & Anirudh,h3,2026-06-13,Check 1 — video walkthrough + notes (13-Jun 7am) · ANCHOR,Coriander (dhania),100,100,,,
Disha & Anirudh,h3,2026-06-13,Check 1 — video walkthrough + notes (13-Jun 7am) · ANCHOR,Tomato,400,400,,,
Disha & Anirudh,h3,2026-06-13,Check 1 — video walkthrough + notes (13-Jun 7am) · ANCHOR,Onion,150,150,,,
Disha & Anirudh,h3,2026-06-13,Check 1 — video walkthrough + notes (13-Jun 7am) · ANCHOR,Lemon,4,4,,,
Disha & Anirudh,h3,2026-06-13,Check 1 — video walkthrough + notes (13-Jun 7am) · ANCHOR,Green chilli,60,60,,,
Disha & Anirudh,h3,2026-06-23,Check — 23-Jun before-lunch FULL inventory (Disha & Anirudh): actual vs predicted,Quinoa (Organeekz),,,,,
Disha & Anirudh,h3,2026-06-23,Check — 23-Jun before-lunch FULL inventory (Disha & Anirudh): actual vs predicted,Poha,,,,,
Disha & Anirudh,h3,2026-06-23,Check — 23-Jun before-lunch FULL inventory (Disha & Anirudh): actual vs predicted,Rice,,2500,,,
Disha & Anirudh,h3,2026-06-23,Check — 23-Jun before-lunch FULL inventory (Disha & Anirudh): actual vs predicted,Basmati rice,,,,,
Disha & Anirudh,h3,2026-06-23,Check — 23-Jun before-lunch FULL inventory (Disha & Anirudh): actual vs predicted,Atta,,,,,
Disha & Anirudh,h3,2026-06-23,Check — 23-Jun before-lunch FULL inventory (Disha & Anirudh): actual vs predicted,Roasted rawa,,,,,
Disha & Anirudh,h3,2026-06-23,Check — 23-Jun before-lunch FULL inventory (Disha & Anirudh): actual vs predicted,Masoor dal,,500,,,
Disha & Anirudh,h3,2026-06-23,Check — 23-Jun before-lunch FULL inventory (Disha & Anirudh): actual vs predicted,Rajma,,500,,,
Disha & Anirudh,h3,2026-06-23,Check — 23-Jun before-lunch FULL inventory (Disha & Anirudh): actual vs predicted,Toor / arhar dal,,,,,
Disha & Anirudh,h3,2026-06-23,Check — 23-Jun before-lunch FULL inventory (Disha & Anirudh): actual vs predicted,Kabuli chana,,,,,
Disha & Anirudh,h3,2026-06-23,Check — 23-Jun before-lunch FULL inventory (Disha & Anirudh): actual vs predicted,Sabudana,,,,,
Disha & Anirudh,h3,2026-06-23,Check — 23-Jun before-lunch FULL inventory (Disha & Anirudh): actual vs predicted,Sugar,,,,,
Disha & Anirudh,h3,2026-06-23,Check — 23-Jun before-lunch FULL inventory (Disha & Anirudh): actual vs predicted,Tata iodised salt,,,,,
Disha & Anirudh,h3,2026-06-23,Check — 23-Jun before-lunch FULL inventory (Disha & Anirudh): actual vs predicted,Pink salt,,,,,
Disha & Anirudh,h3,2026-06-23,Check — 23-Jun before-lunch FULL inventory (Disha & Anirudh): actual vs predicted,Mirchi powder,,2000,,,
Disha & Anirudh,h3,2026-06-23,Check — 23-Jun before-lunch FULL inventory (Disha & Anirudh): actual vs predicted,Mustard,,1000,,,
Disha & Anirudh,h3,2026-06-23,Check — 23-Jun before-lunch FULL inventory (Disha & Anirudh): actual vs predicted,Jeera,,,,,
Disha & Anirudh,h3,2026-06-23,Check — 23-Jun before-lunch FULL inventory (Disha & Anirudh): actual vs predicted,Jaggery,,,,,
Disha & Anirudh,h3,2026-06-23,Check — 23-Jun before-lunch FULL inventory (Disha & Anirudh): actual vs predicted,Corn flour,,,,,
Disha & Anirudh,h3,2026-06-23,Check — 23-Jun before-lunch FULL inventory (Disha & Anirudh): actual vs predicted,Protein powder,,2000,,,
Disha & Anirudh,h3,2026-06-23,Check — 23-Jun before-lunch FULL inventory (Disha & Anirudh): actual vs predicted,Flaxseeds,,,,,
Disha & Anirudh,h3,2026-06-23,Check — 23-Jun before-lunch FULL inventory (Disha & Anirudh): actual vs predicted,Sabudana papad,,,,,
Disha & Anirudh,h3,2026-06-23,Check — 23-Jun before-lunch FULL inventory (Disha & Anirudh): actual vs predicted,Tea leaves,,,,,
Disha & Anirudh,h3,2026-06-23,Check — 23-Jun before-lunch FULL inventory (Disha & Anirudh): actual vs predicted,Peanut dal chutney powder,,,,,
Disha & Anirudh,h3,2026-06-23,Check — 23-Jun before-lunch FULL inventory (Disha & Anirudh): actual vs predicted,Maggi magic masala,,,,,
Disha & Anirudh,h3,2026-06-23,Check — 23-Jun before-lunch FULL inventory (Disha & Anirudh): actual vs predicted,Chicken ghee roast masala,,,,,
Disha & Anirudh,h3,2026-06-23,Check — 23-Jun before-lunch FULL inventory (Disha & Anirudh): actual vs predicted,Sambhar powder,,,,,
Disha & Anirudh,h3,2026-06-23,Check — 23-Jun before-lunch FULL inventory (Disha & Anirudh): actual vs predicted,Umesh dosa powder,,,,,
Disha & Anirudh,h3,2026-06-23,Check — 23-Jun before-lunch FULL inventory (Disha & Anirudh): actual vs predicted,Garlic chutney podi,,,,,
Disha & Anirudh,h3,2026-06-23,Check — 23-Jun before-lunch FULL inventory (Disha & Anirudh): actual vs predicted,Puliogare powder,,0,,,
Disha & Anirudh,h3,2026-06-23,Check — 23-Jun before-lunch FULL inventory (Disha & Anirudh): actual vs predicted,Goda masala,,0,,,
Disha & Anirudh,h3,2026-06-23,Check — 23-Jun before-lunch FULL inventory (Disha & Anirudh): actual vs predicted,Vada pav chutney,,0,,,
Disha & Anirudh,h3,2026-06-23,Check — 23-Jun before-lunch FULL inventory (Disha & Anirudh): actual vs predicted,Biryani masala (Food Lab),,0,,,
Disha & Anirudh,h3,2026-06-23,Check — 23-Jun before-lunch FULL inventory (Disha & Anirudh): actual vs predicted,Ramen,,4,,,
Disha & Anirudh,h3,2026-06-23,Check — 23-Jun before-lunch FULL inventory (Disha & Anirudh): actual vs predicted,Instant poha,,0,,,
Disha & Anirudh,h3,2026-06-23,Check — 23-Jun before-lunch FULL inventory (Disha & Anirudh): actual vs predicted,Chocos,,0,,,
Disha & Anirudh,h3,2026-06-23,Check — 23-Jun before-lunch FULL inventory (Disha & Anirudh): actual vs predicted,MTR upma / rawa idli,,0,,,
Disha & Anirudh,h3,2026-06-23,Check — 23-Jun before-lunch FULL inventory (Disha & Anirudh): actual vs predicted,MTR 3-min seviyan upma,,0,,,
Disha & Anirudh,h3,2026-06-23,Check — 23-Jun before-lunch FULL inventory (Disha & Anirudh): actual vs predicted,Masala oats,,0,,,
Disha & Anirudh,h3,2026-06-23,Check — 23-Jun before-lunch FULL inventory (Disha & Anirudh): actual vs predicted,Mixed pulses pack,,0,,,
Disha & Anirudh,h3,2026-06-23,Check — 23-Jun before-lunch FULL inventory (Disha & Anirudh): actual vs predicted,Sambhar onions,,,,,
Disha & Anirudh,h3,2026-06-23,Check — 23-Jun before-lunch FULL inventory (Disha & Anirudh): actual vs predicted,Lactose-free milk,,5,,,
Disha & Anirudh,h3,2026-06-23,Check — 23-Jun before-lunch FULL inventory (Disha & Anirudh): actual vs predicted,Del Monte ketchup,,,,,
Disha & Anirudh,h3,2026-06-23,Check — 23-Jun before-lunch FULL inventory (Disha & Anirudh): actual vs predicted,Troovy ketchup,,,,,
Disha & Anirudh,h3,2026-06-23,Check — 23-Jun before-lunch FULL inventory (Disha & Anirudh): actual vs predicted,Pickles,,,,,
Disha & Anirudh,h3,2026-06-23,Check — 23-Jun before-lunch FULL inventory (Disha & Anirudh): actual vs predicted,Soy sauce,,,,,
Disha & Anirudh,h3,2026-06-23,Check — 23-Jun before-lunch FULL inventory (Disha & Anirudh): actual vs predicted,Mayo,,,,,
Disha & Anirudh,h3,2026-06-23,Check — 23-Jun before-lunch FULL inventory (Disha & Anirudh): actual vs predicted,Thousand Island dressing,,,,,
Disha & Anirudh,h3,2026-06-23,Check — 23-Jun before-lunch FULL inventory (Disha & Anirudh): actual vs predicted,Sriracha (regular),,,,,
Disha & Anirudh,h3,2026-06-23,Check — 23-Jun before-lunch FULL inventory (Disha & Anirudh): actual vs predicted,Sriracha Tuong Ot (Deepa aunty),,,,,
Disha & Anirudh,h3,2026-06-23,Check — 23-Jun before-lunch FULL inventory (Disha & Anirudh): actual vs predicted,Indira's tomato paste,,,,,
Disha & Anirudh,h3,2026-06-23,Check — 23-Jun before-lunch FULL inventory (Disha & Anirudh): actual vs predicted,Olives,,,,,
Disha & Anirudh,h3,2026-06-23,Check — 23-Jun before-lunch FULL inventory (Disha & Anirudh): actual vs predicted,Green chilli sauce,,,,,
Disha & Anirudh,h3,2026-06-23,Check — 23-Jun before-lunch FULL inventory (Disha & Anirudh): actual vs predicted,Red chilli sauce,,,,,
Disha & Anirudh,h3,2026-06-23,Check — 23-Jun before-lunch FULL inventory (Disha & Anirudh): actual vs predicted,Honey mustard,,,,,
Disha & Anirudh,h3,2026-06-23,Check — 23-Jun before-lunch FULL inventory (Disha & Anirudh): actual vs predicted,Milky Mist skyr,400,300,,,
Disha & Anirudh,h3,2026-06-23,Check — 23-Jun before-lunch FULL inventory (Disha & Anirudh): actual vs predicted,Raw peanuts (Supreme Harvest),500,440,,,
Disha & Anirudh,h3,2026-06-23,Check — 23-Jun before-lunch FULL inventory (Disha & Anirudh): actual vs predicted,Curry leaves,50,50,,,
Disha & Anirudh,h3,2026-06-23,Check — 23-Jun before-lunch FULL inventory (Disha & Anirudh): actual vs predicted,Eggs,14,14,,,
Disha & Anirudh,h3,2026-06-23,Check — 23-Jun before-lunch FULL inventory (Disha & Anirudh): actual vs predicted,Potato,0,0,,,
Disha & Anirudh,h3,2026-06-23,Check — 23-Jun before-lunch FULL inventory (Disha & Anirudh): actual vs predicted,Spinach/Palak,87,87,,,
Disha & Anirudh,h3,2026-06-23,Check — 23-Jun before-lunch FULL inventory (Disha & Anirudh): actual vs predicted,Coriander (dhania),190,190,,,
Disha & Anirudh,h3,2026-06-27,Check — end-of-27th physical count (Disha & Anirudh),Onion,830,830,,,
Disha & Anirudh,h3,2026-06-27,Check — end-of-27th physical count (Disha & Anirudh),Broccoli,0,150,,,
Disha & Anirudh,h3,2026-06-27,Check — end-of-27th physical count (Disha & Anirudh),Tomato,0,150,,,
Disha & Anirudh,h3,2026-06-27,Check — end-of-27th physical count (Disha & Anirudh),Green beans,400,400,,,
Disha & Anirudh,h3,2026-06-27,Check — end-of-27th physical count (Disha & Anirudh),Carrot,698,140,,,
Disha & Anirudh,h3,2026-06-27,Check — end-of-27th physical count (Disha & Anirudh),Cucumber,525,525,,,
Disha & Anirudh,h3,2026-06-27,Check — end-of-27th physical count (Disha & Anirudh),Coriander (dhania),170,170,,,
Disha & Anirudh,h3,2026-06-27,Check — end-of-27th physical count (Disha & Anirudh),Spring onion,250,250,,,
Disha & Anirudh,h3,2026-06-27,Check — end-of-27th physical count (Disha & Anirudh),Baby corn,100,100,,,
Disha & Anirudh,h3,2026-06-27,Check — end-of-27th physical count (Disha & Anirudh),Lettuce,370,370,,,
Disha & Anirudh,h3,2026-06-27,Check — end-of-27th physical count (Disha & Anirudh),Mint,75,75,,,
Disha & Anirudh,h3,2026-06-27,Check — end-of-27th physical count (Disha & Anirudh),Ginger,180,180,,,
Disha & Anirudh,h3,2026-06-27,Check — end-of-27th physical count (Disha & Anirudh),Garlic,380,380,,,
Disha & Anirudh,h3,2026-06-27,Check — end-of-27th physical count (Disha & Anirudh),Red capsicum,770,770,,,
Disha & Anirudh,h3,2026-06-27,Check — end-of-27th physical count (Disha & Anirudh),Green capsicum,0,150,,,
Disha & Anirudh,h3,2026-06-27,Check — end-of-27th physical count (Disha & Anirudh),Yellow capsicum,0,150,,,
Disha & Anirudh,h3,2026-06-27,Check — end-of-27th physical count (Disha & Anirudh),Green chilli,114,0,,,
Kartik & Dhara,h4,2026-06-13,Check 1 — photos + resident written detail (13-Jun) · ANCHOR,Onion,1000,1000,,,
Kartik & Dhara,h4,2026-06-13,Check 1 — photos + resident written detail (13-Jun) · ANCHOR,Potato,600,600,,,
Kartik & Dhara,h4,2026-06-13,Check 1 — photos + resident written detail (13-Jun) · ANCHOR,Tomato,350,350,,,
Kartik & Dhara,h4,2026-06-13,Check 1 — photos + resident written detail (13-Jun) · ANCHOR,Carrot,300,300,,,
Kartik & Dhara,h4,2026-06-13,Check 1 — photos + resident written detail (13-Jun) · ANCHOR,Ginger,100,100,,,
Kartik & Dhara,h4,2026-06-13,Check 1 — photos + resident written detail (13-Jun) · ANCHOR,Garlic,50,50,,,
Kartik & Dhara,h4,2026-06-13,Check 1 — photos + resident written detail (13-Jun) · ANCHOR,Green chilli,50,50,,,
Kartik & Dhara,h4,2026-06-13,Check 1 — photos + resident written detail (13-Jun) · ANCHOR,Lemon,8,8,,,
Kartik & Dhara,h4,2026-06-13,Check 1 — photos + resident written detail (13-Jun) · ANCHOR,Coriander (dhania),50,50,,,
Kartik & Dhara,h4,2026-06-13,Check 1 — photos + resident written detail (13-Jun) · ANCHOR,Methi (fenugreek),50,50,,,
Kartik & Dhara,h4,2026-06-13,Check 1 — photos + resident written detail (13-Jun) · ANCHOR,Dill,70,70,,,
Kartik & Dhara,h4,2026-06-13,Check 1 — photos + resident written detail (13-Jun) · ANCHOR,Mint,100,100,,,
Kartik & Dhara,h4,2026-06-13,Check 1 — photos + resident written detail (13-Jun) · ANCHOR,Drumstick (pods),2,2,,,
Kartik & Dhara,h4,2026-06-20,"Check 2 — physical count by Kartik (20-Jun, after all meals)",Onion,1270,1500,,,
Kartik & Dhara,h4,2026-06-20,"Check 2 — physical count by Kartik (20-Jun, after all meals)",Potato,1000,1000,,,
Kartik & Dhara,h4,2026-06-20,"Check 2 — physical count by Kartik (20-Jun, after all meals)",Garlic,80,45,,,
Kartik & Dhara,h4,2026-06-20,"Check 2 — physical count by Kartik (20-Jun, after all meals)",Ginger,200,200,,,
Kartik & Dhara,h4,2026-06-20,"Check 2 — physical count by Kartik (20-Jun, after all meals)",Tomato,730,500,,,
Kartik & Dhara,h4,2026-06-20,"Check 2 — physical count by Kartik (20-Jun, after all meals)",Cucumber,350,200,,,
Kartik & Dhara,h4,2026-06-20,"Check 2 — physical count by Kartik (20-Jun, after all meals)",Red capsicum,50,50,,,
Kartik & Dhara,h4,2026-06-20,"Check 2 — physical count by Kartik (20-Jun, after all meals)",Yellow capsicum,50,50,,,
Kartik & Dhara,h4,2026-06-20,"Check 2 — physical count by Kartik (20-Jun, after all meals)",Baby corn,100,100,,,
Kartik & Dhara,h4,2026-06-20,"Check 2 — physical count by Kartik (20-Jun, after all meals)",Broccoli,100,100,,,
Kartik & Dhara,h4,2026-06-20,"Check 2 — physical count by Kartik (20-Jun, after all meals)",Brinjal,80,80,,,
Kartik & Dhara,h4,2026-06-20,"Check 2 — physical count by Kartik (20-Jun, after all meals)",Coriander (dhania),70,70,,,
Kartik & Dhara,h4,2026-06-20,"Check 2 — physical count by Kartik (20-Jun, after all meals)",Green chilli,110,110,,,
Kartik & Dhara,h4,2026-06-20,"Check 2 — physical count by Kartik (20-Jun, after all meals)",Lemon,3,5,,,
Kartik & Dhara,h4,2026-06-20,"Check 2 — physical count by Kartik (20-Jun, after all meals)",Dry coconut,0,65,,,
Kartik & Dhara,h4,2026-06-20,"Check 2 — physical count by Kartik (20-Jun, after all meals)",Beetroot,350,350,,,
Kartik & Dhara,h4,2026-06-20,"Check 2 — physical count by Kartik (20-Jun, after all meals)",Mint,80,80,,,
Kartik & Dhara,h4,2026-06-20,"Check 2 — physical count by Kartik (20-Jun, after all meals)",Lettuce,50,50,,,
Rahul & Radhika,h5,2026-06-16,Inventory check — after 16-Jun breakfast (physical weigh-in),Curry leaves,0,40,,,
Rahul & Radhika,h5,2026-06-16,Inventory check — after 16-Jun breakfast (physical weigh-in),Tomato,2050,1100,,,
Rahul & Radhika,h5,2026-06-16,Inventory check — after 16-Jun breakfast (physical weigh-in),Bottle gourd,600,163,,,
Rahul & Radhika,h5,2026-06-16,Inventory check — after 16-Jun breakfast (physical weigh-in),Lettuce,340,60,,,
Rahul & Radhika,h5,2026-06-16,Inventory check — after 16-Jun breakfast (physical weigh-in),Broccoli,300,190,,,
Rahul & Radhika,h5,2026-06-16,Inventory check — after 16-Jun breakfast (physical weigh-in),Green beans,0,90,,,
Rahul & Radhika,h5,2026-06-16,Inventory check — after 16-Jun breakfast (physical weigh-in),Zucchini,150,230,,,
Rahul & Radhika,h5,2026-06-16,Inventory check — after 16-Jun breakfast (physical weigh-in),Brinjal,0,180,,,
Rahul & Radhika,h5,2026-06-16,Inventory check — after 16-Jun breakfast (physical weigh-in),Lady's finger,100,250,,,
Rahul & Radhika,h5,2026-06-16,Inventory check — after 16-Jun breakfast (physical weigh-in),Onion,2710,2000,,,
Rahul & Radhika,h5,2026-06-16,Inventory check — after 16-Jun breakfast (physical weigh-in),Spinach/Palak,0,380,,,
Rahul & Radhika,h5,2026-06-16,Inventory check — after 16-Jun breakfast (physical weigh-in),Ginger,0,60,,,
Rahul & Radhika,h5,2026-06-16,Inventory check — after 16-Jun breakfast (physical weigh-in),Carrot,70,290,,,
Rahul & Radhika,h5,2026-06-16,Inventory check — after 16-Jun breakfast (physical weigh-in),Cabbage,300,130,,,
Rahul & Radhika,h5,2026-06-16,Inventory check — after 16-Jun breakfast (physical weigh-in),Potato,1500,624,,,
Rahul & Radhika,h5,2026-06-16,Inventory check — after 16-Jun breakfast (physical weigh-in),Garlic,0,100,,,
Rahul & Radhika,h5,2026-06-16,Inventory check — after 16-Jun breakfast (physical weigh-in),Beetroot,0,270,,,
Rahul & Radhika,h5,2026-06-16,Inventory check — after 16-Jun breakfast (physical weigh-in),Coriander (dhania),110,110,,,
Rahul & Radhika,h5,2026-06-16,Inventory check — after 16-Jun breakfast (physical weigh-in),Banana,7,7,,,
Rahul & Radhika,h5,2026-06-16,Inventory check — after 16-Jun breakfast (physical weigh-in),Mint,30,30,,,
Rahul & Radhika,h5,2026-06-22,Check — 22-end full inventory (222 photos): actual vs predicted,Onion,2530,500,,,
Rahul & Radhika,h5,2026-06-22,Check — 22-end full inventory (222 photos): actual vs predicted,Carrot,420,480,,,
Rahul & Radhika,h5,2026-06-22,Check — 22-end full inventory (222 photos): actual vs predicted,Potato,474,600,,,
Rahul & Radhika,h5,2026-06-22,Check — 22-end full inventory (222 photos): actual vs predicted,Tomato,1420,200,,,
Rahul & Radhika,h5,2026-06-22,Check — 22-end full inventory (222 photos): actual vs predicted,Cucumber,720,300,,,
Rahul & Radhika,h5,2026-06-22,Check — 22-end full inventory (222 photos): actual vs predicted,Green capsicum,0,480,,,
Rahul & Radhika,h5,2026-06-22,Check — 22-end full inventory (222 photos): actual vs predicted,Zucchini,80,400,,,
Rahul & Radhika,h5,2026-06-22,Check — 22-end full inventory (222 photos): actual vs predicted,Beetroot,270,120,,,
Rahul & Radhika,h5,2026-06-22,Check — 22-end full inventory (222 photos): actual vs predicted,Lemon,6,1,,,
Rahul & Radhika,h5,2026-06-22,Check — 22-end full inventory (222 photos): actual vs predicted,Garlic,280,100,,,
Rahul & Radhika,h5,2026-06-22,Check — 22-end full inventory (222 photos): actual vs predicted,Mint,5,80,,,
Rahul & Radhika,h5,2026-06-22,Check — 22-end full inventory (222 photos): actual vs predicted,Curry leaves,40,80,,,
Rahul & Radhika,h5,2026-06-22,Check — 22-end full inventory (222 photos): actual vs predicted,Spinach/Palak,480,200,,,
Rahul & Radhika,h5,2026-06-22,Check — 22-end full inventory (222 photos): actual vs predicted,Banana,17,7,,,
Rahul & Radhika,h5,2026-06-22,Check — 22-end full inventory (222 photos): actual vs predicted,Pumpkin,0,50,,,
Rahul & Radhika,h5,2026-06-22,Check — 22-end full inventory (222 photos): actual vs predicted,Brinjal,120,180,,,
Rahul & Radhika,h5,2026-06-22,Check — 22-end full inventory (222 photos): actual vs predicted,Cabbage,1030,1000,,,
Rahul & Radhika,h5,2026-06-22,Check — 22-end full inventory (222 photos): actual vs predicted,Coriander (dhania),230,0,,,
Rahul & Radhika,h5,2026-06-22,Check — 22-end full inventory (222 photos): actual vs predicted,Ginger,60,0,,,
Rahul & Radhika,h5,2026-06-22,Check — 22-end full inventory (222 photos): actual vs predicted,Lettuce,250,0,,,
Rahul & Radhika,h5,2026-06-22,Check — 22-end full inventory (222 photos): actual vs predicted,Red capsicum,170,0,,,
Rahul & Radhika,h5,2026-06-22,Check — 22-end full inventory (222 photos): actual vs predicted,Yellow capsicum,0,0,,,
Rahul & Radhika,h5,2026-06-22,Check — 22-end full inventory (222 photos): actual vs predicted,Broccoli,190,0,,,
Rahul & Radhika,h5,2026-06-22,Check — 22-end full inventory (222 photos): actual vs predicted,Green beans,0,0,,,
Rahul & Radhika,h5,2026-06-22,Check — 22-end full inventory (222 photos): actual vs predicted,Lady's finger,500,0,,,
Rahul & Radhika,h5,2026-06-22,Check — 22-end full inventory (222 photos): actual vs predicted,Dill,100,0,,,
Rahul & Radhika,h5,2026-06-22,Check — 22-end full inventory (222 photos): actual vs predicted,Button mushroom,,200,,,
Rahul & Radhika,h5,2026-06-22,Check — 22-end full inventory (222 photos): actual vs predicted,Watermelon,0,2000,,,
Rahul & Radhika,h5,2026-06-22,Check — 22-end full inventory (222 photos): actual vs predicted,Mango,,10,,,
Rahul & Radhika,h5,2026-06-22,Check — 22-end full inventory (222 photos): actual vs predicted,Pear (Sweet Beauty Red),,4,,,
Rahul & Radhika,h5,2026-06-22,Check — 22-end full inventory (222 photos): actual vs predicted,Kiwi,,2,,,
Rahul & Radhika,h5,2026-06-22,Check — 22-end full inventory (222 photos): actual vs predicted,Apple (Royal Gala),,2,,,
Rahul & Radhika,h5,2026-06-22,Check — 22-end full inventory (222 photos): actual vs predicted,Chicken breast (boneless),1852,450,,,
Rahul & Radhika,h5,2026-06-22,Check — 22-end full inventory (222 photos): actual vs predicted,"Chicken mince (Licious, frozen)",,450,,,
Rahul & Radhika,h5,2026-06-22,Check — 22-end full inventory (222 photos): actual vs predicted,Bassa / pangasius fillet,,300,,,
Rahul & Radhika,h5,2026-06-22,Check — 22-end full inventory (222 photos): actual vs predicted,Eggs (free-range brown),0,20,,,
Rahul & Radhika,h5,2026-06-22,Check — 22-end full inventory (222 photos): actual vs predicted,Milky Mist Skyr,,300,,,
Rahul & Radhika,h5,2026-06-22,Check — 22-end full inventory (222 photos): actual vs predicted,Avocado,,2,,,
Rahul & Radhika,h5,2026-06-23,Check — 23-end inventory: actual vs predicted (calibration),Onion,340,600,,,
Rahul & Radhika,h5,2026-06-23,Check — 23-end inventory: actual vs predicted (calibration),Green capsicum,440,300,,,
Rahul & Radhika,h5,2026-06-23,Check — 23-end inventory: actual vs predicted (calibration),Yellow capsicum,0,100,,,
Rahul & Radhika,h5,2026-06-23,Check — 23-end inventory: actual vs predicted (calibration),Zucchini,400,200,,,
Rahul & Radhika,h5,2026-06-23,Check — 23-end inventory: actual vs predicted (calibration),Cucumber,180,450,,,
Rahul & Radhika,h5,2026-06-23,Check — 23-end inventory: actual vs predicted (calibration),Lemon,1,6,,,
Rahul & Radhika,h5,2026-06-23,Check — 23-end inventory: actual vs predicted (calibration),Tomato,0,200,,,
Rahul & Radhika,h5,2026-06-23,Check — 23-end inventory: actual vs predicted (calibration),Ginger,0,30,,,
Rahul & Radhika,h5,2026-06-23,Check — 23-end inventory: actual vs predicted (calibration),Carrot,340,240,,,
Rahul & Radhika,h5,2026-06-23,Check — 23-end inventory: actual vs predicted (calibration),Beetroot,120,80,,,
Rahul & Radhika,h5,2026-06-23,Check — 23-end inventory: actual vs predicted (calibration),Spinach/Palak,200,200,,,
Rahul & Radhika,h5,2026-06-23,Check — 23-end inventory: actual vs predicted (calibration),Garlic,100,150,,,
Rahul & Radhika,h5,2026-06-23,Check — 23-end inventory: actual vs predicted (calibration),Pumpkin,50,300,,,
Rahul & Radhika,h5,2026-06-23,Check — 23-end inventory: actual vs predicted (calibration),Lettuce,0,60,,,
Rahul & Radhika,h5,2026-06-23,Check — 23-end inventory: actual vs predicted (calibration),Potato,600,150,,,
Rahul & Radhika,h5,2026-06-23,Check — 23-end inventory: actual vs predicted (calibration),Banana,6,4,,,
Rahul & Radhika,h5,2026-06-23,Check — 23-end inventory: actual vs predicted (calibration),Coriander (dhania),0,30,,,
Rahul & Radhika,h5,2026-06-23,Check — 23-end inventory: actual vs predicted (calibration),Curry leaves,80,20,,,
Rahul & Radhika,h5,2026-06-23,Check — 23-end inventory: actual vs predicted (calibration),Mint,80,20,,,
Rahul & Radhika,h5,2026-06-23,Check — 23-end inventory: actual vs predicted (calibration),Red capsicum,0,0,,,
Rahul & Radhika,h5,2026-06-23,Check — 23-end inventory: actual vs predicted (calibration),Broccoli,0,0,,,
Rahul & Radhika,h5,2026-06-23,Check — 23-end inventory: actual vs predicted (calibration),Cabbage,730,0,,,
Rahul & Radhika,h5,2026-06-23,Check — 23-end inventory: actual vs predicted (calibration),Green beans,0,0,,,
Rahul & Radhika,h5,2026-06-23,Check — 23-end inventory: actual vs predicted (calibration),Brinjal,180,0,,,
Rahul & Radhika,h5,2026-06-23,Check — 23-end inventory: actual vs predicted (calibration),Lady's finger,0,0,,,
Rahul & Radhika,h5,2026-06-23,Check — 23-end inventory: actual vs predicted (calibration),Dill,0,0,,,
Rahul & Radhika,h5,2026-06-23,Check — 23-end inventory: actual vs predicted (calibration),Cherry tomatoes,,125,,,
Rahul & Radhika,h5,2026-06-23,Check — 23-end inventory: actual vs predicted (calibration),Button mushroom,200,200,,,
Rahul & Radhika,h5,2026-06-23,Check — 23-end inventory: actual vs predicted (calibration),Mushroom (button),,0,,,
Rahul & Radhika,h5,2026-06-23,Check — 23-end inventory: actual vs predicted (calibration),Pear (Sweet Beauty Red),4,2,,,
Rahul & Radhika,h5,2026-06-23,Check — 23-end inventory: actual vs predicted (calibration),Kiwi,2,2,,,
Rahul & Radhika,h5,2026-06-23,Check — 23-end inventory: actual vs predicted (calibration),Avocado,2,2,,,
Rahul & Radhika,h5,2026-06-23,Check — 23-end inventory: actual vs predicted (calibration),Apple (Royal Gala),2,1,,,
Rahul & Radhika,h5,2026-06-23,Check — 23-end inventory: actual vs predicted (calibration),Mango,,8,,,
Rahul & Radhika,h5,2026-06-23,Check — 23-end inventory: actual vs predicted (calibration),Chicken breast (boneless),450,450,,,
Rahul & Radhika,h5,2026-06-23,Check — 23-end inventory: actual vs predicted (calibration),Bassa / pangasius fillet,300,150,,,
Rahul & Radhika,h5,2026-06-23,Check — 23-end inventory: actual vs predicted (calibration),Doggy chicken (pet food),,1,,,
Rahul & Radhika,h5,2026-06-23,Check — 23-end inventory: actual vs predicted (calibration),Epigamia Greek yogurt (natural),,50,,,
Rahul & Radhika,h5,2026-06-23,Check — 23-end inventory: actual vs predicted (calibration),Epigamia Greek yogurt (mixed berries),,3,,,
Rahul & Radhika,h5,2026-06-23,Check — 23-end inventory: actual vs predicted (calibration),Fruit yoghurt cup,,1,,,
Rahul & Radhika,h5,2026-06-23,Check — 23-end inventory: actual vs predicted (calibration),Milky Mist Skyr,200,200,,,
Rahul & Radhika,h5,2026-06-23,Check — 23-end inventory: actual vs predicted (calibration),Eggs (free-range brown),16,12,,,
Rahul & Radhika,h5,2026-06-23,Check — 23-end inventory: actual vs predicted (calibration),Sabudana,,,,,
Rahul & Radhika,h5,2026-06-23,Check — 23-end inventory: actual vs predicted (calibration),Atta,,,,,
Rahul & Radhika,h5,2026-06-23,Check — 23-end inventory: actual vs predicted (calibration),Frozen green beans,,,,,
Rahul & Radhika,h5,2026-06-24,Check — 24-end inventory (after all meals): actual vs predicted,Garlic,150,150,,,
Rahul & Radhika,h5,2026-06-24,Check — 24-end inventory (after all meals): actual vs predicted,Brinjal,0,180,,,
Rahul & Radhika,h5,2026-06-24,Check — 24-end inventory (after all meals): actual vs predicted,Potato,150,150,,,
Rahul & Radhika,h5,2026-06-24,Check — 24-end inventory (after all meals): actual vs predicted,Banana,3,4,,,
Rahul & Radhika,h5,2026-06-24,Check — 24-end inventory (after all meals): actual vs predicted,Lemon,6,6,,,
Rahul & Radhika,h5,2026-06-24,Check — 24-end inventory (after all meals): actual vs predicted,Ginger,30,20,,,
Rahul & Radhika,h5,2026-06-24,Check — 24-end inventory (after all meals): actual vs predicted,Green capsicum,300,200,,,
Rahul & Radhika,h5,2026-06-24,Check — 24-end inventory (after all meals): actual vs predicted,Cucumber,370,300,,,
Rahul & Radhika,h5,2026-06-24,Check — 24-end inventory (after all meals): actual vs predicted,Beetroot,80,100,,,
Rahul & Radhika,h5,2026-06-24,Check — 24-end inventory (after all meals): actual vs predicted,Tomato,120,100,,,
Rahul & Radhika,h5,2026-06-24,Check — 24-end inventory (after all meals): actual vs predicted,Curry leaves,20,15,,,
Rahul & Radhika,h5,2026-06-24,Check — 24-end inventory (after all meals): actual vs predicted,Coriander (dhania),30,15,,,
Rahul & Radhika,h5,2026-06-24,Check — 24-end inventory (after all meals): actual vs predicted,Mint,20,15,,,
Rahul & Radhika,h5,2026-06-24,Check — 24-end inventory (after all meals): actual vs predicted,Eggs (free-range brown),6,8,,,
Rahul & Radhika,h5,2026-06-24,Check — 24-end inventory (after all meals): actual vs predicted,Chicken breast (boneless),150,100,,,
Rahul & Radhika,h5,2026-06-24,Check — 24-end inventory (after all meals): actual vs predicted,Pear (Sweet Beauty Red),2,1,,,
Rahul & Radhika,h5,2026-06-24,Check — 24-end inventory (after all meals): actual vs predicted,Kiwi,2,2,,,
Rahul & Radhika,h5,2026-06-24,Check — 24-end inventory (after all meals): actual vs predicted,Apple (Royal Gala),1,1,,,
Rahul & Radhika,h5,2026-06-24,Check — 24-end inventory (after all meals): actual vs predicted,Avocado,1,1,,,
Rahul & Radhika,h5,2026-06-24,Check — 24-end inventory (after all meals): actual vs predicted,Watermelon,2000,1000,,,
Rahul & Radhika,h5,2026-06-24,Check — 24-end inventory (after all meals): actual vs predicted,Mango,8,2,,,
Rahul & Radhika,h5,2026-06-24,Check — 24-end inventory (after all meals): actual vs predicted,Cherry tomatoes,125,125,,,
Paxal & Sana,h7,2026-06-25,Baseline -- 25-Jun after-lunch physical inventory (Paxal & Sana),Curry leaves,,1 bunch ~50g,,,
Paxal & Sana,h7,2026-06-25,Baseline -- 25-Jun after-lunch physical inventory (Paxal & Sana),Lemon,,4,,,
Paxal & Sana,h7,2026-06-25,Baseline -- 25-Jun after-lunch physical inventory (Paxal & Sana),Cabbage,,half ~250g,,,
Paxal & Sana,h7,2026-06-25,Baseline -- 25-Jun after-lunch physical inventory (Paxal & Sana),Coriander (dhania),,1 bunch ~100g,,,
Paxal & Sana,h7,2026-06-25,Baseline -- 25-Jun after-lunch physical inventory (Paxal & Sana),Green beans,,150,,,
Paxal & Sana,h7,2026-06-25,Baseline -- 25-Jun after-lunch physical inventory (Paxal & Sana),Papaya,,1,,,
Paxal & Sana,h7,2026-06-25,Baseline -- 25-Jun after-lunch physical inventory (Paxal & Sana),Cucumber,,3 (~400g),,,
Paxal & Sana,h7,2026-06-25,Baseline -- 25-Jun after-lunch physical inventory (Paxal & Sana),Tomato,,1000,,,
Paxal & Sana,h7,2026-06-25,Baseline -- 25-Jun after-lunch physical inventory (Paxal & Sana),Bottle gourd,,1 big ~800g,,,
Paxal & Sana,h7,2026-06-25,Baseline -- 25-Jun after-lunch physical inventory (Paxal & Sana),Spinach/Palak,,1 bunch ~150g,,,
Paxal & Sana,h7,2026-06-25,Baseline -- 25-Jun after-lunch physical inventory (Paxal & Sana),Pumpkin,,200 (aging),,,
Paxal & Sana,h7,2026-06-25,Baseline -- 25-Jun after-lunch physical inventory (Paxal & Sana),Green capsicum,,"6 (~600g, aging)",,,
Paxal & Sana,h7,2026-06-25,Baseline -- 25-Jun after-lunch physical inventory (Paxal & Sana),Red capsicum,,half ~50g (aging),,,
Paxal & Sana,h7,2026-06-25,Baseline -- 25-Jun after-lunch physical inventory (Paxal & Sana),Yellow capsicum,,1/4 ~25g (aging),,,
Paxal & Sana,h7,2026-06-25,Baseline -- 25-Jun after-lunch physical inventory (Paxal & Sana),Carrot,,"5 (~450g, aging)",,,
Paxal & Sana,h7,2026-06-25,Baseline -- 25-Jun after-lunch physical inventory (Paxal & Sana),Onion,,1500 (->1450 after 25 dinner),,,
Paxal & Sana,h7,2026-06-25,Baseline -- 25-Jun after-lunch physical inventory (Paxal & Sana),Garlic,,~75 (->65 after 25 dinner),,,
Paxal & Sana,h7,2026-06-25,Baseline -- 25-Jun after-lunch physical inventory (Paxal & Sana),Ginger,,~50 (->45 after 25 dinner),,,
Paxal & Sana,h7,2026-06-25,Baseline -- 25-Jun after-lunch physical inventory (Paxal & Sana),Dahi (curd) pack,,1 pack,,,
Paxal & Sana,h7,2026-06-25,Baseline -- 25-Jun after-lunch physical inventory (Paxal & Sana),Apple,,4,,,
Paxal & Sana,h7,2026-06-25,Baseline -- 25-Jun after-lunch physical inventory (Paxal & Sana),Pomegranate,,3,,,
Paxal & Sana,h7,2026-06-25,Baseline -- 25-Jun after-lunch physical inventory (Paxal & Sana),Baby potatoes,,dinner qty,,,
Paxal & Sana,h7,2026-06-25,Baseline -- 25-Jun after-lunch physical inventory (Paxal & Sana),Sweet potato,,500,,,
Paxal & Sana,h7,2026-06-25,Baseline -- 25-Jun after-lunch physical inventory (Paxal & Sana),Sprouts (box),,1 (EXPIRED 20-Jun),,,
Paxal & Sana,h7,2026-06-25,Baseline -- 25-Jun after-lunch physical inventory (Paxal & Sana),Arbi (taro/colocasia),,300 (really old),,,
Pratik & Sakshi,h8,2026-06-25,Baseline — 25-Jun opening physical count (Pratik & Sakshi),Tomato,,1000,,,
Pratik & Sakshi,h8,2026-06-25,Baseline — 25-Jun opening physical count (Pratik & Sakshi),Cabbage,,250,,,
Pratik & Sakshi,h8,2026-06-25,Baseline — 25-Jun opening physical count (Pratik & Sakshi),Broccoli,,300,,,
Pratik & Sakshi,h8,2026-06-25,Baseline — 25-Jun opening physical count (Pratik & Sakshi),Zucchini,,500,,,
Pratik & Sakshi,h8,2026-06-25,Baseline — 25-Jun opening physical count (Pratik & Sakshi),Cucumber,,650,,,
Pratik & Sakshi,h8,2026-06-25,Baseline — 25-Jun opening physical count (Pratik & Sakshi),Cauliflower,,300,,,
Pratik & Sakshi,h8,2026-06-25,Baseline — 25-Jun opening physical count (Pratik & Sakshi),Green capsicum,,300,,,
Pratik & Sakshi,h8,2026-06-25,Baseline — 25-Jun opening physical count (Pratik & Sakshi),Red capsicum,,100,,,
Pratik & Sakshi,h8,2026-06-25,Baseline — 25-Jun opening physical count (Pratik & Sakshi),Green chilli,,50,,,
Pratik & Sakshi,h8,2026-06-25,Baseline — 25-Jun opening physical count (Pratik & Sakshi),Mint,,100,,,
Pratik & Sakshi,h8,2026-06-25,Baseline — 25-Jun opening physical count (Pratik & Sakshi),Bottle gourd,,400,,,
Pratik & Sakshi,h8,2026-06-25,Baseline — 25-Jun opening physical count (Pratik & Sakshi),Green beans,,400,,,
Pratik & Sakshi,h8,2026-06-25,Baseline — 25-Jun opening physical count (Pratik & Sakshi),Lemon,,11,,,
Pratik & Sakshi,h8,2026-06-25,Baseline — 25-Jun opening physical count (Pratik & Sakshi),Brinjal,,150,,,
Pratik & Sakshi,h8,2026-06-25,Baseline — 25-Jun opening physical count (Pratik & Sakshi),Lettuce,,300,,,
Pratik & Sakshi,h8,2026-06-25,Baseline — 25-Jun opening physical count (Pratik & Sakshi),Baby corn,,200,,,
Pratik & Sakshi,h8,2026-06-25,Baseline — 25-Jun opening physical count (Pratik & Sakshi),Sweet corn,,800,,,
Pratik & Sakshi,h8,2026-06-25,Baseline — 25-Jun opening physical count (Pratik & Sakshi),Carrot,,500,,,
Pratik & Sakshi,h8,2026-06-25,Baseline — 25-Jun opening physical count (Pratik & Sakshi),Coriander (dhania),,50,,,
Pratik & Sakshi,h8,2026-06-25,Baseline — 25-Jun opening physical count (Pratik & Sakshi),Spring onion,,100,,,
Pratik & Sakshi,h8,2026-06-25,Baseline — 25-Jun opening physical count (Pratik & Sakshi),Onion,,0,,,
Pratik & Sakshi,h8,2026-06-26,Check — 26-Jun physical count (Pratik & Sakshi),Carrot,500,1100,,,
Pratik & Sakshi,h8,2026-06-26,Check — 26-Jun physical count (Pratik & Sakshi),Cucumber,650,650,,,
Pratik & Sakshi,h8,2026-06-26,Check — 26-Jun physical count (Pratik & Sakshi),Garlic,0,350,,,
Pratik & Sakshi,h8,2026-06-26,Check — 26-Jun physical count (Pratik & Sakshi),Ginger,0,150,,,
Pratik & Sakshi,h8,2026-06-26,Check — 26-Jun physical count (Pratik & Sakshi),Onion,0,500,,,
Pratik & Sakshi,h8,2026-06-26,Check — 26-Jun physical count (Pratik & Sakshi),Potato,0,1000,,,
Pratik & Sakshi,h8,2026-06-26,Check — 26-Jun physical count (Pratik & Sakshi),Lettuce,300,150,,,
Pratik & Sakshi,h8,2026-06-26,Check — 26-Jun physical count (Pratik & Sakshi),Tomato,1000,525,,,
Pratik & Sakshi,h8,2026-06-26,Check — 26-Jun physical count (Pratik & Sakshi),Green chilli,50,40,,,
Pratik & Sakshi,h8,2026-06-26,Check — 26-Jun physical count (Pratik & Sakshi),Zucchini,500,250,,,
Pratik & Sakshi,h8,2026-06-26,Check — 26-Jun physical count (Pratik & Sakshi),Bottle gourd,400,1000,,,
Pratik & Sakshi,h8,2026-06-26,Check — 26-Jun physical count (Pratik & Sakshi),Green beans,400,650,,,
Pratik & Sakshi,h8,2026-06-26,Check — 26-Jun physical count (Pratik & Sakshi),Lemon,11,6,,,
Pratik & Sakshi,h8,2026-06-26,Check — 26-Jun physical count (Pratik & Sakshi),Sweet corn,800,300,,,
Pratik & Sakshi,h8,2026-06-26,Check — 26-Jun physical count (Pratik & Sakshi),Spinach/Palak,0,200,,,
Pratik & Sakshi,h8,2026-06-26,Check — 26-Jun physical count (Pratik & Sakshi),Cabbage,250,250,,,
Pratik & Sakshi,h8,2026-06-26,Check — 26-Jun physical count (Pratik & Sakshi),Brinjal,150,150,,,
Pratik & Sakshi,h8,2026-06-26,Check — 26-Jun physical count (Pratik & Sakshi),Broccoli,300,300,,,
Pratik & Sakshi,h8,2026-06-26,Check — 26-Jun physical count (Pratik & Sakshi),Green capsicum,300,300,,,
Pratik & Sakshi,h8,2026-06-26,Check — 26-Jun physical count (Pratik & Sakshi),Red capsicum,100,100,,,
Pratik & Sakshi,h8,2026-06-26,Check — 26-Jun physical count (Pratik & Sakshi),Baby corn,200,200,,,
Pratik & Sakshi,h8,2026-06-26,Check — 26-Jun physical count (Pratik & Sakshi),Spring onion,100,100,,,
Pratik & Sakshi,h8,2026-06-27,Check — 27-Jun physical count (Pratik & Sakshi),Onion,500,2500,,,
Pratik & Sakshi,h8,2026-06-27,Check — 27-Jun physical count (Pratik & Sakshi),Potato,1000,500,,,
Pratik & Sakshi,h8,2026-06-27,Check — 27-Jun physical count (Pratik & Sakshi),Garlic,350,250,,,
Pratik & Sakshi,h8,2026-06-27,Check — 27-Jun physical count (Pratik & Sakshi),Ginger,150,150,,,
Pratik & Sakshi,h8,2026-06-27,Check — 27-Jun physical count (Pratik & Sakshi),Cucumber,650,400,,,
Pratik & Sakshi,h8,2026-06-27,Check — 27-Jun physical count (Pratik & Sakshi),Zucchini,250,250,,,
Pratik & Sakshi,h8,2026-06-27,Check — 27-Jun physical count (Pratik & Sakshi),Carrot,1100,730,,,
Pratik & Sakshi,h8,2026-06-27,Check — 27-Jun physical count (Pratik & Sakshi),Lemon,6,5,,,
Pratik & Sakshi,h8,2026-06-27,Check — 27-Jun physical count (Pratik & Sakshi),Green beans,650,350,,,
Pratik & Sakshi,h8,2026-06-27,Check — 27-Jun physical count (Pratik & Sakshi),Broccoli,300,150,,,
Pratik & Sakshi,h8,2026-06-27,Check — 27-Jun physical count (Pratik & Sakshi),Brinjal,150,150,,,
Pratik & Sakshi,h8,2026-06-27,Check — 27-Jun physical count (Pratik & Sakshi),Cabbage,250,125,,,
Pratik & Sakshi,h8,2026-06-27,Check — 27-Jun physical count (Pratik & Sakshi),Tomato,525,500,,,
Pratik & Sakshi,h8,2026-06-27,Check — 27-Jun physical count (Pratik & Sakshi),Lettuce,150,150,,,
Pratik & Sakshi,h8,2026-06-27,Check — 27-Jun physical count (Pratik & Sakshi),Green capsicum,300,300,,,
Pratik & Sakshi,h8,2026-06-27,Check — 27-Jun physical count (Pratik & Sakshi),Red capsicum,100,100,,,
Pratik & Sakshi,h8,2026-06-30,Check (after B+L · fresh count),Coriander (dhania),50,80,,,
Pratik & Sakshi,h8,2026-06-30,Check (after B+L · fresh count),Garlic,250,250,,,
Pratik & Sakshi,h8,2026-06-30,Check (after B+L · fresh count),Potato,500,800,,,
Pratik & Sakshi,h8,2026-06-30,Check (after B+L · fresh count),Onion,2500,1800,,,
Pratik & Sakshi,h8,2026-06-30,Check (after B+L · fresh count),Eggs,4,5,,,
Pratik & Sakshi,h8,2026-06-30,Check (after B+L · fresh count),Cheddar cheese,1,1,,,
Pratik & Sakshi,h8,2026-06-30,Check (after B+L · fresh count),Litchi,0,200,,,
Pratik & Sakshi,h8,2026-06-30,Check (after B+L · fresh count),Blueberry,1,1,,,
Pratik & Sakshi,h8,2026-06-30,Check (after B+L · fresh count),Pomegranate,2,2,,,
Pratik & Sakshi,h8,2026-06-30,Check (after B+L · fresh count),Orange,2,2,,,
Pratik & Sakshi,h8,2026-06-30,Check (after B+L · fresh count),Pear,0,1,,,
Pratik & Sakshi,h8,2026-06-30,Check (after B+L · fresh count),Jalapeno chilli,0,200,,,
Pratik & Sakshi,h8,2026-06-30,Check (after B+L · fresh count),Lemon,5,600,,,
Pratik & Sakshi,h8,2026-06-30,Check (after B+L · fresh count),Baby corn,200,200,,,
Pratik & Sakshi,h8,2026-06-30,Check (after B+L · fresh count),Tomato,500,600,,,
Pratik & Sakshi,h8,2026-06-30,Check (after B+L · fresh count),Button mushroom,0,100,,,
Pratik & Sakshi,h8,2026-06-30,Check (after B+L · fresh count),Spinach/Palak,200,100,,,
Pratik & Sakshi,h8,2026-06-30,Check (after B+L · fresh count),Red capsicum,100,75,,,
Pratik & Sakshi,h8,2026-06-30,Check (after B+L · fresh count),Yellow capsicum,0,75,,,
Pratik & Sakshi,h8,2026-06-30,Check (after B+L · fresh count),Green capsicum,300,150,,,
Pratik & Sakshi,h8,2026-06-30,Check (after B+L · fresh count),Brinjal,150,150,,,
Pratik & Sakshi,h8,2026-06-30,Check (after B+L · fresh count),Cucumber,400,150,,,
Pratik & Sakshi,h8,2026-06-30,Check (after B+L · fresh count),Bottle gourd,1000,400,,,
Pratik & Sakshi,h8,2026-06-30,Check (after B+L · fresh count),Curry leaves,0,20,,,
Pratik & Sakshi,h8,2026-06-30,Check (after B+L · fresh count),Broccoli,150,0,,,
Pratik & Sakshi,h8,2026-06-30,Check (after B+L · fresh count),Cabbage,125,0,,,
Pratik & Sakshi,h8,2026-06-30,Check (after B+L · fresh count),Carrot,730,0,,,
Pratik & Sakshi,h8,2026-06-30,Check (after B+L · fresh count),Cauliflower,300,0,,,
Pratik & Sakshi,h8,2026-06-30,Check (after B+L · fresh count),Ginger,150,0,,,
Pratik & Sakshi,h8,2026-06-30,Check (after B+L · fresh count),Green beans,350,0,,,
Pratik & Sakshi,h8,2026-06-30,Check (after B+L · fresh count),Green chilli,40,0,,,
Pratik & Sakshi,h8,2026-06-30,Check (after B+L · fresh count),Lettuce,150,0,,,
Pratik & Sakshi,h8,2026-06-30,Check (after B+L · fresh count),Mint,100,0,,,
Pratik & Sakshi,h8,2026-06-30,Check (after B+L · fresh count),Spring onion,100,0,,,
Pratik & Sakshi,h8,2026-06-30,Check (after B+L · fresh count),Sweet corn,300,0,,,
Pratik & Sakshi,h8,2026-06-30,Check (after B+L · fresh count),Zucchini,250,0,,,
Kartik & Dhara,h4,2026-06-28,"Check 3 — full physical count (28-Jun, Sunday cook-off · no meals) · ANCHOR",Onion,820,800,,,
Kartik & Dhara,h4,2026-06-28,"Check 3 — full physical count (28-Jun, Sunday cook-off · no meals) · ANCHOR",Garlic,100,250,,,
Kartik & Dhara,h4,2026-06-28,"Check 3 — full physical count (28-Jun, Sunday cook-off · no meals) · ANCHOR",Ginger,315,250,,,
Kartik & Dhara,h4,2026-06-28,"Check 3 — full physical count (28-Jun, Sunday cook-off · no meals) · ANCHOR",Tomato,630,700,,,
Kartik & Dhara,h4,2026-06-28,"Check 3 — full physical count (28-Jun, Sunday cook-off · no meals) · ANCHOR",Potato,650,900,,,
Kartik & Dhara,h4,2026-06-28,"Check 3 — full physical count (28-Jun, Sunday cook-off · no meals) · ANCHOR",Beetroot,200,150,,,
Kartik & Dhara,h4,2026-06-28,"Check 3 — full physical count (28-Jun, Sunday cook-off · no meals) · ANCHOR",Lemon,3,4,,,
Kartik & Dhara,h4,2026-06-28,"Check 3 — full physical count (28-Jun, Sunday cook-off · no meals) · ANCHOR",Lady's finger (okra),0,50,,,
Kartik & Dhara,h4,2026-06-28,"Check 3 — full physical count (28-Jun, Sunday cook-off · no meals) · ANCHOR",Cucumber,50,150,,,
Kartik & Dhara,h4,2026-06-28,"Check 3 — full physical count (28-Jun, Sunday cook-off · no meals) · ANCHOR",Green chilli,67,80,,,
Kartik & Dhara,h4,2026-06-28,"Check 3 — full physical count (28-Jun, Sunday cook-off · no meals) · ANCHOR",Coriander (dhania),100,100,,,
Kartik & Dhara,h4,2026-06-28,"Check 3 — full physical count (28-Jun, Sunday cook-off · no meals) · ANCHOR",Mint,30,40,,,
Kartik & Dhara,h4,2026-06-28,"Check 3 — full physical count (28-Jun, Sunday cook-off · no meals) · ANCHOR",Dry coconut,0,1,,,
Kartik & Dhara,h4,2026-06-28,"Check 3 — full physical count (28-Jun, Sunday cook-off · no meals) · ANCHOR",Eggs,4,6,,,
Kartik & Dhara,h4,2026-06-28,"Check 3 — full physical count (28-Jun, Sunday cook-off · no meals) · ANCHOR",Muskmelon (netted),1,1,,,
Disha & Anirudh,h3,2026-06-30,Check — 30-Jun physical (what's on hand · presence count),Onion,830,830,,,
Disha & Anirudh,h3,2026-06-30,Check — 30-Jun physical (what's on hand · presence count),Tomato,150,150,,,
Disha & Anirudh,h3,2026-06-30,Check — 30-Jun physical (what's on hand · presence count),Green beans,400,400,,,
Disha & Anirudh,h3,2026-06-30,Check — 30-Jun physical (what's on hand · presence count),Cabbage,920,920,,,
Disha & Anirudh,h3,2026-06-30,Check — 30-Jun physical (what's on hand · presence count),Carrot,140,140,,,
Disha & Anirudh,h3,2026-06-30,Check — 30-Jun physical (what's on hand · presence count),Cucumber,525,525,,,
Disha & Anirudh,h3,2026-06-30,Check — 30-Jun physical (what's on hand · presence count),Coriander (dhania),150,150,,,
Disha & Anirudh,h3,2026-06-30,Check — 30-Jun physical (what's on hand · presence count),Curry leaves,35,35,,,
Disha & Anirudh,h3,2026-06-30,Check — 30-Jun physical (what's on hand · presence count),Spring onion,250,250,,,
Disha & Anirudh,h3,2026-06-30,Check — 30-Jun physical (what's on hand · presence count),Lettuce,370,370,,,
Disha & Anirudh,h3,2026-06-30,Check — 30-Jun physical (what's on hand · presence count),Romaine lettuce,300,300,,,
Disha & Anirudh,h3,2026-06-30,Check — 30-Jun physical (what's on hand · presence count),Lemongrass,100,100,,,
Disha & Anirudh,h3,2026-06-30,Check — 30-Jun physical (what's on hand · presence count),Mint,50,50,,,
Disha & Anirudh,h3,2026-06-30,Check — 30-Jun physical (what's on hand · presence count),Ginger,180,180,,,
Disha & Anirudh,h3,2026-06-30,Check — 30-Jun physical (what's on hand · presence count),Garlic,380,380,,,
Disha & Anirudh,h3,2026-06-30,Check — 30-Jun physical (what's on hand · presence count),Green capsicum,150,150,,,
Disha & Anirudh,h3,2026-06-30,Check — 30-Jun physical (what's on hand · presence count),Red capsicum,770,770,,,
Disha & Anirudh,h3,2026-06-30,Check — 30-Jun physical (what's on hand · presence count),Yellow capsicum,150,150,,,
Disha & Anirudh,h3,2026-06-30,Check — 30-Jun physical (what's on hand · presence count),Baby spinach (hydroponic),170,170,,,
Disha & Anirudh,h3,2026-06-30,Check — 30-Jun physical (what's on hand · presence count),Cherry tomato,100,100,,,
Disha & Anirudh,h3,2026-06-30,Check — 30-Jun physical (what's on hand · presence count),Lemon,200,200,,,
Disha & Anirudh,h3,2026-06-30,Check — 30-Jun physical (what's on hand · presence count),Broccoli,0,200,,,
Disha & Anirudh,h3,2026-06-30,Check — 30-Jun physical (what's on hand · presence count),Baby corn,0,80,,,
Disha & Anirudh,h3,2026-06-30,Check — 30-Jun physical (what's on hand · presence count),Button mushroom,0,40,,,
Disha & Anirudh,h3,2026-06-30,Check — 30-Jun physical (what's on hand · presence count),Green chilli,0,50,,,
Disha & Anirudh,h3,2026-06-30,Check — 30-Jun physical (what's on hand · presence count),Arugula,0,75,,,
Disha & Anirudh,h3,2026-06-30,Check — 30-Jun physical (what's on hand · presence count),Banana,0,4,,,
Soozy & Munz,h2,2026-07-01,"Check — physical count (1-Jul, before breakfast, Munz & Soozy)",Chicken breast (boneless),,400 g x 3 = 1200,,,
Soozy & Munz,h2,2026-07-01,"Check — physical count (1-Jul, before breakfast, Munz & Soozy)",Chicken curry cut,,450,,,
Soozy & Munz,h2,2026-07-01,"Check — physical count (1-Jul, before breakfast, Munz & Soozy)",Sausages,,8,,,
Soozy & Munz,h2,2026-07-01,"Check — physical count (1-Jul, before breakfast, Munz & Soozy)",Eggs,,19,,,
Soozy & Munz,h2,2026-07-01,"Check — physical count (1-Jul, before breakfast, Munz & Soozy)",Milk,,organic cow milk 500,,,
Soozy & Munz,h2,2026-07-01,"Check — physical count (1-Jul, before breakfast, Munz & Soozy)",Greek yogurt / curd,,organic curd 200,,,
Soozy & Munz,h2,2026-07-01,"Check — physical count (1-Jul, before breakfast, Munz & Soozy)",Greek yogurt (Milky Mist),,present (no qty),,,
Soozy & Munz,h2,2026-07-01,"Check — physical count (1-Jul, before breakfast, Munz & Soozy)",Greek yogurt (Akshayakalpa plain),,3 tubs,,,
Soozy & Munz,h2,2026-07-01,"Check — physical count (1-Jul, before breakfast, Munz & Soozy)",Table butter (Milky Mist),,7 small packets,,,
Soozy & Munz,h2,2026-07-01,"Check — physical count (1-Jul, before breakfast, Munz & Soozy)",Frozen rice,,196,,,
Soozy & Munz,h2,2026-07-01,"Check — physical count (1-Jul, before breakfast, Munz & Soozy)",Frozen green peas (Safal),,1 pack ~500,,,
Soozy & Munz,h2,2026-07-01,"Check — physical count (1-Jul, before breakfast, Munz & Soozy)",Pumpkin,,115 cut,,,
Soozy & Munz,h2,2026-07-01,"Check — physical count (1-Jul, before breakfast, Munz & Soozy)",Dates,,36,,,
Soozy & Munz,h2,2026-07-01,"Check — physical count (1-Jul, before breakfast, Munz & Soozy)",Lemon,,2,,,
Soozy & Munz,h2,2026-07-01,"Check — physical count (1-Jul, before breakfast, Munz & Soozy)",Blueberries,,1 pack,,,
Soozy & Munz,h2,2026-07-01,"Check — physical count (1-Jul, before breakfast, Munz & Soozy)",Peeled garlic (pack),,30,,,
Soozy & Munz,h2,2026-07-01,"Check — physical count (1-Jul, before breakfast, Munz & Soozy)",Fresh coconut,,72,,,
Soozy & Munz,h2,2026-07-01,"Check — physical count (1-Jul, before breakfast, Munz & Soozy)",Sweet corn,,76 (corn),,,
Soozy & Munz,h2,2026-07-01,"Check — physical count (1-Jul, before breakfast, Munz & Soozy)",Avocado,,3,,,
Soozy & Munz,h2,2026-07-01,"Check — physical count (1-Jul, before breakfast, Munz & Soozy)",Lettuce,,34,,,
Soozy & Munz,h2,2026-07-01,"Check — physical count (1-Jul, before breakfast, Munz & Soozy)",Romaine lettuce,,1 pack,,,
Soozy & Munz,h2,2026-07-01,"Check — physical count (1-Jul, before breakfast, Munz & Soozy)",Cucumber,,4 whole ~600,,,
Soozy & Munz,h2,2026-07-01,"Check — physical count (1-Jul, before breakfast, Munz & Soozy)",Green capsicum,,2 whole ~240,,,
Soozy & Munz,h2,2026-07-01,"Check — physical count (1-Jul, before breakfast, Munz & Soozy)",Cabbage,,1 whole ~800,,,
Soozy & Munz,h2,2026-07-01,"Check — physical count (1-Jul, before breakfast, Munz & Soozy)",Green beans,,186 (beans),,,
Soozy & Munz,h2,2026-07-01,"Check — physical count (1-Jul, before breakfast, Munz & Soozy)",Coriander (dhania),,94,,,
Soozy & Munz,h2,2026-07-01,"Check — physical count (1-Jul, before breakfast, Munz & Soozy)",Rosemary (fresh),,10,,,
Soozy & Munz,h2,2026-07-01,"Check — physical count (1-Jul, before breakfast, Munz & Soozy)",Lady's finger,,515 (ladyfinger),,,
Soozy & Munz,h2,2026-07-01,"Check — physical count (1-Jul, before breakfast, Munz & Soozy)",Ginger,,195,,,
Soozy & Munz,h2,2026-07-01,"Check — physical count (1-Jul, before breakfast, Munz & Soozy)",Coffee (ground),,2 x 150g packets,,,
Soozy & Munz,h2,2026-07-01,"Check — physical count (1-Jul, before breakfast, Munz & Soozy)",Coffee (jar),,1 small jar,,,
Soozy & Munz,h2,2026-07-01,"Check — physical count (1-Jul, before breakfast, Munz & Soozy)",Rice (sonamasuri),,904 organic,,,
Soozy & Munz,h2,2026-07-01,"Check — physical count (1-Jul, before breakfast, Munz & Soozy)",Brown rice (sonamasuri),,1 kg organic,,,
Soozy & Munz,h2,2026-07-01,"Check — physical count (1-Jul, before breakfast, Munz & Soozy)",Organic flour,,1 kg,,,
Soozy & Munz,h2,2026-07-01,"Check — physical count (1-Jul, before breakfast, Munz & Soozy)",Atta,,1000 + 750,,,
Soozy & Munz,h2,2026-07-01,"Check — physical count (1-Jul, before breakfast, Munz & Soozy)",Maida,,1 kg,,,
Soozy & Munz,h2,2026-07-01,"Check — physical count (1-Jul, before breakfast, Munz & Soozy)",Brown rice (jar),,381,,,
Soozy & Munz,h2,2026-07-01,"Check — physical count (1-Jul, before breakfast, Munz & Soozy)",Quinoa,,1.5 packets,,,
Soozy & Munz,h2,2026-07-01,"Check — physical count (1-Jul, before breakfast, Munz & Soozy)",Rava/suji,,1 pack double-roasted,,,
Soozy & Munz,h2,2026-07-01,"Check — physical count (1-Jul, before breakfast, Munz & Soozy)",Poha,,500,,,
Soozy & Munz,h2,2026-07-01,"Check — physical count (1-Jul, before breakfast, Munz & Soozy)",Rolled oats,,800,,,
Soozy & Munz,h2,2026-07-01,"Check — physical count (1-Jul, before breakfast, Munz & Soozy)",Muesli,,1.5 packets super muesli,,,
Soozy & Munz,h2,2026-07-01,"Check — physical count (1-Jul, before breakfast, Munz & Soozy)",Kala chana,,395 (+1 pack),,,
Soozy & Munz,h2,2026-07-01,"Check — physical count (1-Jul, before breakfast, Munz & Soozy)",Toor dal (Tata Sampann),,yellow dal 496,,,
Soozy & Munz,h2,2026-07-01,"Check — physical count (1-Jul, before breakfast, Munz & Soozy)",Rajma,,270,,,
Soozy & Munz,h2,2026-07-01,"Check — physical count (1-Jul, before breakfast, Munz & Soozy)",White moong dal,,121,,,
Soozy & Munz,h2,2026-07-01,"Check — physical count (1-Jul, before breakfast, Munz & Soozy)",Green moong,,500,,,
Soozy & Munz,h2,2026-07-01,"Check — physical count (1-Jul, before breakfast, Munz & Soozy)",Peanuts,,579,,,
Soozy & Munz,h2,2026-07-01,"Check — physical count (1-Jul, before breakfast, Munz & Soozy)",Peanuts (Singh),,406,,,
Soozy & Munz,h2,2026-07-01,"Check — physical count (1-Jul, before breakfast, Munz & Soozy)",Almonds,,457,,,
Soozy & Munz,h2,2026-07-01,"Check — physical count (1-Jul, before breakfast, Munz & Soozy)",Flax seeds,,310,,,
Soozy & Munz,h2,2026-07-01,"Check — physical count (1-Jul, before breakfast, Munz & Soozy)",Olive oil,,1 bottle,,,
Soozy & Munz,h2,2026-07-01,"Check — physical count (1-Jul, before breakfast, Munz & Soozy)",Cow ghee,,1 bottle,,,
Soozy & Munz,h2,2026-07-01,"Check — physical count (1-Jul, before breakfast, Munz & Soozy)",Monk fruit sweetener,,1 jar,,,
Soozy & Munz,h2,2026-07-01,"Check — physical count (1-Jul, before breakfast, Munz & Soozy)",Imli (tamarind),,1 pack,,,
Soozy & Munz,h2,2026-07-01,"Check — physical count (1-Jul, before breakfast, Munz & Soozy)",Coriander seeds,,94,,,
Soozy & Munz,h2,2026-07-01,"Check — physical count (1-Jul, before breakfast, Munz & Soozy)",Caramel syrup,,~3/4 jar,,,
Soozy & Munz,h2,2026-07-01,"Check — physical count (1-Jul, before breakfast, Munz & Soozy)",Dhaniya powder,,645,,,
Soozy & Munz,h2,2026-07-01,"Check — physical count (1-Jul, before breakfast, Munz & Soozy)",Turmeric powder,,839,,,
Soozy & Munz,h2,2026-07-01,"Check — physical count (1-Jul, before breakfast, Munz & Soozy)",Hariyali dhaniya,,167,,,
Soozy & Munz,h2,2026-07-01,"Check — physical count (1-Jul, before breakfast, Munz & Soozy)",Jaggery,,243,,,
Soozy & Munz,h2,2026-07-01,"Check — physical count (1-Jul, before breakfast, Munz & Soozy)",Tej patta,,104,,,
Soozy & Munz,h2,2026-07-01,"Check — physical count (1-Jul, before breakfast, Munz & Soozy)",Cloves,,<half jar,,,
Soozy & Munz,h2,2026-07-01,"Check — physical count (1-Jul, before breakfast, Munz & Soozy)",Rasam powder,,half jar,,,
Soozy & Munz,h2,2026-07-01,"Check — physical count (1-Jul, before breakfast, Munz & Soozy)",Meat masala,,half jar,,,
Soozy & Munz,h2,2026-07-01,"Check — physical count (1-Jul, before breakfast, Munz & Soozy)",Elaichi,,barely,,,
Soozy & Munz,h2,2026-07-01,"Check — physical count (1-Jul, before breakfast, Munz & Soozy)",Haldi,,half jar,,,
Soozy & Munz,h2,2026-07-01,"Check — physical count (1-Jul, before breakfast, Munz & Soozy)",Red Label tea,,half packet,,,
Rahul & Radhika,h5,2026-07-01,"Check — physical count (1-Jul, AFTER breakfast/lunch/dinner cooked; Rahul, Radhika & Skye)",Mango,,2,,,
Rahul & Radhika,h5,2026-07-01,"Check — physical count (1-Jul, AFTER breakfast/lunch/dinner cooked; Rahul, Radhika & Skye)",Apple (Royal Gala),,1,,,
Rahul & Radhika,h5,2026-07-01,"Check — physical count (1-Jul, AFTER breakfast/lunch/dinner cooked; Rahul, Radhika & Skye)",Avocado,,1,,,
Rahul & Radhika,h5,2026-07-01,"Check — physical count (1-Jul, AFTER breakfast/lunch/dinner cooked; Rahul, Radhika & Skye)",Lemon,,1 whole ~60g,,,
Rahul & Radhika,h5,2026-07-01,"Check — physical count (1-Jul, AFTER breakfast/lunch/dinner cooked; Rahul, Radhika & Skye)",Paneer,,4 packets ~800g,,,
Rahul & Radhika,h5,2026-07-01,"Check — physical count (1-Jul, AFTER breakfast/lunch/dinner cooked; Rahul, Radhika & Skye)",Epigamia Greek yogurt (natural),,2 plain,,,
Rahul & Radhika,h5,2026-07-01,"Check — physical count (1-Jul, AFTER breakfast/lunch/dinner cooked; Rahul, Radhika & Skye)",Epigamia Greek yogurt (mixed berries),,2,,,
Rahul & Radhika,h5,2026-07-01,"Check — physical count (1-Jul, AFTER breakfast/lunch/dinner cooked; Rahul, Radhika & Skye)",Oat drink (Alt Co),,1 packet,,,
Rahul & Radhika,h5,2026-07-01,"Check — physical count (1-Jul, AFTER breakfast/lunch/dinner cooked; Rahul, Radhika & Skye)",Zucchini,,1 whole ~200g,,,
Rahul & Radhika,h5,2026-07-01,"Check — physical count (1-Jul, AFTER breakfast/lunch/dinner cooked; Rahul, Radhika & Skye)",Bottle gourd,,1 loki ~400g,,,
Rahul & Radhika,h5,2026-07-01,"Check — physical count (1-Jul, AFTER breakfast/lunch/dinner cooked; Rahul, Radhika & Skye)",Tomato,,2 whole ~200g,,,
Rahul & Radhika,h5,2026-07-01,"Check — physical count (1-Jul, AFTER breakfast/lunch/dinner cooked; Rahul, Radhika & Skye)",Button mushroom,,100,,,
Rahul & Radhika,h5,2026-07-01,"Check — physical count (1-Jul, AFTER breakfast/lunch/dinner cooked; Rahul, Radhika & Skye)",Green capsicum,,1 whole ~120g,,,
Rahul & Radhika,h5,2026-07-01,"Check — physical count (1-Jul, AFTER breakfast/lunch/dinner cooked; Rahul, Radhika & Skye)",Brinjal,,3 whole ~300g,,,
Rahul & Radhika,h5,2026-07-01,"Check — physical count (1-Jul, AFTER breakfast/lunch/dinner cooked; Rahul, Radhika & Skye)",Beetroot,,2 whole ~200g,,,
Rahul & Radhika,h5,2026-07-01,"Check — physical count (1-Jul, AFTER breakfast/lunch/dinner cooked; Rahul, Radhika & Skye)",Cabbage,,1 whole ~800g,,,
Rahul & Radhika,h5,2026-07-01,"Check — physical count (1-Jul, AFTER breakfast/lunch/dinner cooked; Rahul, Radhika & Skye)",Peeled garlic (pack),,1 pack,,,
Rahul & Radhika,h5,2026-07-01,"Check — physical count (1-Jul, AFTER breakfast/lunch/dinner cooked; Rahul, Radhika & Skye)",Apple gourd (tinda),,7,,,
Rahul & Radhika,h5,2026-07-01,"Check — physical count (1-Jul, AFTER breakfast/lunch/dinner cooked; Rahul, Radhika & Skye)",Onion,,3 whole ~450g,,,
Rahul & Radhika,h5,2026-07-01,"Check — physical count (1-Jul, AFTER breakfast/lunch/dinner cooked; Rahul, Radhika & Skye)",Dry red chilli (whole),,3 dried,,,
Rahul & Radhika,h5,2026-07-01,"Check — physical count (1-Jul, AFTER breakfast/lunch/dinner cooked; Rahul, Radhika & Skye)",Broccoli,,1 whole ~300g,,,
Rahul & Radhika,h5,2026-07-01,"Check — physical count (1-Jul, AFTER breakfast/lunch/dinner cooked; Rahul, Radhika & Skye)",Curry leaves,,1 pack ~50g,,,
Rahul & Radhika,h5,2026-07-01,"Check — physical count (1-Jul, AFTER breakfast/lunch/dinner cooked; Rahul, Radhika & Skye)",Coriander (dhania),,1 bunch ~100g,,,
Rahul & Radhika,h5,2026-07-01,"Check — physical count (1-Jul, AFTER breakfast/lunch/dinner cooked; Rahul, Radhika & Skye)",Garlic,,2 bulbs ~100g,,,
Rahul & Radhika,h5,2026-07-01,"Check — physical count (1-Jul, AFTER breakfast/lunch/dinner cooked; Rahul, Radhika & Skye)",Potato,,2 kg,,,
Rahul & Radhika,h5,2026-07-01,"Check — physical count (1-Jul, AFTER breakfast/lunch/dinner cooked; Rahul, Radhika & Skye)",Eggs (free-range brown),,5,,,
Rahul & Radhika,h5,2026-07-01,"Check — physical count (1-Jul, AFTER breakfast/lunch/dinner cooked; Rahul, Radhika & Skye)",Rice (white),,OUT,,,
Rahul & Radhika,h5,2026-07-01,"Check — physical count (1-Jul, AFTER breakfast/lunch/dinner cooked; Rahul, Radhika & Skye)",Carrot,,OUT,,,
Rahul & Radhika,h5,2026-07-01,"Check — physical count (1-Jul, AFTER breakfast/lunch/dinner cooked; Rahul, Radhika & Skye)",Cucumber,,OUT,,,
Rahul & Radhika,h5,2026-07-01,"Check — physical count (1-Jul, AFTER breakfast/lunch/dinner cooked; Rahul, Radhika & Skye)",Banana,,OUT,,,
Rahul & Radhika,h5,2026-07-01,"Check — physical count (1-Jul, AFTER breakfast/lunch/dinner cooked; Rahul, Radhika & Skye)",Banana (Yellaki),,OUT,,,
Paxal & Sana,h7,2026-07-01,"Check — physical count (1-Jul, AFTER breakfast & lunch, before dinner)",Green chilli,,bunch ~50g,,,
Paxal & Sana,h7,2026-07-01,"Check — physical count (1-Jul, AFTER breakfast & lunch, before dinner)",Green beans,,bunch ~150g,,,
Paxal & Sana,h7,2026-07-01,"Check — physical count (1-Jul, AFTER breakfast & lunch, before dinner)",Green capsicum,,1.5 + 3 more ~540g,,,
Paxal & Sana,h7,2026-07-01,"Check — physical count (1-Jul, AFTER breakfast & lunch, before dinner)",Yellow capsicum,,small piece,,,
Paxal & Sana,h7,2026-07-01,"Check — physical count (1-Jul, AFTER breakfast & lunch, before dinner)",Zucchini,,3 whole ~600g,,,
Paxal & Sana,h7,2026-07-01,"Check — physical count (1-Jul, AFTER breakfast & lunch, before dinner)",Tomato,,6 whole ~600g,,,
Paxal & Sana,h7,2026-07-01,"Check — physical count (1-Jul, AFTER breakfast & lunch, before dinner)",Cabbage,,half ~400g,,,
Paxal & Sana,h7,2026-07-01,"Check — physical count (1-Jul, AFTER breakfast & lunch, before dinner)",Carrot,,8 whole ~800g,,,
Paxal & Sana,h7,2026-07-01,"Check — physical count (1-Jul, AFTER breakfast & lunch, before dinner)",Onion,,2 kg,,,
Paxal & Sana,h7,2026-07-01,"Check — physical count (1-Jul, AFTER breakfast & lunch, before dinner)",Arbi (taro/colocasia),,100,,,
Paxal & Sana,h7,2026-07-01,"Check — physical count (1-Jul, AFTER breakfast & lunch, before dinner)",Sweet potato,,2 whole ~500g,,,
Paxal & Sana,h7,2026-07-01,"Check — physical count (1-Jul, AFTER breakfast & lunch, before dinner)",Ginger,,200,,,
Paxal & Sana,h7,2026-07-01,"Check — physical count (1-Jul, AFTER breakfast & lunch, before dinner)",Garlic,,2 bulbs ~100g,,,
Paxal & Sana,h7,2026-07-01,"Check — physical count (1-Jul, AFTER breakfast & lunch, before dinner)",Coriander (dhania),,bunch ~100g,,,
Paxal & Sana,h7,2026-07-01,"Check — physical count (1-Jul, AFTER breakfast & lunch, before dinner)",Paneer,,3 packs ~600g,,,
Paxal & Sana,h7,2026-07-01,"Check — physical count (1-Jul, AFTER breakfast & lunch, before dinner)",Dahi (curd) pack,,half box,,,
Disha & Anirudh,h3,2026-07-03,"Check — physical count (3-Jul, AFTER breakfast)",Tomato,,6 + half ~650g,,,
Disha & Anirudh,h3,2026-07-03,"Check — physical count (3-Jul, AFTER breakfast)",Garlic,,4 bulbs ~200g,,,
Disha & Anirudh,h3,2026-07-03,"Check — physical count (3-Jul, AFTER breakfast)",Pink guava,,1,,,
Disha & Anirudh,h3,2026-07-03,"Check — physical count (3-Jul, AFTER breakfast)",Protein powder,,1/2 pack ~450g,,,
Disha & Anirudh,h3,2026-07-03,"Check — physical count (3-Jul, AFTER breakfast)",Banana,,3,,,
Disha & Anirudh,h3,2026-07-03,"Check — physical count (3-Jul, AFTER breakfast)",Honey,,1 bottle,,,
Disha & Anirudh,h3,2026-07-03,"Check — physical count (3-Jul, AFTER breakfast)",Olive oil,,1/2 bottle,,,
Disha & Anirudh,h3,2026-07-03,"Check — physical count (3-Jul, AFTER breakfast)",Extra virgin olive oil,,1/2 bottle,,,
Disha & Anirudh,h3,2026-07-03,"Check — physical count (3-Jul, AFTER breakfast)",Potato,,1 kg,,,
Disha & Anirudh,h3,2026-07-03,"Check — physical count (3-Jul, AFTER breakfast)",Onion,,8 ~1200g,,,
Disha & Anirudh,h3,2026-07-03,"Check — physical count (3-Jul, AFTER breakfast)",Green capsicum,,2 (280g) + half,,,
Disha & Anirudh,h3,2026-07-03,"Check — physical count (3-Jul, AFTER breakfast)",Arugula,,45,,,
Disha & Anirudh,h3,2026-07-03,"Check — physical count (3-Jul, AFTER breakfast)",Spring onion,,185,,,
Disha & Anirudh,h3,2026-07-03,"Check — physical count (3-Jul, AFTER breakfast)",Coriander (dhania),,60,,,
Disha & Anirudh,h3,2026-07-03,"Check — physical count (3-Jul, AFTER breakfast)",Thai basil,,29 (basil),,,
Disha & Anirudh,h3,2026-07-03,"Check — physical count (3-Jul, AFTER breakfast)",Green beans,,156,,,
Disha & Anirudh,h3,2026-07-03,"Check — physical count (3-Jul, AFTER breakfast)",Cabbage,,785,,,
Disha & Anirudh,h3,2026-07-03,"Check — physical count (3-Jul, AFTER breakfast)",Lemongrass,,100,,,
Disha & Anirudh,h3,2026-07-03,"Check — physical count (3-Jul, AFTER breakfast)",Radish,,190 (white radish),,,
Disha & Anirudh,h3,2026-07-03,"Check — physical count (3-Jul, AFTER breakfast)",Carrot,,407,,,
Disha & Anirudh,h3,2026-07-03,"Check — physical count (3-Jul, AFTER breakfast)",Galangal (Thai ginger),,110,,,
Disha & Anirudh,h3,2026-07-03,"Check — physical count (3-Jul, AFTER breakfast)",Cucumber,,180 + half,,,
Disha & Anirudh,h3,2026-07-03,"Check — physical count (3-Jul, AFTER breakfast)",Broccoli,,215,,,
Disha & Anirudh,h3,2026-07-03,"Check — physical count (3-Jul, AFTER breakfast)",Jalapeno chilli,,200,,,
Disha & Anirudh,h3,2026-07-03,"Check — physical count (3-Jul, AFTER breakfast)",Avocado (Hass),,150g,,,
Disha & Anirudh,h3,2026-07-03,"Check — physical count (3-Jul, AFTER breakfast)",Lettuce,,200,,,
Disha & Anirudh,h3,2026-07-03,"Check — physical count (3-Jul, AFTER breakfast)",Milky Mist skyr,,2,,,
Disha & Anirudh,h3,2026-07-03,"Check — physical count (3-Jul, AFTER breakfast)",Coconut milk,,1/2 (ordered 3-Jul),,,
Disha & Anirudh,h3,2026-07-03,"Check — physical count (3-Jul, AFTER breakfast)",Yellow capsicum,,1/2 ~65g,,,
Disha & Anirudh,h3,2026-07-03,"Check — physical count (3-Jul, AFTER breakfast)",Apple,,3,,,
Disha & Anirudh,h3,2026-07-03,"Check — physical count (3-Jul, AFTER breakfast)",Plum,,2,,,
Disha & Anirudh,h3,2026-07-03,"Check — physical count (3-Jul, AFTER breakfast)",Feta cheese (block),,1/2 + 1 pack,,,
Disha & Anirudh,h3,2026-07-03,"Check — physical count (3-Jul, AFTER breakfast)",Cherry,,50,,,
Disha & Anirudh,h3,2026-07-03,"Check — physical count (3-Jul, AFTER breakfast)",Ginger,,111,,,
Disha & Anirudh,h3,2026-07-03,"Check — physical count (3-Jul, AFTER breakfast)",Cherry tomato,,100,,,
Disha & Anirudh,h3,2026-07-03,"Check — physical count (3-Jul, AFTER breakfast)",Cheese slices,,1 pack cheese,,,
Disha & Anirudh,h3,2026-07-03,"Check — physical count (3-Jul, AFTER breakfast)",Green chilli,,34,,,
Disha & Anirudh,h3,2026-07-03,"Check — physical count (3-Jul, AFTER breakfast)",Curry leaves,,10,,,
Disha & Anirudh,h3,2026-07-03,"Check — physical count (3-Jul, AFTER breakfast)",Lemon,,560,,,
Disha & Anirudh,h3,2026-07-03,"Check — physical count (3-Jul, AFTER breakfast)",Butter,,50,,,
Disha & Anirudh,h3,2026-07-03,"Check — physical count (3-Jul, AFTER breakfast)",Lactose-free milk,,3,,,
Disha & Anirudh,h3,2026-07-03,"Check — physical count (3-Jul, AFTER breakfast)",Eggs,,11,,,
Disha & Anirudh,h3,2026-07-03,"Check — physical count (3-Jul, AFTER breakfast)",Chicken,,250 (breast),,,
Disha & Anirudh,h3,2026-07-03,"Check — physical count (3-Jul, AFTER breakfast)",Fortune Kachi Ghani (mustard oil),,1/2 bottle,,,
Disha & Anirudh,h3,2026-07-03,"Check — physical count (3-Jul, AFTER breakfast)",Mayo,,1/2 pack,,,
Disha & Anirudh,h3,2026-07-03,"Check — physical count (3-Jul, AFTER breakfast)",Sriracha (regular),,10%,,,
Disha & Anirudh,h3,2026-07-03,"Check — physical count (3-Jul, AFTER breakfast)",Olives,,1/2 green olive,,,
Disha & Anirudh,h3,2026-07-03,"Check — physical count (3-Jul, AFTER breakfast)",Psyllium husk,,1/4 bottle,,,
Disha & Anirudh,h3,2026-07-03,"Check — physical count (3-Jul, AFTER breakfast)",Peanut oil,,40% bottle,,,
Disha & Anirudh,h3,2026-07-03,"Check — physical count (3-Jul, AFTER breakfast)",Rice bran oil (Freedom),,25% bottle,,,
Disha & Anirudh,h3,2026-07-03,"Model prediction vs actual — FnV (3-Jul after brekki, informational)",Tomato,610,650,Δ 40,,
Disha & Anirudh,h3,2026-07-03,"Model prediction vs actual — FnV (3-Jul after brekki, informational)",Garlic,345,200,Δ -145,,
Disha & Anirudh,h3,2026-07-03,"Model prediction vs actual — FnV (3-Jul after brekki, informational)",Banana,1,3,Δ 2,,
Disha & Anirudh,h3,2026-07-03,"Model prediction vs actual — FnV (3-Jul after brekki, informational)",Potato,0,1000,Δ 1000,,
Disha & Anirudh,h3,2026-07-03,"Model prediction vs actual — FnV (3-Jul after brekki, informational)",Onion,680,1200,Δ 520,,
Disha & Anirudh,h3,2026-07-03,"Model prediction vs actual — FnV (3-Jul after brekki, informational)",Green capsicum,350,350,Δ 0,,
Disha & Anirudh,h3,2026-07-03,"Model prediction vs actual — FnV (3-Jul after brekki, informational)",Arugula,125,45,Δ -80,,
Disha & Anirudh,h3,2026-07-03,"Model prediction vs actual — FnV (3-Jul after brekki, informational)",Spring onion,250,185,Δ -65,,
Disha & Anirudh,h3,2026-07-03,"Model prediction vs actual — FnV (3-Jul after brekki, informational)",Coriander (dhania),80,60,Δ -20,,
Disha & Anirudh,h3,2026-07-03,"Model prediction vs actual — FnV (3-Jul after brekki, informational)",Thai basil,35,0,Δ -35,,
Disha & Anirudh,h3,2026-07-03,"Model prediction vs actual — FnV (3-Jul after brekki, informational)",Green beans,250,156,Δ -94,,
Disha & Anirudh,h3,2026-07-03,"Model prediction vs actual — FnV (3-Jul after brekki, informational)",Cabbage,920,785,Δ -135,,
Disha & Anirudh,h3,2026-07-03,"Model prediction vs actual — FnV (3-Jul after brekki, informational)",Lemongrass,100,100,Δ 0,,
Disha & Anirudh,h3,2026-07-03,"Model prediction vs actual — FnV (3-Jul after brekki, informational)",Radish,250,190,Δ -60,,
Disha & Anirudh,h3,2026-07-03,"Model prediction vs actual — FnV (3-Jul after brekki, informational)",Carrot,100,407,Δ 307,,
Disha & Anirudh,h3,2026-07-03,"Model prediction vs actual — FnV (3-Jul after brekki, informational)",Galangal (Thai ginger),100,110,Δ 10,,
Disha & Anirudh,h3,2026-07-03,"Model prediction vs actual — FnV (3-Jul after brekki, informational)",Cucumber,485,245,Δ -240,,
Disha & Anirudh,h3,2026-07-03,"Model prediction vs actual — FnV (3-Jul after brekki, informational)",Broccoli,140,215,Δ 75,,
Disha & Anirudh,h3,2026-07-03,"Model prediction vs actual — FnV (3-Jul after brekki, informational)",Jalapeno chilli,200,200,Δ 0,,
Disha & Anirudh,h3,2026-07-03,"Model prediction vs actual — FnV (3-Jul after brekki, informational)",Lettuce,340,200,Δ -140,,
Disha & Anirudh,h3,2026-07-03,"Model prediction vs actual — FnV (3-Jul after brekki, informational)",Yellow capsicum,150,65,Δ -85,,
Disha & Anirudh,h3,2026-07-03,"Model prediction vs actual — FnV (3-Jul after brekki, informational)",Ginger,180,111,Δ -69,,
Disha & Anirudh,h3,2026-07-03,"Model prediction vs actual — FnV (3-Jul after brekki, informational)",Green chilli,140,34,Δ -106,,
Disha & Anirudh,h3,2026-07-03,"Model prediction vs actual — FnV (3-Jul after brekki, informational)",Curry leaves,20,10,Δ -10,,
Disha & Anirudh,h3,2026-07-03,"Model prediction vs actual — FnV (3-Jul after brekki, informational)",Lemon,420,560,Δ 140,,
Disha & Anirudh,h3,2026-07-03,"Model prediction vs actual — FnV (3-Jul after brekki, informational)",Mint,45,missing (not counted),Δ n/a,,
Disha & Anirudh,h3,2026-07-03,"Model prediction vs actual — FnV (3-Jul after brekki, informational)",Papaya,0.5,missing (not counted),Δ n/a,,
Disha & Anirudh,h3,2026-07-03,"Model prediction vs actual — FnV (3-Jul after brekki, informational)",Red capsicum,770,missing (not counted),Δ n/a,,
Disha & Anirudh,h3,2026-07-03,"Model prediction vs actual — FnV (3-Jul after brekki, informational)",Baby spinach (hydroponic),120,missing (not counted),Δ n/a,,
Soozy & Munz,h2,2026-07-04,"Check — physical count (4-Jul, after all meals, Munz & Soozy) — FULL OVERWRITE",Sooji/rava (Aashirvaad),730,1 pack — double roasted,,,
Soozy & Munz,h2,2026-07-04,"Check — physical count (4-Jul, after all meals, Munz & Soozy) — FULL OVERWRITE",Poha (Tata Sampann),500,1 pack,,,
Soozy & Munz,h2,2026-07-04,"Check — physical count (4-Jul, after all meals, Munz & Soozy) — FULL OVERWRITE",Maida (Bhagyalakshmi),1000,1000 g — 1 packet,0,,
Soozy & Munz,h2,2026-07-04,"Check — physical count (4-Jul, after all meals, Munz & Soozy) — FULL OVERWRITE",Aashirvaad atta,5000,5000 g — 5 kg packet,0,,
Soozy & Munz,h2,2026-07-04,"Check — physical count (4-Jul, after all meals, Munz & Soozy) — FULL OVERWRITE",Rice (sonamasuri),0,1 packet — 1 packet,,,
Soozy & Munz,h2,2026-07-04,"Check — physical count (4-Jul, after all meals, Munz & Soozy) — FULL OVERWRITE",Biryani rice,,1000 g — 1 kg,,,
Soozy & Munz,h2,2026-07-04,"Check — physical count (4-Jul, after all meals, Munz & Soozy) — FULL OVERWRITE",Caramel syrup (Carmine zero),330,"0.5 bottle — zero sugar, half",,,
Soozy & Munz,h2,2026-07-04,"Check — physical count (4-Jul, after all meals, Munz & Soozy) — FULL OVERWRITE",Jalapeno peppers (Cornitos),370,370 ml — full bottle (sliced),0,,
Soozy & Munz,h2,2026-07-04,"Check — physical count (4-Jul, after all meals, Munz & Soozy) — FULL OVERWRITE",Peanut butter (Whole Truth),1,1 pc,,,
Soozy & Munz,h2,2026-07-04,"Check — physical count (4-Jul, after all meals, Munz & Soozy) — FULL OVERWRITE",Honey (Apis multifloral),1000,0.5 bottle — half bottle,,,
Soozy & Munz,h2,2026-07-04,"Check — physical count (4-Jul, after all meals, Munz & Soozy) — FULL OVERWRITE",Chilli flakes,,1 pack,,,
Soozy & Munz,h2,2026-07-04,"Check — physical count (4-Jul, after all meals, Munz & Soozy) — FULL OVERWRITE",Oregano,,1 pack,,,
Soozy & Munz,h2,2026-07-04,"Check — physical count (4-Jul, after all meals, Munz & Soozy) — FULL OVERWRITE",Sugar free cookies,,1 pack,,,
Soozy & Munz,h2,2026-07-04,"Check — physical count (4-Jul, after all meals, Munz & Soozy) — FULL OVERWRITE",Digestive biscuits,,1 pack,,,
Soozy & Munz,h2,2026-07-04,"Check — physical count (4-Jul, after all meals, Munz & Soozy) — FULL OVERWRITE",Kala chana,295,400 g,105,,
Soozy & Munz,h2,2026-07-04,"Check — physical count (4-Jul, after all meals, Munz & Soozy) — FULL OVERWRITE",Rajma,270,270 g,0,,
Soozy & Munz,h2,2026-07-04,"Check — physical count (4-Jul, after all meals, Munz & Soozy) — FULL OVERWRITE",Chicken masala,,1 pack,,,
Soozy & Munz,h2,2026-07-04,"Check — physical count (4-Jul, after all meals, Munz & Soozy) — FULL OVERWRITE",Red Label tea,2,1 packet — full packet,,,
Soozy & Munz,h2,2026-07-04,"Check — physical count (4-Jul, after all meals, Munz & Soozy) — FULL OVERWRITE",Brown rice (jar),381,380 g,-1,,
Soozy & Munz,h2,2026-07-04,"Check — physical count (4-Jul, after all meals, Munz & Soozy) — FULL OVERWRITE",Coriander (dhania),49,40 g — 40% bunch (est),-9,,
Soozy & Munz,h2,2026-07-04,"Check — physical count (4-Jul, after all meals, Munz & Soozy) — FULL OVERWRITE",Bhindi (okra),500,160 g — okra,-340,,
Soozy & Munz,h2,2026-07-04,"Check — physical count (4-Jul, after all meals, Munz & Soozy) — FULL OVERWRITE",Cucumber,250,340 g,90,,
Soozy & Munz,h2,2026-07-04,"Check — physical count (4-Jul, after all meals, Munz & Soozy) — FULL OVERWRITE",Lettuce,14,227 g,213,,
Soozy & Munz,h2,2026-07-04,"Check — physical count (4-Jul, after all meals, Munz & Soozy) — FULL OVERWRITE",Cabbage,600,500 g,-100,,
Soozy & Munz,h2,2026-07-04,"Check — physical count (4-Jul, after all meals, Munz & Soozy) — FULL OVERWRITE",Carrot,370,50 g — 1 piece,-320,,
Soozy & Munz,h2,2026-07-04,"Check — physical count (4-Jul, after all meals, Munz & Soozy) — FULL OVERWRITE",Green capsicum,240,230 g — 2 pieces,-10,,
Soozy & Munz,h2,2026-07-04,"Check — physical count (4-Jul, after all meals, Munz & Soozy) — FULL OVERWRITE",Green beans,186,184 g,-2,,
Soozy & Munz,h2,2026-07-04,"Check — physical count (4-Jul, after all meals, Munz & Soozy) — FULL OVERWRITE",Eggs,0,1 pc,,,
Soozy & Munz,h2,2026-07-04,"Check — physical count (4-Jul, after all meals, Munz & Soozy) — FULL OVERWRITE",Blueberries,294,21 g,-273,,
Soozy & Munz,h2,2026-07-04,"Check — physical count (4-Jul, after all meals, Munz & Soozy) — FULL OVERWRITE",Milk,900,500 ml — 1 packet (est ~500ml),-400,,
Soozy & Munz,h2,2026-07-04,"Check — physical count (4-Jul, after all meals, Munz & Soozy) — FULL OVERWRITE",Greek yogurt (Milky Mist),595,2 tub — 2 yogurt,,,
Soozy & Munz,h2,2026-07-04,"Check — physical count (4-Jul, after all meals, Munz & Soozy) — FULL OVERWRITE",Dates,36,36 g,0,,
Soozy & Munz,h2,2026-07-04,"Check — physical count (4-Jul, after all meals, Munz & Soozy) — FULL OVERWRITE",Sausages,8,172 g,164,,
Soozy & Munz,h2,2026-07-04,"Check — physical count (4-Jul, after all meals, Munz & Soozy) — FULL OVERWRITE",Whey protein,,1000 g — 1 kg,,,
Shunyam & Ishan — latest,h1b,2026-06-30,Night check (after meals · full count),Banana,0,4,,,
Shunyam & Ishan — latest,h1b,2026-06-30,Night check (after meals · full count),Ginger,145,200,,,
Shunyam & Ishan — latest,h1b,2026-06-30,Night check (after meals · full count),Potato,780,1000,,,
Shunyam & Ishan — latest,h1b,2026-06-30,Night check (after meals · full count),Lemon,5,75,,,
Shunyam & Ishan — latest,h1b,2026-06-30,Night check (after meals · full count),Eggs,9,5,,,
Shunyam & Ishan — latest,h1b,2026-06-30,Night check (after meals · full count),Bhindi (okra),0,250,,,
Shunyam & Ishan — latest,h1b,2026-06-30,Night check (after meals · full count),Mint,0,50,,,
Shunyam & Ishan — latest,h1b,2026-06-30,Night check (after meals · full count),Frozen green peas,400,400,,,
Shunyam & Ishan — latest,h1b,2026-06-30,Night check (after meals · full count),Fresh cream,0,200,,,
Shunyam & Ishan — latest,h1b,2026-06-30,Night check (after meals · full count),Butter,0,100,,,
Shunyam & Ishan — latest,h1b,2026-06-30,Night check (after meals · full count),Milk,0,250,,,
Shunyam & Ishan — latest,h1b,2026-06-30,Night check (after meals · full count),Cheese,0,100,,,
Shunyam & Ishan — latest,h1b,2026-06-30,Night check (after meals · full count),Multigrain bread,100,250,,,
Shunyam & Ishan — latest,h1b,2026-06-30,Night check (after meals · full count),Green beans,40,0,,,
Shunyam & Ishan — latest,h1b,2026-06-30,Night check (after meals · full count),Red capsicum,90,0,,,
Shunyam & Ishan — latest,h1b,2026-06-30,Night check (after meals · full count),Yellow capsicum,150,0,,,
Shunyam & Ishan — latest,h1b,2026-06-30,Night check (after meals · full count),Green capsicum,0,0,,,
Shunyam & Ishan — latest,h1b,2026-06-30,Night check (after meals · full count),Green chilli,72,0,,,
Shunyam & Ishan — latest,h1b,2026-06-30,Night check (after meals · full count),Broccoli,130,0,,,
Shunyam & Ishan — latest,h1b,2026-06-30,Night check (after meals · full count),Zucchini,290,0,,,
Shunyam & Ishan — latest,h1b,2026-06-30,Night check (after meals · full count),Spinach/Palak,100,0,,,
Shunyam & Ishan — latest,h1b,2026-06-30,Night check (after meals · full count),Curd (Akshayakalpa),1400,400,,,
Shunyam & Ishan — latest,h1b,2026-06-30,Night check (after meals · full count),Chicken (curry cut),150,0,,,
Kartik & Dhara,h4,2026-07-05,Check — 5-Jul (after all meals) — FRESH count (produce+eggs+yogurt),Lettuce,100,50,-50,,
Kartik & Dhara,h4,2026-07-05,Check — 5-Jul (after all meals) — FRESH count (produce+eggs+yogurt),Cucumber,150,150,0,,
Kartik & Dhara,h4,2026-07-05,Check — 5-Jul (after all meals) — FRESH count (produce+eggs+yogurt),Zucchini,200,200,0,,
Kartik & Dhara,h4,2026-07-05,Check — 5-Jul (after all meals) — FRESH count (produce+eggs+yogurt),Carrot,180,150,-30,,
Kartik & Dhara,h4,2026-07-05,Check — 5-Jul (after all meals) — FRESH count (produce+eggs+yogurt),Spine gourd,100,70,-30,,
Kartik & Dhara,h4,2026-07-05,Check — 5-Jul (after all meals) — FRESH count (produce+eggs+yogurt),Green capsicum,80,50,-30,,
Kartik & Dhara,h4,2026-07-05,Check — 5-Jul (after all meals) — FRESH count (produce+eggs+yogurt),Bok choy,50,50,0,,
Kartik & Dhara,h4,2026-07-05,Check — 5-Jul (after all meals) — FRESH count (produce+eggs+yogurt),Lemon,252.5,200,-52.5,,
Kartik & Dhara,h4,2026-07-05,Check — 5-Jul (after all meals) — FRESH count (produce+eggs+yogurt),Dry coconut,70,35,-35,,
Kartik & Dhara,h4,2026-07-05,Check — 5-Jul (after all meals) — FRESH count (produce+eggs+yogurt),Onion,610,350,-260,,
Kartik & Dhara,h4,2026-07-05,Check — 5-Jul (after all meals) — FRESH count (produce+eggs+yogurt),Tomato,550,180,-370,,
Kartik & Dhara,h4,2026-07-05,Check — 5-Jul (after all meals) — FRESH count (produce+eggs+yogurt),Potato,900,500,-400,,
Kartik & Dhara,h4,2026-07-05,Check — 5-Jul (after all meals) — FRESH count (produce+eggs+yogurt),Garlic,215,280,65,,
Kartik & Dhara,h4,2026-07-05,Check — 5-Jul (after all meals) — FRESH count (produce+eggs+yogurt),Ginger,235,380,145,200,72.5
Kartik & Dhara,h4,2026-07-05,Check — 5-Jul (after all meals) — FRESH count (produce+eggs+yogurt),Eggs,7,6,-1,,
Kartik & Dhara,h4,2026-07-05,Check — 5-Jul (after all meals) — FRESH count (produce+eggs+yogurt),Curd/yogurt,450,200,-250,,
Kartik & Dhara,h4,2026-07-05,Check — 5-Jul (after all meals) — FRESH count (produce+eggs+yogurt),Watermelon (cut),3000,2000,-1000,3000,-33.3
Kartik & Dhara,h4,2026-07-05,Check — 5-Jul (after all meals) — FRESH count (produce+eggs+yogurt),Green chilli,75,60,-15,,
Kartik & Dhara,h4,2026-07-05,Check — 5-Jul (after all meals) — FRESH count (produce+eggs+yogurt),Coriander (dhania),65,0,-65,,
Kartik & Dhara,h4,2026-07-05,Check — 5-Jul (after all meals) — FRESH count (produce+eggs+yogurt),Gongura leaves,150,0,-150,,
Kartik & Dhara,h4,2026-07-05,Check — 5-Jul (after all meals) — FRESH count (produce+eggs+yogurt),Mint,20,0,-20,,
Kartik & Dhara,h4,2026-07-05,Check — 5-Jul (after all meals) — FRESH count (produce+eggs+yogurt),Apple,2,0,-2,,
Kartik & Dhara,h4,2026-07-05,Check — 5-Jul (after all meals) — FRESH count (produce+eggs+yogurt),Avocado,1,0,-1,,
Kartik & Dhara,h4,2026-07-05,Check — 5-Jul (after all meals) — FRESH count (produce+eggs+yogurt),Jamun,250,0,-250,,
Kartik & Dhara,h4,2026-07-05,Check — 5-Jul (after all meals) — FRESH count (produce+eggs+yogurt),Muskmelon (netted),0.75,0,-0.75,,
Kartik & Dhara,h4,2026-07-05,Check — 5-Jul (after all meals) — FRESH count (produce+eggs+yogurt),Kiwi (green),2,0,-2,,
Kartik & Dhara,h4,2026-07-05,Check — 5-Jul (after all meals) — FRESH count (produce+eggs+yogurt),Litchi,250,0,-250,,
Kartik & Dhara,h4,2026-07-05,Check — 5-Jul (after all meals) — FRESH count (produce+eggs+yogurt),Mango (ripe),0,0,0,,
Kartik & Dhara,h4,2026-07-05,Check — 5-Jul (after all meals) — FRESH count (produce+eggs+yogurt),Raw banana,0,0,0,,
Kartik & Dhara,h4,2026-07-05,Check — 5-Jul (after all meals) — FRESH count (produce+eggs+yogurt),Banana,0,0,0,,
Rahul & Radhika,h5,2026-07-06,Check — 6-Jul physical count (partial; SKUs w/o qty = verify),Cucumber,0,600,600,,
Rahul & Radhika,h5,2026-07-06,Check — 6-Jul physical count (partial; SKUs w/o qty = verify),Curry leaves,50,25,-25,,
Rahul & Radhika,h5,2026-07-06,Check — 6-Jul physical count (partial; SKUs w/o qty = verify),Cherry tomato,60,200,140,,
Rahul & Radhika,h5,2026-07-06,Check — 6-Jul physical count (partial; SKUs w/o qty = verify),Drumstick (pods),0,60,60,,
Rahul & Radhika,h5,2026-07-06,Check — 6-Jul physical count (partial; SKUs w/o qty = verify),Carrot,0,360,360,,
Rahul & Radhika,h5,2026-07-06,Check — 6-Jul physical count (partial; SKUs w/o qty = verify),Bottle gourd,400,200,-200,,
Rahul & Radhika,h5,2026-07-06,Check — 6-Jul physical count (partial; SKUs w/o qty = verify),Lemon,60,120,60,,
Rahul & Radhika,h5,2026-07-06,Check — 6-Jul physical count (partial; SKUs w/o qty = verify),Beetroot,200,210,10,,
Rahul & Radhika,h5,2026-07-06,Check — 6-Jul physical count (partial; SKUs w/o qty = verify),Onion,450,700,250,,
Rahul & Radhika,h5,2026-07-06,Check — 6-Jul physical count (partial; SKUs w/o qty = verify),Potato,2000,1500,-500,,
Rahul & Radhika,h5,2026-07-06,Check — 6-Jul physical count (partial; SKUs w/o qty = verify),Garlic,100,55,-45,,
Rahul & Radhika,h5,2026-07-06,Check — 6-Jul physical count (partial; SKUs w/o qty = verify),Banana,0,7,7,,
Rahul & Radhika,h5,2026-07-06,Check — 6-Jul physical count (partial; SKUs w/o qty = verify),Apple (Royal Gala),1,3,2,,
Rahul & Radhika,h5,2026-07-06,Check — 6-Jul physical count (partial; SKUs w/o qty = verify),Kiwi,2,1,-1,,
Rahul & Radhika,h5,2026-07-06,Check — 6-Jul physical count (partial; SKUs w/o qty = verify),Avocado,1,1,0,,
Rahul & Radhika,h5,2026-07-06,Check — 6-Jul physical count (partial; SKUs w/o qty = verify),Lettuce,60,150,90,,
Rahul & Radhika,h5,2026-07-06,Check — 6-Jul physical count (partial; SKUs w/o qty = verify),Cabbage,800,700,-100,,
Rahul & Radhika,h5,2026-07-06,Check — 6-Jul physical count (partial; SKUs w/o qty = verify),Tomato,200,0,-200,,
Rahul & Radhika,h5,2026-07-06,Check — 6-Jul physical count (partial; SKUs w/o qty = verify),Rolled oats (Quaker high-protein),870,0,-870,,
Rahul & Radhika,h5,2026-07-06,Check — 6-Jul physical count (partial; SKUs w/o qty = verify),Quinoa (Organeekz organic),350,0,-350,,
Rahul & Radhika,h5,2026-07-06,Check — 6-Jul physical count (partial; SKUs w/o qty = verify),Chicken breast (boneless),820,400,-420,,
Rahul & Radhika,h5,2026-07-06,Check — 6-Jul physical count (partial; SKUs w/o qty = verify),Matta broken rice (Double Horse),500,0,-500,,
Kartik & Dhara,h4,2026-07-05,Check — 5-Jul (after all meals) — FRESH count (produce+eggs+yogurt),Spinach/Palak,0,250,250,250,
Kartik & Dhara,h4,2026-07-05,Check — 5-Jul (after all meals) — FRESH count (produce+eggs+yogurt),Bottle gourd,0,800,800,,
Kartik & Dhara,h4,2026-07-05,Check — 5-Jul (after all meals) — FRESH count (produce+eggs+yogurt),Figs,0,200,200,,
Kartik & Dhara,h4,2026-07-05,Check — 5-Jul (after all meals) — FRESH count (produce+eggs+yogurt),Guava,0,1,1,,
Kartik & Dhara,h4,2026-07-05,Check — 5-Jul (after all meals) — FRESH count (produce+eggs+yogurt),Set curd,0,400,400,,
Kartik & Dhara,h4,2026-07-05,Check — 5-Jul (after all meals) — FRESH count (produce+eggs+yogurt),Tilapia (fish),0,250,250,,
Kartik & Dhara,h4,2026-07-05,Check — 5-Jul (after all meals) — FRESH count (produce+eggs+yogurt),Chicken breast (boneless),0,450,450,,
Paxal & Sana,h7,2026-07-07,7-Jul before-breakfast count,Cucumber,240,500,260,,
Paxal & Sana,h7,2026-07-07,7-Jul before-breakfast count,Green capsicum,300,180,-120,,
Paxal & Sana,h7,2026-07-07,7-Jul before-breakfast count,Tomato,610,500,-110,,
Paxal & Sana,h7,2026-07-07,7-Jul before-breakfast count,Cabbage,1010,900,-110,,
Paxal & Sana,h7,2026-07-07,7-Jul before-breakfast count,Green beans,150,100,-50,,
Paxal & Sana,h7,2026-07-07,7-Jul before-breakfast count,Carrot,350,385,35,,
Paxal & Sana,h7,2026-07-07,7-Jul before-breakfast count,Mint,0,100,100,,
Paxal & Sana,h7,2026-07-07,7-Jul before-breakfast count,Spring onion,230,250,20,,
Paxal & Sana,h7,2026-07-07,7-Jul before-breakfast count,Sprouts (green moong),,140,,,
Paxal & Sana,h7,2026-07-07,7-Jul before-breakfast count,Curry leaves,50,25,-25,,
Paxal & Sana,h7,2026-07-07,7-Jul before-breakfast count,Sweet corn,220,125,-95,,
Paxal & Sana,h7,2026-07-07,7-Jul before-breakfast count,Ginger,130,50,-80,,
Paxal & Sana,h7,2026-07-07,7-Jul before-breakfast count,Garlic,30,45,15,,
Paxal & Sana,h7,2026-07-07,7-Jul before-breakfast count,Onion,1310,500,-810,,
Paxal & Sana,h7,2026-07-07,7-Jul before-breakfast count,Sweet potato,650,650,0,,
Paxal & Sana,h7,2026-07-07,7-Jul before-breakfast count,Arbi (taro/colocasia),100,200,100,,
Paxal & Sana,h7,2026-07-07,7-Jul before-breakfast count,Paneer,510,400,-110,,
Paxal & Sana,h7,2026-07-07,7-Jul before-breakfast count,Fresh cream,200,200,0,,
Paxal & Sana,h7,2026-07-07,7-Jul before-breakfast count,Paneer,510,400,-110,,
Pratik & Sakshi,h8,2026-07-07,7-Jul after-breakfast count,Potato,800,1500,700,,
Pratik & Sakshi,h8,2026-07-07,7-Jul after-breakfast count,Garlic,250,200,-50,,
Pratik & Sakshi,h8,2026-07-07,7-Jul after-breakfast count,Ginger,0,100,100,,
Pratik & Sakshi,h8,2026-07-07,7-Jul after-breakfast count,Onion,1800,2000,200,,
Pratik & Sakshi,h8,2026-07-07,7-Jul after-breakfast count,Spinach/Palak,100,100,0,,
Pratik & Sakshi,h8,2026-07-07,7-Jul after-breakfast count,Green capsicum,150,120,-30,,
Pratik & Sakshi,h8,2026-07-07,7-Jul after-breakfast count,Red capsicum,75,120,45,,
Pratik & Sakshi,h8,2026-07-07,7-Jul after-breakfast count,Jalapeno chilli,200,135,-65,,
Pratik & Sakshi,h8,2026-07-07,7-Jul after-breakfast count,Brinjal,150,150,0,,
Pratik & Sakshi,h8,2026-07-07,7-Jul after-breakfast count,Cauliflower,0,600,600,,
Pratik & Sakshi,h8,2026-07-07,7-Jul after-breakfast count,Coriander (dhania),80,100,20,,
Pratik & Sakshi,h8,2026-07-07,7-Jul after-breakfast count,Tomato,600,640,40,,
Pratik & Sakshi,h8,2026-07-07,7-Jul after-breakfast count,Carrot,0,440,440,,
Pratik & Sakshi,h8,2026-07-07,7-Jul after-breakfast count,Curry leaves,20,25,5,,
Pratik & Sakshi,h8,2026-07-07,7-Jul after-breakfast count,Sweet corn,0,150,150,,
Pratik & Sakshi,h8,2026-07-07,7-Jul after-breakfast count,Green chilli,0,100,100,,
Pratik & Sakshi,h8,2026-07-07,7-Jul after-breakfast count,Onion petals,1,1,0,,
Pratik & Sakshi,h8,2026-07-07,7-Jul after-breakfast count,Sambar onion (shallots),,500,,,
Pratik & Sakshi,h8,2026-07-07,7-Jul after-breakfast count,Banana pepper,,150,,,
Pratik & Sakshi,h8,2026-07-07,7-Jul after-breakfast count,Italian basil,,50,,,
Pratik & Sakshi,h8,2026-07-07,7-Jul after-breakfast count,Karela (bitter gourd),,150,,,
Pratik & Sakshi,h8,2026-07-07,7-Jul after-breakfast count,Sweet potato,,390,,,
Pratik & Sakshi,h8,2026-07-07,7-Jul after-breakfast count,Shiitake mushroom,,150,,,
Pratik & Sakshi,h8,2026-07-07,7-Jul after-breakfast count,Edamame (frozen),,500,,,
Pratik & Sakshi,h8,2026-07-07,7-Jul after-breakfast count,Banana,4,4,0,,
Pratik & Sakshi,h8,2026-07-07,7-Jul after-breakfast count,Kiwi,3,1,-2,,
Pratik & Sakshi,h8,2026-07-07,7-Jul after-breakfast count,Watermelon (cut),0,3000,3000,,
Pratik & Sakshi,h8,2026-07-07,7-Jul after-breakfast count,Blueberry,1,1,0,,
Pratik & Sakshi,h8,2026-07-07,7-Jul after-breakfast count,Orange,2,2.5,0.5,,
Pratik & Sakshi,h8,2026-07-07,7-Jul after-breakfast count,Avocado,2,3,1,,
Pratik & Sakshi,h8,2026-07-07,7-Jul after-breakfast count,Greek yogurt (plain),,1,,,
Pratik & Sakshi,h8,2026-07-07,7-Jul after-breakfast count,Greek yogurt (mango),,1,,,
Pratik & Sakshi,h8,2026-07-07,7-Jul after-breakfast count,Butter,1,70,69,,
Pratik & Sakshi,h8,2026-07-07,7-Jul after-breakfast count,Eggs,5,18,13,,
Pratik & Sakshi,h8,2026-07-07,7-Jul after-breakfast count,Tofu,,700,,,
Pratik & Sakshi,h8,2026-07-07,7-Jul after-breakfast count,Cheddar cheese,1,200,199,,
Pratik & Sakshi,h8,2026-07-07,7-Jul after-breakfast count,Dosa batter,1,500,499,,
Pratik & Sakshi,h8,2026-07-07,7-Jul after-breakfast count,Cow milk,2,1,-1,,
Pratik & Sakshi,h8,2026-07-07,7-Jul after-breakfast count,Curd,,200,,,
Pratik & Sakshi,h8,2026-07-07,7-Jul after-breakfast count,Almond drink,,1,,,
Pratik & Sakshi,h8,2026-07-07,7-Jul after-breakfast count,Coconut milk,1,1,0,,
Pratik & Sakshi,h8,2026-07-07,7-Jul after-breakfast count,Paneer,200,200,0,,
Soozy & Munz,h2,2026-07-08,8-Jul before-breakfast count,Cloves,,90,,,
Soozy & Munz,h2,2026-07-08,8-Jul before-breakfast count,Tej patta,,100,,,
Soozy & Munz,h2,2026-07-08,8-Jul before-breakfast count,White moong dal,,130,,,
Soozy & Munz,h2,2026-07-08,8-Jul before-breakfast count,Jaggery,,240,,,
Soozy & Munz,h2,2026-07-08,8-Jul before-breakfast count,Fennel seeds,,270,,,
Soozy & Munz,h2,2026-07-08,8-Jul before-breakfast count,Jeera,,190,,,
Soozy & Munz,h2,2026-07-08,8-Jul before-breakfast count,Meat masala,,90,,,
Soozy & Munz,h2,2026-07-08,8-Jul before-breakfast count,Rasam powder,,120,,,
Soozy & Munz,h2,2026-07-08,8-Jul before-breakfast count,Rice flour (24 Mantra),,1.5,,,
Soozy & Munz,h2,2026-07-08,8-Jul before-breakfast count,Red Label tea,,0.5,,,
Soozy & Munz,h2,2026-07-08,8-Jul before-breakfast count,Rajma,,270,,,
Soozy & Munz,h2,2026-07-08,8-Jul before-breakfast count,Kala chana,,395,,,
Soozy & Munz,h2,2026-07-08,8-Jul before-breakfast count,Salt,,330,,,
Soozy & Munz,h2,2026-07-08,8-Jul before-breakfast count,Turmeric powder,,1318,,,
Soozy & Munz,h2,2026-07-08,8-Jul before-breakfast count,Chicken masala,,1,,,
Soozy & Munz,h2,2026-07-08,8-Jul before-breakfast count,Dhaniya powder,,588,,,
Soozy & Munz,h2,2026-07-08,8-Jul before-breakfast count,3 Roses tea,,0.5,,,
Soozy & Munz,h2,2026-07-08,8-Jul before-breakfast count,Black pepper (whole),,1,,,
Soozy & Munz,h2,2026-07-08,8-Jul before-breakfast count,Brown rice (jar),,380,,,
Soozy & Munz,h2,2026-07-08,8-Jul before-breakfast count,Chana dal,,715,,,
Soozy & Munz,h2,2026-07-08,8-Jul before-breakfast count,Chilli flakes,,1,,,
Soozy & Munz,h2,2026-07-08,8-Jul before-breakfast count,Oregano,,1,,,
Soozy & Munz,h2,2026-07-08,8-Jul before-breakfast count,Monk fruit sweetener,,246,,,
Soozy & Munz,h2,2026-07-08,8-Jul before-breakfast count,Coconut oil,,0.2,,,
Soozy & Munz,h2,2026-07-08,8-Jul before-breakfast count,Honey (Apis multifloral),,480,,,
Soozy & Munz,h2,2026-07-08,8-Jul before-breakfast count,Ghee (Akshayakalpa),,450,,,
Soozy & Munz,h2,2026-07-08,8-Jul before-breakfast count,Light olive oil (Del Monte),,0.8,,,
Soozy & Munz,h2,2026-07-08,8-Jul before-breakfast count,Brown sugar,,550,,,
Soozy & Munz,h2,2026-07-08,8-Jul before-breakfast count,Cashews,,60,,,
Soozy & Munz,h2,2026-07-08,8-Jul before-breakfast count,Peanuts,,770,,,
Soozy & Munz,h2,2026-07-08,8-Jul before-breakfast count,Walnuts,,230,,,
Soozy & Munz,h2,2026-07-08,8-Jul before-breakfast count,Gulab jamun mix,,1,,,
Soozy & Munz,h2,2026-07-08,8-Jul before-breakfast count,Whey protein,,900,,,
Soozy & Munz,h2,2026-07-08,8-Jul before-breakfast count,Flax seeds,,272,,,
Soozy & Munz,h2,2026-07-08,8-Jul before-breakfast count,Almonds,,350,,,
Soozy & Munz,h2,2026-07-08,8-Jul before-breakfast count,Chia seeds,,240,,,
Soozy & Munz,h2,2026-07-08,8-Jul before-breakfast count,Rolled oats,,880,,,
Soozy & Munz,h2,2026-07-08,8-Jul before-breakfast count,Yoga Bar muesli,,1,,,
Soozy & Munz,h2,2026-07-08,8-Jul before-breakfast count,Quinoa,,2,,,
Soozy & Munz,h2,2026-07-08,8-Jul before-breakfast count,Sooji/rava (Aashirvaad),,1,,,
Soozy & Munz,h2,2026-07-08,8-Jul before-breakfast count,"Tamarind (seeded, Whole Farm)",,220,,,
Soozy & Munz,h2,2026-07-08,8-Jul before-breakfast count,Green moong,,500,,,
Soozy & Munz,h2,2026-07-08,8-Jul before-breakfast count,Thai green paste,,1,,,
Soozy & Munz,h2,2026-07-08,8-Jul before-breakfast count,Poha,,1,,,
Soozy & Munz,h2,2026-07-08,8-Jul before-breakfast count,Maida,,1,,,
Soozy & Munz,h2,2026-07-08,8-Jul before-breakfast count,Chilli powder,,216,,,
Soozy & Munz,h2,2026-07-08,8-Jul before-breakfast count,Sugar,,350,,,
Soozy & Munz,h2,2026-07-08,8-Jul before-breakfast count,Haldi,,500,,,
Soozy & Munz,h2,2026-07-08,8-Jul before-breakfast count,Sambar powder (Aachi),,1,,,
Soozy & Munz,h2,2026-07-08,8-Jul before-breakfast count,Maggi,,1,,,
Soozy & Munz,h2,2026-07-08,8-Jul before-breakfast count,Rava idli mix (MTR),,1,,,
Soozy & Munz,h2,2026-07-08,8-Jul before-breakfast count,Digestive biscuits,,1,,,
Soozy & Munz,h2,2026-07-08,8-Jul before-breakfast count,Hot chocolate powder,,140,,,
Soozy & Munz,h2,2026-07-08,8-Jul before-breakfast count,Raisins,,35,,,
Soozy & Munz,h2,2026-07-08,8-Jul before-breakfast count,Nutri Choice crackers,,75,,,
Soozy & Munz,h2,2026-07-08,8-Jul before-breakfast count,Potato,,200,,,
Soozy & Munz,h2,2026-07-08,8-Jul before-breakfast count,Garlic,,200,,,
Soozy & Munz,h2,2026-07-08,8-Jul before-breakfast count,Dry coconut,,1,,,
Soozy & Munz,h2,2026-07-08,8-Jul before-breakfast count,White sesame seeds (Whole Farm),,54,,,
Soozy & Munz,h2,2026-07-08,8-Jul before-breakfast count,Coffee (ground),,300,,,
Soozy & Munz,h2,2026-07-08,8-Jul before-breakfast count,Yogurt,,4,,,
Soozy & Munz,h2,2026-07-08,8-Jul before-breakfast count,Tomato,,750,,,
Soozy & Munz,h2,2026-07-08,8-Jul before-breakfast count,Cucumber,,500,,,
Soozy & Munz,h2,2026-07-08,8-Jul before-breakfast count,Chicken breast (boneless),,450,,,
Soozy & Munz,h2,2026-07-08,8-Jul before-breakfast count,Sardine,,200,,,
Soozy & Munz,h2,2026-07-08,8-Jul before-breakfast count,Frozen green peas (Safal),,500,,,
Soozy & Munz,h2,2026-07-08,8-Jul before-breakfast count,Avocado,,2,,,
Soozy & Munz,h2,2026-07-08,8-Jul before-breakfast count,Boiled rice,,1400,,,
Soozy & Munz,h2,2026-07-08,8-Jul before-breakfast count,Atta,,1000,,,
Soozy & Munz,h2,2026-07-08,8-Jul before-breakfast count,Sona masoori rice,,1000,,,
Soozy & Munz,h2,2026-07-08,8-Jul before-breakfast count,Brown rice (Organic Tattva sonamasuri),,4170,,,
Soozy & Munz,h2,2026-07-08,8-Jul before-breakfast count,Indrayani rice,,520,,,
Soozy & Munz,h2,2026-07-08,8-Jul before-breakfast count,Ginger,,150,,,
Soozy & Munz,h2,2026-07-08,8-Jul before-breakfast count,Curry leaves,,1,,,
Soozy & Munz,h2,2026-07-08,8-Jul before-breakfast count,Iceberg lettuce,,200,,,
Soozy & Munz,h2,2026-07-08,8-Jul before-breakfast count,Basil,,30,,,
Soozy & Munz,h2,2026-07-08,8-Jul before-breakfast count,Green chilli,,100,,,
Soozy & Munz,h2,2026-07-08,8-Jul before-breakfast count,Lemon,,350,,,
Soozy & Munz,h2,2026-07-08,8-Jul before-breakfast count,Carrot,,450,,,
Soozy & Munz,h2,2026-07-08,8-Jul before-breakfast count,Mint,,100,,,
Soozy & Munz,h2,2026-07-08,8-Jul before-breakfast count,Lady's finger,,100,,,
Soozy & Munz,h2,2026-07-08,8-Jul before-breakfast count,Romaine lettuce,,50,,,
Soozy & Munz,h2,2026-07-08,8-Jul before-breakfast count,Rosemary (fresh),,50,,,
Soozy & Munz,h2,2026-07-08,8-Jul before-breakfast count,Spring onion,,10,,,
Soozy & Munz,h2,2026-07-08,8-Jul before-breakfast count,Cabbage,,465,,,
Soozy & Munz,h2,2026-07-08,8-Jul before-breakfast count,Bok choy,,50,,,
Soozy & Munz,h2,2026-07-08,8-Jul before-breakfast count,Grated coconut,,70,,,
Soozy & Munz,h2,2026-07-08,8-Jul before-breakfast count,Blueberries,,66,,,
Soozy & Munz,h2,2026-07-08,8-Jul before-breakfast count,Idli/dosa batter,,1,,,
Soozy & Munz,h2,2026-07-08,8-Jul before-breakfast count,Dark soy sauce,,110,,,
Soozy & Munz,h2,2026-07-08,8-Jul before-breakfast count,Garlic paste,,1,,,
Soozy & Munz,h2,2026-07-08,8-Jul before-breakfast count,Coconut milk,,2,,,
Soozy & Munz,h2,2026-07-08,8-Jul before-breakfast count,Smokey BBQ sauce (Veeba),,1,,,
Soozy & Munz,h2,2026-07-08,8-Jul before-breakfast count,Tomato ketchup (Delmonte),,1,,,
Soozy & Munz,h2,2026-07-08,8-Jul before-breakfast count,Spicy gherkins (Neo),,0.5,,,
Soozy & Munz,h2,2026-07-08,8-Jul before-breakfast count,Jalapeno peppers (Cornitos),,1,,,
Soozy & Munz,h2,2026-07-08,8-Jul before-breakfast count,Vinegar,,0.1,,,
Soozy & Munz,h2,2026-07-08,8-Jul before-breakfast count,Fish sauce (Real Thai),,1,,,
Soozy & Munz,h2,2026-07-08,8-Jul before-breakfast count,Sun-dried tomatoes,,1,,,
Soozy & Munz,h2,2026-07-08,8-Jul before-breakfast count,Umami paste,,1,,,
Soozy & Munz,h2,2026-07-08,8-Jul before-breakfast count,Peanut butter,,1,,,
Soozy & Munz,h2,2026-07-08,8-Jul before-breakfast count,Ranch dressing (Veeba),,1,,,
Soozy & Munz,h2,2026-07-08,8-Jul before-breakfast count,Mustard sauce,,1,,,
Soozy & Munz,h2,2026-07-08,8-Jul before-breakfast count,Eggs,,25,,,
Soozy & Munz,h2,2026-07-08,8-Jul before-breakfast count,Greek yogurt (Milky Mist),,1,,,
Soozy & Munz,h2,2026-07-08,8-Jul before-breakfast count,Greek yogurt (Akshayakalpa plain),,200,,,
Soozy & Munz,h2,2026-07-08,8-Jul before-breakfast count,Apricot jam (Darbo),,1,,,
Soozy & Munz,h2,2026-07-08,8-Jul before-breakfast count,Tabasco,,1,,,
Soozy & Munz,h2,2026-07-08,8-Jul before-breakfast count,Caramel syrup,,1,,,
Soozy & Munz,h2,2026-07-08,8-Jul before-breakfast count,Vanilla extract,,1,,,
Rahul & Radhika — v2 (count baseline),h5b,2026-07-08,8-Jul v2 recount,Garlic,,1.5 bulb,,,
Rahul & Radhika — v2 (count baseline),h5b,2026-07-08,8-Jul v2 recount,Peeled garlic,,60 g,,,
Rahul & Radhika — v2 (count baseline),h5b,2026-07-08,8-Jul v2 recount,Onion,,120,,,
Rahul & Radhika — v2 (count baseline),h5b,2026-07-08,8-Jul v2 recount,Potato,,1000,,,
Rahul & Radhika — v2 (count baseline),h5b,2026-07-08,8-Jul v2 recount,Tomato,,320,,,
Rahul & Radhika — v2 (count baseline),h5b,2026-07-08,8-Jul v2 recount,Carrot,,80,,,
Rahul & Radhika — v2 (count baseline),h5b,2026-07-08,8-Jul v2 recount,Cucumber,,450,,,
Rahul & Radhika — v2 (count baseline),h5b,2026-07-08,8-Jul v2 recount,Bottle gourd,,400,,,
Rahul & Radhika — v2 (count baseline),h5b,2026-07-08,8-Jul v2 recount,Brinjal,,240,,,
Rahul & Radhika — v2 (count baseline),h5b,2026-07-08,8-Jul v2 recount,Cauliflower,,500,,,
Rahul & Radhika — v2 (count baseline),h5b,2026-07-08,8-Jul v2 recount,Lemon,,500,,,
Rahul & Radhika — v2 (count baseline),h5b,2026-07-08,8-Jul v2 recount,Curry leaves,,25% bunch,,,
Rahul & Radhika — v2 (count baseline),h5b,2026-07-08,8-Jul v2 recount,Green beans,,250,,,
Rahul & Radhika — v2 (count baseline),h5b,2026-07-08,8-Jul v2 recount,Green capsicum,,60,,,
Rahul & Radhika — v2 (count baseline),h5b,2026-07-08,8-Jul v2 recount,Red capsicum,,60,,,
Rahul & Radhika — v2 (count baseline),h5b,2026-07-08,8-Jul v2 recount,Yellow capsicum,,60,,,
Rahul & Radhika — v2 (count baseline),h5b,2026-07-08,8-Jul v2 recount,Pumpkin,,50,,,
Rahul & Radhika — v2 (count baseline),h5b,2026-07-08,8-Jul v2 recount,Ginger,,100,,,
Rahul & Radhika — v2 (count baseline),h5b,2026-07-08,8-Jul v2 recount,Lettuce,,150,,,
Rahul & Radhika — v2 (count baseline),h5b,2026-07-08,8-Jul v2 recount,Cherry tomatoes,,50,,,
Rahul & Radhika — v2 (count baseline),h5b,2026-07-08,8-Jul v2 recount,Apple (Royal Gala),,3,,,
Rahul & Radhika — v2 (count baseline),h5b,2026-07-08,8-Jul v2 recount,Avocado,,1,,,
Rahul & Radhika — v2 (count baseline),h5b,2026-07-08,8-Jul v2 recount,Kiwi,,1,,,
Rahul & Radhika — v2 (count baseline),h5b,2026-07-08,8-Jul v2 recount,Mosambi,,1,,,
Rahul & Radhika — v2 (count baseline),h5b,2026-07-08,8-Jul v2 recount,Milky Mist Skyr,,3,,,
Rahul & Radhika — v2 (count baseline),h5b,2026-07-08,8-Jul v2 recount,Fruit yoghurt cup,,1,,,
Rahul & Radhika — v2 (count baseline),h5b,2026-07-08,8-Jul v2 recount,Eggs (free-range brown),,6,,,
Rahul & Radhika — v2 (count baseline),h5b,2026-07-08,8-Jul v2 recount,Red matta rice (broken),,1000,,,
Rahul & Radhika — v2 (count baseline),h5b,2026-07-08,8-Jul v2 recount,Quinoa (Organeekz organic),,500,,,
Pratik & Sakshi,h8,2026-07-08,8-Jul perishables recount,Strawberry,,7,,,
Pratik & Sakshi,h8,2026-07-08,8-Jul perishables recount,Health Factory bread,,1,,,
Pratik & Sakshi,h8,2026-07-08,8-Jul perishables recount,Eggs,,12,,,
Pratik & Sakshi,h8,2026-07-08,8-Jul perishables recount,Greek yogurt (mango),,1,,,
Pratik & Sakshi,h8,2026-07-08,8-Jul perishables recount,Tofu,,600,,,
Pratik & Sakshi,h8,2026-07-08,8-Jul perishables recount,Paneer,,200,,,
Pratik & Sakshi,h8,2026-07-08,8-Jul perishables recount,Watermelon (cut),,1500,,,
Pratik & Sakshi,h8,2026-07-08,8-Jul perishables recount,Bagels,,3,,,
Pratik & Sakshi,h8,2026-07-08,8-Jul perishables recount,Avocado,,2,,,
Pratik & Sakshi,h8,2026-07-08,8-Jul perishables recount,Orange,,2.5,,,
Pratik & Sakshi,h8,2026-07-08,8-Jul perishables recount,Blueberry,,1,,,
Pratik & Sakshi,h8,2026-07-08,8-Jul perishables recount,Beetroot,,150,,,
Pratik & Sakshi,h8,2026-07-08,8-Jul perishables recount,Red capsicum,,80,,,
Pratik & Sakshi,h8,2026-07-08,8-Jul perishables recount,Green capsicum,,90,,,
Pratik & Sakshi,h8,2026-07-08,8-Jul perishables recount,Coriander (dhania),,100,,,
Pratik & Sakshi,h8,2026-07-08,8-Jul perishables recount,Bhaji mirch (bhavnagri chilli),,4,,,
Pratik & Sakshi,h8,2026-07-08,8-Jul perishables recount,Button mushroom,,200,,,
Pratik & Sakshi,h8,2026-07-08,8-Jul perishables recount,Cauliflower,,500,,,
Pratik & Sakshi,h8,2026-07-08,8-Jul perishables recount,Carrot,,400,,,
Pratik & Sakshi,h8,2026-07-08,8-Jul perishables recount,Brinjal,,80,,,
Pratik & Sakshi,h8,2026-07-08,8-Jul perishables recount,Jalapeno chilli,,250,,,
Pratik & Sakshi,h8,2026-07-08,8-Jul perishables recount,Green chilli,,100,,,
Pratik & Sakshi,h8,2026-07-08,8-Jul perishables recount,Mint,,100,,,
Pratik & Sakshi,h8,2026-07-08,8-Jul perishables recount,Tomato,,720,,,
Pratik & Sakshi,h8,2026-07-08,8-Jul perishables recount,Cucumber,,300,,,
Pratik & Sakshi,h8,2026-07-08,8-Jul perishables recount,Karela (bitter gourd),,150,,,
Pratik & Sakshi,h8,2026-07-08,8-Jul perishables recount,Curry leaves,,100,,,
Pratik & Sakshi,h8,2026-07-08,8-Jul perishables recount,Spinach/Palak,,150,,,
Pratik & Sakshi,h8,2026-07-08,8-Jul perishables recount,Corn cob,,1,,,
Pratik & Sakshi,h8,2026-07-08,8-Jul perishables recount,Sweet potato,,500,,,
Pratik & Sakshi,h8,2026-07-08,8-Jul perishables recount,Cow ghee,,1.5,,,
Pratik & Sakshi,h8,2026-07-08,8-Jul perishables recount,Banana,,4,,,
Pratik & Sakshi,h8,2026-07-08,8-Jul perishables recount,Kiwi,,1,,,
Pratik & Sakshi,h8,2026-07-08,8-Jul perishables recount,Potato,,2500,,,
Pratik & Sakshi,h8,2026-07-08,8-Jul perishables recount,Onion,,1600,,,
Pratik & Sakshi,h8,2026-07-08,8-Jul perishables recount,Ginger,,200,,,
Pratik & Sakshi,h8,2026-07-08,8-Jul perishables recount,Garlic,,90,,,
Pratik & Sakshi,h8,2026-07-09,9-Jul perishables recount,Cow ghee,,1.5,,,
Pratik & Sakshi,h8,2026-07-09,9-Jul perishables recount,Mango,,2,,,
Pratik & Sakshi,h8,2026-07-09,9-Jul perishables recount,Potato,,1000,,,
Pratik & Sakshi,h8,2026-07-09,9-Jul perishables recount,Onion,,840,,,
Pratik & Sakshi,h8,2026-07-09,9-Jul perishables recount,Ginger,,200,,,
Pratik & Sakshi,h8,2026-07-09,9-Jul perishables recount,Bagels,,3,,,
Pratik & Sakshi,h8,2026-07-09,9-Jul perishables recount,Olive oil,,1.2,,,
Pratik & Sakshi,h8,2026-07-09,9-Jul perishables recount,Spinach/Palak,,250,,,
Pratik & Sakshi,h8,2026-07-09,9-Jul perishables recount,Tomato,,1370,,,
Pratik & Sakshi,h8,2026-07-09,9-Jul perishables recount,Carrot,,250,,,
Pratik & Sakshi,h8,2026-07-09,9-Jul perishables recount,Button mushroom,,200,,,
Pratik & Sakshi,h8,2026-07-09,9-Jul perishables recount,Cauliflower,,500,,,
Pratik & Sakshi,h8,2026-07-09,9-Jul perishables recount,Lemon,,600,,,
Pratik & Sakshi,h8,2026-07-09,9-Jul perishables recount,Green chilli,,100,,,
Pratik & Sakshi,h8,2026-07-09,9-Jul perishables recount,Mulberry,,1,,,
Pratik & Sakshi,h8,2026-07-09,9-Jul perishables recount,Sourdough,,0.5,,,
Pratik & Sakshi,h8,2026-07-09,9-Jul perishables recount,Watermelon (cut),,1500,,,
Pratik & Sakshi,h8,2026-07-09,9-Jul perishables recount,Butter,,125,,,
Pratik & Sakshi,h8,2026-07-09,9-Jul perishables recount,Tofu,,600,,,
Pratik & Sakshi,h8,2026-07-09,9-Jul perishables recount,Orange,,2,,,
Pratik & Sakshi,h8,2026-07-09,9-Jul perishables recount,Guava,,1.5,,,
Pratik & Sakshi,h8,2026-07-09,9-Jul perishables recount,Bhaji mirch (bhavnagri chilli),,4,,,
Pratik & Sakshi,h8,2026-07-09,9-Jul perishables recount,Green beans,,200,,,
Pratik & Sakshi,h8,2026-07-09,9-Jul perishables recount,Cucumber,,225,,,
Pratik & Sakshi,h8,2026-07-09,9-Jul perishables recount,Brinjal,,240,,,
Pratik & Sakshi,h8,2026-07-09,9-Jul perishables recount,Cabbage,,450,,,
Pratik & Sakshi,h8,2026-07-09,9-Jul perishables recount,Green capsicum,,90,,,
Pratik & Sakshi,h8,2026-07-09,9-Jul perishables recount,Bottle gourd,,400,,,
Pratik & Sakshi,h8,2026-07-09,9-Jul perishables recount,Cherry tomato,,100,,,
Pratik & Sakshi,h8,2026-07-09,9-Jul perishables recount,Jalapeno chilli,,250,,,
Pratik & Sakshi,h8,2026-07-09,9-Jul perishables recount,Corn cob,,1,,,
Pratik & Sakshi,h8,2026-07-09,9-Jul perishables recount,Sweet potato,,500,,,
Pratik & Sakshi,h8,2026-07-09,9-Jul perishables recount,Curry leaves,,150,,,
Pratik & Sakshi,h8,2026-07-09,9-Jul perishables recount,Dry coconut,,1,,,
Pratik & Sakshi,h8,2026-07-09,9-Jul perishables recount,Greek yogurt (plain),,2,,,
Pratik & Sakshi,h8,2026-07-09,9-Jul perishables recount,Health Factory bread,,1,,,
Pratik & Sakshi,h8,2026-07-09,9-Jul perishables recount,Enoki mushroom,,125,,,
Pratik & Sakshi,h8,2026-07-09,9-Jul perishables recount,Eggs,,12,,,
Pratik & Sakshi,h8,2026-07-09,9-Jul perishables recount,Cow milk,,2,,,
Pratik & Sakshi,h8,2026-07-09,9-Jul perishables recount,Strawberry,,3,,,
Pratik & Sakshi,h8,2026-07-09,9-Jul perishables recount,Blueberry,,2,,,
Pratik & Sakshi,h8,2026-07-09,9-Jul perishables recount,Avocado,,2,,,
Pratik & Sakshi,h8,2026-07-09,9-Jul perishables recount,Dragon fruit,,1,,,
Disha & Anirudh,h3,2026-07-11,11-Jul inventory check,Chicken,,430,,,
Disha & Anirudh,h3,2026-07-11,11-Jul inventory check,Eggs,,16,,,
Disha & Anirudh,h3,2026-07-11,11-Jul inventory check,Green capsicum,,260,,,
Disha & Anirudh,h3,2026-07-11,11-Jul inventory check,Red capsicum,,65,,,
Disha & Anirudh,h3,2026-07-11,11-Jul inventory check,Yellow capsicum,,65,,,
Disha & Anirudh,h3,2026-07-11,11-Jul inventory check,Baby spinach (hydroponic),,100,,,
Disha & Anirudh,h3,2026-07-11,11-Jul inventory check,Spinach/Palak,,210,,,
Disha & Anirudh,h3,2026-07-11,11-Jul inventory check,Lettuce,,350,,,
Disha & Anirudh,h3,2026-07-11,11-Jul inventory check,Romaine lettuce,,50,,,
Disha & Anirudh,h3,2026-07-11,11-Jul inventory check,Lemongrass,,100,,,
Disha & Anirudh,h3,2026-07-11,11-Jul inventory check,Ginger,,96,,,
Disha & Anirudh,h3,2026-07-11,11-Jul inventory check,Green chilli,,50,,,
Disha & Anirudh,h3,2026-07-11,11-Jul inventory check,Tomato,,240,,,
Disha & Anirudh,h3,2026-07-11,11-Jul inventory check,Onion,,480,,,
Disha & Anirudh,h3,2026-07-11,11-Jul inventory check,Radish,,50,,,
Disha & Anirudh,h3,2026-07-11,11-Jul inventory check,Cucumber,,100,,,
Disha & Anirudh,h3,2026-07-11,11-Jul inventory check,Bread,,120,,,
Disha & Anirudh,h3,2026-07-11,11-Jul inventory check,Carrot,,217,,,
Disha & Anirudh,h3,2026-07-11,11-Jul inventory check,Spring onion,,50,,,
Disha & Anirudh,h3,2026-07-11,11-Jul inventory check,Curry leaves,,50,,,
Disha & Anirudh,h3,2026-07-11,11-Jul inventory check,Parsley,,1,,,
Disha & Anirudh,h3,2026-07-11,11-Jul inventory check,Milk (Amul),,1.5,,,
Disha & Anirudh,h3,2026-07-11,11-Jul inventory check,Milky Mist skyr,,5,,,
Disha & Anirudh,h3,2026-07-11,11-Jul inventory check,Plum,,250,,,
Disha & Anirudh,h3,2026-07-11,11-Jul inventory check,Apple,,2,,,
Disha & Anirudh,h3,2026-07-11,11-Jul inventory check,Banana,,5,,,
Disha & Anirudh,h3,2026-07-11,11-Jul inventory check,Pink guava,,1,,,
Disha & Anirudh,h3,2026-07-11,11-Jul inventory check,Cabbage,,625,,,
Disha & Anirudh,h3,2026-07-11,11-Jul inventory check,Galangal (Thai ginger),,110,,,
Disha & Anirudh,h3,2026-07-11,11-Jul inventory check,Lemon,,520,,,
Disha & Anirudh,h3,2026-07-11,11-Jul inventory check,Garlic,,185,,,
Disha & Anirudh,h3,2026-07-11,11-Jul inventory check,Arugula,,30,,,
Shunyam & Ishan - latest,h1b,2026-07-11,11-Jul inventory check,Carrot,,1000,,,
Shunyam & Ishan - latest,h1b,2026-07-11,11-Jul inventory check,Cucumber,,300,,,
Shunyam & Ishan - latest,h1b,2026-07-11,11-Jul inventory check,Tomato,,240,,,
Shunyam & Ishan - latest,h1b,2026-07-11,11-Jul inventory check,Beetroot,,105,,,
Shunyam & Ishan - latest,h1b,2026-07-11,11-Jul inventory check,Green capsicum,,130,,,
Shunyam & Ishan - latest,h1b,2026-07-11,11-Jul inventory check,Potato,,520,,,
Shunyam & Ishan - latest,h1b,2026-07-11,11-Jul inventory check,Onion,,1310,,,
Shunyam & Ishan - latest,h1b,2026-07-11,11-Jul inventory check,Ginger,,105,,,
Shunyam & Ishan - latest,h1b,2026-07-11,11-Jul inventory check,Garlic,,180,,,
Shunyam & Ishan - latest,h1b,2026-07-11,11-Jul inventory check,Green chilli,,75,,,
Shunyam & Ishan - latest,h1b,2026-07-11,11-Jul inventory check,Spring onion,,30,,,
Shunyam & Ishan - latest,h1b,2026-07-11,11-Jul inventory check,Cow milk pouch (Akshayakalpa),,250,,,
Shunyam & Ishan - latest,h1b,2026-07-11,11-Jul inventory check,Curd (Akshayakalpa),,50,,,
Shunyam & Ishan - latest,h1b,2026-07-11,11-Jul inventory check,Coconut chunks,,30,,,
Shunyam & Ishan - latest,h1b,2026-07-11,11-Jul inventory check,Lemon,,300,,,
Shunyam & Ishan - latest,h1b,2026-07-11,11-Jul inventory check,Curry leaves,,200,,,
Shunyam & Ishan - latest,h1b,2026-07-11,11-Jul inventory check,Coriander (dhania),,60,,,
Shunyam & Ishan - latest,h1b,2026-07-11,11-Jul inventory check,Mint,,60,,,
Shunyam & Ishan - latest,h1b,2026-07-11,11-Jul inventory check,Paneer,,200,,,
Shunyam & Ishan - latest,h1b,2026-07-11,11-Jul inventory check,Chicken breast (boneless),,400,,,
Shunyam & Ishan - latest,h1b,2026-07-11,11-Jul inventory check,Eggs,,6,,,
Pratik & Sakshi,h8,2026-07-11,Physical count 11-Jul (after lunch),Bhaji mirch (bhavnagri chilli),4,4,0,,
Pratik & Sakshi,h8,2026-07-11,Physical count 11-Jul (after lunch),Brinjal,240,500,260,,
Pratik & Sakshi,h8,2026-07-11,Physical count 11-Jul (after lunch),Baby corn,400,100,-300,,
Pratik & Sakshi,h8,2026-07-11,Physical count 11-Jul (after lunch),Tomato,1370,1260,-110,,
Pratik & Sakshi,h8,2026-07-11,Physical count 11-Jul (after lunch),Idli/dosa batter (Rishta),1000,500,-500,,
Pratik & Sakshi,h8,2026-07-11,Physical count 11-Jul (after lunch),Dragon fruit,1,1,0,,
Pratik & Sakshi,h8,2026-07-11,Physical count 11-Jul (after lunch),Corn cob,1,1,0,,
Pratik & Sakshi,h8,2026-07-11,Physical count 11-Jul (after lunch),Sweet potato,500,500,0,,
Pratik & Sakshi,h8,2026-07-11,Physical count 11-Jul (after lunch),Coriander (dhania),200,100,-100,,
Pratik & Sakshi,h8,2026-07-11,Physical count 11-Jul (after lunch),Mint,100,50,-50,,
Pratik & Sakshi,h8,2026-07-11,Physical count 11-Jul (after lunch),Italian basil,50,50,0,,
Pratik & Sakshi,h8,2026-07-11,Physical count 11-Jul (after lunch),Curry leaves,150,100,-50,,
Pratik & Sakshi,h8,2026-07-11,Physical count 11-Jul (after lunch),Green capsicum,90,240,150,,
Pratik & Sakshi,h8,2026-07-11,Physical count 11-Jul (after lunch),Zucchini,0,400,400,,
Pratik & Sakshi,h8,2026-07-11,Physical count 11-Jul (after lunch),Lemon,600,450,-150,,
Pratik & Sakshi,h8,2026-07-11,Physical count 11-Jul (after lunch),Green beans,200,100,-100,,
Pratik & Sakshi,h8,2026-07-11,Physical count 11-Jul (after lunch),Jalapeno chilli,250,250,0,,
Pratik & Sakshi,h8,2026-07-11,Physical count 11-Jul (after lunch),Cabbage,450,450,0,,
Pratik & Sakshi,h8,2026-07-11,Physical count 11-Jul (after lunch),Lettuce,0,400,400,,
Pratik & Sakshi,h8,2026-07-11,Physical count 11-Jul (after lunch),Yellow capsicum,75,120,45,,
Pratik & Sakshi,h8,2026-07-11,Physical count 11-Jul (after lunch),Spinach/Palak,250,100,-150,,
Pratik & Sakshi,h8,2026-07-11,Physical count 11-Jul (after lunch),Spring onion,250,150,-100,,
Pratik & Sakshi,h8,2026-07-11,Physical count 11-Jul (after lunch),Guava,1.5,1,-0.5,,
Pratik & Sakshi,h8,2026-07-11,Physical count 11-Jul (after lunch),Apple,1,1,0,,
Pratik & Sakshi,h8,2026-07-11,Physical count 11-Jul (after lunch),Orange,2,2,0,,
Pratik & Sakshi,h8,2026-07-11,Physical count 11-Jul (after lunch),Avocado,2,1,-1,,
Pratik & Sakshi,h8,2026-07-11,Physical count 11-Jul (after lunch),Watermelon (cut),1500,1500,0,,
Pratik & Sakshi,h8,2026-07-11,Physical count 11-Jul (after lunch),Papaya,0,400,400,,
Pratik & Sakshi,h8,2026-07-11,Physical count 11-Jul (after lunch),Blueberry,2,2,0,,
Pratik & Sakshi,h8,2026-07-11,Physical count 11-Jul (after lunch),Mulberry,1,0.75,-0.25,,
Pratik & Sakshi,h8,2026-07-11,Physical count 11-Jul (after lunch),Cherry tomato,100,250,150,,
Pratik & Sakshi,h8,2026-07-11,Physical count 11-Jul (after lunch),Paneer,200,200,0,,
Pratik & Sakshi,h8,2026-07-11,Physical count 11-Jul (after lunch),Cheddar cheese,200,200,0,,
Pratik & Sakshi,h8,2026-07-11,Physical count 11-Jul (after lunch),Eggs,12,24,12,,
Pratik & Sakshi,h8,2026-07-11,Physical count 11-Jul (after lunch),Milk bread (Bread Berry),400,400,0,,
Pratik & Sakshi,h8,2026-07-11,Physical count 11-Jul (after lunch),Greek yogurt (plain),2,3,1,,
Pratik & Sakshi,h8,2026-07-11,Physical count 11-Jul (after lunch),Set curd,400,400,0,,
Pratik & Sakshi,h8,2026-07-11,Physical count 11-Jul (after lunch),Edamame (frozen),460,500,40,,
Pratik & Sakshi,h8,2026-07-11,Physical count 11-Jul (after lunch),Garlic,185,185,0,,
Pratik & Sakshi,h8,2026-07-11,Physical count 11-Jul (after lunch),Ginger,200,200,0,,
Pratik & Sakshi,h8,2026-07-11,Physical count 11-Jul (after lunch),Green chilli,100,100,0,,
Pratik & Sakshi,h8,2026-07-11,Physical count 11-Jul (after lunch),Onion,840,840,0,,
Pratik & Sakshi,h8,2026-07-11,Physical count 11-Jul (after lunch),Potato,1000,1000,0,,
Pratik & Sakshi,h8,2026-07-11,Physical count 11-Jul (after lunch),Sambar onion (shallots),500,500,0,,
Pratik & Sakshi,h8,2026-07-11,Physical count 11-Jul (after lunch),Food colours,1,1,0,,
Pratik & Sakshi,h8,2026-07-11,Physical count 11-Jul (after lunch),Assorted khade masale,1,1,0,,
Pratik & Sakshi,h8,2026-07-11,Physical count 11-Jul (after lunch),Bay leaf,20,20,0,,
Pratik & Sakshi,h8,2026-07-11,Physical count 11-Jul (after lunch),Black pepper,100,100,0,,
Pratik & Sakshi,h8,2026-07-11,Physical count 11-Jul (after lunch),Black salt,100,100,0,,
Pratik & Sakshi,h8,2026-07-11,Physical count 11-Jul (after lunch),Cinnamon,50,50,0,,
Pratik & Sakshi,h8,2026-07-11,Physical count 11-Jul (after lunch),Cloves,50,50,0,,
Pratik & Sakshi,h8,2026-07-11,Physical count 11-Jul (after lunch),Cumin powder,100,100,0,,
Pratik & Sakshi,h8,2026-07-11,Physical count 11-Jul (after lunch),Garam masala,100,100,0,,
Pratik & Sakshi,h8,2026-07-11,Physical count 11-Jul (after lunch),Red chilli powder,100,100,0,,
Pratik & Sakshi,h8,2026-07-11,Physical count 11-Jul (after lunch),Sambar powder,100,100,0,,
Pratik & Sakshi,h8,2026-07-11,Physical count 11-Jul (after lunch),Fenugreek seeds,100,100,0,,
Pratik & Sakshi,h8,2026-07-11,Physical count 11-Jul (after lunch),Hing (asafoetida),50,50,0,,
Pratik & Sakshi,h8,2026-07-11,Physical count 11-Jul (after lunch),Roasted gram,200,200,0,,
Pratik & Sakshi,h8,2026-07-11,Physical count 11-Jul (after lunch),Oats,500,500,0,,
Pratik & Sakshi,h8,2026-07-11,Physical count 11-Jul (after lunch),Bajra flour,1000,1000,0,,
Pratik & Sakshi,h8,2026-07-11,Physical count 11-Jul (after lunch),Vermicelli,200,200,0,,
Pratik & Sakshi,h8,2026-07-11,Physical count 11-Jul (after lunch),Makhana,100,100,0,,
Kartik & Dhara,h4,2026-07-12,Physical view 12-Jul — empties counted + carryover confirmed,Cucumber,100,0,-100,,
Kartik & Dhara,h4,2026-07-12,Physical view 12-Jul — empties counted + carryover confirmed,Cauliflower,150,0,-150,,
Kartik & Dhara,h4,2026-07-12,Physical view 12-Jul — empties counted + carryover confirmed,Green capsicum,120,0,-120,,
Kartik & Dhara,h4,2026-07-12,Physical view 12-Jul — empties counted + carryover confirmed,Zucchini,100,0,-100,,
Kartik & Dhara,h4,2026-07-12,Physical view 12-Jul — empties counted + carryover confirmed,Red capsicum,80,0,-80,,
Kartik & Dhara,h4,2026-07-12,Physical view 12-Jul — empties counted + carryover confirmed,Yellow capsicum,80,0,-80,,
Kartik & Dhara,h4,2026-07-12,Physical view 12-Jul — empties counted + carryover confirmed,Potato,330,0,-330,,
Kartik & Dhara,h4,2026-07-12,Physical view 12-Jul — empties counted + carryover confirmed,Garlic,240,240,0,,
Kartik & Dhara,h4,2026-07-12,Physical view 12-Jul — empties counted + carryover confirmed,Ginger,330,330,0,,
Kartik & Dhara,h4,2026-07-12,Physical view 12-Jul — empties counted + carryover confirmed,Green chilli,35,35,0,,
Kartik & Dhara,h4,2026-07-12,Physical view 12-Jul — empties counted + carryover confirmed,Onion,985,985,0,,
Kartik & Dhara,h4,2026-07-12,Physical view 12-Jul — empties counted + carryover confirmed,Tomato,325,325,0,,
Kartik & Dhara,h4,2026-07-12,Physical view 12-Jul — empties counted + carryover confirmed,Sourdough (olive & rosemary),478,478,0,,
Kartik & Dhara,h4,2026-07-12,Physical view 12-Jul — empties counted + carryover confirmed,Buttermilk,3,3,0,,
Kartik & Dhara,h4,2026-07-12,Physical view 12-Jul — empties counted + carryover confirmed,Curd/yogurt,150,150,0,,
Kartik & Dhara,h4,2026-07-12,Physical view 12-Jul — empties counted + carryover confirmed,Paneer,200,200,0,,
Kartik & Dhara,h4,2026-07-12,Physical view 12-Jul — empties counted + carryover confirmed,Bottle gourd,200,200,0,,
Kartik & Dhara,h4,2026-07-12,Physical view 12-Jul — empties counted + carryover confirmed,Dry coconut,5,0,-5,,
Kartik & Dhara,h4,2026-07-12,Physical view 12-Jul — empties counted + carryover confirmed,Lemon,180,180,0,,
Kartik & Dhara,h4,2026-07-12,Physical view 12-Jul — empties counted + carryover confirmed,Pooja coconut (whole),1,1,0,,
Kartik & Dhara,h4,2026-07-12,Physical view 12-Jul — empties counted + carryover confirmed,Salt (Tata),1000,1000,0,,
Kartik & Dhara,h4,2026-07-12,Physical view 12-Jul — empties counted + carryover confirmed,Rice (Bhoomi Farms),680,680,0,,
Kartik & Dhara,h4,2026-07-12,Physical view 12-Jul — empties counted + carryover confirmed,Whole wheat spaghetti (yu),300,300,0,,
Kartik & Dhara,h4,2026-07-12,Physical view 12-Jul — empties counted + carryover confirmed,Whole wheat atta noodles (yu),220,220,0,,
Kartik & Dhara,h4,2026-07-12,Physical view 12-Jul — empties counted + carryover confirmed,Farfalle whole wheat (Dolce Vita),500,500,0,,
Kartik & Dhara,h4,2026-07-12,Physical view 12-Jul — empties counted + carryover confirmed,Frozen peas,0.5,0.5,0,,
Kartik & Dhara,h4,2026-07-12,Physical view 12-Jul — empties counted + carryover confirmed,Mustard oil,1000,1000,0,,
Kartik & Dhara,h4,2026-07-12,Physical view 12-Jul — empties counted + carryover confirmed,Peanut butter,310,310,0,,
Kartik & Dhara,h4,2026-07-12,Physical view 12-Jul — empties counted + carryover confirmed,Frozen puff pastry,1,1,0,,
Kartik & Dhara,h4,2026-07-12,Physical view 12-Jul — empties counted + carryover confirmed,Figs,200,200,0,,
Kartik & Dhara,h4,2026-07-12,Physical view 12-Jul — empties counted + carryover confirmed,Guava,1,1,0,,
Kartik & Dhara,h4,2026-07-12,Physical view 12-Jul — empties counted + carryover confirmed,Set curd,150,150,0,,
Kartik & Dhara,h4,2026-07-12,Physical view 12-Jul — empties counted + carryover confirmed,Kaara Pura butter murukku,100,100,0,,
Kartik & Dhara,h4,2026-07-12,Physical view 12-Jul — empties counted + carryover confirmed,Krishi Veda Byadgi whole chilli,100,100,0,,
Kartik & Dhara,h4,2026-07-12,Physical view 12-Jul — empties counted + carryover confirmed,Fruit Treat bhindi chips,40,40,0,,
Kartik & Dhara,h4,2026-07-12,Physical view 12-Jul — empties counted + carryover confirmed,The Healthy Binge millet baked chips,40,40,0,,
Kartik & Dhara,h4,2026-07-12,Physical view 12-Jul — empties counted + carryover confirmed,Nilgiris sonamasoori raw rice,1000,1000,0,,
Kartik & Dhara,h4,2026-07-12,Physical view 12-Jul — empties counted + carryover confirmed,Gardenia Idukki green cardamom,40,40,0,,
Kartik & Dhara,h4,2026-07-12,Physical view 12-Jul — empties counted + carryover confirmed,Troovy healthy protein puffs,40,40,0,,
Kartik & Dhara,h4,2026-07-12,Physical view 12-Jul — empties counted + carryover confirmed,Coriander hybrid,95,95,0,,
Kartik & Dhara,h4,2026-07-12,Physical view 12-Jul — empties counted + carryover confirmed,Dragon fruit,300,300,0,,
Kartik & Dhara,h4,2026-07-12,Physical view 12-Jul — empties counted + carryover confirmed,Arhar/Toor dal,500,500,0,,
Kartik & Dhara,h4,2026-07-12,Physical view 12-Jul — empties counted + carryover confirmed,Chana dal,500,500,0,,
Kartik & Dhara,h4,2026-07-12,Physical view 12-Jul — empties counted + carryover confirmed,Rambutan,150,150,0,,
Kartik & Dhara,h4,2026-07-12,Physical view 12-Jul — empties counted + carryover confirmed,Millet noodles,200,200,0,,
Kartik & Dhara,h4,2026-07-12,Physical view 12-Jul — empties counted + carryover confirmed,Blue grapes,200,200,0,,
Kartik & Dhara,h4,2026-07-12,Physical view 12-Jul — empties counted + carryover confirmed,Dry prunes,200,200,0,,
Kartik & Dhara,h4,2026-07-12,Physical view 12-Jul — empties counted + carryover confirmed,Coriander seeds,100,100,0,,
Kartik & Dhara,h4,2026-07-12,Physical view 12-Jul — empties counted + carryover confirmed,Emmer wheat,1000,1000,0,,
Paxal & Sana,h7,2026-07-12,Sunday full physical count 12-Jul (post all meals),Green beans,100,200,100,,
Paxal & Sana,h7,2026-07-12,Sunday full physical count 12-Jul (post all meals),Tomato,250,400,150,,
Paxal & Sana,h7,2026-07-12,Sunday full physical count 12-Jul (post all meals),Cabbage,840,750,-90,,
Paxal & Sana,h7,2026-07-12,Sunday full physical count 12-Jul (post all meals),Cucumber,310,300,-10,,
Paxal & Sana,h7,2026-07-12,Sunday full physical count 12-Jul (post all meals),Spinach/Palak,0,250,250,,
Paxal & Sana,h7,2026-07-12,Sunday full physical count 12-Jul (post all meals),Spring onion,230,100,-130,,
Paxal & Sana,h7,2026-07-12,Sunday full physical count 12-Jul (post all meals),Methi (fenugreek),0,80,80,,
Paxal & Sana,h7,2026-07-12,Sunday full physical count 12-Jul (post all meals),Green capsicum,0,60,60,,
Paxal & Sana,h7,2026-07-12,Sunday full physical count 12-Jul (post all meals),Curry leaves,12,10,-2,,
Paxal & Sana,h7,2026-07-12,Sunday full physical count 12-Jul (post all meals),Sweet corn,25,100,75,,
Paxal & Sana,h7,2026-07-12,Sunday full physical count 12-Jul (post all meals),Paneer,0,500,500,,
Paxal & Sana,h7,2026-07-12,Sunday full physical count 12-Jul (post all meals),Tofu,0,100,100,,
Paxal & Sana,h7,2026-07-12,Sunday full physical count 12-Jul (post all meals),Lemon,0,350,350,,
Paxal & Sana,h7,2026-07-12,Sunday full physical count 12-Jul (post all meals),Garlic,5,0,-5,,
Paxal & Sana,h7,2026-07-12,Sunday full physical count 12-Jul (post all meals),Ginger,25,100,75,,
Paxal & Sana,h7,2026-07-12,Sunday full physical count 12-Jul (post all meals),Sweet potato,650,500,-150,,
Paxal & Sana,h7,2026-07-12,Sunday full physical count 12-Jul (post all meals),Onion,170,1000,830,,
Paxal & Sana,h7,2026-07-12,Sunday full physical count 12-Jul (post all meals),Arbi (taro/colocasia),200,250,50,,
Paxal & Sana,h7,2026-07-12,Sunday full physical count 12-Jul (post all meals),Curd,620,600,-20,,
Paxal & Sana,h7,2026-07-12,Sunday full physical count 12-Jul (post all meals),Carrot,205,500,295,,
Pratik & Sakshi,h8,2026-07-13,Full routine count 13-Jul (after breakfast),Onion,,1000,,,
Pratik & Sakshi,h8,2026-07-13,Full routine count 13-Jul (after breakfast),Milk bread,,400,,,
Pratik & Sakshi,h8,2026-07-13,Full routine count 13-Jul (after breakfast),Cow milk,,2,,,
Pratik & Sakshi,h8,2026-07-13,Full routine count 13-Jul (after breakfast),Apple,,2,,,
Pratik & Sakshi,h8,2026-07-13,Full routine count 13-Jul (after breakfast),Orange,,1,,,
Pratik & Sakshi,h8,2026-07-13,Full routine count 13-Jul (after breakfast),Blueberry,,1.75,,,
Pratik & Sakshi,h8,2026-07-13,Full routine count 13-Jul (after breakfast),Green capsicum,,180,,,
Pratik & Sakshi,h8,2026-07-13,Full routine count 13-Jul (after breakfast),Red capsicum,,120,,,
Pratik & Sakshi,h8,2026-07-13,Full routine count 13-Jul (after breakfast),Yellow capsicum,,120,,,
Pratik & Sakshi,h8,2026-07-13,Full routine count 13-Jul (after breakfast),Bottle gourd,,500,,,
Pratik & Sakshi,h8,2026-07-13,Full routine count 13-Jul (after breakfast),Lemon,,400,,,
Pratik & Sakshi,h8,2026-07-13,Full routine count 13-Jul (after breakfast),Tomato,,400,,,
Pratik & Sakshi,h8,2026-07-13,Full routine count 13-Jul (after breakfast),Button mushroom,,200,,,
Pratik & Sakshi,h8,2026-07-13,Full routine count 13-Jul (after breakfast),Spinach/Palak,,120,,,
Pratik & Sakshi,h8,2026-07-13,Full routine count 13-Jul (after breakfast),Carrot,,250,,,
Pratik & Sakshi,h8,2026-07-13,Full routine count 13-Jul (after breakfast),Jalapeno chilli,,250,,,
Pratik & Sakshi,h8,2026-07-13,Full routine count 13-Jul (after breakfast),Bhaji mirch (bhavnagri chilli),,2,,,
Pratik & Sakshi,h8,2026-07-13,Full routine count 13-Jul (after breakfast),Spring onion,,75,,,
Pratik & Sakshi,h8,2026-07-13,Full routine count 13-Jul (after breakfast),Zucchini,,330,,,
Pratik & Sakshi,h8,2026-07-13,Full routine count 13-Jul (after breakfast),Baby corn,,120,,,
Pratik & Sakshi,h8,2026-07-13,Full routine count 13-Jul (after breakfast),Sweet potato,,500,,,
Pratik & Sakshi,h8,2026-07-13,Full routine count 13-Jul (after breakfast),Cucumber,,400,,,
Pratik & Sakshi,h8,2026-07-13,Full routine count 13-Jul (after breakfast),Cabbage,,700,,,
Pratik & Sakshi,h8,2026-07-13,Full routine count 13-Jul (after breakfast),Curry leaves,,40,,,
Pratik & Sakshi,h8,2026-07-13,Full routine count 13-Jul (after breakfast),Eggs,,11,,,
Pratik & Sakshi,h8,2026-07-13,Full routine count 13-Jul (after breakfast),Greek yogurt (plain),,3,,,
Pratik & Sakshi,h8,2026-07-13,Full routine count 13-Jul (after breakfast),Paneer,,200,,,
Pratik & Sakshi,h8,2026-07-13,Full routine count 13-Jul (after breakfast),Tahini paste,,2,,,
Pratik & Sakshi,h8,2026-07-13,Full routine count 13-Jul (after breakfast),Frozen peas,,0.5,,,
Pratik & Sakshi,h8,2026-07-13,Full routine count 13-Jul (after breakfast),Papaya,,1000,,,
Pratik & Sakshi,h8,2026-07-13,Full routine count 13-Jul (after breakfast),Pomegranate,,1,,,
Pratik & Sakshi,h8,2026-07-13,Full routine count 13-Jul (after breakfast),Potato,,250,,,
Pratik & Sakshi,h8,2026-07-13,Full routine count 13-Jul (after breakfast),Sambar onion (shallots),,200,,,
Pratik & Sakshi,h8,2026-07-13,Full routine count 13-Jul (after breakfast),Ginger,,200,,,
Pratik & Sakshi,h8,2026-07-13,Full routine count 13-Jul (after breakfast),Mango,,1,,,
Pratik & Sakshi,h8,2026-07-13,Full routine count 13-Jul (after breakfast),Banana,,3,,,
Pratik & Sakshi,h8,2026-07-13,Full routine count 13-Jul (after breakfast),Tofu,,50,,,
Pratik & Sakshi,h8,2026-07-13,Full routine count 13-Jul (after breakfast),Edamame (frozen),,475,,,
Pratik & Sakshi,h8,2026-07-13,Full routine count 13-Jul (after breakfast),Avocado,,0,,,
Pratik & Sakshi,h8,2026-07-13,Full routine count 13-Jul (after breakfast),Watermelon (cut),,0,,,
Pratik & Sakshi,h8,2026-07-13,Full routine count 13-Jul (after breakfast),Fresh coconut grated,,0,,,
Pratik & Sakshi,h8,2026-07-13,Full routine count 13-Jul (after breakfast),Greek yogurt (mango),,0,,,
Pratik & Sakshi,h8,2026-07-13,Full routine count 13-Jul (after breakfast),Pear,,2,,,
Pratik & Sakshi,h8,2026-07-13,Full routine count 13-Jul (after breakfast),Red radish,,1,,,
Pratik & Sakshi,h8,2026-07-13,Full routine count 13-Jul (after breakfast),Baby spinach,,60,,,
Pratik & Sakshi,h8,2026-07-13,Full routine count 13-Jul (after breakfast),Baby potato,,10,,,
Pratik & Sakshi,h8,2026-07-13,Full routine count 13-Jul (after breakfast),Gobbleright wraps,,4,,,
Pratik & Sakshi,h8,2026-07-13,Full routine count 13-Jul (after breakfast),Green chilli,,10,,,
Pratik & Sakshi,h8,2026-07-13,Full routine count 13-Jul (after breakfast),Guava,,1,,,
Rahul & Radhika,h5,2026-07-13,Before-breakfast count 13-Jul,Banana,,4,,,
Rahul & Radhika,h5,2026-07-13,Before-breakfast count 13-Jul,Beetroot,,150,,,
Rahul & Radhika,h5,2026-07-13,Before-breakfast count 13-Jul,Brinjal,,150,,,
Rahul & Radhika,h5,2026-07-13,Before-breakfast count 13-Jul,Cauliflower,,500,,,
Rahul & Radhika,h5,2026-07-13,Before-breakfast count 13-Jul,Lemon,,350,,,
Rahul & Radhika,h5,2026-07-13,Before-breakfast count 13-Jul,Bottle gourd,,250,,,
Rahul & Radhika,h5,2026-07-13,Before-breakfast count 13-Jul,Cabbage,,800,,,
Rahul & Radhika,h5,2026-07-13,Before-breakfast count 13-Jul,Carrot,,250,,,
Rahul & Radhika,h5,2026-07-13,Before-breakfast count 13-Jul,Green capsicum,,60,,,
Rahul & Radhika,h5,2026-07-13,Before-breakfast count 13-Jul,Red capsicum,,60,,,
Rahul & Radhika,h5,2026-07-13,Before-breakfast count 13-Jul,Yellow capsicum,,60,,,
Rahul & Radhika,h5,2026-07-13,Before-breakfast count 13-Jul,Curry leaves,,20,,,
Rahul & Radhika,h5,2026-07-13,Before-breakfast count 13-Jul,Tomato,,350,,,
Rahul & Radhika,h5,2026-07-13,Before-breakfast count 13-Jul,Ginger,,200,,,
Rahul & Radhika,h5,2026-07-13,Before-breakfast count 13-Jul,Zucchini,,500,,,
Rahul & Radhika,h5,2026-07-13,Before-breakfast count 13-Jul,Lettuce,,300,,,
Rahul & Radhika,h5,2026-07-13,Before-breakfast count 13-Jul,Spinach/Palak,,150,,,
Rahul & Radhika,h5,2026-07-13,Before-breakfast count 13-Jul,Coriander (dhania),,50,,,
Rahul & Radhika,h5,2026-07-13,Before-breakfast count 13-Jul,Red cabbage,,350,,,
Rahul & Radhika,h5,2026-07-13,Before-breakfast count 13-Jul,Button mushroom,,200,,,
Rahul & Radhika,h5,2026-07-13,Before-breakfast count 13-Jul,Peeled garlic (pack),,50,,,
Rahul & Radhika,h5,2026-07-13,Before-breakfast count 13-Jul,Avocado,,1,,,
Rahul & Radhika,h5,2026-07-13,Before-breakfast count 13-Jul,Apple (Royal Gala),,2,,,
Rahul & Radhika,h5,2026-07-13,Before-breakfast count 13-Jul,Mixed berries (Nutty Gritties),,0.5,,,
Rahul & Radhika,h5,2026-07-13,Before-breakfast count 13-Jul,Eggs (free-range brown),,12,,,
Rahul & Radhika,h5,2026-07-13,Before-breakfast count 13-Jul,GobbleRight beetroot & quinoa wrap,,2,,,
Rahul & Radhika,h5,2026-07-13,Before-breakfast count 13-Jul,Tofu (Health on Plants),,200,,,
Rahul & Radhika,h5,2026-07-13,Before-breakfast count 13-Jul,Feta cheese,,200,,,
Rahul & Radhika,h5,2026-07-13,Before-breakfast count 13-Jul,Paneer (malai),,100,,,
Rahul & Radhika,h5,2026-07-13,Before-breakfast count 13-Jul,Milky Mist Skyr,,3,,,
Rahul & Radhika,h5,2026-07-13,Before-breakfast count 13-Jul,Epigamia Greek yogurt (natural),,2,,,
Rahul & Radhika,h5,2026-07-13,Before-breakfast count 13-Jul,Salmon (Atlantic fillet),,250,,,
Rahul & Radhika,h5,2026-07-13,Before-breakfast count 13-Jul,Meat masala (Everest),,1,,,
Rahul & Radhika,h5,2026-07-13,Before-breakfast count 13-Jul,Chana masala (Organic Tattva),,1,,,
Rahul & Radhika,h5,2026-07-13,Before-breakfast count 13-Jul,Corn starch (Brown & Polson),,1,,,
Rahul & Radhika,h5,2026-07-13,Before-breakfast count 13-Jul,Kasuri methi (Catch),,1,,,
Rahul & Radhika,h5,2026-07-13,Before-breakfast count 13-Jul,Pav bhaji masala (Everest),,1,,,
Rahul & Radhika,h5,2026-07-13,Before-breakfast count 13-Jul,Sriracha hot chilli,,1,,,
Rahul & Radhika,h5,2026-07-13,Before-breakfast count 13-Jul,Almond drink (Alt Co),,1,,,
Rahul & Radhika,h5,2026-07-13,Before-breakfast count 13-Jul,Orange,,1,,,
Rahul & Radhika,h5,2026-07-13,Before-breakfast count 13-Jul,Rice paper,,0.5,,,
Rahul & Radhika,h5,2026-07-13,Before-breakfast count 13-Jul,Cheddar cheese (Milky Mist),,0.5,,,
Kartik & Dhara,h4,2026-07-13,13-Jul close (post-order + meals),Garlic,,230,,,
Kartik & Dhara,h4,2026-07-13,13-Jul close (post-order + meals),Ginger,,325,,,
Kartik & Dhara,h4,2026-07-13,13-Jul close (post-order + meals),Green chilli,,100,,,
Kartik & Dhara,h4,2026-07-13,13-Jul close (post-order + meals),Mint,,100,,,
Kartik & Dhara,h4,2026-07-13,13-Jul close (post-order + meals),Onion,,965,,,
Kartik & Dhara,h4,2026-07-13,13-Jul close (post-order + meals),Potato,,1000,,,
Kartik & Dhara,h4,2026-07-13,13-Jul close (post-order + meals),Tomato,,285,,,
Kartik & Dhara,h4,2026-07-13,13-Jul close (post-order + meals),Sourdough (olive & rosemary),,478,,,
Kartik & Dhara,h4,2026-07-13,13-Jul close (post-order + meals),Buttermilk,,3,,,
Kartik & Dhara,h4,2026-07-13,13-Jul close (post-order + meals),Curd/yogurt,,150,,,
Kartik & Dhara,h4,2026-07-13,13-Jul close (post-order + meals),Paneer,,280,,,
Kartik & Dhara,h4,2026-07-13,13-Jul close (post-order + meals),Baby corn,,200,,,
Kartik & Dhara,h4,2026-07-13,13-Jul close (post-order + meals),Bottle gourd,,80,,,
Kartik & Dhara,h4,2026-07-13,13-Jul close (post-order + meals),Carrot,,500,,,
Kartik & Dhara,h4,2026-07-13,13-Jul close (post-order + meals),Cucumber,,500,,,
Kartik & Dhara,h4,2026-07-13,13-Jul close (post-order + meals),Dry coconut,,200,,,
Kartik & Dhara,h4,2026-07-13,13-Jul close (post-order + meals),Lemon,,180,,,
Kartik & Dhara,h4,2026-07-13,13-Jul close (post-order + meals),Methi (fenugreek),,250,,,
Kartik & Dhara,h4,2026-07-13,13-Jul close (post-order + meals),Pooja coconut (whole),,1,,,
Kartik & Dhara,h4,2026-07-13,13-Jul close (post-order + meals),Salt (Tata),,1000,,,
Kartik & Dhara,h4,2026-07-13,13-Jul close (post-order + meals),Rice (Bhoomi Farms),,680,,,
Kartik & Dhara,h4,2026-07-13,13-Jul close (post-order + meals),Whole wheat spaghetti (yu),,300,,,
Kartik & Dhara,h4,2026-07-13,13-Jul close (post-order + meals),Whole wheat atta noodles (yu),,220,,,
Kartik & Dhara,h4,2026-07-13,13-Jul close (post-order + meals),Farfalle whole wheat (Dolce Vita),,500,,,
Kartik & Dhara,h4,2026-07-13,13-Jul close (post-order + meals),Frozen peas,,0.5,,,
Kartik & Dhara,h4,2026-07-13,13-Jul close (post-order + meals),Mustard oil,,1000,,,
Kartik & Dhara,h4,2026-07-13,13-Jul close (post-order + meals),Prawns (large),,500,,,
Kartik & Dhara,h4,2026-07-13,13-Jul close (post-order + meals),Peanut butter,,310,,,
Kartik & Dhara,h4,2026-07-13,13-Jul close (post-order + meals),Frozen puff pastry,,1,,,
Kartik & Dhara,h4,2026-07-13,13-Jul close (post-order + meals),Figs,,200,,,
Kartik & Dhara,h4,2026-07-13,13-Jul close (post-order + meals),Guava,,1,,,
Kartik & Dhara,h4,2026-07-13,13-Jul close (post-order + meals),Set curd,,400,,,
Kartik & Dhara,h4,2026-07-13,13-Jul close (post-order + meals),Kaara Pura butter murukku,,100,,,
Kartik & Dhara,h4,2026-07-13,13-Jul close (post-order + meals),Krishi Veda Byadgi whole chilli,,100,,,
Kartik & Dhara,h4,2026-07-13,13-Jul close (post-order + meals),Fruit Treat bhindi chips,,40,,,
Kartik & Dhara,h4,2026-07-13,13-Jul close (post-order + meals),The Healthy Binge millet baked chips,,40,,,
Kartik & Dhara,h4,2026-07-13,13-Jul close (post-order + meals),Nilgiris sonamasoori raw rice,,1000,,,
Kartik & Dhara,h4,2026-07-13,13-Jul close (post-order + meals),Gardenia Idukki green cardamom,,40,,,
Kartik & Dhara,h4,2026-07-13,13-Jul close (post-order + meals),Troovy healthy protein puffs,,40,,,
Kartik & Dhara,h4,2026-07-13,13-Jul close (post-order + meals),Coriander hybrid,,90,,,
Kartik & Dhara,h4,2026-07-13,13-Jul close (post-order + meals),Dragon fruit,,300,,,
Kartik & Dhara,h4,2026-07-13,13-Jul close (post-order + meals),Arhar/Toor dal,,500,,,
Kartik & Dhara,h4,2026-07-13,13-Jul close (post-order + meals),Chana dal,,500,,,
Kartik & Dhara,h4,2026-07-13,13-Jul close (post-order + meals),Rambutan,,150,,,
Kartik & Dhara,h4,2026-07-13,13-Jul close (post-order + meals),Millet noodles,,200,,,
Kartik & Dhara,h4,2026-07-13,13-Jul close (post-order + meals),Blue grapes,,200,,,
Kartik & Dhara,h4,2026-07-13,13-Jul close (post-order + meals),Dry prunes,,200,,,
Kartik & Dhara,h4,2026-07-13,13-Jul close (post-order + meals),Coriander seeds,,100,,,
Kartik & Dhara,h4,2026-07-13,13-Jul close (post-order + meals),Emmer wheat,,1000,,,
Kartik & Dhara,h4,2026-07-13,13-Jul close (post-order + meals),Urad dal,,500,,,
Kartik & Dhara,h4,2026-07-13,13-Jul close (post-order + meals),Green tomato,,500,,,
Kartik & Dhara,h4,2026-07-13,13-Jul close (post-order + meals),Butter,,250,,,
Kartik & Dhara,h4,2026-07-13,13-Jul close (post-order + meals),Rajma,,500,,,
Kartik & Dhara,h4,2026-07-13,13-Jul close (post-order + meals),Milk,,1,,,
Kartik & Dhara,h4,2026-07-13,13-Jul close (post-order + meals),Mackerel,,320,,,
Kartik & Dhara,h4,2026-07-13,13-Jul close (post-order + meals),Quinoa,,335,,,
Kartik & Dhara,h4,2026-07-13,13-Jul close (post-order + meals),Green moong,,300,,,
Kartik & Dhara,h4,2026-07-13,13-Jul close (post-order + meals),Fennel seeds,,50,,,
Pratik & Sakshi,h8,2026-07-14,After-lunch physical count 14-Jul,Tomato,,800,,,
Pratik & Sakshi,h8,2026-07-14,After-lunch physical count 14-Jul,Onion,,900,,,
Pratik & Sakshi,h8,2026-07-14,After-lunch physical count 14-Jul,Eggs,,17,,,
Pratik & Sakshi,h8,2026-07-14,After-lunch physical count 14-Jul,Paneer,,700,,,
Pratik & Sakshi,h8,2026-07-14,After-lunch physical count 14-Jul,Tofu,,250,,,
Pratik & Sakshi,h8,2026-07-14,After-lunch physical count 14-Jul,Cauliflower,,0,,,
Pratik & Sakshi,h8,2026-07-14,After-lunch physical count 14-Jul,Broccoli,,0,,,
Pratik & Sakshi,h8,2026-07-14,After-lunch physical count 14-Jul,Tuvar lilva,,0,,,
Pratik & Sakshi,h8,2026-07-14,After-lunch physical count 14-Jul,Green chilli,,0,,,
Pratik & Sakshi,h8,2026-07-14,After-lunch physical count 14-Jul,Carrot,,180,,,
Pratik & Sakshi,h8,2026-07-14,After-lunch physical count 14-Jul,Fresh coconut grated,,0,,,
Pratik & Sakshi,h8,2026-07-14,After-lunch physical count 14-Jul,Kiwi,,3,,,
Pratik & Sakshi,h8,2026-07-14,After-lunch physical count 14-Jul,Curry leaves,,30,,,
Pratik & Sakshi,h8,2026-07-14,After-lunch physical count 14-Jul,Spring onion,,75,,,
Pratik & Sakshi,h8,2026-07-14,After-lunch physical count 14-Jul,Mushroom,,200,,,
Pratik & Sakshi,h8,2026-07-14,After-lunch physical count 14-Jul,Blueberry,,1,,,
Kartik & Dhara,h4,2026-07-14,14-Jul close (post-meals),Garlic,,220,,,
Kartik & Dhara,h4,2026-07-14,14-Jul close (post-meals),Ginger,,315,,,
Kartik & Dhara,h4,2026-07-14,14-Jul close (post-meals),Green chilli,,100,,,
Kartik & Dhara,h4,2026-07-14,14-Jul close (post-meals),Mint,,90,,,
Kartik & Dhara,h4,2026-07-14,14-Jul close (post-meals),Onion,,905,,,
Kartik & Dhara,h4,2026-07-14,14-Jul close (post-meals),Potato,,1000,,,
Kartik & Dhara,h4,2026-07-14,14-Jul close (post-meals),Tomato,,255,,,
Kartik & Dhara,h4,2026-07-14,14-Jul close (post-meals),Sourdough (olive & rosemary),,478,,,
Kartik & Dhara,h4,2026-07-14,14-Jul close (post-meals),Buttermilk,,3,,,
Kartik & Dhara,h4,2026-07-14,14-Jul close (post-meals),Curd/yogurt,,70,,,
Kartik & Dhara,h4,2026-07-14,14-Jul close (post-meals),Paneer,,280,,,
Kartik & Dhara,h4,2026-07-14,14-Jul close (post-meals),Baby corn,,100,,,
Kartik & Dhara,h4,2026-07-14,14-Jul close (post-meals),Bottle gourd,,80,,,
Kartik & Dhara,h4,2026-07-14,14-Jul close (post-meals),Carrot,,420,,,
Kartik & Dhara,h4,2026-07-14,14-Jul close (post-meals),Cucumber,,420,,,
Kartik & Dhara,h4,2026-07-14,14-Jul close (post-meals),Dry coconut,,185,,,
Kartik & Dhara,h4,2026-07-14,14-Jul close (post-meals),Lemon,,170,,,
Kartik & Dhara,h4,2026-07-14,14-Jul close (post-meals),Methi (fenugreek),,250,,,
Kartik & Dhara,h4,2026-07-14,14-Jul close (post-meals),Pooja coconut (whole),,1,,,
Kartik & Dhara,h4,2026-07-14,14-Jul close (post-meals),Salt (Tata),,1000,,,
Kartik & Dhara,h4,2026-07-14,14-Jul close (post-meals),Rice (Bhoomi Farms),,680,,,
Kartik & Dhara,h4,2026-07-14,14-Jul close (post-meals),Whole wheat spaghetti (yu),,300,,,
Kartik & Dhara,h4,2026-07-14,14-Jul close (post-meals),Whole wheat atta noodles (yu),,220,,,
Kartik & Dhara,h4,2026-07-14,14-Jul close (post-meals),Farfalle whole wheat (Dolce Vita),,500,,,
Kartik & Dhara,h4,2026-07-14,14-Jul close (post-meals),Frozen peas,,0.4,,,
Kartik & Dhara,h4,2026-07-14,14-Jul close (post-meals),Mustard oil,,1000,,,
Kartik & Dhara,h4,2026-07-14,14-Jul close (post-meals),Prawns (large),,350,,,
Kartik & Dhara,h4,2026-07-14,14-Jul close (post-meals),Peanut butter,,310,,,
Kartik & Dhara,h4,2026-07-14,14-Jul close (post-meals),Frozen puff pastry,,1,,,
Kartik & Dhara,h4,2026-07-14,14-Jul close (post-meals),Figs,,200,,,
Kartik & Dhara,h4,2026-07-14,14-Jul close (post-meals),Guava,,1,,,
Kartik & Dhara,h4,2026-07-14,14-Jul close (post-meals),Set curd,,400,,,
Kartik & Dhara,h4,2026-07-14,14-Jul close (post-meals),Kaara Pura butter murukku,,100,,,
Kartik & Dhara,h4,2026-07-14,14-Jul close (post-meals),Krishi Veda Byadgi whole chilli,,100,,,
Kartik & Dhara,h4,2026-07-14,14-Jul close (post-meals),Fruit Treat bhindi chips,,40,,,
Kartik & Dhara,h4,2026-07-14,14-Jul close (post-meals),The Healthy Binge millet baked chips,,40,,,
Kartik & Dhara,h4,2026-07-14,14-Jul close (post-meals),Nilgiris sonamasoori raw rice,,1000,,,
Kartik & Dhara,h4,2026-07-14,14-Jul close (post-meals),Gardenia Idukki green cardamom,,40,,,
Kartik & Dhara,h4,2026-07-14,14-Jul close (post-meals),Troovy healthy protein puffs,,40,,,
Kartik & Dhara,h4,2026-07-14,14-Jul close (post-meals),Coriander hybrid,,85,,,
Kartik & Dhara,h4,2026-07-14,14-Jul close (post-meals),Dragon fruit,,300,,,
Kartik & Dhara,h4,2026-07-14,14-Jul close (post-meals),Arhar/Toor dal,,500,,,
Kartik & Dhara,h4,2026-07-14,14-Jul close (post-meals),Chana dal,,500,,,
Kartik & Dhara,h4,2026-07-14,14-Jul close (post-meals),Rambutan,,150,,,
Kartik & Dhara,h4,2026-07-14,14-Jul close (post-meals),Millet noodles,,200,,,
Kartik & Dhara,h4,2026-07-14,14-Jul close (post-meals),Blue grapes,,200,,,
Kartik & Dhara,h4,2026-07-14,14-Jul close (post-meals),Dry prunes,,200,,,
Kartik & Dhara,h4,2026-07-14,14-Jul close (post-meals),Coriander seeds,,100,,,
Kartik & Dhara,h4,2026-07-14,14-Jul close (post-meals),Emmer wheat,,1000,,,
Kartik & Dhara,h4,2026-07-14,14-Jul close (post-meals),Urad dal,,500,,,
Kartik & Dhara,h4,2026-07-14,14-Jul close (post-meals),Green tomato,,500,,,
Kartik & Dhara,h4,2026-07-14,14-Jul close (post-meals),Butter,,250,,,
Kartik & Dhara,h4,2026-07-14,14-Jul close (post-meals),Rajma,,500,,,
Kartik & Dhara,h4,2026-07-14,14-Jul close (post-meals),Milk,,1,,,
Kartik & Dhara,h4,2026-07-14,14-Jul close (post-meals),Mackerel,,320,,,
Kartik & Dhara,h4,2026-07-14,14-Jul close (post-meals),Quinoa,,335,,,
Kartik & Dhara,h4,2026-07-14,14-Jul close (post-meals),Green moong,,300,,,
Kartik & Dhara,h4,2026-07-14,14-Jul close (post-meals),Fennel seeds,,50,,,
Pratik & Sakshi,h8,2026-07-14,14-Jul END (post-dinner),Baby corn,,120,,,
Pratik & Sakshi,h8,2026-07-14,14-Jul END (post-dinner),Bottle gourd,,500,,,
Pratik & Sakshi,h8,2026-07-14,14-Jul END (post-dinner),Brinjal,,10,,,
Pratik & Sakshi,h8,2026-07-14,14-Jul END (post-dinner),Cabbage,,400,,,
Pratik & Sakshi,h8,2026-07-14,14-Jul END (post-dinner),Carrot,,180,,,
Pratik & Sakshi,h8,2026-07-14,14-Jul END (post-dinner),Coriander (dhania),,350,,,
Pratik & Sakshi,h8,2026-07-14,14-Jul END (post-dinner),Cucumber,,540,,,
Pratik & Sakshi,h8,2026-07-14,14-Jul END (post-dinner),Garlic,,100,,,
Pratik & Sakshi,h8,2026-07-14,14-Jul END (post-dinner),Ginger,,200,,,
Pratik & Sakshi,h8,2026-07-14,14-Jul END (post-dinner),Green beans,,100,,,
Pratik & Sakshi,h8,2026-07-14,14-Jul END (post-dinner),Green capsicum,,20,,,
Pratik & Sakshi,h8,2026-07-14,14-Jul END (post-dinner),Lemon,,6.8,,,
Pratik & Sakshi,h8,2026-07-14,14-Jul END (post-dinner),Lettuce,,400,,,
Pratik & Sakshi,h8,2026-07-14,14-Jul END (post-dinner),Mint,,200,,,
Pratik & Sakshi,h8,2026-07-14,14-Jul END (post-dinner),Onion,,790,,,
Pratik & Sakshi,h8,2026-07-14,14-Jul END (post-dinner),Potato,,300,,,
Pratik & Sakshi,h8,2026-07-14,14-Jul END (post-dinner),Red capsicum,,120,,,
Pratik & Sakshi,h8,2026-07-14,14-Jul END (post-dinner),Spinach/Palak,,70,,,
Pratik & Sakshi,h8,2026-07-14,14-Jul END (post-dinner),Spring onion,,75,,,
Pratik & Sakshi,h8,2026-07-14,14-Jul END (post-dinner),Sweet corn,,500,,,
Pratik & Sakshi,h8,2026-07-14,14-Jul END (post-dinner),Tomato,,700,,,
Pratik & Sakshi,h8,2026-07-14,14-Jul END (post-dinner),Zucchini,,200,,,
Pratik & Sakshi,h8,2026-07-14,14-Jul END (post-dinner),Baking soda,,2,,,
Pratik & Sakshi,h8,2026-07-14,14-Jul END (post-dinner),Cocoa powder,,1,,,
Pratik & Sakshi,h8,2026-07-14,14-Jul END (post-dinner),Food colours,,1,,,
Pratik & Sakshi,h8,2026-07-14,14-Jul END (post-dinner),Butter,,300,,,
Pratik & Sakshi,h8,2026-07-14,14-Jul END (post-dinner),Cheddar cheese,,200,,,
Pratik & Sakshi,h8,2026-07-14,14-Jul END (post-dinner),Cow ghee,,1.5,,,
Pratik & Sakshi,h8,2026-07-14,14-Jul END (post-dinner),Cow milk,,2,,,
Pratik & Sakshi,h8,2026-07-14,14-Jul END (post-dinner),Black dal,,1,,,
Pratik & Sakshi,h8,2026-07-14,14-Jul END (post-dinner),Chana dal,,1,,,
Pratik & Sakshi,h8,2026-07-14,14-Jul END (post-dinner),Chole / chana,,1,,,
Pratik & Sakshi,h8,2026-07-14,14-Jul END (post-dinner),Green moong,,1,,,
Pratik & Sakshi,h8,2026-07-14,14-Jul END (post-dinner),Lobia / cowpea,,1,,,
Pratik & Sakshi,h8,2026-07-14,14-Jul END (post-dinner),Mangodi,,1,,,
Pratik & Sakshi,h8,2026-07-14,14-Jul END (post-dinner),Moong chilka,,1,,,
Pratik & Sakshi,h8,2026-07-14,14-Jul END (post-dinner),Moong dal,,1,,,
Pratik & Sakshi,h8,2026-07-14,14-Jul END (post-dinner),Moong dhuli,,1,,,
Pratik & Sakshi,h8,2026-07-14,14-Jul END (post-dinner),Orange dal (masoor),,2,,,
Pratik & Sakshi,h8,2026-07-14,14-Jul END (post-dinner),Rajma,,2,,,
Pratik & Sakshi,h8,2026-07-14,14-Jul END (post-dinner),Toor dal,,1,,,
Pratik & Sakshi,h8,2026-07-14,14-Jul END (post-dinner),Urad (black),,1,,,
Pratik & Sakshi,h8,2026-07-14,14-Jul END (post-dinner),Eggs,,17,,,
Pratik & Sakshi,h8,2026-07-14,14-Jul END (post-dinner),Almond powder,,1,,,
Pratik & Sakshi,h8,2026-07-14,14-Jul END (post-dinner),Atta (whole wheat),,5000,,,
Pratik & Sakshi,h8,2026-07-14,14-Jul END (post-dinner),Besan,,1,,,
Pratik & Sakshi,h8,2026-07-14,14-Jul END (post-dinner),Breadcrumbs,,1,,,
Pratik & Sakshi,h8,2026-07-14,14-Jul END (post-dinner),Cornflour,,2,,,
Pratik & Sakshi,h8,2026-07-14,14-Jul END (post-dinner),Daliya,,1,,,
Pratik & Sakshi,h8,2026-07-14,14-Jul END (post-dinner),Jowar flour,,500,,,
Pratik & Sakshi,h8,2026-07-14,14-Jul END (post-dinner),Millet flour,,1,,,
Pratik & Sakshi,h8,2026-07-14,14-Jul END (post-dinner),Poha,,1,,,
Pratik & Sakshi,h8,2026-07-14,14-Jul END (post-dinner),Ragi (whole),,1000,,,
Pratik & Sakshi,h8,2026-07-14,14-Jul END (post-dinner),Ragi flour,,1,,,
Pratik & Sakshi,h8,2026-07-14,14-Jul END (post-dinner),Sabudana,,1,,,
Pratik & Sakshi,h8,2026-07-14,14-Jul END (post-dinner),Sattu,,1,,,
Pratik & Sakshi,h8,2026-07-14,14-Jul END (post-dinner),Sooji (organic),,1,,,
Pratik & Sakshi,h8,2026-07-14,14-Jul END (post-dinner),Banana,,3,,,
Pratik & Sakshi,h8,2026-07-14,14-Jul END (post-dinner),Button mushroom,,200,,,
Pratik & Sakshi,h8,2026-07-14,14-Jul END (post-dinner),Curry leaves,,30,,,
Pratik & Sakshi,h8,2026-07-14,14-Jul END (post-dinner),Papaya,,1000,,,
Pratik & Sakshi,h8,2026-07-14,14-Jul END (post-dinner),Yellow capsicum,,60,,,
Pratik & Sakshi,h8,2026-07-14,14-Jul END (post-dinner),Dosa batter,,500,,,
Pratik & Sakshi,h8,2026-07-14,14-Jul END (post-dinner),Frozen aloo chips,,1,,,
Pratik & Sakshi,h8,2026-07-14,14-Jul END (post-dinner),Frozen aloo popcorn,,1,,,
Pratik & Sakshi,h8,2026-07-14,14-Jul END (post-dinner),Frozen corn,,1.5,,,
Pratik & Sakshi,h8,2026-07-14,14-Jul END (post-dinner),Frozen corn-cheese burst,,1,,,
Pratik & Sakshi,h8,2026-07-14,14-Jul END (post-dinner),Frozen french fries,,1.5,,,
Pratik & Sakshi,h8,2026-07-14,14-Jul END (post-dinner),Frozen peas,,375,,,
Pratik & Sakshi,h8,2026-07-14,14-Jul END (post-dinner),Frozen soya bean,,0.5,,,
Pratik & Sakshi,h8,2026-07-14,14-Jul END (post-dinner),Apple,,1,,,
Pratik & Sakshi,h8,2026-07-14,14-Jul END (post-dinner),Avocado,,1,,,
Pratik & Sakshi,h8,2026-07-14,14-Jul END (post-dinner),Blueberry,,1,,,
Pratik & Sakshi,h8,2026-07-14,14-Jul END (post-dinner),Green apple,,1,,,
Pratik & Sakshi,h8,2026-07-14,14-Jul END (post-dinner),Kiwi,,3,,,
Pratik & Sakshi,h8,2026-07-14,14-Jul END (post-dinner),Litchi,,200,,,
Pratik & Sakshi,h8,2026-07-14,14-Jul END (post-dinner),Mango,,1,,,
Pratik & Sakshi,h8,2026-07-14,14-Jul END (post-dinner),Orange,,1,,,
Pratik & Sakshi,h8,2026-07-14,14-Jul END (post-dinner),Pomegranate,,1,,,
Pratik & Sakshi,h8,2026-07-14,14-Jul END (post-dinner),Amchur,,1,,,
Pratik & Sakshi,h8,2026-07-14,14-Jul END (post-dinner),Biryani masala,,1,,,
Pratik & Sakshi,h8,2026-07-14,14-Jul END (post-dinner),Cardamom powder,,1,,,
Pratik & Sakshi,h8,2026-07-14,14-Jul END (post-dinner),Chaat masala,,1,,,
Pratik & Sakshi,h8,2026-07-14,14-Jul END (post-dinner),Chole masala,,1,,,
Pratik & Sakshi,h8,2026-07-14,14-Jul END (post-dinner),Coriander powder,,1,,,
Pratik & Sakshi,h8,2026-07-14,14-Jul END (post-dinner),Curry masala,,1,,,
Pratik & Sakshi,h8,2026-07-14,14-Jul END (post-dinner),Garlic powder,,1,,,
Pratik & Sakshi,h8,2026-07-14,14-Jul END (post-dinner),Korma masala,,1,,,
Pratik & Sakshi,h8,2026-07-14,14-Jul END (post-dinner),Oregano,,1,,,
Pratik & Sakshi,h8,2026-07-14,14-Jul END (post-dinner),Pav bhaji masala,,1,,,
Pratik & Sakshi,h8,2026-07-14,14-Jul END (post-dinner),Shahi paneer masala,,1,,,
Pratik & Sakshi,h8,2026-07-14,14-Jul END (post-dinner),Turmeric,,1,,,
Pratik & Sakshi,h8,2026-07-14,14-Jul END (post-dinner),Almond,,1.5,,,
Pratik & Sakshi,h8,2026-07-14,14-Jul END (post-dinner),Cashews,,1,,,
Pratik & Sakshi,h8,2026-07-14,14-Jul END (post-dinner),Peanuts,,1,,,
Pratik & Sakshi,h8,2026-07-14,14-Jul END (post-dinner),Pistachio,,3.5,,,
Pratik & Sakshi,h8,2026-07-14,14-Jul END (post-dinner),Pumpkin seeds,,1,,,
Pratik & Sakshi,h8,2026-07-14,14-Jul END (post-dinner),Sunflower seeds,,1,,,
Pratik & Sakshi,h8,2026-07-14,14-Jul END (post-dinner),"Tamarind (imli, dry)",,1,,,
Pratik & Sakshi,h8,2026-07-14,14-Jul END (post-dinner),Walnut,,2,,,
Pratik & Sakshi,h8,2026-07-14,14-Jul END (post-dinner),Apple cider vinegar,,1,,,
Pratik & Sakshi,h8,2026-07-14,14-Jul END (post-dinner),Coconut oil,,0.5,,,
Pratik & Sakshi,h8,2026-07-14,14-Jul END (post-dinner),Culinary rice wine,,1,,,
Pratik & Sakshi,h8,2026-07-14,14-Jul END (post-dinner),Groundnut oil (cold-pressed),,1,,,
Pratik & Sakshi,h8,2026-07-14,14-Jul END (post-dinner),Olive oil,,1.2,,,
Pratik & Sakshi,h8,2026-07-14,14-Jul END (post-dinner),Sesame oil,,1,,,
Pratik & Sakshi,h8,2026-07-14,14-Jul END (post-dinner),Dry coconut,,1,,,
Pratik & Sakshi,h8,2026-07-14,14-Jul END (post-dinner),Paneer,,550,,,
Pratik & Sakshi,h8,2026-07-14,14-Jul END (post-dinner),Basmati rice,,1,,,
Pratik & Sakshi,h8,2026-07-14,14-Jul END (post-dinner),Brown rice,,1,,,
Pratik & Sakshi,h8,2026-07-14,14-Jul END (post-dinner),Chia seeds,,1,,,
Pratik & Sakshi,h8,2026-07-14,14-Jul END (post-dinner),Quinoa,,1,,,
Pratik & Sakshi,h8,2026-07-14,14-Jul END (post-dinner),Rice (regular),,1,,,
Pratik & Sakshi,h8,2026-07-14,14-Jul END (post-dinner),Black olives (pack),,1,,,
Pratik & Sakshi,h8,2026-07-14,14-Jul END (post-dinner),Chilli flakes,,1,,,
Pratik & Sakshi,h8,2026-07-14,14-Jul END (post-dinner),Chilli sauce,,1,,,
Pratik & Sakshi,h8,2026-07-14,14-Jul END (post-dinner),Chutney powder (chatni pudi),,3,,,
Pratik & Sakshi,h8,2026-07-14,14-Jul END (post-dinner),Coconut milk,,1,,,
Pratik & Sakshi,h8,2026-07-14,14-Jul END (post-dinner),Green olives (pack),,1,,,
Pratik & Sakshi,h8,2026-07-14,14-Jul END (post-dinner),Kasuri methi,,1,,,
Pratik & Sakshi,h8,2026-07-14,14-Jul END (post-dinner),Mango pickle,,1,,,
Pratik & Sakshi,h8,2026-07-14,14-Jul END (post-dinner),Mayonnaise,,1,,,
Pratik & Sakshi,h8,2026-07-14,14-Jul END (post-dinner),Mediterranean bruschetta,,1,,,
Pratik & Sakshi,h8,2026-07-14,14-Jul END (post-dinner),Red curry paste,,1,,,
Pratik & Sakshi,h8,2026-07-14,14-Jul END (post-dinner),Soya sauce,,1,,,
Pratik & Sakshi,h8,2026-07-14,14-Jul END (post-dinner),Tomato ketchup,,1,,,
Pratik & Sakshi,h8,2026-07-14,14-Jul END (post-dinner),Beetroot-quinoa wraps,,1,,,
Pratik & Sakshi,h8,2026-07-14,14-Jul END (post-dinner),Chocolate,,1,,,
Pratik & Sakshi,h8,2026-07-14,14-Jul END (post-dinner),Chocos,,1,,,
Pratik & Sakshi,h8,2026-07-14,14-Jul END (post-dinner),Custard powder,,1,,,
Pratik & Sakshi,h8,2026-07-14,14-Jul END (post-dinner),Drinking chocolate,,1,,,
Pratik & Sakshi,h8,2026-07-14,14-Jul END (post-dinner),Funyuns,,1,,,
Pratik & Sakshi,h8,2026-07-14,14-Jul END (post-dinner),Onion petals,,1,,,
Pratik & Sakshi,h8,2026-07-14,14-Jul END (post-dinner),Papad,,1,,,
Pratik & Sakshi,h8,2026-07-14,14-Jul END (post-dinner),Pasta,,1,,,
Pratik & Sakshi,h8,2026-07-14,14-Jul END (post-dinner),Plant protein,,1,,,
Pratik & Sakshi,h8,2026-07-14,14-Jul END (post-dinner),Roasted chana,,1,,,
Pratik & Sakshi,h8,2026-07-14,14-Jul END (post-dinner),Spinach-quinoa wraps,,1,,,
Pratik & Sakshi,h8,2026-07-14,14-Jul END (post-dinner),Supa Fuels power shake,,1,,,
Pratik & Sakshi,h8,2026-07-14,14-Jul END (post-dinner),Whole-wheat bread,,2,,,
Pratik & Sakshi,h8,2026-07-14,14-Jul END (post-dinner),Whole-wheat noodles,,1,,,
Pratik & Sakshi,h8,2026-07-14,14-Jul END (post-dinner),Almond butter,,1,,,
Pratik & Sakshi,h8,2026-07-14,14-Jul END (post-dinner),Chocolate spread,,1,,,
Pratik & Sakshi,h8,2026-07-14,14-Jul END (post-dinner),Nutella,,1,,,
Pratik & Sakshi,h8,2026-07-14,14-Jul END (post-dinner),Peanut butter,,1,,,
Pratik & Sakshi,h8,2026-07-14,14-Jul END (post-dinner),Pear & apricot spread,,1,,,
Pratik & Sakshi,h8,2026-07-14,14-Jul END (post-dinner),Strawberry spread,,1,,,
Pratik & Sakshi,h8,2026-07-14,14-Jul END (post-dinner),Sweet potato spread,,1,,,
Pratik & Sakshi,h8,2026-07-14,14-Jul END (post-dinner),Tahini paste,,2,,,
Pratik & Sakshi,h8,2026-07-14,14-Jul END (post-dinner),Brown sugar,,2,,,
Pratik & Sakshi,h8,2026-07-14,14-Jul END (post-dinner),Corn syrup,,1,,,
Pratik & Sakshi,h8,2026-07-14,14-Jul END (post-dinner),Dates,,0.5,,,
Pratik & Sakshi,h8,2026-07-14,14-Jul END (post-dinner),Honey,,1,,,
Pratik & Sakshi,h8,2026-07-14,14-Jul END (post-dinner),Jaggery,,1,,,
Pratik & Sakshi,h8,2026-07-14,14-Jul END (post-dinner),Maple syrup,,1,,,
Pratik & Sakshi,h8,2026-07-14,14-Jul END (post-dinner),Smoked honey,,1,,,
Pratik & Sakshi,h8,2026-07-14,14-Jul END (post-dinner),Organic leaves (mixed),,250,,,
Pratik & Sakshi,h8,2026-07-14,14-Jul END (post-dinner),Parsley,,50,,,
Pratik & Sakshi,h8,2026-07-14,14-Jul END (post-dinner),Assorted khade masale,,1,,,
Pratik & Sakshi,h8,2026-07-14,14-Jul END (post-dinner),Black sesame,,1,,,
Pratik & Sakshi,h8,2026-07-14,14-Jul END (post-dinner),Cardamom,,1,,,
Pratik & Sakshi,h8,2026-07-14,14-Jul END (post-dinner),Cumin (jeera),,1,,,
Pratik & Sakshi,h8,2026-07-14,14-Jul END (post-dinner),Dry red chilli,,1,,,
Pratik & Sakshi,h8,2026-07-14,14-Jul END (post-dinner),Fennel seeds,,1,,,
Pratik & Sakshi,h8,2026-07-14,14-Jul END (post-dinner),Kalonji,,1,,,
Pratik & Sakshi,h8,2026-07-14,14-Jul END (post-dinner),Kashmiri red chilli,,1,,,
Pratik & Sakshi,h8,2026-07-14,14-Jul END (post-dinner),Mustard seeds,,1,,,
Pratik & Sakshi,h8,2026-07-14,14-Jul END (post-dinner),Vanilla extract,,1,,,
Pratik & Sakshi,h8,2026-07-14,14-Jul END (post-dinner),Jalapeno chilli,,250,,,
Pratik & Sakshi,h8,2026-07-14,14-Jul END (post-dinner),Sambar onion (shallots),,100,,,
Pratik & Sakshi,h8,2026-07-14,14-Jul END (post-dinner),Banana pepper,,150,,,
Pratik & Sakshi,h8,2026-07-14,14-Jul END (post-dinner),Italian basil,,50,,,
Pratik & Sakshi,h8,2026-07-14,14-Jul END (post-dinner),Karela (bitter gourd),,150,,,
Pratik & Sakshi,h8,2026-07-14,14-Jul END (post-dinner),Sweet potato,,500,,,
Pratik & Sakshi,h8,2026-07-14,14-Jul END (post-dinner),Shiitake mushroom,,100,,,
Pratik & Sakshi,h8,2026-07-14,14-Jul END (post-dinner),Edamame (frozen),,375,,,
Pratik & Sakshi,h8,2026-07-14,14-Jul END (post-dinner),Greek yogurt (plain),,3,,,
Pratik & Sakshi,h8,2026-07-14,14-Jul END (post-dinner),Tofu,,250,,,
Pratik & Sakshi,h8,2026-07-14,14-Jul END (post-dinner),Curd,,600,,,
Pratik & Sakshi,h8,2026-07-14,14-Jul END (post-dinner),Almond drink,,1,,,
Pratik & Sakshi,h8,2026-07-14,14-Jul END (post-dinner),Bagels,,3,,,
Pratik & Sakshi,h8,2026-07-14,14-Jul END (post-dinner),Mulberry,,0.75,,,
Pratik & Sakshi,h8,2026-07-14,14-Jul END (post-dinner),Sourdough,,0.5,,,
Pratik & Sakshi,h8,2026-07-14,14-Jul END (post-dinner),Guava,,3,,,
Pratik & Sakshi,h8,2026-07-14,14-Jul END (post-dinner),Bhaji mirch (bhavnagri chilli),,15,,,
Pratik & Sakshi,h8,2026-07-14,14-Jul END (post-dinner),Cherry tomato,,250,,,
Pratik & Sakshi,h8,2026-07-14,14-Jul END (post-dinner),Corn cob,,1,,,
Pratik & Sakshi,h8,2026-07-14,14-Jul END (post-dinner),Health Factory bread,,1,,,
Pratik & Sakshi,h8,2026-07-14,14-Jul END (post-dinner),Enoki mushroom,,125,,,
Pratik & Sakshi,h8,2026-07-14,14-Jul END (post-dinner),Strawberry,,3,,,
Pratik & Sakshi,h8,2026-07-14,14-Jul END (post-dinner),Dragon fruit,,1,,,
Pratik & Sakshi,h8,2026-07-14,14-Jul END (post-dinner),High-protein milk,,250,,,
Pratik & Sakshi,h8,2026-07-14,14-Jul END (post-dinner),Milk bread,,400,,,
Pratik & Sakshi,h8,2026-07-14,14-Jul END (post-dinner),Idli/dosa batter (Rishta),,500,,,
Pratik & Sakshi,h8,2026-07-14,14-Jul END (post-dinner),Cheddar cheese (D'lecta),,200,,,
Pratik & Sakshi,h8,2026-07-14,14-Jul END (post-dinner),Full cream milk (Heritage),,2000,,,
Pratik & Sakshi,h8,2026-07-14,14-Jul END (post-dinner),"Peanut butter (Whole Truth, unsweetened)",,925,,,
Pratik & Sakshi,h8,2026-07-14,14-Jul END (post-dinner),Milk bread (Bread Berry),,400,,,
Pratik & Sakshi,h8,2026-07-14,14-Jul END (post-dinner),Set curd,,400,,,
Pratik & Sakshi,h8,2026-07-14,14-Jul END (post-dinner),Bay leaf,,20,,,
Pratik & Sakshi,h8,2026-07-14,14-Jul END (post-dinner),Black pepper,,100,,,
Pratik & Sakshi,h8,2026-07-14,14-Jul END (post-dinner),Black salt,,100,,,
Pratik & Sakshi,h8,2026-07-14,14-Jul END (post-dinner),Cinnamon,,50,,,
Pratik & Sakshi,h8,2026-07-14,14-Jul END (post-dinner),Cloves,,50,,,
Pratik & Sakshi,h8,2026-07-14,14-Jul END (post-dinner),Cumin powder,,100,,,
Pratik & Sakshi,h8,2026-07-14,14-Jul END (post-dinner),Garam masala,,100,,,
Pratik & Sakshi,h8,2026-07-14,14-Jul END (post-dinner),Red chilli powder,,200,,,
Pratik & Sakshi,h8,2026-07-14,14-Jul END (post-dinner),Sambar powder,,100,,,
Pratik & Sakshi,h8,2026-07-14,14-Jul END (post-dinner),Fenugreek seeds,,100,,,
Pratik & Sakshi,h8,2026-07-14,14-Jul END (post-dinner),Hing (asafoetida),,50,,,
Pratik & Sakshi,h8,2026-07-14,14-Jul END (post-dinner),Roasted gram,,200,,,
Pratik & Sakshi,h8,2026-07-14,14-Jul END (post-dinner),Oats,,500,,,
Pratik & Sakshi,h8,2026-07-14,14-Jul END (post-dinner),Bajra flour,,1000,,,
Pratik & Sakshi,h8,2026-07-14,14-Jul END (post-dinner),Vermicelli,,200,,,
Pratik & Sakshi,h8,2026-07-14,14-Jul END (post-dinner),Makhana,,100,,,
Pratik & Sakshi,h8,2026-07-14,14-Jul END (post-dinner),Pear,,1,,,
Pratik & Sakshi,h8,2026-07-14,14-Jul END (post-dinner),Red radish,,1,,,
Pratik & Sakshi,h8,2026-07-14,14-Jul END (post-dinner),Baby spinach,,60,,,
Pratik & Sakshi,h8,2026-07-14,14-Jul END (post-dinner),Baby potato,,800,,,
Pratik & Sakshi,h8,2026-07-14,14-Jul END (post-dinner),Gobbleright wraps,,4,,,
Pratik & Sakshi,h8,2026-07-14,14-Jul END (post-dinner),Homemade curd,,400,,,
Pratik & Sakshi,h8,2026-07-14,14-Jul END (post-dinner),Milk,,1,,,
Pratik & Sakshi,h8,2026-07-14,14-Jul END (post-dinner),Green peas (unpeeled),,150,,,
Soozy & Munz,h2,2026-07-14,14-Jul END (post-meals),Cabbage,,186,,,
Soozy & Munz,h2,2026-07-14,14-Jul END (post-meals),Carrot,,410,,,
Soozy & Munz,h2,2026-07-14,14-Jul END (post-meals),Coriander (dhania),,212,,,
Soozy & Munz,h2,2026-07-14,14-Jul END (post-meals),Cucumber,,144,,,
Soozy & Munz,h2,2026-07-14,14-Jul END (post-meals),Red Label tea,,0.5,,,
Soozy & Munz,h2,2026-07-14,14-Jul END (post-meals),Honey (Apis multifloral),,480,,,
Soozy & Munz,h2,2026-07-14,14-Jul END (post-meals),Jalapeno peppers (Cornitos),,1,,,
Soozy & Munz,h2,2026-07-14,14-Jul END (post-meals),Ghee (Akshayakalpa),,450,,,
Soozy & Munz,h2,2026-07-14,14-Jul END (post-meals),Greek yogurt (Milky Mist),,1,,,
Soozy & Munz,h2,2026-07-14,14-Jul END (post-meals),Milk,,1000,,,
Soozy & Munz,h2,2026-07-14,14-Jul END (post-meals),Kala chana,,395,,,
Soozy & Munz,h2,2026-07-14,14-Jul END (post-meals),Rajma,,111,,,
Soozy & Munz,h2,2026-07-14,14-Jul END (post-meals),Blueberries,,66,,,
Soozy & Munz,h2,2026-07-14,14-Jul END (post-meals),Brown rice (jar),,380,,,
Soozy & Munz,h2,2026-07-14,14-Jul END (post-meals),Sooji/rava (Aashirvaad),,1,,,
Soozy & Munz,h2,2026-07-14,14-Jul END (post-meals),Whey protein,,900,,,
Soozy & Munz,h2,2026-07-14,14-Jul END (post-meals),Light olive oil (Del Monte),,0.8,,,
Soozy & Munz,h2,2026-07-14,14-Jul END (post-meals),Salt,,330,,,
Soozy & Munz,h2,2026-07-14,14-Jul END (post-meals),Sambar powder (Aachi),,1,,,
Soozy & Munz,h2,2026-07-14,14-Jul END (post-meals),Dhaniya powder,,588,,,
Soozy & Munz,h2,2026-07-14,14-Jul END (post-meals),Turmeric powder,,1318,,,
Soozy & Munz,h2,2026-07-14,14-Jul END (post-meals),Tej patta,,100,,,
Soozy & Munz,h2,2026-07-14,14-Jul END (post-meals),Cloves,,90,,,
Soozy & Munz,h2,2026-07-14,14-Jul END (post-meals),Rasam powder,,120,,,
Soozy & Munz,h2,2026-07-14,14-Jul END (post-meals),Meat masala,,90,,,
Soozy & Munz,h2,2026-07-14,14-Jul END (post-meals),Haldi,,500,,,
Soozy & Munz,h2,2026-07-14,14-Jul END (post-meals),Chilli flakes,,1,,,
Soozy & Munz,h2,2026-07-14,14-Jul END (post-meals),Oregano,,1,,,
Soozy & Munz,h2,2026-07-14,14-Jul END (post-meals),Digestive biscuits,,1,,,
Soozy & Munz,h2,2026-07-14,14-Jul END (post-meals),Chicken masala,,1,,,
Soozy & Munz,h2,2026-07-14,14-Jul END (post-meals),Basil,,30,,,
Soozy & Munz,h2,2026-07-14,14-Jul END (post-meals),Broccoli,,114,,,
Soozy & Munz,h2,2026-07-14,14-Jul END (post-meals),Curry leaves,,19,,,
Soozy & Munz,h2,2026-07-14,14-Jul END (post-meals),Ginger,,130,,,
Soozy & Munz,h2,2026-07-14,14-Jul END (post-meals),Green chilli,,80,,,
Soozy & Munz,h2,2026-07-14,14-Jul END (post-meals),Lemon,,320,,,
Soozy & Munz,h2,2026-07-14,14-Jul END (post-meals),Mint,,109,,,
Soozy & Munz,h2,2026-07-14,14-Jul END (post-meals),3 Roses tea,,0.5,,,
Soozy & Munz,h2,2026-07-14,14-Jul END (post-meals),Blue Tokai coffee (Attikan),,150,,,
Soozy & Munz,h2,2026-07-14,14-Jul END (post-meals),Hot chocolate powder,,140,,,
Soozy & Munz,h2,2026-07-14,14-Jul END (post-meals),Apricot jam (Darbo),,1,,,
Soozy & Munz,h2,2026-07-14,14-Jul END (post-meals),Dark soy sauce,,110,,,
Soozy & Munz,h2,2026-07-14,14-Jul END (post-meals),Fish sauce (Real Thai),,1,,,
Soozy & Munz,h2,2026-07-14,14-Jul END (post-meals),Garlic paste,,1,,,
Soozy & Munz,h2,2026-07-14,14-Jul END (post-meals),Garlic paste (Mothers Recipe),,19,,,
Soozy & Munz,h2,2026-07-14,14-Jul END (post-meals),Smokey BBQ sauce (Veeba),,1,,,
Soozy & Munz,h2,2026-07-14,14-Jul END (post-meals),Spicy gherkins (Neo),,0.5,,,
Soozy & Munz,h2,2026-07-14,14-Jul END (post-meals),Tomato ketchup (Delmonte),,1,,,
Soozy & Munz,h2,2026-07-14,14-Jul END (post-meals),Vanilla extract,,1,,,
Soozy & Munz,h2,2026-07-14,14-Jul END (post-meals),Cow milk (fresh),,1,,,
Soozy & Munz,h2,2026-07-14,14-Jul END (post-meals),Greek yogurt (Akshayakalpa plain),,1090,,,
Soozy & Munz,h2,2026-07-14,14-Jul END (post-meals),Dry coconut,,1,,,
Soozy & Munz,h2,2026-07-14,14-Jul END (post-meals),Lady's finger,,100,,,
Soozy & Munz,h2,2026-07-14,14-Jul END (post-meals),Potato,,200,,,
Soozy & Munz,h2,2026-07-14,14-Jul END (post-meals),Brown rice (Organic Tattva sonamasuri),,4170,,,
Soozy & Munz,h2,2026-07-14,14-Jul END (post-meals),Rice flour (24 Mantra),,1.5,,,
Soozy & Munz,h2,2026-07-14,14-Jul END (post-meals),Almonds,,310,,,
Soozy & Munz,h2,2026-07-14,14-Jul END (post-meals),Cashews,,60,,,
Soozy & Munz,h2,2026-07-14,14-Jul END (post-meals),Grated coconut,,40,,,
Soozy & Munz,h2,2026-07-14,14-Jul END (post-meals),Peanut butter,,1,,,
Soozy & Munz,h2,2026-07-14,14-Jul END (post-meals),Rosemary (fresh),,50,,,
Soozy & Munz,h2,2026-07-14,14-Jul END (post-meals),Prawns (FreshToHome),,150,,,
Soozy & Munz,h2,2026-07-14,14-Jul END (post-meals),Atta,,1000,,,
Soozy & Munz,h2,2026-07-14,14-Jul END (post-meals),Idli/dosa batter,,1,,,
Soozy & Munz,h2,2026-07-14,14-Jul END (post-meals),Peanuts,,770,,,
Soozy & Munz,h2,2026-07-14,14-Jul END (post-meals),Ranch dressing (Veeba),,1,,,
Soozy & Munz,h2,2026-07-14,14-Jul END (post-meals),"Tamarind (seeded, Whole Farm)",,220,,,
Soozy & Munz,h2,2026-07-14,14-Jul END (post-meals),Yoga Bar muesli,,1,,,
Soozy & Munz,h2,2026-07-14,14-Jul END (post-meals),Frozen green peas (Safal),,500,,,
Soozy & Munz,h2,2026-07-14,14-Jul END (post-meals),Vinegar,,0.1,,,
Soozy & Munz,h2,2026-07-14,14-Jul END (post-meals),Romaine lettuce,,3,,,
Soozy & Munz,h2,2026-07-14,14-Jul END (post-meals),Coffee (ground),,300,,,
Soozy & Munz,h2,2026-07-14,14-Jul END (post-meals),Maida,,1,,,
Soozy & Munz,h2,2026-07-14,14-Jul END (post-meals),Quinoa,,2,,,
Soozy & Munz,h2,2026-07-14,14-Jul END (post-meals),Poha,,1,,,
Soozy & Munz,h2,2026-07-14,14-Jul END (post-meals),Rolled oats,,820,,,
Soozy & Munz,h2,2026-07-14,14-Jul END (post-meals),White moong dal,,130,,,
Soozy & Munz,h2,2026-07-14,14-Jul END (post-meals),Green moong,,500,,,
Soozy & Munz,h2,2026-07-14,14-Jul END (post-meals),Flax seeds,,272,,,
Soozy & Munz,h2,2026-07-14,14-Jul END (post-meals),Monk fruit sweetener,,246,,,
Soozy & Munz,h2,2026-07-14,14-Jul END (post-meals),Caramel syrup,,1,,,
Soozy & Munz,h2,2026-07-14,14-Jul END (post-meals),Jaggery,,240,,,
Soozy & Munz,h2,2026-07-14,14-Jul END (post-meals),Rava idli mix (MTR),,1,,,
Soozy & Munz,h2,2026-07-14,14-Jul END (post-meals),White sesame seeds (Whole Farm),,54,,,
Soozy & Munz,h2,2026-07-14,14-Jul END (post-meals),Fennel seeds,,270,,,
Soozy & Munz,h2,2026-07-14,14-Jul END (post-meals),Jeera,,190,,,
Soozy & Munz,h2,2026-07-14,14-Jul END (post-meals),Black pepper (whole),,1,,,
Soozy & Munz,h2,2026-07-14,14-Jul END (post-meals),Chana dal,,715,,,
Soozy & Munz,h2,2026-07-14,14-Jul END (post-meals),Coconut oil,,0.2,,,
Soozy & Munz,h2,2026-07-14,14-Jul END (post-meals),Brown sugar,,550,,,
Soozy & Munz,h2,2026-07-14,14-Jul END (post-meals),Walnuts,,230,,,
Soozy & Munz,h2,2026-07-14,14-Jul END (post-meals),Gulab jamun mix,,1,,,
Soozy & Munz,h2,2026-07-14,14-Jul END (post-meals),Chia seeds,,340,,,
Soozy & Munz,h2,2026-07-14,14-Jul END (post-meals),Thai green paste,,1,,,
Soozy & Munz,h2,2026-07-14,14-Jul END (post-meals),Chilli powder,,216,,,
Soozy & Munz,h2,2026-07-14,14-Jul END (post-meals),Sugar,,350,,,
Soozy & Munz,h2,2026-07-14,14-Jul END (post-meals),Maggi,,1,,,
Soozy & Munz,h2,2026-07-14,14-Jul END (post-meals),Raisins,,35,,,
Soozy & Munz,h2,2026-07-14,14-Jul END (post-meals),Nutri Choice crackers,,75,,,
Soozy & Munz,h2,2026-07-14,14-Jul END (post-meals),Yogurt,,992,,,
Soozy & Munz,h2,2026-07-14,14-Jul END (post-meals),Boiled rice,,1400,,,
Soozy & Munz,h2,2026-07-14,14-Jul END (post-meals),Sona masoori rice,,1000,,,
Soozy & Munz,h2,2026-07-14,14-Jul END (post-meals),Indrayani rice,,520,,,
Soozy & Munz,h2,2026-07-14,14-Jul END (post-meals),Bok choy,,50,,,
Soozy & Munz,h2,2026-07-14,14-Jul END (post-meals),Sun-dried tomatoes,,1,,,
Soozy & Munz,h2,2026-07-14,14-Jul END (post-meals),Umami paste,,1,,,
Soozy & Munz,h2,2026-07-14,14-Jul END (post-meals),Mustard sauce,,1,,,
Soozy & Munz,h2,2026-07-14,14-Jul END (post-meals),Tabasco,,1,,,
Soozy & Munz,h2,2026-07-14,14-Jul END (post-meals),Chilli oil,,1,,,
Shunyam & Ishan - latest,h1b,2026-07-14,"14-Jul END (after B+L count, post-dinner)",Methi (fenugreek),,100,,,
Shunyam & Ishan - latest,h1b,2026-07-14,"14-Jul END (after B+L count, post-dinner)",Cucumber,,150,,,
Shunyam & Ishan - latest,h1b,2026-07-14,"14-Jul END (after B+L count, post-dinner)",Garlic,,60,,,
Shunyam & Ishan - latest,h1b,2026-07-14,"14-Jul END (after B+L count, post-dinner)",Green chilli,,10,,,
Shunyam & Ishan - latest,h1b,2026-07-14,"14-Jul END (after B+L count, post-dinner)",Broccoli,,300,,,
Shunyam & Ishan - latest,h1b,2026-07-14,"14-Jul END (after B+L count, post-dinner)",Butter (Amul),,180,,,
Shunyam & Ishan - latest,h1b,2026-07-14,"14-Jul END (after B+L count, post-dinner)",Cheese (Amul),,70,,,
Shunyam & Ishan - latest,h1b,2026-07-14,"14-Jul END (after B+L count, post-dinner)",Cow milk pouch (Akshayakalpa),,1,,,
Shunyam & Ishan - latest,h1b,2026-07-14,"14-Jul END (after B+L count, post-dinner)",Curd (Akshayakalpa),,0.5,,,
Shunyam & Ishan - latest,h1b,2026-07-14,"14-Jul END (after B+L count, post-dinner)",Fresh cream (Amul),,150,,,
Shunyam & Ishan - latest,h1b,2026-07-14,"14-Jul END (after B+L count, post-dinner)",Ghee (Akshayakalpa),,1.5,,,
Shunyam & Ishan - latest,h1b,2026-07-14,"14-Jul END (after B+L count, post-dinner)",Milk,,2,,,
Shunyam & Ishan - latest,h1b,2026-07-14,"14-Jul END (after B+L count, post-dinner)",Set curd (Akshayakalpa),,820,,,
Shunyam & Ishan - latest,h1b,2026-07-14,"14-Jul END (after B+L count, post-dinner)",Eggs,,6,,,
Shunyam & Ishan - latest,h1b,2026-07-14,"14-Jul END (after B+L count, post-dinner)",Carrot,,1000,,,
Shunyam & Ishan - latest,h1b,2026-07-14,"14-Jul END (after B+L count, post-dinner)",Curry leaves,,30,,,
Shunyam & Ishan - latest,h1b,2026-07-14,"14-Jul END (after B+L count, post-dinner)",Paneer,,200,,,
Shunyam & Ishan - latest,h1b,2026-07-14,"14-Jul END (after B+L count, post-dinner)",7-in-1 seed mix,,100,,,
Shunyam & Ishan - latest,h1b,2026-07-14,"14-Jul END (after B+L count, post-dinner)",Almonds,,100,,,
Shunyam & Ishan - latest,h1b,2026-07-14,"14-Jul END (after B+L count, post-dinner)",Arrabiata pasta sauce (Veeba),,300,,,
Shunyam & Ishan - latest,h1b,2026-07-14,"14-Jul END (after B+L count, post-dinner)",Cashews,,300,,,
Shunyam & Ishan - latest,h1b,2026-07-14,"14-Jul END (after B+L count, post-dinner)",Chocolate syrup (Hersheys),,200,,,
Shunyam & Ishan - latest,h1b,2026-07-14,"14-Jul END (after B+L count, post-dinner)",Cocoa (Cadbury),,1,,,
Shunyam & Ishan - latest,h1b,2026-07-14,"14-Jul END (after B+L count, post-dinner)",Dark soy sauce,,100,,,
Shunyam & Ishan - latest,h1b,2026-07-14,"14-Jul END (after B+L count, post-dinner)",Frozen green peas (Safal),,180,,,
Shunyam & Ishan - latest,h1b,2026-07-14,"14-Jul END (after B+L count, post-dinner)",Ginger Blossom gut shot,,2,,,
Shunyam & Ishan - latest,h1b,2026-07-14,"14-Jul END (after B+L count, post-dinner)",Green olives (Del Monte),,100,,,
Shunyam & Ishan - latest,h1b,2026-07-14,"14-Jul END (after B+L count, post-dinner)","Honey (Organic India, multifloral)",,2,,,
Shunyam & Ishan - latest,h1b,2026-07-14,"14-Jul END (after B+L count, post-dinner)",Honey / mango jam,,1,,,
Shunyam & Ishan - latest,h1b,2026-07-14,"14-Jul END (after B+L count, post-dinner)","Hydration/electrolyte (Fast&Up, LiquidIV)",,50,,,
Shunyam & Ishan - latest,h1b,2026-07-14,"14-Jul END (after B+L count, post-dinner)",Moong dal,,250,,,
Shunyam & Ishan - latest,h1b,2026-07-14,"14-Jul END (after B+L count, post-dinner)",Multigrain atta,,2000,,,
Shunyam & Ishan - latest,h1b,2026-07-14,"14-Jul END (after B+L count, post-dinner)",Mustard / cooking oil,,250,,,
Shunyam & Ishan - latest,h1b,2026-07-14,"14-Jul END (after B+L count, post-dinner)",Mustard sauce,,100,,,
Shunyam & Ishan - latest,h1b,2026-07-14,"14-Jul END (after B+L count, post-dinner)",Oats (Alpino Super Oats),,0.5,,,
Shunyam & Ishan - latest,h1b,2026-07-14,"14-Jul END (after B+L count, post-dinner)",Olive oil (Borges Extra Virgin),,250,,,
Shunyam & Ishan - latest,h1b,2026-07-14,"14-Jul END (after B+L count, post-dinner)",Pizza/pasta seasoning (Keya oregano),,50,,,
Shunyam & Ishan - latest,h1b,2026-07-14,"14-Jul END (after B+L count, post-dinner)",Rajma (red kidney beans),,250,,,
Shunyam & Ishan - latest,h1b,2026-07-14,"14-Jul END (after B+L count, post-dinner)",Rice (Daawat basmati),,380,,,
Shunyam & Ishan - latest,h1b,2026-07-14,"14-Jul END (after B+L count, post-dinner)",Roasted chana,,100,,,
Shunyam & Ishan - latest,h1b,2026-07-14,"14-Jul END (after B+L count, post-dinner)",Schezwan chutney (Wok),,100,,,
Shunyam & Ishan - latest,h1b,2026-07-14,"14-Jul END (after B+L count, post-dinner)",Soda (Lehar),,750,,,
Shunyam & Ishan - latest,h1b,2026-07-14,"14-Jul END (after B+L count, post-dinner)","Spices (pav-bhaji, chaat, hing, coriander pwd, black pepper, turmeric)",,50,,,
Shunyam & Ishan - latest,h1b,2026-07-14,"14-Jul END (after B+L count, post-dinner)",Tea (Catch chai + tea bags),,1,,,
Shunyam & Ishan - latest,h1b,2026-07-14,"14-Jul END (after B+L count, post-dinner)",Tomato ketchup,,200,,,
Shunyam & Ishan - latest,h1b,2026-07-14,"14-Jul END (after B+L count, post-dinner)",Veg mayonnaise (Dr Oetker FunFoods),,100,,,
Shunyam & Ishan - latest,h1b,2026-07-14,"14-Jul END (after B+L count, post-dinner)",Vinegar,,100,,,
Shunyam & Ishan - latest,h1b,2026-07-14,"14-Jul END (after B+L count, post-dinner)",Chicken,,400,,,
Shunyam & Ishan - latest,h1b,2026-07-14,"14-Jul END (after B+L count, post-dinner)",Ginger garlic paste,,150,,,
Shunyam & Ishan - latest,h1b,2026-07-14,"14-Jul END (after B+L count, post-dinner)",Coriander powder,,60,,,
Shunyam & Ishan - latest,h1b,2026-07-14,"14-Jul END (after B+L count, post-dinner)",Kombucha,,1,,,
Shunyam & Ishan - latest,h1b,2026-07-14,"14-Jul END (after B+L count, post-dinner)",Urad dal,,250,,,
Shunyam & Ishan - latest,h1b,2026-07-14,"14-Jul END (after B+L count, post-dinner)",Chana dal,,250,,,
Shunyam & Ishan - latest,h1b,2026-07-14,"14-Jul END (after B+L count, post-dinner)",Sugar,,500,,,
Shunyam & Ishan - latest,h1b,2026-07-14,"14-Jul END (after B+L count, post-dinner)",Chaat masala,,100,,,
Shunyam & Ishan - latest,h1b,2026-07-14,"14-Jul END (after B+L count, post-dinner)",White dal (moong),,250,,,
Shunyam & Ishan - latest,h1b,2026-07-14,"14-Jul END (after B+L count, post-dinner)",Nilgiri red rice,,1000,,,
Shunyam & Ishan - latest,h1b,2026-07-14,"14-Jul END (after B+L count, post-dinner)",Aashirvaad atta (2kg),,2000,,,
Shunyam & Ishan - latest,h1b,2026-07-14,"14-Jul END (after B+L count, post-dinner)",Kabuli chana,,250,,,
Shunyam & Ishan - latest,h1b,2026-07-14,"14-Jul END (after B+L count, post-dinner)",Salt,,500,,,
Shunyam & Ishan - latest,h1b,2026-07-14,"14-Jul END (after B+L count, post-dinner)",Brown sugar,,250,,,
Shunyam & Ishan - latest,h1b,2026-07-14,"14-Jul END (after B+L count, post-dinner)",Sriracha sauce,,1,,,
Shunyam & Ishan - latest,h1b,2026-07-14,"14-Jul END (after B+L count, post-dinner)",Bay leaf / dried patta,,10,,,
Shunyam & Ishan - latest,h1b,2026-07-14,"14-Jul END (after B+L count, post-dinner)",Chilli flakes,,30,,,
Shunyam & Ishan - latest,h1b,2026-07-14,"14-Jul END (after B+L count, post-dinner)",Clove (laung),,20,,,
Shunyam & Ishan - latest,h1b,2026-07-14,"14-Jul END (after B+L count, post-dinner)",Poha,,170,,,
Shunyam & Ishan - latest,h1b,2026-07-14,"14-Jul END (after B+L count, post-dinner)",Biryani rice,,500,,,
Shunyam & Ishan - latest,h1b,2026-07-14,"14-Jul END (after B+L count, post-dinner)",Protein atta,,500,,,
Shunyam & Ishan - latest,h1b,2026-07-14,"14-Jul END (after B+L count, post-dinner)",Sabudana,,250,,,
Shunyam & Ishan - latest,h1b,2026-07-14,"14-Jul END (after B+L count, post-dinner)",Organic besan,,250,,,
Shunyam & Ishan - latest,h1b,2026-07-14,"14-Jul END (after B+L count, post-dinner)",Makhana,,100,,,
Shunyam & Ishan - latest,h1b,2026-07-14,"14-Jul END (after B+L count, post-dinner)",Rooh Afza,,1,,,
Shunyam & Ishan - latest,h1b,2026-07-14,"14-Jul END (after B+L count, post-dinner)",Manchurian sauce,,1,,,
Shunyam & Ishan - latest,h1b,2026-07-14,"14-Jul END (after B+L count, post-dinner)",Pav bhaji masala,,50,,,
Shunyam & Ishan - latest,h1b,2026-07-14,"14-Jul END (after B+L count, post-dinner)",Cheese & jalapeno spread,,1,,,
Shunyam & Ishan - latest,h1b,2026-07-14,"14-Jul END (after B+L count, post-dinner)",Chilli powder,,100,,,
Shunyam & Ishan - latest,h1b,2026-07-14,"14-Jul END (after B+L count, post-dinner)",Jeera,,100,,,
Shunyam & Ishan - latest,h1b,2026-07-14,"14-Jul END (after B+L count, post-dinner)",Turmeric powder,,100,,,
Shunyam & Ishan - latest,h1b,2026-07-14,"14-Jul END (after B+L count, post-dinner)",Black til (sesame),,50,,,
Shunyam & Ishan - latest,h1b,2026-07-14,"14-Jul END (after B+L count, post-dinner)",Elaichi (cardamom),,20,,,
Shunyam & Ishan - latest,h1b,2026-07-14,"14-Jul END (after B+L count, post-dinner)",Green tea,,1,,,
Shunyam & Ishan - latest,h1b,2026-07-14,"14-Jul END (after B+L count, post-dinner)",Green raisins,,100,,,
Shunyam & Ishan - latest,h1b,2026-07-14,"14-Jul END (after B+L count, post-dinner)",Black raisins,,100,,,
Shunyam & Ishan - latest,h1b,2026-07-14,"14-Jul END (after B+L count, post-dinner)",Chocolate oats,,1,,,
Shunyam & Ishan - latest,h1b,2026-07-14,"14-Jul END (after B+L count, post-dinner)",Garam masala,,50,,,
Shunyam & Ishan - latest,h1b,2026-07-14,"14-Jul END (after B+L count, post-dinner)",Corn starch,,100,,,
Shunyam & Ishan - latest,h1b,2026-07-14,"14-Jul END (after B+L count, post-dinner)",Frozen peas (unpeeled),,250,,,
Shunyam & Ishan - latest,h1b,2026-07-14,"14-Jul END (after B+L count, post-dinner)",Almond & cashew mix,,100,,,
Shunyam & Ishan - latest,h1b,2026-07-14,"14-Jul END (after B+L count, post-dinner)",Seed mixture,,100,,,
Shunyam & Ishan - latest,h1b,2026-07-14,"14-Jul END (after B+L count, post-dinner)",Mustard oil,,750,,,
Shunyam & Ishan - latest,h1b,2026-07-14,"14-Jul END (after B+L count, post-dinner)",Paprika powder,,1,,,
Shunyam & Ishan - latest,h1b,2026-07-14,"14-Jul END (after B+L count, post-dinner)",Peri peri sauce,,1,,,
Shunyam & Ishan - latest,h1b,2026-07-14,"14-Jul END (after B+L count, post-dinner)",Smoked paprika,,52,,,
Shunyam & Ishan - latest,h1b,2026-07-14,"14-Jul END (after B+L count, post-dinner)",Kasuri methi,,25,,,
Shunyam & Ishan - latest,h1b,2026-07-14,"14-Jul END (after B+L count, post-dinner)",Peanuts,,230,,,
Shunyam & Ishan - latest,h1b,2026-07-14,"14-Jul END (after B+L count, post-dinner)",Wheat pasta,,200,,,
Shunyam & Ishan - latest,h1b,2026-07-14,"14-Jul END (after B+L count, post-dinner)",Multi millet noodles,,50,,,
Shunyam & Ishan - latest,h1b,2026-07-14,"14-Jul END (after B+L count, post-dinner)",Dosa batter,,400,,,
Shunyam & Ishan - latest,h1b,2026-07-14,"14-Jul END (after B+L count, post-dinner)",Sambar masala powder,,200,,,
Shunyam & Ishan - latest,h1b,2026-07-14,"14-Jul END (after B+L count, post-dinner)",Chicken breast (boneless),,400,,,
Paxal & Sana,h7,2026-07-14,"14-Jul END (post-meals, Mon dinner not made)",Cabbage,,450,,,
Paxal & Sana,h7,2026-07-14,"14-Jul END (post-meals, Mon dinner not made)",Carrot,,400,,,
Paxal & Sana,h7,2026-07-14,"14-Jul END (post-meals, Mon dinner not made)",Coriander (dhania),,175,,,
Paxal & Sana,h7,2026-07-14,"14-Jul END (post-meals, Mon dinner not made)",Cucumber,,700,,,
Paxal & Sana,h7,2026-07-14,"14-Jul END (post-meals, Mon dinner not made)",Curry leaves,,10,,,
Paxal & Sana,h7,2026-07-14,"14-Jul END (post-meals, Mon dinner not made)",Ginger,,85,,,
Paxal & Sana,h7,2026-07-14,"14-Jul END (post-meals, Mon dinner not made)",Green beans,,200,,,
Paxal & Sana,h7,2026-07-14,"14-Jul END (post-meals, Mon dinner not made)",Green capsicum,,10,,,
Paxal & Sana,h7,2026-07-14,"14-Jul END (post-meals, Mon dinner not made)",Lemon,,340,,,
Paxal & Sana,h7,2026-07-14,"14-Jul END (post-meals, Mon dinner not made)",Onion,,880,,,
Paxal & Sana,h7,2026-07-14,"14-Jul END (post-meals, Mon dinner not made)",Paneer,,700,,,
Paxal & Sana,h7,2026-07-14,"14-Jul END (post-meals, Mon dinner not made)",Spinach/Palak,,50,,,
Paxal & Sana,h7,2026-07-14,"14-Jul END (post-meals, Mon dinner not made)",Tomato,,340,,,
Paxal & Sana,h7,2026-07-14,"14-Jul END (post-meals, Mon dinner not made)",Banana,,600,,,
Paxal & Sana,h7,2026-07-14,"14-Jul END (post-meals, Mon dinner not made)",Brinjal,,600,,,
Paxal & Sana,h7,2026-07-14,"14-Jul END (post-meals, Mon dinner not made)",Methi (fenugreek),,80,,,
Paxal & Sana,h7,2026-07-14,"14-Jul END (post-meals, Mon dinner not made)",Mint,,90,,,
Paxal & Sana,h7,2026-07-14,"14-Jul END (post-meals, Mon dinner not made)",Spring onion,,80,,,
Paxal & Sana,h7,2026-07-14,"14-Jul END (post-meals, Mon dinner not made)",Apple,,2,,,
Paxal & Sana,h7,2026-07-14,"14-Jul END (post-meals, Mon dinner not made)",Arbi (taro/colocasia),,250,,,
Paxal & Sana,h7,2026-07-14,"14-Jul END (post-meals, Mon dinner not made)",Sweet potato,,500,,,
Paxal & Sana,h7,2026-07-14,"14-Jul END (post-meals, Mon dinner not made)",Curd,,500,,,
Kartik & Dhara,h4,2026-07-15,15-Jul END (post-meals),Garlic,,190,,,
Kartik & Dhara,h4,2026-07-15,15-Jul END (post-meals),Ginger,,300,,,
Kartik & Dhara,h4,2026-07-15,15-Jul END (post-meals),Green chilli,,80,,,
Kartik & Dhara,h4,2026-07-15,15-Jul END (post-meals),Mint,,75,,,
Kartik & Dhara,h4,2026-07-15,15-Jul END (post-meals),Onion,,785,,,
Kartik & Dhara,h4,2026-07-15,15-Jul END (post-meals),Potato,,1000,,,
Kartik & Dhara,h4,2026-07-15,15-Jul END (post-meals),Tomato,,175,,,
Kartik & Dhara,h4,2026-07-15,15-Jul END (post-meals),Sourdough (olive & rosemary),,478,,,
Kartik & Dhara,h4,2026-07-15,15-Jul END (post-meals),Buttermilk,,3,,,
Kartik & Dhara,h4,2026-07-15,15-Jul END (post-meals),Paneer,,280,,,
Kartik & Dhara,h4,2026-07-15,15-Jul END (post-meals),Baby corn,,20,,,
Kartik & Dhara,h4,2026-07-15,15-Jul END (post-meals),Carrot,,340,,,
Kartik & Dhara,h4,2026-07-15,15-Jul END (post-meals),Cucumber,,420,,,
Kartik & Dhara,h4,2026-07-15,15-Jul END (post-meals),Dry coconut,,185,,,
Kartik & Dhara,h4,2026-07-15,15-Jul END (post-meals),Lemon,,170,,,
Kartik & Dhara,h4,2026-07-15,15-Jul END (post-meals),Methi (fenugreek),,220,,,
Kartik & Dhara,h4,2026-07-15,15-Jul END (post-meals),Pooja coconut (whole),,1,,,
Kartik & Dhara,h4,2026-07-15,15-Jul END (post-meals),Salt (Tata),,1000,,,
Kartik & Dhara,h4,2026-07-15,15-Jul END (post-meals),Rice (Bhoomi Farms),,680,,,
Kartik & Dhara,h4,2026-07-15,15-Jul END (post-meals),Whole wheat spaghetti (yu),,300,,,
Kartik & Dhara,h4,2026-07-15,15-Jul END (post-meals),Whole wheat atta noodles (yu),,220,,,
Kartik & Dhara,h4,2026-07-15,15-Jul END (post-meals),Farfalle whole wheat (Dolce Vita),,500,,,
Kartik & Dhara,h4,2026-07-15,15-Jul END (post-meals),Frozen peas,,0.4,,,
Kartik & Dhara,h4,2026-07-15,15-Jul END (post-meals),Mustard oil,,1000,,,
Kartik & Dhara,h4,2026-07-15,15-Jul END (post-meals),Prawns (large),,175,,,
Kartik & Dhara,h4,2026-07-15,15-Jul END (post-meals),Peanut butter,,310,,,
Kartik & Dhara,h4,2026-07-15,15-Jul END (post-meals),Frozen puff pastry,,1,,,
Kartik & Dhara,h4,2026-07-15,15-Jul END (post-meals),Figs,,200,,,
Kartik & Dhara,h4,2026-07-15,15-Jul END (post-meals),Guava,,1,,,
Kartik & Dhara,h4,2026-07-15,15-Jul END (post-meals),Set curd,,400,,,
Kartik & Dhara,h4,2026-07-15,15-Jul END (post-meals),Kaara Pura butter murukku,,100,,,
Kartik & Dhara,h4,2026-07-15,15-Jul END (post-meals),Krishi Veda Byadgi whole chilli,,100,,,
Kartik & Dhara,h4,2026-07-15,15-Jul END (post-meals),Fruit Treat bhindi chips,,40,,,
Kartik & Dhara,h4,2026-07-15,15-Jul END (post-meals),The Healthy Binge millet baked chips,,40,,,
Kartik & Dhara,h4,2026-07-15,15-Jul END (post-meals),Nilgiris sonamasoori raw rice,,1000,,,
Kartik & Dhara,h4,2026-07-15,15-Jul END (post-meals),Gardenia Idukki green cardamom,,40,,,
Kartik & Dhara,h4,2026-07-15,15-Jul END (post-meals),Troovy healthy protein puffs,,40,,,
Kartik & Dhara,h4,2026-07-15,15-Jul END (post-meals),Coriander hybrid,,70,,,
Kartik & Dhara,h4,2026-07-15,15-Jul END (post-meals),Dragon fruit,,300,,,
Kartik & Dhara,h4,2026-07-15,15-Jul END (post-meals),Arhar/Toor dal,,500,,,
Kartik & Dhara,h4,2026-07-15,15-Jul END (post-meals),Chana dal,,500,,,
Kartik & Dhara,h4,2026-07-15,15-Jul END (post-meals),Rambutan,,150,,,
Kartik & Dhara,h4,2026-07-15,15-Jul END (post-meals),Millet noodles,,200,,,
Kartik & Dhara,h4,2026-07-15,15-Jul END (post-meals),Blue grapes,,200,,,
Kartik & Dhara,h4,2026-07-15,15-Jul END (post-meals),Dry prunes,,200,,,
Kartik & Dhara,h4,2026-07-15,15-Jul END (post-meals),Coriander seeds,,100,,,
Kartik & Dhara,h4,2026-07-15,15-Jul END (post-meals),Emmer wheat,,1000,,,
Kartik & Dhara,h4,2026-07-15,15-Jul END (post-meals),Urad dal,,500,,,
Kartik & Dhara,h4,2026-07-15,15-Jul END (post-meals),Green tomato,,400,,,
Kartik & Dhara,h4,2026-07-15,15-Jul END (post-meals),Butter,,250,,,
Kartik & Dhara,h4,2026-07-15,15-Jul END (post-meals),Rajma,,300,,,
Kartik & Dhara,h4,2026-07-15,15-Jul END (post-meals),Milk,,1,,,
Kartik & Dhara,h4,2026-07-15,15-Jul END (post-meals),Mackerel,,320,,,
Kartik & Dhara,h4,2026-07-15,15-Jul END (post-meals),Quinoa,,335,,,
Kartik & Dhara,h4,2026-07-15,15-Jul END (post-meals),Green moong,,300,,,
Kartik & Dhara,h4,2026-07-15,15-Jul END (post-meals),Fennel seeds,,50,,,
Disha & Anirudh,h3,2026-07-15,15-Jul END (rebuilt from 13-Jul count),Cabbage,,350,,,
Disha & Anirudh,h3,2026-07-15,15-Jul END (rebuilt from 13-Jul count),Carrot,,180,,,
Disha & Anirudh,h3,2026-07-15,15-Jul END (rebuilt from 13-Jul count),Cucumber,,300,,,
Disha & Anirudh,h3,2026-07-15,15-Jul END (rebuilt from 13-Jul count),Garlic,,40,,,
Disha & Anirudh,h3,2026-07-15,15-Jul END (rebuilt from 13-Jul count),Ginger,,90,,,
Disha & Anirudh,h3,2026-07-15,15-Jul END (rebuilt from 13-Jul count),Green capsicum,,100,,,
Disha & Anirudh,h3,2026-07-15,15-Jul END (rebuilt from 13-Jul count),Lemon,,9,,,
Disha & Anirudh,h3,2026-07-15,15-Jul END (rebuilt from 13-Jul count),Lettuce,,350,,,
Disha & Anirudh,h3,2026-07-15,15-Jul END (rebuilt from 13-Jul count),Mint,,100,,,
Disha & Anirudh,h3,2026-07-15,15-Jul END (rebuilt from 13-Jul count),Onion,,120,,,
Disha & Anirudh,h3,2026-07-15,15-Jul END (rebuilt from 13-Jul count),Red capsicum,,50,,,
Disha & Anirudh,h3,2026-07-15,15-Jul END (rebuilt from 13-Jul count),Spring onion,,15,,,
Disha & Anirudh,h3,2026-07-15,15-Jul END (rebuilt from 13-Jul count),Tomato,,470,,,
Disha & Anirudh,h3,2026-07-15,15-Jul END (rebuilt from 13-Jul count),Yellow capsicum,,50,,,
Disha & Anirudh,h3,2026-07-15,15-Jul END (rebuilt from 13-Jul count),Tea leaves,,1,,,
Disha & Anirudh,h3,2026-07-15,15-Jul END (rebuilt from 13-Jul count),Bread,,400,,,
Disha & Anirudh,h3,2026-07-15,15-Jul END (rebuilt from 13-Jul count),Butter,,50,,,
Disha & Anirudh,h3,2026-07-15,15-Jul END (rebuilt from 13-Jul count),Feta cheese (block),,1.5,,,
Disha & Anirudh,h3,2026-07-15,15-Jul END (rebuilt from 13-Jul count),Milk (Amul),,1.1,,,
Disha & Anirudh,h3,2026-07-15,15-Jul END (rebuilt from 13-Jul count),Milky Mist skyr,,1,,,
Disha & Anirudh,h3,2026-07-15,15-Jul END (rebuilt from 13-Jul count),Masoor dal,,500,,,
Disha & Anirudh,h3,2026-07-15,15-Jul END (rebuilt from 13-Jul count),Rajma,,500,,,
Disha & Anirudh,h3,2026-07-15,15-Jul END (rebuilt from 13-Jul count),Eggs,,4,,,
Disha & Anirudh,h3,2026-07-15,15-Jul END (rebuilt from 13-Jul count),Banana,,3,,,
Disha & Anirudh,h3,2026-07-15,15-Jul END (rebuilt from 13-Jul count),Green chilli,,10,,,
Disha & Anirudh,h3,2026-07-15,15-Jul END (rebuilt from 13-Jul count),Spinach/Palak,,100,,,
Disha & Anirudh,h3,2026-07-15,15-Jul END (rebuilt from 13-Jul count),Lactose-free milk,,5.2,,,
Disha & Anirudh,h3,2026-07-15,15-Jul END (rebuilt from 13-Jul count),Mayo,,1.5,,,
Disha & Anirudh,h3,2026-07-15,15-Jul END (rebuilt from 13-Jul count),Olives,,0.5,,,
Disha & Anirudh,h3,2026-07-15,15-Jul END (rebuilt from 13-Jul count),Sriracha (regular),,0.1,,,
Disha & Anirudh,h3,2026-07-15,15-Jul END (rebuilt from 13-Jul count),Avocado (Hass),,1,,,
Disha & Anirudh,h3,2026-07-15,15-Jul END (rebuilt from 13-Jul count),Mandarin oranges,,500,,,
Disha & Anirudh,h3,2026-07-15,15-Jul END (rebuilt from 13-Jul count),Rice,,2280,,,
Disha & Anirudh,h3,2026-07-15,15-Jul END (rebuilt from 13-Jul count),Protein powder,,2090,,,
Disha & Anirudh,h3,2026-07-15,15-Jul END (rebuilt from 13-Jul count),Ramen,,4,,,
Disha & Anirudh,h3,2026-07-15,15-Jul END (rebuilt from 13-Jul count),Chicken,,600,,,
Disha & Anirudh,h3,2026-07-15,15-Jul END (rebuilt from 13-Jul count),Garlic powder,,1,,,
Disha & Anirudh,h3,2026-07-15,15-Jul END (rebuilt from 13-Jul count),Ginger garlic paste,,1,,,
Disha & Anirudh,h3,2026-07-15,15-Jul END (rebuilt from 13-Jul count),Honey,,1,,,
Disha & Anirudh,h3,2026-07-15,15-Jul END (rebuilt from 13-Jul count),Instant dry yeast (Select Aisle),,23,,,
Disha & Anirudh,h3,2026-07-15,15-Jul END (rebuilt from 13-Jul count),Olive oil,,0.5,,,
Disha & Anirudh,h3,2026-07-15,15-Jul END (rebuilt from 13-Jul count),Onion powder,,1,,,
Disha & Anirudh,h3,2026-07-15,15-Jul END (rebuilt from 13-Jul count),Psyllium husk,,150,,,
Disha & Anirudh,h3,2026-07-15,15-Jul END (rebuilt from 13-Jul count),Raw peanuts (Supreme Harvest),,440,,,
Disha & Anirudh,h3,2026-07-15,15-Jul END (rebuilt from 13-Jul count),Vinegar,,1,,,
Disha & Anirudh,h3,2026-07-15,15-Jul END (rebuilt from 13-Jul count),Red chilli tomato chips (Origins),,100,,,
Disha & Anirudh,h3,2026-07-15,15-Jul END (rebuilt from 13-Jul count),Nutmeg powder (Snapin),,50,,,
Disha & Anirudh,h3,2026-07-15,15-Jul END (rebuilt from 13-Jul count),Pudina powder (PCM),,100,,,
Disha & Anirudh,h3,2026-07-15,15-Jul END (rebuilt from 13-Jul count),Mirchi powder,,2000,,,
Disha & Anirudh,h3,2026-07-15,15-Jul END (rebuilt from 13-Jul count),Mustard,,1000,,,
Disha & Anirudh,h3,2026-07-15,15-Jul END (rebuilt from 13-Jul count),Tata iodised salt,,1000,,,
Disha & Anirudh,h3,2026-07-15,15-Jul END (rebuilt from 13-Jul count),Baby spinach (hydroponic),,100,,,
Disha & Anirudh,h3,2026-07-15,15-Jul END (rebuilt from 13-Jul count),Cherry tomato,,100,,,
Disha & Anirudh,h3,2026-07-15,15-Jul END (rebuilt from 13-Jul count),Galangal (Thai ginger),,100,,,
Disha & Anirudh,h3,2026-07-15,15-Jul END (rebuilt from 13-Jul count),Lemongrass,,100,,,
Disha & Anirudh,h3,2026-07-15,15-Jul END (rebuilt from 13-Jul count),Romaine lettuce,,100,,,
Disha & Anirudh,h3,2026-07-15,15-Jul END (rebuilt from 13-Jul count),Cheese slices,,2.6,,,
Disha & Anirudh,h3,2026-07-15,15-Jul END (rebuilt from 13-Jul count),Yogurt,,520,,,
Disha & Anirudh,h3,2026-07-15,15-Jul END (rebuilt from 13-Jul count),Chaat masala,,100,,,
Disha & Anirudh,h3,2026-07-15,15-Jul END (rebuilt from 13-Jul count),Arugula,,50,,,
Disha & Anirudh,h3,2026-07-15,15-Jul END (rebuilt from 13-Jul count),Pink guava,,2,,,
Disha & Anirudh,h3,2026-07-15,15-Jul END (rebuilt from 13-Jul count),Oranges,,500,,,
Disha & Anirudh,h3,2026-07-15,15-Jul END (rebuilt from 13-Jul count),Extra virgin olive oil,,0.5,,,
Disha & Anirudh,h3,2026-07-15,15-Jul END (rebuilt from 13-Jul count),Coconut milk,,0.25,,,
Disha & Anirudh,h3,2026-07-15,15-Jul END (rebuilt from 13-Jul count),Fortune Kachi Ghani (mustard oil),,0.5,,,
Disha & Anirudh,h3,2026-07-15,15-Jul END (rebuilt from 13-Jul count),Peanut oil,,0.4,,,
Disha & Anirudh,h3,2026-07-15,15-Jul END (rebuilt from 13-Jul count),Rice bran oil (Freedom),,1.25,,,
Disha & Anirudh,h3,2026-07-15,15-Jul END (rebuilt from 13-Jul count),Parsley,,30,,,
Disha & Anirudh,h3,2026-07-15,15-Jul END (rebuilt from 13-Jul count),Orange,,4,,,
Disha & Anirudh,h3,2026-07-15,15-Jul END (rebuilt from 13-Jul count),Coke (can),,3,,,
Disha & Anirudh,h3,2026-07-15,15-Jul END (rebuilt from 13-Jul count),Shirataki noodles,,1,,,
Disha & Anirudh,h3,2026-07-15,15-Jul END (rebuilt from 13-Jul count),Del Monte sweet & spicy ketchup,,1,,,
Disha & Anirudh,h3,2026-07-15,15-Jul END (rebuilt from 13-Jul count),Green olives (brined),,1,,,
Disha & Anirudh,h3,2026-07-15,15-Jul END (rebuilt from 13-Jul count),Twinings English Breakfast tea bags,,25,,,
Disha & Anirudh,h3,2026-07-15,15-Jul END (rebuilt from 13-Jul count),Iceberg lettuce,,200,,,
Disha & Anirudh,h3,2026-07-15,15-Jul END (rebuilt from 13-Jul count),Blueberry,,85,,,
Disha & Anirudh,h3,2026-07-15,15-Jul END (rebuilt from 13-Jul count),Kiwi,,2,,,
Disha & Anirudh,h3,2026-07-15,15-Jul END (rebuilt from 13-Jul count),Green olives (pitted),,1,,,
Soozy & Munz,h2,2026-07-15,15-Jul perishable count,Cabbage,,330,,,
Soozy & Munz,h2,2026-07-15,15-Jul perishable count,Carrot,,210,,,
Soozy & Munz,h2,2026-07-15,15-Jul perishable count,Coriander (dhania),,30,,,
Soozy & Munz,h2,2026-07-15,15-Jul perishable count,Cucumber,,600,,,
Soozy & Munz,h2,2026-07-15,15-Jul perishable count,Red Label tea,,0.5,,,
Soozy & Munz,h2,2026-07-15,15-Jul perishable count,Honey (Apis multifloral),,480,,,
Soozy & Munz,h2,2026-07-15,15-Jul perishable count,Jalapeno peppers (Cornitos),,1,,,
Soozy & Munz,h2,2026-07-15,15-Jul perishable count,Ghee (Akshayakalpa),,450,,,
Soozy & Munz,h2,2026-07-15,15-Jul perishable count,Milk,,1000,,,
Soozy & Munz,h2,2026-07-15,15-Jul perishable count,Kala chana,,395,,,
Soozy & Munz,h2,2026-07-15,15-Jul perishable count,Rajma,,361,,,
Soozy & Munz,h2,2026-07-15,15-Jul perishable count,Brown rice (jar),,380,,,
Soozy & Munz,h2,2026-07-15,15-Jul perishable count,Sooji/rava (Aashirvaad),,1,,,
Soozy & Munz,h2,2026-07-15,15-Jul perishable count,Whey protein,,900,,,
Soozy & Munz,h2,2026-07-15,15-Jul perishable count,Light olive oil (Del Monte),,0.8,,,
Soozy & Munz,h2,2026-07-15,15-Jul perishable count,Salt,,330,,,
Soozy & Munz,h2,2026-07-15,15-Jul perishable count,Sambar powder (Aachi),,1,,,
Soozy & Munz,h2,2026-07-15,15-Jul perishable count,Bhindi (okra),,135,,,
Soozy & Munz,h2,2026-07-15,15-Jul perishable count,Dhaniya powder,,588,,,
Soozy & Munz,h2,2026-07-15,15-Jul perishable count,Turmeric powder,,1318,,,
Soozy & Munz,h2,2026-07-15,15-Jul perishable count,Tej patta,,100,,,
Soozy & Munz,h2,2026-07-15,15-Jul perishable count,Cloves,,90,,,
Soozy & Munz,h2,2026-07-15,15-Jul perishable count,Rasam powder,,120,,,
Soozy & Munz,h2,2026-07-15,15-Jul perishable count,Meat masala,,90,,,
Soozy & Munz,h2,2026-07-15,15-Jul perishable count,Haldi,,500,,,
Soozy & Munz,h2,2026-07-15,15-Jul perishable count,Chilli flakes,,1,,,
Soozy & Munz,h2,2026-07-15,15-Jul perishable count,Oregano,,1,,,
Soozy & Munz,h2,2026-07-15,15-Jul perishable count,Digestive biscuits,,1,,,
Soozy & Munz,h2,2026-07-15,15-Jul perishable count,Chicken masala,,1,,,
Soozy & Munz,h2,2026-07-15,15-Jul perishable count,Basil,,30,,,
Soozy & Munz,h2,2026-07-15,15-Jul perishable count,Broccoli,,110,,,
Soozy & Munz,h2,2026-07-15,15-Jul perishable count,Curry leaves,,30,,,
Soozy & Munz,h2,2026-07-15,15-Jul perishable count,Ginger,,150,,,
Soozy & Munz,h2,2026-07-15,15-Jul perishable count,Green chilli,,75,,,
Soozy & Munz,h2,2026-07-15,15-Jul perishable count,Lemon,,300,,,
Soozy & Munz,h2,2026-07-15,15-Jul perishable count,Spring onion,,13,,,
Soozy & Munz,h2,2026-07-15,15-Jul perishable count,Sweet corn,,120,,,
Soozy & Munz,h2,2026-07-15,15-Jul perishable count,Tomato,,500,,,
Soozy & Munz,h2,2026-07-15,15-Jul perishable count,3 Roses tea,,0.5,,,
Soozy & Munz,h2,2026-07-15,15-Jul perishable count,Blue Tokai coffee (Attikan),,150,,,
Soozy & Munz,h2,2026-07-15,15-Jul perishable count,Hot chocolate powder,,140,,,
Soozy & Munz,h2,2026-07-15,15-Jul perishable count,Apricot jam (Darbo),,1,,,
Soozy & Munz,h2,2026-07-15,15-Jul perishable count,Dark soy sauce,,110,,,
Soozy & Munz,h2,2026-07-15,15-Jul perishable count,Fish sauce (Real Thai),,1,,,
Soozy & Munz,h2,2026-07-15,15-Jul perishable count,Garlic paste,,1,,,
Soozy & Munz,h2,2026-07-15,15-Jul perishable count,Garlic paste (Mothers Recipe),,219,,,
Soozy & Munz,h2,2026-07-15,15-Jul perishable count,Smokey BBQ sauce (Veeba),,1,,,
Soozy & Munz,h2,2026-07-15,15-Jul perishable count,Spicy gherkins (Neo),,0.5,,,
Soozy & Munz,h2,2026-07-15,15-Jul perishable count,Tomato ketchup (Delmonte),,1,,,
Soozy & Munz,h2,2026-07-15,15-Jul perishable count,Vanilla extract,,1,,,
Soozy & Munz,h2,2026-07-15,15-Jul perishable count,Cow milk (fresh),,4,,,
Soozy & Munz,h2,2026-07-15,15-Jul perishable count,Paneer,,200,,,
Soozy & Munz,h2,2026-07-15,15-Jul perishable count,Potato,,200,,,
Soozy & Munz,h2,2026-07-15,15-Jul perishable count,Avocado,,100,,,
Soozy & Munz,h2,2026-07-15,15-Jul perishable count,Brown rice (Organic Tattva sonamasuri),,4170,,,
Soozy & Munz,h2,2026-07-15,15-Jul perishable count,Rice flour (24 Mantra),,1.5,,,
Soozy & Munz,h2,2026-07-15,15-Jul perishable count,Almonds,,310,,,
Soozy & Munz,h2,2026-07-15,15-Jul perishable count,Cashews,,60,,,
Soozy & Munz,h2,2026-07-15,15-Jul perishable count,Peanut butter,,1,,,
Soozy & Munz,h2,2026-07-15,15-Jul perishable count,Rosemary (fresh),,50,,,
Soozy & Munz,h2,2026-07-15,15-Jul perishable count,Chicken breast (boneless),,1575,,,
Soozy & Munz,h2,2026-07-15,15-Jul perishable count,Atta,,1000,,,
Soozy & Munz,h2,2026-07-15,15-Jul perishable count,Idli/dosa batter,,1,,,
Soozy & Munz,h2,2026-07-15,15-Jul perishable count,Peanuts,,770,,,
Soozy & Munz,h2,2026-07-15,15-Jul perishable count,Ranch dressing (Veeba),,1,,,
Soozy & Munz,h2,2026-07-15,15-Jul perishable count,"Tamarind (seeded, Whole Farm)",,220,,,
Soozy & Munz,h2,2026-07-15,15-Jul perishable count,Yoga Bar muesli,,1,,,
Soozy & Munz,h2,2026-07-15,15-Jul perishable count,Frozen green peas (Safal),,500,,,
Soozy & Munz,h2,2026-07-15,15-Jul perishable count,Vinegar,,0.1,,,
Soozy & Munz,h2,2026-07-15,15-Jul perishable count,Coconut chunks,,70,,,
Soozy & Munz,h2,2026-07-15,15-Jul perishable count,Romaine lettuce,,50,,,
Soozy & Munz,h2,2026-07-15,15-Jul perishable count,Coffee (ground),,300,,,
Soozy & Munz,h2,2026-07-15,15-Jul perishable count,Maida,,1,,,
Soozy & Munz,h2,2026-07-15,15-Jul perishable count,Quinoa,,2,,,
Soozy & Munz,h2,2026-07-15,15-Jul perishable count,Poha,,1,,,
Soozy & Munz,h2,2026-07-15,15-Jul perishable count,Rolled oats,,820,,,
Soozy & Munz,h2,2026-07-15,15-Jul perishable count,White moong dal,,130,,,
Soozy & Munz,h2,2026-07-15,15-Jul perishable count,Green moong,,500,,,
Soozy & Munz,h2,2026-07-15,15-Jul perishable count,Flax seeds,,272,,,
Soozy & Munz,h2,2026-07-15,15-Jul perishable count,Monk fruit sweetener,,246,,,
Soozy & Munz,h2,2026-07-15,15-Jul perishable count,Caramel syrup,,1,,,
Soozy & Munz,h2,2026-07-15,15-Jul perishable count,Jaggery,,240,,,
Soozy & Munz,h2,2026-07-15,15-Jul perishable count,Rava idli mix (MTR),,1,,,
Soozy & Munz,h2,2026-07-15,15-Jul perishable count,White sesame seeds (Whole Farm),,54,,,
Soozy & Munz,h2,2026-07-15,15-Jul perishable count,Fennel seeds,,270,,,
Soozy & Munz,h2,2026-07-15,15-Jul perishable count,Jeera,,190,,,
Soozy & Munz,h2,2026-07-15,15-Jul perishable count,Black pepper (whole),,1,,,
Soozy & Munz,h2,2026-07-15,15-Jul perishable count,Chana dal,,715,,,
Soozy & Munz,h2,2026-07-15,15-Jul perishable count,Coconut oil,,0.2,,,
Soozy & Munz,h2,2026-07-15,15-Jul perishable count,Brown sugar,,550,,,
Soozy & Munz,h2,2026-07-15,15-Jul perishable count,Walnuts,,230,,,
Soozy & Munz,h2,2026-07-15,15-Jul perishable count,Gulab jamun mix,,1,,,
Soozy & Munz,h2,2026-07-15,15-Jul perishable count,Chia seeds,,340,,,
Soozy & Munz,h2,2026-07-15,15-Jul perishable count,Thai green paste,,1,,,
Soozy & Munz,h2,2026-07-15,15-Jul perishable count,Chilli powder,,216,,,
Soozy & Munz,h2,2026-07-15,15-Jul perishable count,Sugar,,350,,,
Soozy & Munz,h2,2026-07-15,15-Jul perishable count,Maggi,,1,,,
Soozy & Munz,h2,2026-07-15,15-Jul perishable count,Raisins,,35,,,
Soozy & Munz,h2,2026-07-15,15-Jul perishable count,Nutri Choice crackers,,75,,,
Soozy & Munz,h2,2026-07-15,15-Jul perishable count,Yogurt,,700,,,
Soozy & Munz,h2,2026-07-15,15-Jul perishable count,Boiled rice,,1400,,,
Soozy & Munz,h2,2026-07-15,15-Jul perishable count,Sona masoori rice,,1000,,,
Soozy & Munz,h2,2026-07-15,15-Jul perishable count,Indrayani rice,,520,,,
Soozy & Munz,h2,2026-07-15,15-Jul perishable count,Iceberg lettuce,,420,,,
Soozy & Munz,h2,2026-07-15,15-Jul perishable count,Sun-dried tomatoes,,1,,,
Soozy & Munz,h2,2026-07-15,15-Jul perishable count,Umami paste,,1,,,
Soozy & Munz,h2,2026-07-15,15-Jul perishable count,Tabasco,,1,,,
Soozy & Munz,h2,2026-07-15,15-Jul perishable count,Chilli oil,,1,,,
Soozy & Munz,h2,2026-07-15,15-Jul perishable count,Red Bull energy drink,,2,,,
Soozy & Munz,h2,2026-07-15,15-Jul perishable count,Troovy protein veggie chips,,70,,,
Soozy & Munz,h2,2026-07-15,15-Jul perishable count,Origami toilet tissue,,1,,,
Soozy & Munz,h2,2026-07-15,15-Jul perishable count,Dosa batter,,300,,,
Shunyam & Ishan - latest,h1b,2026-07-15,15-Jul END (no meals; +onion/tomato),Cucumber,,400,,,
Shunyam & Ishan - latest,h1b,2026-07-15,15-Jul END (no meals; +onion/tomato),Garlic,,60,,,
Shunyam & Ishan - latest,h1b,2026-07-15,15-Jul END (no meals; +onion/tomato),Zucchini,,100,,,
Shunyam & Ishan - latest,h1b,2026-07-15,15-Jul END (no meals; +onion/tomato),Green chilli,,10,,,
Shunyam & Ishan - latest,h1b,2026-07-15,15-Jul END (no meals; +onion/tomato),Broccoli,,300,,,
Shunyam & Ishan - latest,h1b,2026-07-15,15-Jul END (no meals; +onion/tomato),Butter (Amul),,180,,,
Shunyam & Ishan - latest,h1b,2026-07-15,15-Jul END (no meals; +onion/tomato),Cheese (Amul),,70,,,
Shunyam & Ishan - latest,h1b,2026-07-15,15-Jul END (no meals; +onion/tomato),Cow milk pouch (Akshayakalpa),,1,,,
Shunyam & Ishan - latest,h1b,2026-07-15,15-Jul END (no meals; +onion/tomato),Curd (Akshayakalpa),,0.5,,,
Shunyam & Ishan - latest,h1b,2026-07-15,15-Jul END (no meals; +onion/tomato),Fresh cream (Amul),,150,,,
Shunyam & Ishan - latest,h1b,2026-07-15,15-Jul END (no meals; +onion/tomato),Ghee (Akshayakalpa),,1.5,,,
Shunyam & Ishan - latest,h1b,2026-07-15,15-Jul END (no meals; +onion/tomato),Milk,,2,,,
Shunyam & Ishan - latest,h1b,2026-07-15,15-Jul END (no meals; +onion/tomato),Set curd (Akshayakalpa),,820,,,
Shunyam & Ishan - latest,h1b,2026-07-15,15-Jul END (no meals; +onion/tomato),Eggs,,6,,,
Shunyam & Ishan - latest,h1b,2026-07-15,15-Jul END (no meals; +onion/tomato),Carrot,,400,,,
Shunyam & Ishan - latest,h1b,2026-07-15,15-Jul END (no meals; +onion/tomato),Curry leaves,,30,,,
Shunyam & Ishan - latest,h1b,2026-07-15,15-Jul END (no meals; +onion/tomato),Paneer,,200,,,
Shunyam & Ishan - latest,h1b,2026-07-15,15-Jul END (no meals; +onion/tomato),7-in-1 seed mix,,100,,,
Shunyam & Ishan - latest,h1b,2026-07-15,15-Jul END (no meals; +onion/tomato),Almonds,,100,,,
Shunyam & Ishan - latest,h1b,2026-07-15,15-Jul END (no meals; +onion/tomato),Arrabiata pasta sauce (Veeba),,300,,,
Shunyam & Ishan - latest,h1b,2026-07-15,15-Jul END (no meals; +onion/tomato),Cashews,,300,,,
Shunyam & Ishan - latest,h1b,2026-07-15,15-Jul END (no meals; +onion/tomato),Chocolate syrup (Hersheys),,200,,,
Shunyam & Ishan - latest,h1b,2026-07-15,15-Jul END (no meals; +onion/tomato),Cocoa (Cadbury),,1,,,
Shunyam & Ishan - latest,h1b,2026-07-15,15-Jul END (no meals; +onion/tomato),Dark soy sauce,,100,,,
Shunyam & Ishan - latest,h1b,2026-07-15,15-Jul END (no meals; +onion/tomato),Frozen green peas (Safal),,180,,,
Shunyam & Ishan - latest,h1b,2026-07-15,15-Jul END (no meals; +onion/tomato),Ginger Blossom gut shot,,2,,,
Shunyam & Ishan - latest,h1b,2026-07-15,15-Jul END (no meals; +onion/tomato),Green olives (Del Monte),,100,,,
Shunyam & Ishan - latest,h1b,2026-07-15,15-Jul END (no meals; +onion/tomato),"Honey (Organic India, multifloral)",,2,,,
Shunyam & Ishan - latest,h1b,2026-07-15,15-Jul END (no meals; +onion/tomato),Honey / mango jam,,1,,,
Shunyam & Ishan - latest,h1b,2026-07-15,15-Jul END (no meals; +onion/tomato),"Hydration/electrolyte (Fast&Up, LiquidIV)",,50,,,
Shunyam & Ishan - latest,h1b,2026-07-15,15-Jul END (no meals; +onion/tomato),Moong dal,,250,,,
Shunyam & Ishan - latest,h1b,2026-07-15,15-Jul END (no meals; +onion/tomato),Multigrain atta,,2000,,,
Shunyam & Ishan - latest,h1b,2026-07-15,15-Jul END (no meals; +onion/tomato),Mustard / cooking oil,,250,,,
Shunyam & Ishan - latest,h1b,2026-07-15,15-Jul END (no meals; +onion/tomato),Mustard sauce,,100,,,
Shunyam & Ishan - latest,h1b,2026-07-15,15-Jul END (no meals; +onion/tomato),Oats (Alpino Super Oats),,0.5,,,
Shunyam & Ishan - latest,h1b,2026-07-15,15-Jul END (no meals; +onion/tomato),Olive oil (Borges Extra Virgin),,250,,,
Shunyam & Ishan - latest,h1b,2026-07-15,15-Jul END (no meals; +onion/tomato),Pizza/pasta seasoning (Keya oregano),,50,,,
Shunyam & Ishan - latest,h1b,2026-07-15,15-Jul END (no meals; +onion/tomato),Rajma (red kidney beans),,250,,,
Shunyam & Ishan - latest,h1b,2026-07-15,15-Jul END (no meals; +onion/tomato),Rice (Daawat basmati),,380,,,
Shunyam & Ishan - latest,h1b,2026-07-15,15-Jul END (no meals; +onion/tomato),Roasted chana,,100,,,
Shunyam & Ishan - latest,h1b,2026-07-15,15-Jul END (no meals; +onion/tomato),Schezwan chutney (Wok),,100,,,
Shunyam & Ishan - latest,h1b,2026-07-15,15-Jul END (no meals; +onion/tomato),Soda (Lehar),,750,,,
Shunyam & Ishan - latest,h1b,2026-07-15,15-Jul END (no meals; +onion/tomato),"Spices (pav-bhaji, chaat, hing, coriander pwd, black pepper, turmeric)",,50,,,
Shunyam & Ishan - latest,h1b,2026-07-15,15-Jul END (no meals; +onion/tomato),Tea (Catch chai + tea bags),,1,,,
Shunyam & Ishan - latest,h1b,2026-07-15,15-Jul END (no meals; +onion/tomato),Tomato ketchup,,200,,,
Shunyam & Ishan - latest,h1b,2026-07-15,15-Jul END (no meals; +onion/tomato),Veg mayonnaise (Dr Oetker FunFoods),,100,,,
Shunyam & Ishan - latest,h1b,2026-07-15,15-Jul END (no meals; +onion/tomato),Vinegar,,100,,,
Shunyam & Ishan - latest,h1b,2026-07-15,15-Jul END (no meals; +onion/tomato),Chicken,,400,,,
Shunyam & Ishan - latest,h1b,2026-07-15,15-Jul END (no meals; +onion/tomato),Ginger garlic paste,,150,,,
Shunyam & Ishan - latest,h1b,2026-07-15,15-Jul END (no meals; +onion/tomato),Coriander powder,,60,,,
Shunyam & Ishan - latest,h1b,2026-07-15,15-Jul END (no meals; +onion/tomato),Kombucha,,1,,,
Shunyam & Ishan - latest,h1b,2026-07-15,15-Jul END (no meals; +onion/tomato),Urad dal,,250,,,
Shunyam & Ishan - latest,h1b,2026-07-15,15-Jul END (no meals; +onion/tomato),Chana dal,,250,,,
Shunyam & Ishan - latest,h1b,2026-07-15,15-Jul END (no meals; +onion/tomato),Sugar,,500,,,
Shunyam & Ishan - latest,h1b,2026-07-15,15-Jul END (no meals; +onion/tomato),Chaat masala,,100,,,
Shunyam & Ishan - latest,h1b,2026-07-15,15-Jul END (no meals; +onion/tomato),White dal (moong),,250,,,
Shunyam & Ishan - latest,h1b,2026-07-15,15-Jul END (no meals; +onion/tomato),Nilgiri red rice,,1000,,,
Shunyam & Ishan - latest,h1b,2026-07-15,15-Jul END (no meals; +onion/tomato),Aashirvaad atta (2kg),,2000,,,
Shunyam & Ishan - latest,h1b,2026-07-15,15-Jul END (no meals; +onion/tomato),Kabuli chana,,250,,,
Shunyam & Ishan - latest,h1b,2026-07-15,15-Jul END (no meals; +onion/tomato),Salt,,500,,,
Shunyam & Ishan - latest,h1b,2026-07-15,15-Jul END (no meals; +onion/tomato),Brown sugar,,250,,,
Shunyam & Ishan - latest,h1b,2026-07-15,15-Jul END (no meals; +onion/tomato),Sriracha sauce,,1,,,
Shunyam & Ishan - latest,h1b,2026-07-15,15-Jul END (no meals; +onion/tomato),Bay leaf / dried patta,,10,,,
Shunyam & Ishan - latest,h1b,2026-07-15,15-Jul END (no meals; +onion/tomato),Chilli flakes,,30,,,
Shunyam & Ishan - latest,h1b,2026-07-15,15-Jul END (no meals; +onion/tomato),Clove (laung),,20,,,
Shunyam & Ishan - latest,h1b,2026-07-15,15-Jul END (no meals; +onion/tomato),Poha,,170,,,
Shunyam & Ishan - latest,h1b,2026-07-15,15-Jul END (no meals; +onion/tomato),Biryani rice,,500,,,
Shunyam & Ishan - latest,h1b,2026-07-15,15-Jul END (no meals; +onion/tomato),Protein atta,,500,,,
Shunyam & Ishan - latest,h1b,2026-07-15,15-Jul END (no meals; +onion/tomato),Sabudana,,250,,,
Shunyam & Ishan - latest,h1b,2026-07-15,15-Jul END (no meals; +onion/tomato),Organic besan,,250,,,
Shunyam & Ishan - latest,h1b,2026-07-15,15-Jul END (no meals; +onion/tomato),Makhana,,100,,,
Shunyam & Ishan - latest,h1b,2026-07-15,15-Jul END (no meals; +onion/tomato),Rooh Afza,,1,,,
Shunyam & Ishan - latest,h1b,2026-07-15,15-Jul END (no meals; +onion/tomato),Manchurian sauce,,1,,,
Shunyam & Ishan - latest,h1b,2026-07-15,15-Jul END (no meals; +onion/tomato),Pav bhaji masala,,50,,,
Shunyam & Ishan - latest,h1b,2026-07-15,15-Jul END (no meals; +onion/tomato),Cheese & jalapeno spread,,1,,,
Shunyam & Ishan - latest,h1b,2026-07-15,15-Jul END (no meals; +onion/tomato),Chilli powder,,100,,,
Shunyam & Ishan - latest,h1b,2026-07-15,15-Jul END (no meals; +onion/tomato),Jeera,,100,,,
Shunyam & Ishan - latest,h1b,2026-07-15,15-Jul END (no meals; +onion/tomato),Turmeric powder,,100,,,
Shunyam & Ishan - latest,h1b,2026-07-15,15-Jul END (no meals; +onion/tomato),Black til (sesame),,50,,,
Shunyam & Ishan - latest,h1b,2026-07-15,15-Jul END (no meals; +onion/tomato),Elaichi (cardamom),,20,,,
Shunyam & Ishan - latest,h1b,2026-07-15,15-Jul END (no meals; +onion/tomato),Green tea,,1,,,
Shunyam & Ishan - latest,h1b,2026-07-15,15-Jul END (no meals; +onion/tomato),Green raisins,,100,,,
Shunyam & Ishan - latest,h1b,2026-07-15,15-Jul END (no meals; +onion/tomato),Black raisins,,100,,,
Shunyam & Ishan - latest,h1b,2026-07-15,15-Jul END (no meals; +onion/tomato),Chocolate oats,,1,,,
Shunyam & Ishan - latest,h1b,2026-07-15,15-Jul END (no meals; +onion/tomato),Garam masala,,50,,,
Shunyam & Ishan - latest,h1b,2026-07-15,15-Jul END (no meals; +onion/tomato),Corn starch,,100,,,
Shunyam & Ishan - latest,h1b,2026-07-15,15-Jul END (no meals; +onion/tomato),Frozen peas (unpeeled),,250,,,
Shunyam & Ishan - latest,h1b,2026-07-15,15-Jul END (no meals; +onion/tomato),Almond & cashew mix,,100,,,
Shunyam & Ishan - latest,h1b,2026-07-15,15-Jul END (no meals; +onion/tomato),Seed mixture,,100,,,
Shunyam & Ishan - latest,h1b,2026-07-15,15-Jul END (no meals; +onion/tomato),Mustard oil,,750,,,
Shunyam & Ishan - latest,h1b,2026-07-15,15-Jul END (no meals; +onion/tomato),Paprika powder,,1,,,
Shunyam & Ishan - latest,h1b,2026-07-15,15-Jul END (no meals; +onion/tomato),Peri peri sauce,,1,,,
Shunyam & Ishan - latest,h1b,2026-07-15,15-Jul END (no meals; +onion/tomato),Smoked paprika,,52,,,
Shunyam & Ishan - latest,h1b,2026-07-15,15-Jul END (no meals; +onion/tomato),Kasuri methi,,25,,,
Shunyam & Ishan - latest,h1b,2026-07-15,15-Jul END (no meals; +onion/tomato),Peanuts,,230,,,
Shunyam & Ishan - latest,h1b,2026-07-15,15-Jul END (no meals; +onion/tomato),Wheat pasta,,200,,,
Shunyam & Ishan - latest,h1b,2026-07-15,15-Jul END (no meals; +onion/tomato),Multi millet noodles,,50,,,
Shunyam & Ishan - latest,h1b,2026-07-15,15-Jul END (no meals; +onion/tomato),Dosa batter,,400,,,
Shunyam & Ishan - latest,h1b,2026-07-15,15-Jul END (no meals; +onion/tomato),Sambar masala powder,,200,,,
Shunyam & Ishan - latest,h1b,2026-07-15,15-Jul END (no meals; +onion/tomato),Chicken breast (boneless),,400,,,
Shunyam & Ishan - latest,h1b,2026-07-15,15-Jul END (no meals; +onion/tomato),Onion,,900,,,
Shunyam & Ishan - latest,h1b,2026-07-15,15-Jul END (no meals; +onion/tomato),Tomato,,450,,,
Pratik & Sakshi,h8,2026-07-15,15-Jul Wed after-lunch count,Ginger,,200,,,
Pratik & Sakshi,h8,2026-07-15,15-Jul Wed after-lunch count,Baby potato,,480,,,
Pratik & Sakshi,h8,2026-07-15,15-Jul Wed after-lunch count,Potato,,300,,,
Pratik & Sakshi,h8,2026-07-15,15-Jul Wed after-lunch count,Onion,,200,,,
Pratik & Sakshi,h8,2026-07-15,15-Jul Wed after-lunch count,Sambar onion (shallots),,100,,,
Pratik & Sakshi,h8,2026-07-15,15-Jul Wed after-lunch count,Garlic,,200,,,
Pratik & Sakshi,h8,2026-07-15,15-Jul Wed after-lunch count,Kiwi,,150,,,
Pratik & Sakshi,h8,2026-07-15,15-Jul Wed after-lunch count,Avocado,,200,,,
Pratik & Sakshi,h8,2026-07-15,15-Jul Wed after-lunch count,Pomegranate,,1,,,
Pratik & Sakshi,h8,2026-07-15,15-Jul Wed after-lunch count,Banana,,3,,,
Pratik & Sakshi,h8,2026-07-15,15-Jul Wed after-lunch count,Cucumber,,600,,,
Pratik & Sakshi,h8,2026-07-15,15-Jul Wed after-lunch count,Green cucumber,,200,,,
Pratik & Sakshi,h8,2026-07-15,15-Jul Wed after-lunch count,Guava,,3,,,
Pratik & Sakshi,h8,2026-07-15,15-Jul Wed after-lunch count,Pear,,150,,,
Pratik & Sakshi,h8,2026-07-15,15-Jul Wed after-lunch count,Orange,,650,,,
Pratik & Sakshi,h8,2026-07-15,15-Jul Wed after-lunch count,Apple,,150,,,
Pratik & Sakshi,h8,2026-07-15,15-Jul Wed after-lunch count,Green capsicum,,500,,,
Pratik & Sakshi,h8,2026-07-15,15-Jul Wed after-lunch count,Red capsicum,,120,,,
Pratik & Sakshi,h8,2026-07-15,15-Jul Wed after-lunch count,Yellow capsicum,,100,,,
Pratik & Sakshi,h8,2026-07-15,15-Jul Wed after-lunch count,Red radish,,50,,,
Pratik & Sakshi,h8,2026-07-15,15-Jul Wed after-lunch count,Mint,,100,,,
Pratik & Sakshi,h8,2026-07-15,15-Jul Wed after-lunch count,Coriander (dhania),,130,,,
Pratik & Sakshi,h8,2026-07-15,15-Jul Wed after-lunch count,Button mushroom,,200,,,
Pratik & Sakshi,h8,2026-07-15,15-Jul Wed after-lunch count,Zucchini,,200,,,
Pratik & Sakshi,h8,2026-07-15,15-Jul Wed after-lunch count,Baby corn,,90,,,
Pratik & Sakshi,h8,2026-07-15,15-Jul Wed after-lunch count,Cabbage,,200,,,
Pratik & Sakshi,h8,2026-07-15,15-Jul Wed after-lunch count,Lemon,,250,,,
Pratik & Sakshi,h8,2026-07-15,15-Jul Wed after-lunch count,Basil,,50,,,
Pratik & Sakshi,h8,2026-07-15,15-Jul Wed after-lunch count,Bhaji mirch (green chilli),,20,,,
Pratik & Sakshi,h8,2026-07-15,15-Jul Wed after-lunch count,Spring onion,,250,,,
Pratik & Sakshi,h8,2026-07-15,15-Jul Wed after-lunch count,Spinach/Palak,,250,,,
Pratik & Sakshi,h8,2026-07-15,15-Jul Wed after-lunch count,Carrot,,140,,,
Pratik & Sakshi,h8,2026-07-15,15-Jul Wed after-lunch count,Tomato,,1000,,,
Pratik & Sakshi,h8,2026-07-15,15-Jul Wed after-lunch count,Brinjal,,400,,,
Pratik & Sakshi,h8,2026-07-15,15-Jul Wed after-lunch count,Curry leaves,,100,,,
Pratik & Sakshi,h8,2026-07-15,15-Jul Wed after-lunch count,Sweet potato,,500,,,
Pratik & Sakshi,h8,2026-07-15,15-Jul Wed after-lunch count,Eggs,,23,,,
Pratik & Sakshi,h8,2026-07-15,15-Jul Wed after-lunch count,Paneer,,100,,,
Pratik & Sakshi,h8,2026-07-15,15-Jul Wed after-lunch count,Akshayakalpa Paneer,,0.5,,,
Pratik & Sakshi,h8,2026-07-15,15-Jul Wed after-lunch count,Homemade curd,,400,,,
Pratik & Sakshi,h8,2026-07-15,15-Jul Wed after-lunch count,Yogurt,,300,,,
Pratik & Sakshi,h8,2026-07-15,15-Jul Wed after-lunch count,Athena yogurt,,200,,,
Pratik & Sakshi,h8,2026-07-15,15-Jul Wed after-lunch count,Bocconcini,,1,,,
Pratik & Sakshi,h8,2026-07-15,15-Jul Wed after-lunch count,Tofu,,100,,,
Pratik & Sakshi,h8,2026-07-15,15-Jul Wed after-lunch count,Butter,,250,,,
Pratik & Sakshi,h8,2026-07-15,15-Jul Wed after-lunch count,Cheese,,0.5,,,
Pratik & Sakshi,h8,2026-07-15,15-Jul Wed after-lunch count,Gruyere cheese,,100,,,
Pratik & Sakshi,h8,2026-07-15,15-Jul Wed after-lunch count,Milk,,1000,,,
Pratik & Sakshi,h8,2026-07-15,15-Jul Wed after-lunch count,Blueberry,,95,,,
Pratik & Sakshi,h8,2026-07-15,15-Jul Wed after-lunch count,Unsweetened peanut butter,,1,,,
Pratik & Sakshi,h8,2026-07-15,15-Jul Wed after-lunch count,Edamame (frozen),,375,,,
Pratik & Sakshi,h8,2026-07-15,15-Jul Wed after-lunch count,Frozen peas,,375,,,
Pratik & Sakshi,h8,2026-07-15,15-Jul Wed after-lunch count,Frozen corn (sweet corn),,500,,,
Pratik & Sakshi,h8,2026-07-15,15-Jul Wed after-lunch count,Green peas (unpeeled),,150,,,
Pratik & Sakshi,h8,2026-07-15,15-Jul Wed after-lunch count,Onion petals,,1,,,
Pratik & Sakshi,h8,2026-07-15,15-Jul Wed after-lunch count,Shiitake mushroom,,1,,,
Pratik & Sakshi,h8,2026-07-15,15-Jul Wed after-lunch count,Jalapeno,,250,,,
Pratik & Sakshi,h8,2026-07-15,15-Jul Wed after-lunch count,Sesame oil,,250,,,
Pratik & Sakshi,h8,2026-07-15,15-Jul Wed after-lunch count,Sesame oil (Members Pick),,1000,,,
Pratik & Sakshi,h8,2026-07-15,15-Jul Wed after-lunch count,Extra virgin olive oil,,500,,,
Pratik & Sakshi,h8,2026-07-15,15-Jul Wed after-lunch count,Borges olive oil,,2000,,,
Pratik & Sakshi,h8,2026-07-15,15-Jul Wed after-lunch count,Groundnut oil (Saffola),,500,,,
Pratik & Sakshi,h8,2026-07-15,15-Jul Wed after-lunch count,Coconut oil,,0.5,,,
Pratik & Sakshi,h8,2026-07-15,15-Jul Wed after-lunch count,Fish sauce,,0.5,,,
Pratik & Sakshi,h8,2026-07-15,15-Jul Wed after-lunch count,Culinary Chinese rice wine,,1,,,
Pratik & Sakshi,h8,2026-07-15,15-Jul Wed after-lunch count,Soy sauce,,0.25,,,
Pratik & Sakshi,h8,2026-07-15,15-Jul Wed after-lunch count,Tomato ketchup (Kissan),,0.25,,,
Pratik & Sakshi,h8,2026-07-15,15-Jul Wed after-lunch count,Synthetic vinegar,,0.25,,,
Pratik & Sakshi,h8,2026-07-15,15-Jul Wed after-lunch count,Maple syrup,,0.25,,,
Pratik & Sakshi,h8,2026-07-15,15-Jul Wed after-lunch count,Corn syrup,,700,,,
Pratik & Sakshi,h8,2026-07-15,15-Jul Wed after-lunch count,Vanilla extract,,1,,,
Pratik & Sakshi,h8,2026-07-15,15-Jul Wed after-lunch count,Bourbon natural vanilla,,1,,,
Pratik & Sakshi,h8,2026-07-15,15-Jul Wed after-lunch count,Strawberry spread,,0.5,,,
Pratik & Sakshi,h8,2026-07-15,15-Jul Wed after-lunch count,Strawberry jam,,0.5,,,
Pratik & Sakshi,h8,2026-07-15,15-Jul Wed after-lunch count,Sundried tomatoes,,1,,,
Pratik & Sakshi,h8,2026-07-15,15-Jul Wed after-lunch count,Black olives,,0.75,,,
Pratik & Sakshi,h8,2026-07-15,15-Jul Wed after-lunch count,Green olives,,1,,,
Pratik & Sakshi,h8,2026-07-15,15-Jul Wed after-lunch count,Tahini paste (white),,500,,,
Pratik & Sakshi,h8,2026-07-15,15-Jul Wed after-lunch count,Hellmann mayonnaise,,125,,,
Pratik & Sakshi,h8,2026-07-15,15-Jul Wed after-lunch count,Chings Sriracha,,0.5,,,
Pratik & Sakshi,h8,2026-07-15,15-Jul Wed after-lunch count,Garlic powder,,55,,,
Pratik & Sakshi,h8,2026-07-15,15-Jul Wed after-lunch count,Almond milk (open),,200,,,
Pratik & Sakshi,h8,2026-07-15,15-Jul Wed after-lunch count,Almond milk (pack),,1,,,
Pratik & Sakshi,h8,2026-07-15,15-Jul Wed after-lunch count,Vanilla milkshake,,200,,,
Pratik & Sakshi,h8,2026-07-15,15-Jul Wed after-lunch count,Urban Platter coconut milk,,250,,,
Pratik & Sakshi,h8,2026-07-15,15-Jul Wed after-lunch count,Brown sugar,,300,,,
Pratik & Sakshi,h8,2026-07-15,15-Jul Wed after-lunch count,Desi Khandsari sugar,,500,,,
Pratik & Sakshi,h8,2026-07-15,15-Jul Wed after-lunch count,Sugar powder (open),,200,,,
Pratik & Sakshi,h8,2026-07-15,15-Jul Wed after-lunch count,Jaggery powder,,0.5,,,
Pratik & Sakshi,h8,2026-07-15,15-Jul Wed after-lunch count,Cocoa powder,,70,,,
Pratik & Sakshi,h8,2026-07-15,15-Jul Wed after-lunch count,Corn powder,,1,,,
Pratik & Sakshi,h8,2026-07-15,15-Jul Wed after-lunch count,Almond butter,,200,,,
Pratik & Sakshi,h8,2026-07-15,15-Jul Wed after-lunch count,Pistachios,,1,,,
Pratik & Sakshi,h8,2026-07-15,15-Jul Wed after-lunch count,Cashews,,250,,,
Pratik & Sakshi,h8,2026-07-15,15-Jul Wed after-lunch count,Chia seeds,,340,,,
Pratik & Sakshi,h8,2026-07-15,15-Jul Wed after-lunch count,Pumpkin seeds,,200,,,
Pratik & Sakshi,h8,2026-07-15,15-Jul Wed after-lunch count,Emmer wheat,,300,,,
Pratik & Sakshi,h8,2026-07-15,15-Jul Wed after-lunch count,Bajra atta,,500,,,
Pratik & Sakshi,h8,2026-07-15,15-Jul Wed after-lunch count,Bajra daliya,,1000,,,
Pratik & Sakshi,h8,2026-07-15,15-Jul Wed after-lunch count,Sharbati atta,,400,,,
Pratik & Sakshi,h8,2026-07-15,15-Jul Wed after-lunch count,High-protein atta,,1000,,,
Pratik & Sakshi,h8,2026-07-15,15-Jul Wed after-lunch count,Aashirwad atta,,2000,,,
Pratik & Sakshi,h8,2026-07-15,15-Jul Wed after-lunch count,10 on 10 whole wheat atta,,500,,,
Pratik & Sakshi,h8,2026-07-15,15-Jul Wed after-lunch count,Jowar flour,,750,,,
Pratik & Sakshi,h8,2026-07-15,15-Jul Wed after-lunch count,Barnyard millet,,1000,,,
Pratik & Sakshi,h8,2026-07-15,15-Jul Wed after-lunch count,Foxtail millet,,500,,,
Pratik & Sakshi,h8,2026-07-15,15-Jul Wed after-lunch count,Basmati rice,,2000,,,
Pratik & Sakshi,h8,2026-07-15,15-Jul Wed after-lunch count,Brown rice,,1000,,,
Pratik & Sakshi,h8,2026-07-15,15-Jul Wed after-lunch count,Brown rice (open),,100,,,
Pratik & Sakshi,h8,2026-07-15,15-Jul Wed after-lunch count,Quaker oats,,500,,,
Pratik & Sakshi,h8,2026-07-15,15-Jul Wed after-lunch count,Poha,,200,,,
Pratik & Sakshi,h8,2026-07-15,15-Jul Wed after-lunch count,Suji (organic),,500,,,
Pratik & Sakshi,h8,2026-07-15,15-Jul Wed after-lunch count,Quinoa (open),,700,,,
Pratik & Sakshi,h8,2026-07-15,15-Jul Wed after-lunch count,Sattu,,100,,,
Pratik & Sakshi,h8,2026-07-15,15-Jul Wed after-lunch count,Organic Sattu,,500,,,
Pratik & Sakshi,h8,2026-07-15,15-Jul Wed after-lunch count,Slurrp Farm Ragi,,1,,,
Pratik & Sakshi,h8,2026-07-15,15-Jul Wed after-lunch count,White rajma,,500,,,
Pratik & Sakshi,h8,2026-07-15,15-Jul Wed after-lunch count,White rajma (open),,100,,,
Pratik & Sakshi,h8,2026-07-15,15-Jul Wed after-lunch count,Chana dal,,200,,,
Pratik & Sakshi,h8,2026-07-15,15-Jul Wed after-lunch count,Royal Chana Dal,,1000,,,
Pratik & Sakshi,h8,2026-07-15,15-Jul Wed after-lunch count,Organic Green Moong,,500,,,
Pratik & Sakshi,h8,2026-07-15,15-Jul Wed after-lunch count,Pro Nature Moong,,500,,,
Pratik & Sakshi,h8,2026-07-15,15-Jul Wed after-lunch count,Moong dal,,500,,,
Pratik & Sakshi,h8,2026-07-15,15-Jul Wed after-lunch count,Open moong,,100,,,
Pratik & Sakshi,h8,2026-07-15,15-Jul Wed after-lunch count,Organic Arhar/Tur Dal,,1000,,,
Pratik & Sakshi,h8,2026-07-15,15-Jul Wed after-lunch count,Masoor dal (open),,100,,,
Pratik & Sakshi,h8,2026-07-15,15-Jul Wed after-lunch count,Urad black whole,,500,,,
Pratik & Sakshi,h8,2026-07-15,15-Jul Wed after-lunch count,Whole urad (open),,400,,,
Pratik & Sakshi,h8,2026-07-15,15-Jul Wed after-lunch count,Urad dal,,200,,,
Pratik & Sakshi,h8,2026-07-15,15-Jul Wed after-lunch count,Organic Cowpea (white),,500,,,
Pratik & Sakshi,h8,2026-07-15,15-Jul Wed after-lunch count,Chickpeas (open),,50,,,
Pratik & Sakshi,h8,2026-07-15,15-Jul Wed after-lunch count,Chole,,100,,,
Pratik & Sakshi,h8,2026-07-15,15-Jul Wed after-lunch count,Sabudana (open),,100,,,
Pratik & Sakshi,h8,2026-07-15,15-Jul Wed after-lunch count,Chaat masala,,100,,,
Pratik & Sakshi,h8,2026-07-15,15-Jul Wed after-lunch count,Mustard (yellow),,200,,,
Pratik & Sakshi,h8,2026-07-15,15-Jul Wed after-lunch count,Tej patta,,0.5,,,
Pratik & Sakshi,h8,2026-07-15,15-Jul Wed after-lunch count,Tamarind,,300,,,
Pratik & Sakshi,h8,2026-07-15,15-Jul Wed after-lunch count,Coriander powder (Double Parrot),,200,,,
Pratik & Sakshi,h8,2026-07-15,15-Jul Wed after-lunch count,Coriander powder (MTR),,100,,,
Pratik & Sakshi,h8,2026-07-15,15-Jul Wed after-lunch count,Turmeric powder,,100,,,
Pratik & Sakshi,h8,2026-07-15,15-Jul Wed after-lunch count,MTR Kashmiri chilli powder,,250,,,
Pratik & Sakshi,h8,2026-07-15,15-Jul Wed after-lunch count,Black pepper (whole),,100,,,
Pratik & Sakshi,h8,2026-07-15,15-Jul Wed after-lunch count,Dried red chilli,,0.5,,,
Pratik & Sakshi,h8,2026-07-15,15-Jul Wed after-lunch count,Red chilli powder,,100,,,
Pratik & Sakshi,h8,2026-07-15,15-Jul Wed after-lunch count,White sesame seeds,,100,,,
Pratik & Sakshi,h8,2026-07-15,15-Jul Wed after-lunch count,Borges penne pasta,,350,,,
Pratik & Sakshi,h8,2026-07-15,15-Jul Wed after-lunch count,Milk bread,,2,,,
Pratik & Sakshi,h8,2026-07-15,15-Jul Wed after-lunch count,Bread crisps,,0.75,,,
Pratik & Sakshi,h8,2026-07-15,15-Jul Wed after-lunch count,Food colours (Blue/Yellow/Green),,3,,,
Pratik & Sakshi,h8,2026-07-15,15-Jul Wed after-lunch count,Green chilli,,100,,,
Pratik & Sakshi,h8,2026-07-15,15-Jul Wed after-lunch count,Thai guava,,200,,,
Pratik & Sakshi,h8,2026-07-15,15-Jul Wed after-lunch count,Milk (Heritage),,500,,,
Pratik & Sakshi,h8,2026-07-15,15-Jul Wed after-lunch count,Cauliflower,,150,,,
Pratik & Sakshi,h8,2026-07-15,15-Jul Wed after-lunch count,Flax seeds,,250,,,
Pratik & Sakshi,h8,2026-07-15,15-Jul Wed after-lunch count,Sunflower seeds,,200,,,
Pratik & Sakshi,h8,2026-07-15,15-Jul Wed after-lunch count,White label sugar,,1000,,,
Pratik & Sakshi,h8,2026-07-15,15-Jul Wed after-lunch count,Suji (rava),,1000,,,
Pratik & Sakshi,h8,2026-07-15,15-Jul Wed after-lunch count,Jeera (cumin),,200,,,
Pratik & Sakshi,h8,2026-07-15,15-Jul Wed after-lunch count,Maida,,500,,,
Pratik & Sakshi,h8,2026-07-15,15-Jul Wed after-lunch count,Gobbleright quinoa beetroot,,2,,,
Pratik & Sakshi,h8,2026-07-15,15-Jul Wed after-lunch count,Gobbleright spinach quinoa,,1,,,
Paxal & Sana,h7,2026-07-15,15-Jul END (after all meals),Cabbage,,400,,,
Paxal & Sana,h7,2026-07-15,15-Jul END (after all meals),Cucumber,,800,,,
Paxal & Sana,h7,2026-07-15,15-Jul END (after all meals),Green capsicum,,200,,,
Paxal & Sana,h7,2026-07-15,15-Jul END (after all meals),Onion,,300,,,
Paxal & Sana,h7,2026-07-15,15-Jul END (after all meals),Paneer,,400,,,
Paxal & Sana,h7,2026-07-15,15-Jul END (after all meals),Tomato,,700,,,
Paxal & Sana,h7,2026-07-15,15-Jul END (after all meals),Spring onion,,50,,,
Paxal & Sana,h7,2026-07-15,15-Jul END (after all meals),Sweet corn,,100,,,
Paxal & Sana,h7,2026-07-15,15-Jul END (after all meals),Sweet potato,,500,,,
Paxal & Sana,h7,2026-07-15,15-Jul END (after all meals),Curd,,400,,,
Paxal & Sana,h7,2026-07-15,15-Jul END (after all meals),Pooja coconut (whole),,1,,,
Paxal & Sana,h7,2026-07-15,15-Jul END (after all meals),Yuzu kombucha,,200,,,
Paxal & Sana,h7,2026-07-15,15-Jul END (after all meals),Garam masala,,100,,,
Paxal & Sana,h7,2026-07-15,15-Jul END (after all meals),White label sugar,,1000,,,
Paxal & Sana,h7,2026-07-15,15-Jul END (after all meals),Ghee pouch,,1000,,,
Paxal & Sana,h7,2026-07-15,15-Jul END (after all meals),Tata salt,,1000,,,
Paxal & Sana,h7,2026-07-15,15-Jul END (after all meals),Skimmed milk,,1,,,
Pratik & Sakshi,h8,2026-07-16,16-Jul END (post-dinner),Ginger,,240,,,
Pratik & Sakshi,h8,2026-07-16,16-Jul END (post-dinner),Baby potato,,440,,,
Pratik & Sakshi,h8,2026-07-16,16-Jul END (post-dinner),Potato,,550,,,
Pratik & Sakshi,h8,2026-07-16,16-Jul END (post-dinner),Onion,,460,,,
Pratik & Sakshi,h8,2026-07-16,16-Jul END (post-dinner),Garlic,,190,,,
Pratik & Sakshi,h8,2026-07-16,16-Jul END (post-dinner),Kiwi,,150,,,
Pratik & Sakshi,h8,2026-07-16,16-Jul END (post-dinner),Avocado,,200,,,
Pratik & Sakshi,h8,2026-07-16,16-Jul END (post-dinner),Green cucumber,,100,,,
Pratik & Sakshi,h8,2026-07-16,16-Jul END (post-dinner),Guava,,150,,,
Pratik & Sakshi,h8,2026-07-16,16-Jul END (post-dinner),Orange,,520,,,
Pratik & Sakshi,h8,2026-07-16,16-Jul END (post-dinner),Green capsicum,,260,,,
Pratik & Sakshi,h8,2026-07-16,16-Jul END (post-dinner),Yellow capsicum,,100,,,
Pratik & Sakshi,h8,2026-07-16,16-Jul END (post-dinner),Red radish,,50,,,
Pratik & Sakshi,h8,2026-07-16,16-Jul END (post-dinner),Mint,,100,,,
Pratik & Sakshi,h8,2026-07-16,16-Jul END (post-dinner),Coriander (dhania),,195,,,
Pratik & Sakshi,h8,2026-07-16,16-Jul END (post-dinner),Zucchini,,100,,,
Pratik & Sakshi,h8,2026-07-16,16-Jul END (post-dinner),Baby corn,,90,,,
Pratik & Sakshi,h8,2026-07-16,16-Jul END (post-dinner),Cabbage,,265,,,
Pratik & Sakshi,h8,2026-07-16,16-Jul END (post-dinner),Lemon,,390,,,
Pratik & Sakshi,h8,2026-07-16,16-Jul END (post-dinner),Bhaji mirch (green chilli),,20,,,
Pratik & Sakshi,h8,2026-07-16,16-Jul END (post-dinner),Spring onion,,250,,,
Pratik & Sakshi,h8,2026-07-16,16-Jul END (post-dinner),Spinach/Palak,,250,,,
Pratik & Sakshi,h8,2026-07-16,16-Jul END (post-dinner),Carrot,,140,,,
Pratik & Sakshi,h8,2026-07-16,16-Jul END (post-dinner),Tomato,,1060,,,
Pratik & Sakshi,h8,2026-07-16,16-Jul END (post-dinner),Brinjal,,300,,,
Pratik & Sakshi,h8,2026-07-16,16-Jul END (post-dinner),Curry leaves,,100,,,
Pratik & Sakshi,h8,2026-07-16,16-Jul END (post-dinner),Sweet potato,,500,,,
Pratik & Sakshi,h8,2026-07-16,16-Jul END (post-dinner),Eggs,,15,,,
Pratik & Sakshi,h8,2026-07-16,16-Jul END (post-dinner),Paneer,,450,,,
Pratik & Sakshi,h8,2026-07-16,16-Jul END (post-dinner),Akshayakalpa Paneer,,200,,,
Pratik & Sakshi,h8,2026-07-16,16-Jul END (post-dinner),Yogurt,,100,,,
Pratik & Sakshi,h8,2026-07-16,16-Jul END (post-dinner),Athena yogurt,,200,,,
Pratik & Sakshi,h8,2026-07-16,16-Jul END (post-dinner),Tofu,,200,,,
Pratik & Sakshi,h8,2026-07-16,16-Jul END (post-dinner),Butter,,230,,,
Pratik & Sakshi,h8,2026-07-16,16-Jul END (post-dinner),Blueberry,,60,,,
Pratik & Sakshi,h8,2026-07-16,16-Jul END (post-dinner),Edamame (frozen),,375,,,
Pratik & Sakshi,h8,2026-07-16,16-Jul END (post-dinner),Frozen peas,,375,,,
Pratik & Sakshi,h8,2026-07-16,16-Jul END (post-dinner),Frozen corn (sweet corn),,500,,,
Pratik & Sakshi,h8,2026-07-16,16-Jul END (post-dinner),Jalapeno,,250,,,
Pratik & Sakshi,h8,2026-07-16,16-Jul END (post-dinner),Sesame oil,,250,,,
Pratik & Sakshi,h8,2026-07-16,16-Jul END (post-dinner),Sesame oil (Members Pick),,1000,,,
Pratik & Sakshi,h8,2026-07-16,16-Jul END (post-dinner),Extra virgin olive oil,,500,,,
Pratik & Sakshi,h8,2026-07-16,16-Jul END (post-dinner),Borges olive oil,,2000,,,
Pratik & Sakshi,h8,2026-07-16,16-Jul END (post-dinner),Groundnut oil (Saffola),,500,,,
Pratik & Sakshi,h8,2026-07-16,16-Jul END (post-dinner),Coconut oil,,0.5,,,
Pratik & Sakshi,h8,2026-07-16,16-Jul END (post-dinner),Fish sauce,,0.5,,,
Pratik & Sakshi,h8,2026-07-16,16-Jul END (post-dinner),Culinary Chinese rice wine,,1,,,
Pratik & Sakshi,h8,2026-07-16,16-Jul END (post-dinner),Soy sauce,,0.25,,,
Pratik & Sakshi,h8,2026-07-16,16-Jul END (post-dinner),Tomato ketchup (Kissan),,0.25,,,
Pratik & Sakshi,h8,2026-07-16,16-Jul END (post-dinner),Synthetic vinegar,,0.25,,,
Pratik & Sakshi,h8,2026-07-16,16-Jul END (post-dinner),Maple syrup,,0.25,,,
Pratik & Sakshi,h8,2026-07-16,16-Jul END (post-dinner),Corn syrup,,700,,,
Pratik & Sakshi,h8,2026-07-16,16-Jul END (post-dinner),Vanilla extract,,1,,,
Pratik & Sakshi,h8,2026-07-16,16-Jul END (post-dinner),Bourbon natural vanilla,,1,,,
Pratik & Sakshi,h8,2026-07-16,16-Jul END (post-dinner),Strawberry spread,,0.5,,,
Pratik & Sakshi,h8,2026-07-16,16-Jul END (post-dinner),Strawberry jam,,0.5,,,
Pratik & Sakshi,h8,2026-07-16,16-Jul END (post-dinner),Sundried tomatoes,,1,,,
Pratik & Sakshi,h8,2026-07-16,16-Jul END (post-dinner),Black olives,,0.75,,,
Pratik & Sakshi,h8,2026-07-16,16-Jul END (post-dinner),Green olives,,1,,,
Pratik & Sakshi,h8,2026-07-16,16-Jul END (post-dinner),Tahini paste (white),,500,,,
Pratik & Sakshi,h8,2026-07-16,16-Jul END (post-dinner),Hellmann mayonnaise,,125,,,
Pratik & Sakshi,h8,2026-07-16,16-Jul END (post-dinner),Chings Sriracha,,0.5,,,
Pratik & Sakshi,h8,2026-07-16,16-Jul END (post-dinner),Garlic powder,,55,,,
Pratik & Sakshi,h8,2026-07-16,16-Jul END (post-dinner),Almond milk (open),,200,,,
Pratik & Sakshi,h8,2026-07-16,16-Jul END (post-dinner),Almond milk (pack),,1,,,
Pratik & Sakshi,h8,2026-07-16,16-Jul END (post-dinner),Vanilla milkshake,,200,,,
Pratik & Sakshi,h8,2026-07-16,16-Jul END (post-dinner),Urban Platter coconut milk,,250,,,
Pratik & Sakshi,h8,2026-07-16,16-Jul END (post-dinner),Brown sugar,,300,,,
Pratik & Sakshi,h8,2026-07-16,16-Jul END (post-dinner),Desi Khandsari sugar,,500,,,
Pratik & Sakshi,h8,2026-07-16,16-Jul END (post-dinner),Sugar powder (open),,200,,,
Pratik & Sakshi,h8,2026-07-16,16-Jul END (post-dinner),Jaggery powder,,0.5,,,
Pratik & Sakshi,h8,2026-07-16,16-Jul END (post-dinner),Cocoa powder,,70,,,
Pratik & Sakshi,h8,2026-07-16,16-Jul END (post-dinner),Corn powder,,1,,,
Pratik & Sakshi,h8,2026-07-16,16-Jul END (post-dinner),Almond butter,,200,,,
Pratik & Sakshi,h8,2026-07-16,16-Jul END (post-dinner),Pistachios,,1,,,
Pratik & Sakshi,h8,2026-07-16,16-Jul END (post-dinner),Cashews,,250,,,
Pratik & Sakshi,h8,2026-07-16,16-Jul END (post-dinner),Chia seeds,,340,,,
Pratik & Sakshi,h8,2026-07-16,16-Jul END (post-dinner),Pumpkin seeds,,200,,,
Pratik & Sakshi,h8,2026-07-16,16-Jul END (post-dinner),Emmer wheat,,300,,,
Pratik & Sakshi,h8,2026-07-16,16-Jul END (post-dinner),Bajra atta,,500,,,
Pratik & Sakshi,h8,2026-07-16,16-Jul END (post-dinner),Bajra daliya,,1000,,,
Pratik & Sakshi,h8,2026-07-16,16-Jul END (post-dinner),Sharbati atta,,400,,,
Pratik & Sakshi,h8,2026-07-16,16-Jul END (post-dinner),High-protein atta,,1000,,,
Pratik & Sakshi,h8,2026-07-16,16-Jul END (post-dinner),Aashirwad atta,,2000,,,
Pratik & Sakshi,h8,2026-07-16,16-Jul END (post-dinner),10 on 10 whole wheat atta,,500,,,
Pratik & Sakshi,h8,2026-07-16,16-Jul END (post-dinner),Jowar flour,,750,,,
Pratik & Sakshi,h8,2026-07-16,16-Jul END (post-dinner),Barnyard millet,,1000,,,
Pratik & Sakshi,h8,2026-07-16,16-Jul END (post-dinner),Foxtail millet,,500,,,
Pratik & Sakshi,h8,2026-07-16,16-Jul END (post-dinner),Basmati rice,,2000,,,
Pratik & Sakshi,h8,2026-07-16,16-Jul END (post-dinner),Brown rice,,1000,,,
Pratik & Sakshi,h8,2026-07-16,16-Jul END (post-dinner),Brown rice (open),,100,,,
Pratik & Sakshi,h8,2026-07-16,16-Jul END (post-dinner),Quaker oats,,500,,,
Pratik & Sakshi,h8,2026-07-16,16-Jul END (post-dinner),Poha,,200,,,
Pratik & Sakshi,h8,2026-07-16,16-Jul END (post-dinner),Suji (organic),,500,,,
Pratik & Sakshi,h8,2026-07-16,16-Jul END (post-dinner),Quinoa (open),,700,,,
Pratik & Sakshi,h8,2026-07-16,16-Jul END (post-dinner),Sattu,,100,,,
Pratik & Sakshi,h8,2026-07-16,16-Jul END (post-dinner),Organic Sattu,,500,,,
Pratik & Sakshi,h8,2026-07-16,16-Jul END (post-dinner),Slurrp Farm Ragi,,1,,,
Pratik & Sakshi,h8,2026-07-16,16-Jul END (post-dinner),White rajma,,500,,,
Pratik & Sakshi,h8,2026-07-16,16-Jul END (post-dinner),White rajma (open),,100,,,
Pratik & Sakshi,h8,2026-07-16,16-Jul END (post-dinner),Chana dal,,200,,,
Pratik & Sakshi,h8,2026-07-16,16-Jul END (post-dinner),Royal Chana Dal,,1000,,,
Pratik & Sakshi,h8,2026-07-16,16-Jul END (post-dinner),Organic Green Moong,,500,,,
Pratik & Sakshi,h8,2026-07-16,16-Jul END (post-dinner),Pro Nature Moong,,500,,,
Pratik & Sakshi,h8,2026-07-16,16-Jul END (post-dinner),Moong dal,,500,,,
Pratik & Sakshi,h8,2026-07-16,16-Jul END (post-dinner),Open moong,,100,,,
Pratik & Sakshi,h8,2026-07-16,16-Jul END (post-dinner),Organic Arhar/Tur Dal,,1000,,,
Pratik & Sakshi,h8,2026-07-16,16-Jul END (post-dinner),Masoor dal (open),,100,,,
Pratik & Sakshi,h8,2026-07-16,16-Jul END (post-dinner),Urad black whole,,500,,,
Pratik & Sakshi,h8,2026-07-16,16-Jul END (post-dinner),Whole urad (open),,400,,,
Pratik & Sakshi,h8,2026-07-16,16-Jul END (post-dinner),Urad dal,,200,,,
Pratik & Sakshi,h8,2026-07-16,16-Jul END (post-dinner),Organic Cowpea (white),,500,,,
Pratik & Sakshi,h8,2026-07-16,16-Jul END (post-dinner),Chickpeas (open),,50,,,
Pratik & Sakshi,h8,2026-07-16,16-Jul END (post-dinner),Chole,,20,,,
Pratik & Sakshi,h8,2026-07-16,16-Jul END (post-dinner),Sabudana (open),,100,,,
Pratik & Sakshi,h8,2026-07-16,16-Jul END (post-dinner),Chaat masala,,100,,,
Pratik & Sakshi,h8,2026-07-16,16-Jul END (post-dinner),Mustard (yellow),,200,,,
Pratik & Sakshi,h8,2026-07-16,16-Jul END (post-dinner),Tej patta,,0.5,,,
Pratik & Sakshi,h8,2026-07-16,16-Jul END (post-dinner),Tamarind,,300,,,
Pratik & Sakshi,h8,2026-07-16,16-Jul END (post-dinner),Coriander powder (Double Parrot),,200,,,
Pratik & Sakshi,h8,2026-07-16,16-Jul END (post-dinner),Coriander powder (MTR),,100,,,
Pratik & Sakshi,h8,2026-07-16,16-Jul END (post-dinner),Turmeric powder,,100,,,
Pratik & Sakshi,h8,2026-07-16,16-Jul END (post-dinner),MTR Kashmiri chilli powder,,250,,,
Pratik & Sakshi,h8,2026-07-16,16-Jul END (post-dinner),Black pepper (whole),,100,,,
Pratik & Sakshi,h8,2026-07-16,16-Jul END (post-dinner),Dried red chilli,,0.5,,,
Pratik & Sakshi,h8,2026-07-16,16-Jul END (post-dinner),Red chilli powder,,100,,,
Pratik & Sakshi,h8,2026-07-16,16-Jul END (post-dinner),White sesame seeds,,100,,,
Pratik & Sakshi,h8,2026-07-16,16-Jul END (post-dinner),Borges penne pasta,,350,,,
Pratik & Sakshi,h8,2026-07-16,16-Jul END (post-dinner),Milk bread,,2,,,
Pratik & Sakshi,h8,2026-07-16,16-Jul END (post-dinner),Bread crisps,,0.75,,,
Pratik & Sakshi,h8,2026-07-16,16-Jul END (post-dinner),Food colours (Blue/Yellow/Green),,3,,,
Pratik & Sakshi,h8,2026-07-16,16-Jul END (post-dinner),Green chilli,,95,,,
Pratik & Sakshi,h8,2026-07-16,16-Jul END (post-dinner),Cauliflower,,200,,,
Pratik & Sakshi,h8,2026-07-16,16-Jul END (post-dinner),Flax seeds,,250,,,
Pratik & Sakshi,h8,2026-07-16,16-Jul END (post-dinner),Sunflower seeds,,200,,,
Pratik & Sakshi,h8,2026-07-16,16-Jul END (post-dinner),White label sugar,,1000,,,
Pratik & Sakshi,h8,2026-07-16,16-Jul END (post-dinner),Suji (rava),,1000,,,
Pratik & Sakshi,h8,2026-07-16,16-Jul END (post-dinner),Jeera (cumin),,200,,,
Pratik & Sakshi,h8,2026-07-16,16-Jul END (post-dinner),Maida,,500,,,
Pratik & Sakshi,h8,2026-07-16,16-Jul END (post-dinner),Gobbleright quinoa beetroot,,2,,,
Pratik & Sakshi,h8,2026-07-16,16-Jul END (post-dinner),Gobbleright spinach quinoa,,1,,,
Pratik & Sakshi,h8,2026-07-16,16-Jul END (post-dinner),Dates,,250,,,
Pratik & Sakshi,h8,2026-07-16,16-Jul END (post-dinner),Protein powder,,400,,,
Pratik & Sakshi,h8,2026-07-16,16-Jul END (post-dinner),Beetroot,,300,,,
Pratik & Sakshi,h8,2026-07-16,16-Jul END (post-dinner),Cheese slices,,250,,,
Pratik & Sakshi,h8,2026-07-16,16-Jul END (post-dinner),Tofu (soft),,150,,,
Kartik & Dhara,h4,2026-07-16,16-Jul (post-lunch),Garlic,,190,,,
Kartik & Dhara,h4,2026-07-16,16-Jul (post-lunch),Ginger,,227,,,
Kartik & Dhara,h4,2026-07-16,16-Jul (post-lunch),Green chilli,,75,,,
Kartik & Dhara,h4,2026-07-16,16-Jul (post-lunch),Mint,,66,,,
Kartik & Dhara,h4,2026-07-16,16-Jul (post-lunch),Onion,,1060,,,
Kartik & Dhara,h4,2026-07-16,16-Jul (post-lunch),Potato,,677,,,
Kartik & Dhara,h4,2026-07-16,16-Jul (post-lunch),Tomato,,600,,,
Kartik & Dhara,h4,2026-07-16,16-Jul (post-lunch),Sourdough (olive & rosemary),,478,,,
Kartik & Dhara,h4,2026-07-16,16-Jul (post-lunch),Baby corn,,120,,,
Kartik & Dhara,h4,2026-07-16,16-Jul (post-lunch),Carrot,,190,,,
Kartik & Dhara,h4,2026-07-16,16-Jul (post-lunch),Cucumber,,350,,,
Kartik & Dhara,h4,2026-07-16,16-Jul (post-lunch),Curry leaves,,37,,,
Kartik & Dhara,h4,2026-07-16,16-Jul (post-lunch),Lemon,,300,,,
Kartik & Dhara,h4,2026-07-16,16-Jul (post-lunch),Lettuce,,50,,,
Kartik & Dhara,h4,2026-07-16,16-Jul (post-lunch),Methi (fenugreek),,150,,,
Kartik & Dhara,h4,2026-07-16,16-Jul (post-lunch),Pooja coconut (whole),,1,,,
Kartik & Dhara,h4,2026-07-16,16-Jul (post-lunch),Salt (Tata),,1000,,,
Kartik & Dhara,h4,2026-07-16,16-Jul (post-lunch),Eggs,,4,,,
Kartik & Dhara,h4,2026-07-16,16-Jul (post-lunch),Rice (Bhoomi Farms),,680,,,
Kartik & Dhara,h4,2026-07-16,16-Jul (post-lunch),Whole wheat spaghetti (yu),,300,,,
Kartik & Dhara,h4,2026-07-16,16-Jul (post-lunch),Whole wheat atta noodles (yu),,220,,,
Kartik & Dhara,h4,2026-07-16,16-Jul (post-lunch),Farfalle whole wheat (Dolce Vita),,500,,,
Kartik & Dhara,h4,2026-07-16,16-Jul (post-lunch),Frozen peas,,0.4,,,
Kartik & Dhara,h4,2026-07-16,16-Jul (post-lunch),Mustard oil,,1000,,,
Kartik & Dhara,h4,2026-07-16,16-Jul (post-lunch),Peanut butter,,310,,,
Kartik & Dhara,h4,2026-07-16,16-Jul (post-lunch),Frozen puff pastry,,1,,,
Kartik & Dhara,h4,2026-07-16,16-Jul (post-lunch),Kaara Pura butter murukku,,100,,,
Kartik & Dhara,h4,2026-07-16,16-Jul (post-lunch),Krishi Veda Byadgi whole chilli,,100,,,
Kartik & Dhara,h4,2026-07-16,16-Jul (post-lunch),Fruit Treat bhindi chips,,40,,,
Kartik & Dhara,h4,2026-07-16,16-Jul (post-lunch),The Healthy Binge millet baked chips,,40,,,
Kartik & Dhara,h4,2026-07-16,16-Jul (post-lunch),Nilgiris sonamasoori raw rice,,1000,,,
Kartik & Dhara,h4,2026-07-16,16-Jul (post-lunch),Gardenia Idukki green cardamom,,40,,,
Kartik & Dhara,h4,2026-07-16,16-Jul (post-lunch),Troovy healthy protein puffs,,40,,,
Kartik & Dhara,h4,2026-07-16,16-Jul (post-lunch),Arhar/Toor dal,,500,,,
Kartik & Dhara,h4,2026-07-16,16-Jul (post-lunch),Chana dal,,500,,,
Kartik & Dhara,h4,2026-07-16,16-Jul (post-lunch),Millet noodles,,200,,,
Kartik & Dhara,h4,2026-07-16,16-Jul (post-lunch),Coriander seeds,,100,,,
Kartik & Dhara,h4,2026-07-16,16-Jul (post-lunch),Emmer wheat,,1000,,,
Kartik & Dhara,h4,2026-07-16,16-Jul (post-lunch),Urad dal,,500,,,
Kartik & Dhara,h4,2026-07-16,16-Jul (post-lunch),Green tomato,,200,,,
Kartik & Dhara,h4,2026-07-16,16-Jul (post-lunch),Rajma,,300,,,
Kartik & Dhara,h4,2026-07-16,16-Jul (post-lunch),Quinoa,,335,,,
Kartik & Dhara,h4,2026-07-16,16-Jul (post-lunch),Green moong,,300,,,
Kartik & Dhara,h4,2026-07-16,16-Jul (post-lunch),Fennel seeds,,50,,,
Kartik & Dhara,h4,2026-07-16,16-Jul (post-lunch),Marinated prawns,,250,,,
Kartik & Dhara,h4,2026-07-16,16-Jul (post-lunch),Seekh kebab (frozen),,200,,,
Kartik & Dhara,h4,2026-07-16,16-Jul (post-lunch),Minced chicken,,200,,,
Kartik & Dhara,h4,2026-07-16,16-Jul (post-lunch),Chicken breast,,250,,,
Kartik & Dhara,h4,2026-07-16,16-Jul (post-lunch),Sardines,,300,,,
Kartik & Dhara,h4,2026-07-16,16-Jul (post-lunch),Bottle gourd,,200,,,
Kartik & Dhara,h4,2026-07-16,16-Jul (post-lunch),Biryani masala powder,,120,,,
Kartik & Dhara,h4,2026-07-16,16-Jul (post-lunch),Chia seeds,,250,,,
Kartik & Dhara,h4,2026-07-16,16-Jul (post-lunch),Shirataki noodles,,270,,,
Kartik & Dhara,h4,2026-07-16,16-Jul (post-lunch),Mustard seeds,,100,,,
Kartik & Dhara,h4,2026-07-16,16-Jul (post-lunch),Figaro olive oil,,1000,,,
Kartik & Dhara,h4,2026-07-16,16-Jul (post-lunch),Black sesame oil,,300,,,
Kartik & Dhara,h4,2026-07-16,16-Jul (post-lunch),Groundnut oil,,400,,,
Kartik & Dhara,h4,2026-07-16,16-Jul (post-lunch),Matcha green tea,,30,,,
Paxal & Sana,h7,2026-07-17,17-Jul END,Cabbage,,150,,,
Paxal & Sana,h7,2026-07-17,17-Jul END,Carrot,,440,,,
Paxal & Sana,h7,2026-07-17,17-Jul END,Coriander (dhania),,180,,,
Paxal & Sana,h7,2026-07-17,17-Jul END,Cucumber,,600,,,
Paxal & Sana,h7,2026-07-17,17-Jul END,Onion,,1240,,,
Paxal & Sana,h7,2026-07-17,17-Jul END,Paneer,,200,,,
Paxal & Sana,h7,2026-07-17,17-Jul END,Tomato,,640,,,
Paxal & Sana,h7,2026-07-17,17-Jul END,Mint,,90,,,
Paxal & Sana,h7,2026-07-17,17-Jul END,Potato,,850,,,
Paxal & Sana,h7,2026-07-17,17-Jul END,Spring onion,,50,,,
Paxal & Sana,h7,2026-07-17,17-Jul END,Sweet corn,,100,,,
Paxal & Sana,h7,2026-07-17,17-Jul END,Sweet potato,,200,,,
Paxal & Sana,h7,2026-07-17,17-Jul END,Curd,,320,,,
Paxal & Sana,h7,2026-07-17,17-Jul END,Pooja coconut (whole),,1,,,
Paxal & Sana,h7,2026-07-17,17-Jul END,Yuzu kombucha,,200,,,
Paxal & Sana,h7,2026-07-17,17-Jul END,Garam masala,,100,,,
Paxal & Sana,h7,2026-07-17,17-Jul END,White label sugar,,1000,,,
Paxal & Sana,h7,2026-07-17,17-Jul END,Ghee pouch,,1000,,,
Paxal & Sana,h7,2026-07-17,17-Jul END,Tata salt,,1000,,,
Paxal & Sana,h7,2026-07-17,17-Jul END,Skimmed milk,,1,,,
Paxal & Sana,h7,2026-07-17,17-Jul END,Skyr,,500,,,
Paxal & Sana,h7,2026-07-17,17-Jul END,Bread,,170,,,
Paxal & Sana,h7,2026-07-17,17-Jul END,Idli dosa batter,,500,,,
Disha & Anirudh,h3,2026-07-17,17-Jul END,Cabbage,,250,,,
Disha & Anirudh,h3,2026-07-17,17-Jul END,Carrot,,130,,,
Disha & Anirudh,h3,2026-07-17,17-Jul END,Coriander (dhania),,70,,,
Disha & Anirudh,h3,2026-07-17,17-Jul END,Cucumber,,250,,,
Disha & Anirudh,h3,2026-07-17,17-Jul END,Garlic,,20,,,
Disha & Anirudh,h3,2026-07-17,17-Jul END,Ginger,,90,,,
Disha & Anirudh,h3,2026-07-17,17-Jul END,Green capsicum,,100,,,
Disha & Anirudh,h3,2026-07-17,17-Jul END,Lemon,,480,,,
Disha & Anirudh,h3,2026-07-17,17-Jul END,Lettuce,,350,,,
Disha & Anirudh,h3,2026-07-17,17-Jul END,Mint,,90,,,
Disha & Anirudh,h3,2026-07-17,17-Jul END,Onion,,1120,,,
Disha & Anirudh,h3,2026-07-17,17-Jul END,Red capsicum,,50,,,
Disha & Anirudh,h3,2026-07-17,17-Jul END,Spring onion,,15,,,
Disha & Anirudh,h3,2026-07-17,17-Jul END,Tomato,,440,,,
Disha & Anirudh,h3,2026-07-17,17-Jul END,Yellow capsicum,,50,,,
Disha & Anirudh,h3,2026-07-17,17-Jul END,Tea leaves,,1,,,
Disha & Anirudh,h3,2026-07-17,17-Jul END,Bread,,400,,,
Disha & Anirudh,h3,2026-07-17,17-Jul END,Butter,,50,,,
Disha & Anirudh,h3,2026-07-17,17-Jul END,Feta cheese (block),,1.5,,,
Disha & Anirudh,h3,2026-07-17,17-Jul END,Milk (Amul),,4,,,
Disha & Anirudh,h3,2026-07-17,17-Jul END,Milky Mist skyr,,1,,,
Disha & Anirudh,h3,2026-07-17,17-Jul END,Masoor dal,,500,,,
Disha & Anirudh,h3,2026-07-17,17-Jul END,Rajma,,500,,,
Disha & Anirudh,h3,2026-07-17,17-Jul END,Eggs,,5,,,
Disha & Anirudh,h3,2026-07-17,17-Jul END,Green chilli,,10,,,
Disha & Anirudh,h3,2026-07-17,17-Jul END,Sweet corn,,150,,,
Disha & Anirudh,h3,2026-07-17,17-Jul END,Lactose-free milk,,1,,,
Disha & Anirudh,h3,2026-07-17,17-Jul END,Mayo,,1.5,,,
Disha & Anirudh,h3,2026-07-17,17-Jul END,Olives,,0.5,,,
Disha & Anirudh,h3,2026-07-17,17-Jul END,Sriracha (regular),,0.1,,,
Disha & Anirudh,h3,2026-07-17,17-Jul END,Avocado (Hass),,1,,,
Disha & Anirudh,h3,2026-07-17,17-Jul END,Rice,,2280,,,
Disha & Anirudh,h3,2026-07-17,17-Jul END,Protein powder,,1940,,,
Disha & Anirudh,h3,2026-07-17,17-Jul END,Ramen,,4,,,
Disha & Anirudh,h3,2026-07-17,17-Jul END,Garlic powder,,1,,,
Disha & Anirudh,h3,2026-07-17,17-Jul END,Ginger garlic paste,,1,,,
Disha & Anirudh,h3,2026-07-17,17-Jul END,Honey,,1,,,
Disha & Anirudh,h3,2026-07-17,17-Jul END,Instant dry yeast (Select Aisle),,23,,,
Disha & Anirudh,h3,2026-07-17,17-Jul END,Olive oil,,0.5,,,
Disha & Anirudh,h3,2026-07-17,17-Jul END,Onion powder,,1,,,
Disha & Anirudh,h3,2026-07-17,17-Jul END,Psyllium husk,,140,,,
Disha & Anirudh,h3,2026-07-17,17-Jul END,Raw peanuts (Supreme Harvest),,440,,,
Disha & Anirudh,h3,2026-07-17,17-Jul END,Vinegar,,1,,,
Disha & Anirudh,h3,2026-07-17,17-Jul END,Red chilli tomato chips (Origins),,100,,,
Disha & Anirudh,h3,2026-07-17,17-Jul END,Nutmeg powder (Snapin),,50,,,
Disha & Anirudh,h3,2026-07-17,17-Jul END,Pudina powder (PCM),,100,,,
Disha & Anirudh,h3,2026-07-17,17-Jul END,Mirchi powder,,2000,,,
Disha & Anirudh,h3,2026-07-17,17-Jul END,Mustard,,1000,,,
Disha & Anirudh,h3,2026-07-17,17-Jul END,Tata iodised salt,,1000,,,
Disha & Anirudh,h3,2026-07-17,17-Jul END,Baby spinach (hydroponic),,100,,,
Disha & Anirudh,h3,2026-07-17,17-Jul END,Galangal (Thai ginger),,100,,,
Disha & Anirudh,h3,2026-07-17,17-Jul END,Lemongrass,,100,,,
Disha & Anirudh,h3,2026-07-17,17-Jul END,Romaine lettuce,,50,,,
Disha & Anirudh,h3,2026-07-17,17-Jul END,Cheese slices,,1,,,
Disha & Anirudh,h3,2026-07-17,17-Jul END,Yogurt,,520,,,
Disha & Anirudh,h3,2026-07-17,17-Jul END,Chaat masala,,100,,,
Disha & Anirudh,h3,2026-07-17,17-Jul END,Arugula,,50,,,
Disha & Anirudh,h3,2026-07-17,17-Jul END,Pink guava,,2,,,
Disha & Anirudh,h3,2026-07-17,17-Jul END,Extra virgin olive oil,,0.5,,,
Disha & Anirudh,h3,2026-07-17,17-Jul END,Coconut milk,,0.25,,,
Disha & Anirudh,h3,2026-07-17,17-Jul END,Fortune Kachi Ghani (mustard oil),,0.5,,,
Disha & Anirudh,h3,2026-07-17,17-Jul END,Peanut oil,,0.4,,,
Disha & Anirudh,h3,2026-07-17,17-Jul END,Rice bran oil (Freedom),,1.25,,,
Disha & Anirudh,h3,2026-07-17,17-Jul END,Parsley,,30,,,
Disha & Anirudh,h3,2026-07-17,17-Jul END,Coke (can),,3,,,
Disha & Anirudh,h3,2026-07-17,17-Jul END,Shirataki noodles,,1,,,
Disha & Anirudh,h3,2026-07-17,17-Jul END,Del Monte sweet & spicy ketchup,,1,,,
Disha & Anirudh,h3,2026-07-17,17-Jul END,Green olives (brined),,1,,,
Disha & Anirudh,h3,2026-07-17,17-Jul END,Twinings English Breakfast tea bags,,25,,,
Disha & Anirudh,h3,2026-07-17,17-Jul END,Iceberg lettuce,,200,,,
Disha & Anirudh,h3,2026-07-17,17-Jul END,Blueberry,,45,,,
Disha & Anirudh,h3,2026-07-17,17-Jul END,Kiwi,,1,,,
Disha & Anirudh,h3,2026-07-17,17-Jul END,Green olives (pitted),,1,,,
Disha & Anirudh,h3,2026-07-17,17-Jul END,Orange,,500,,,
Disha & Anirudh,h3,2026-07-17,17-Jul END,Chicken breast,,250,,,
Disha & Anirudh,h3,2026-07-17,17-Jul END,Amul fresh cream,,0.5,,,
Kartik & Dhara,h4,2026-07-17,17-Jul END,Garlic,,175,,,
Kartik & Dhara,h4,2026-07-17,17-Jul END,Ginger,,212,,,
Kartik & Dhara,h4,2026-07-17,17-Jul END,Green chilli,,67,,,
Kartik & Dhara,h4,2026-07-17,17-Jul END,Mint,,56,,,
Kartik & Dhara,h4,2026-07-17,17-Jul END,Onion,,1500,,,
Kartik & Dhara,h4,2026-07-17,17-Jul END,Potato,,677,,,
Kartik & Dhara,h4,2026-07-17,17-Jul END,Tomato,,800,,,
Kartik & Dhara,h4,2026-07-17,17-Jul END,Sourdough (olive & rosemary),,478,,,
Kartik & Dhara,h4,2026-07-17,17-Jul END,Buttermilk,,3,,,
Kartik & Dhara,h4,2026-07-17,17-Jul END,Paneer,,100,,,
Kartik & Dhara,h4,2026-07-17,17-Jul END,Baby corn,,120,,,
Kartik & Dhara,h4,2026-07-17,17-Jul END,Carrot,,110,,,
Kartik & Dhara,h4,2026-07-17,17-Jul END,Cucumber,,350,,,
Kartik & Dhara,h4,2026-07-17,17-Jul END,Curry leaves,,37,,,
Kartik & Dhara,h4,2026-07-17,17-Jul END,Lemon,,280,,,
Kartik & Dhara,h4,2026-07-17,17-Jul END,Methi (fenugreek),,150,,,
Kartik & Dhara,h4,2026-07-17,17-Jul END,Pooja coconut (whole),,1,,,
Kartik & Dhara,h4,2026-07-17,17-Jul END,Salt (Tata),,1000,,,
Kartik & Dhara,h4,2026-07-17,17-Jul END,Eggs,,4,,,
Kartik & Dhara,h4,2026-07-17,17-Jul END,Rice (Bhoomi Farms),,680,,,
Kartik & Dhara,h4,2026-07-17,17-Jul END,Whole wheat spaghetti (yu),,300,,,
Kartik & Dhara,h4,2026-07-17,17-Jul END,Whole wheat atta noodles (yu),,220,,,
Kartik & Dhara,h4,2026-07-17,17-Jul END,Farfalle whole wheat (Dolce Vita),,500,,,
Kartik & Dhara,h4,2026-07-17,17-Jul END,Frozen peas,,0.4,,,
Kartik & Dhara,h4,2026-07-17,17-Jul END,Mustard oil,,1000,,,
Kartik & Dhara,h4,2026-07-17,17-Jul END,Peanut butter,,310,,,
Kartik & Dhara,h4,2026-07-17,17-Jul END,Frozen puff pastry,,1,,,
Kartik & Dhara,h4,2026-07-17,17-Jul END,Figs,,200,,,
Kartik & Dhara,h4,2026-07-17,17-Jul END,Guava,,1,,,
Kartik & Dhara,h4,2026-07-17,17-Jul END,Set curd,,200,,,
Kartik & Dhara,h4,2026-07-17,17-Jul END,Kaara Pura butter murukku,,100,,,
Kartik & Dhara,h4,2026-07-17,17-Jul END,Krishi Veda Byadgi whole chilli,,100,,,
Kartik & Dhara,h4,2026-07-17,17-Jul END,Fruit Treat bhindi chips,,40,,,
Kartik & Dhara,h4,2026-07-17,17-Jul END,The Healthy Binge millet baked chips,,40,,,
Kartik & Dhara,h4,2026-07-17,17-Jul END,Nilgiris sonamasoori raw rice,,1000,,,
Kartik & Dhara,h4,2026-07-17,17-Jul END,Gardenia Idukki green cardamom,,40,,,
Kartik & Dhara,h4,2026-07-17,17-Jul END,Troovy healthy protein puffs,,40,,,
Kartik & Dhara,h4,2026-07-17,17-Jul END,Dragon fruit,,300,,,
Kartik & Dhara,h4,2026-07-17,17-Jul END,Arhar/Toor dal,,500,,,
Kartik & Dhara,h4,2026-07-17,17-Jul END,Chana dal,,500,,,
Kartik & Dhara,h4,2026-07-17,17-Jul END,Rambutan,,150,,,
Kartik & Dhara,h4,2026-07-17,17-Jul END,Millet noodles,,200,,,
Kartik & Dhara,h4,2026-07-17,17-Jul END,Blue grapes,,200,,,
Kartik & Dhara,h4,2026-07-17,17-Jul END,Dry prunes,,200,,,
Kartik & Dhara,h4,2026-07-17,17-Jul END,Coriander seeds,,100,,,
Kartik & Dhara,h4,2026-07-17,17-Jul END,Emmer wheat,,1000,,,
Kartik & Dhara,h4,2026-07-17,17-Jul END,Urad dal,,500,,,
Kartik & Dhara,h4,2026-07-17,17-Jul END,Green tomato,,200,,,
Kartik & Dhara,h4,2026-07-17,17-Jul END,Butter,,250,,,
Kartik & Dhara,h4,2026-07-17,17-Jul END,Rajma,,300,,,
Kartik & Dhara,h4,2026-07-17,17-Jul END,Milk,,1,,,
Kartik & Dhara,h4,2026-07-17,17-Jul END,Mackerel,,320,,,
Kartik & Dhara,h4,2026-07-17,17-Jul END,Quinoa,,335,,,
Kartik & Dhara,h4,2026-07-17,17-Jul END,Green moong,,300,,,
Kartik & Dhara,h4,2026-07-17,17-Jul END,Fennel seeds,,50,,,
Kartik & Dhara,h4,2026-07-17,17-Jul END,Seekh kebab (frozen),,200,,,
Kartik & Dhara,h4,2026-07-17,17-Jul END,Chicken breast,,250,,,
Kartik & Dhara,h4,2026-07-17,17-Jul END,Sardines,,300,,,
Kartik & Dhara,h4,2026-07-17,17-Jul END,Bottle gourd,,200,,,
Kartik & Dhara,h4,2026-07-17,17-Jul END,Biryani masala powder,,120,,,
Kartik & Dhara,h4,2026-07-17,17-Jul END,Chia seeds,,250,,,
Kartik & Dhara,h4,2026-07-17,17-Jul END,Shirataki noodles,,270,,,
Kartik & Dhara,h4,2026-07-17,17-Jul END,Mustard seeds,,100,,,
Kartik & Dhara,h4,2026-07-17,17-Jul END,Figaro olive oil,,1000,,,
Kartik & Dhara,h4,2026-07-17,17-Jul END,Black sesame oil,,300,,,
Kartik & Dhara,h4,2026-07-17,17-Jul END,Groundnut oil,,400,,,
Kartik & Dhara,h4,2026-07-17,17-Jul END,Matcha green tea,,30,,,
Rahul & Radhika,h5,2026-07-14,14-Jul END (HH away 15-20),Banana,,1,,,
Rahul & Radhika,h5,2026-07-14,14-Jul END (HH away 15-20),Brinjal,,150,,,
Rahul & Radhika,h5,2026-07-14,14-Jul END (HH away 15-20),Carrot,,255,,,
Rahul & Radhika,h5,2026-07-14,14-Jul END (HH away 15-20),Coriander (dhania),,40,,,
Rahul & Radhika,h5,2026-07-14,14-Jul END (HH away 15-20),Cucumber,,400,,,
Rahul & Radhika,h5,2026-07-14,14-Jul END (HH away 15-20),Curry leaves,,20,,,
Rahul & Radhika,h5,2026-07-14,14-Jul END (HH away 15-20),Ginger,,400,,,
Rahul & Radhika,h5,2026-07-14,14-Jul END (HH away 15-20),Green capsicum,,20,,,
Rahul & Radhika,h5,2026-07-14,14-Jul END (HH away 15-20),Lemon,,350,,,
Rahul & Radhika,h5,2026-07-14,14-Jul END (HH away 15-20),Lettuce,,300,,,
Rahul & Radhika,h5,2026-07-14,14-Jul END (HH away 15-20),Tomato,,270,,,
Rahul & Radhika,h5,2026-07-14,14-Jul END (HH away 15-20),Yellow capsicum,,60,,,
Rahul & Radhika,h5,2026-07-14,14-Jul END (HH away 15-20),Zucchini,,565,,,
Rahul & Radhika,h5,2026-07-14,14-Jul END (HH away 15-20),"Milk bread (Health Factory, zero maida)",,400,,,
Rahul & Radhika,h5,2026-07-14,14-Jul END (HH away 15-20),Almond drink (Alt Co),,1,,,
Rahul & Radhika,h5,2026-07-14,14-Jul END (HH away 15-20),Oat drink (Alt Co),,1,,,
Rahul & Radhika,h5,2026-07-14,14-Jul END (HH away 15-20),Sourdough bread (Brik Oven),,400,,,
Rahul & Radhika,h5,2026-07-14,14-Jul END (HH away 15-20),Sriracha hot chilli,,1,,,
Rahul & Radhika,h5,2026-07-14,14-Jul END (HH away 15-20),Almond/Oat beverage (Alt Co),,900,,,
Rahul & Radhika,h5,2026-07-14,14-Jul END (HH away 15-20),Epigamia Greek yogurt (natural),,2,,,
Rahul & Radhika,h5,2026-07-14,14-Jul END (HH away 15-20),Feta cheese,,200,,,
Rahul & Radhika,h5,2026-07-14,14-Jul END (HH away 15-20),Full cream milk (Heritage),,1000,,,
Rahul & Radhika,h5,2026-07-14,14-Jul END (HH away 15-20),Milky Mist Skyr,,2,,,
Rahul & Radhika,h5,2026-07-14,14-Jul END (HH away 15-20),Paneer (malai),,100,,,
Rahul & Radhika,h5,2026-07-14,14-Jul END (HH away 15-20),Chana dal,,500,,,
Rahul & Radhika,h5,2026-07-14,14-Jul END (HH away 15-20),Masoor dal (split),,500,,,
Rahul & Radhika,h5,2026-07-14,14-Jul END (HH away 15-20),Eggs (free-range brown),,5,,,
Rahul & Radhika,h5,2026-07-14,14-Jul END (HH away 15-20),Bottle gourd,,250,,,
Rahul & Radhika,h5,2026-07-14,14-Jul END (HH away 15-20),Cabbage,,620,,,
Rahul & Radhika,h5,2026-07-14,14-Jul END (HH away 15-20),Cauliflower,,500,,,
Rahul & Radhika,h5,2026-07-14,14-Jul END (HH away 15-20),Red cabbage,,350,,,
Rahul & Radhika,h5,2026-07-14,14-Jul END (HH away 15-20),Spinach/Palak,,70,,,
Rahul & Radhika,h5,2026-07-14,14-Jul END (HH away 15-20),Apple (Royal Gala),,301,,,
Rahul & Radhika,h5,2026-07-14,14-Jul END (HH away 15-20),Avocado,,1,,,
Rahul & Radhika,h5,2026-07-14,14-Jul END (HH away 15-20),Kiwi,,1,,,
Rahul & Radhika,h5,2026-07-14,14-Jul END (HH away 15-20),Corn starch (Brown & Polson),,1,,,
Rahul & Radhika,h5,2026-07-14,14-Jul END (HH away 15-20),Matta broken rice (Double Horse),,1000,,,
Rahul & Radhika,h5,2026-07-14,14-Jul END (HH away 15-20),Quinoa (Organeekz organic),,500,,,
Rahul & Radhika,h5,2026-07-14,14-Jul END (HH away 15-20),Rolled oats (Quaker high-protein),,500,,,
Rahul & Radhika,h5,2026-07-14,14-Jul END (HH away 15-20),Tofu (Health on Plants),,200,,,
Rahul & Radhika,h5,2026-07-14,14-Jul END (HH away 15-20),Mixed berries (Nutty Gritties),,0.3,,,
Rahul & Radhika,h5,2026-07-14,14-Jul END (HH away 15-20),Sabudana,,100,,,
Rahul & Radhika,h5,2026-07-14,14-Jul END (HH away 15-20),Chicken breast (boneless),,650,,,
Rahul & Radhika,h5,2026-07-14,14-Jul END (HH away 15-20),GobbleRight beetroot & quinoa wrap,,1,,,
Rahul & Radhika,h5,2026-07-14,14-Jul END (HH away 15-20),Chana masala (Organic Tattva),,1,,,
Rahul & Radhika,h5,2026-07-14,14-Jul END (HH away 15-20),Kasuri methi (Catch),,1,,,
Rahul & Radhika,h5,2026-07-14,14-Jul END (HH away 15-20),Meat masala (Everest),,1,,,
Rahul & Radhika,h5,2026-07-14,14-Jul END (HH away 15-20),Pav bhaji masala (Everest),,1,,,
Rahul & Radhika,h5,2026-07-14,14-Jul END (HH away 15-20),Button mushroom,,140,,,
Rahul & Radhika,h5,2026-07-14,14-Jul END (HH away 15-20),Cherry tomato,,150,,,
Rahul & Radhika,h5,2026-07-14,14-Jul END (HH away 15-20),French beans,,200,,,
Rahul & Radhika,h5,2026-07-14,14-Jul END (HH away 15-20),Curd (Sid's Farm),,850,,,
Rahul & Radhika,h5,2026-07-14,14-Jul END (HH away 15-20),Skyr,,99,,,
Rahul & Radhika,h5,2026-07-14,14-Jul END (HH away 15-20),Peeled garlic (pack),,50,,,
Rahul & Radhika,h5,2026-07-14,14-Jul END (HH away 15-20),Chicken thigh (boneless),,80,,,
Rahul & Radhika,h5,2026-07-14,14-Jul END (HH away 15-20),Strawberry yogurt,,40,,,
Rahul & Radhika,h5,2026-07-14,14-Jul END (HH away 15-20),Coconut milk (unsweetened),,150,,,
Rahul & Radhika,h5,2026-07-14,14-Jul END (HH away 15-20),Cinnamon (Organic Tattva),,50,,,
Rahul & Radhika,h5,2026-07-14,14-Jul END (HH away 15-20),Olive oil (Borges EV),,250,,,
Rahul & Radhika,h5,2026-07-14,14-Jul END (HH away 15-20),Toned milk (Heritage),,500,,,
Rahul & Radhika,h5,2026-07-14,14-Jul END (HH away 15-20),Rice paper,,0.5,,,
Rahul & Radhika,h5,2026-07-14,14-Jul END (HH away 15-20),Cheddar cheese (Milky Mist),,0.5,,,
Rahul & Radhika,h5,2026-07-14,14-Jul END (HH away 15-20),Dried mixed berries,,30,,,
Rahul & Radhika,h5,2026-07-14,14-Jul END (HH away 15-20),Green moong sprouts,,150,,,
Rahul & Radhika,h5,2026-07-14,14-Jul END (HH away 15-20),Kale,,100,,,
Rahul & Radhika,h5,2026-07-14,14-Jul END (HH away 15-20),Green peas,,250,,,
Soozy & Munz,h2,2026-07-17,17-Jul END,Cabbage,,230,,,
Soozy & Munz,h2,2026-07-17,17-Jul END,Carrot,,210,,,
Soozy & Munz,h2,2026-07-17,17-Jul END,Coriander (dhania),,30,,,
Soozy & Munz,h2,2026-07-17,17-Jul END,Cucumber,,440,,,
Soozy & Munz,h2,2026-07-17,17-Jul END,Red Label tea,,0.5,,,
Soozy & Munz,h2,2026-07-17,17-Jul END,Honey (Apis multifloral),,480,,,
Soozy & Munz,h2,2026-07-17,17-Jul END,Jalapeno peppers (Cornitos),,1,,,
Soozy & Munz,h2,2026-07-17,17-Jul END,Ghee (Akshayakalpa),,450,,,
Soozy & Munz,h2,2026-07-17,17-Jul END,Milk,,1500,,,
Soozy & Munz,h2,2026-07-17,17-Jul END,Kala chana,,395,,,
Soozy & Munz,h2,2026-07-17,17-Jul END,Rajma,,361,,,
Soozy & Munz,h2,2026-07-17,17-Jul END,Eggs,,10,,,
Soozy & Munz,h2,2026-07-17,17-Jul END,Brown rice (jar),,380,,,
Soozy & Munz,h2,2026-07-17,17-Jul END,Sooji/rava (Aashirvaad),,1,,,
Soozy & Munz,h2,2026-07-17,17-Jul END,Whey protein,,900,,,
Soozy & Munz,h2,2026-07-17,17-Jul END,Light olive oil (Del Monte),,0.8,,,
Soozy & Munz,h2,2026-07-17,17-Jul END,Salt,,330,,,
Soozy & Munz,h2,2026-07-17,17-Jul END,Sambar powder (Aachi),,1,,,
Soozy & Munz,h2,2026-07-17,17-Jul END,Bhindi (okra),,135,,,
Soozy & Munz,h2,2026-07-17,17-Jul END,Dhaniya powder,,588,,,
Soozy & Munz,h2,2026-07-17,17-Jul END,Turmeric powder,,1318,,,
Soozy & Munz,h2,2026-07-17,17-Jul END,Tej patta,,100,,,
Soozy & Munz,h2,2026-07-17,17-Jul END,Cloves,,90,,,
Soozy & Munz,h2,2026-07-17,17-Jul END,Rasam powder,,120,,,
Soozy & Munz,h2,2026-07-17,17-Jul END,Meat masala,,90,,,
Soozy & Munz,h2,2026-07-17,17-Jul END,Haldi,,500,,,
Soozy & Munz,h2,2026-07-17,17-Jul END,Chilli flakes,,1,,,
Soozy & Munz,h2,2026-07-17,17-Jul END,Oregano,,1,,,
Soozy & Munz,h2,2026-07-17,17-Jul END,Digestive biscuits,,1,,,
Soozy & Munz,h2,2026-07-17,17-Jul END,Chicken masala,,1,,,
Soozy & Munz,h2,2026-07-17,17-Jul END,Basil,,30,,,
Soozy & Munz,h2,2026-07-17,17-Jul END,Broccoli,,110,,,
Soozy & Munz,h2,2026-07-17,17-Jul END,Curry leaves,,30,,,
Soozy & Munz,h2,2026-07-17,17-Jul END,Ginger,,150,,,
Soozy & Munz,h2,2026-07-17,17-Jul END,Green chilli,,75,,,
Soozy & Munz,h2,2026-07-17,17-Jul END,Lemon,,260,,,
Soozy & Munz,h2,2026-07-17,17-Jul END,Spring onion,,13,,,
Soozy & Munz,h2,2026-07-17,17-Jul END,Sweet corn,,120,,,
Soozy & Munz,h2,2026-07-17,17-Jul END,Tomato,,380,,,
Soozy & Munz,h2,2026-07-17,17-Jul END,3 Roses tea,,0.5,,,
Soozy & Munz,h2,2026-07-17,17-Jul END,Blue Tokai coffee (Attikan),,150,,,
Soozy & Munz,h2,2026-07-17,17-Jul END,Hot chocolate powder,,140,,,
Soozy & Munz,h2,2026-07-17,17-Jul END,Apricot jam (Darbo),,1,,,
Soozy & Munz,h2,2026-07-17,17-Jul END,Dark soy sauce,,110,,,
Soozy & Munz,h2,2026-07-17,17-Jul END,Fish sauce (Real Thai),,1,,,
Soozy & Munz,h2,2026-07-17,17-Jul END,Garlic paste,,1,,,
Soozy & Munz,h2,2026-07-17,17-Jul END,Garlic paste (Mothers Recipe),,219,,,
Soozy & Munz,h2,2026-07-17,17-Jul END,Smokey BBQ sauce (Veeba),,1,,,
Soozy & Munz,h2,2026-07-17,17-Jul END,Spicy gherkins (Neo),,0.5,,,
Soozy & Munz,h2,2026-07-17,17-Jul END,Tomato ketchup (Delmonte),,1,,,
Soozy & Munz,h2,2026-07-17,17-Jul END,Vanilla extract,,1,,,
Soozy & Munz,h2,2026-07-17,17-Jul END,Cow milk (fresh),,5,,,
Soozy & Munz,h2,2026-07-17,17-Jul END,Paneer,,200,,,
Soozy & Munz,h2,2026-07-17,17-Jul END,Potato,,200,,,
Soozy & Munz,h2,2026-07-17,17-Jul END,Avocado,,240,,,
Soozy & Munz,h2,2026-07-17,17-Jul END,Brown rice (Organic Tattva sonamasuri),,4170,,,
Soozy & Munz,h2,2026-07-17,17-Jul END,Rice flour (24 Mantra),,1.5,,,
Soozy & Munz,h2,2026-07-17,17-Jul END,Almonds,,300,,,
Soozy & Munz,h2,2026-07-17,17-Jul END,Cashews,,60,,,
Soozy & Munz,h2,2026-07-17,17-Jul END,Peanut butter,,1,,,
Soozy & Munz,h2,2026-07-17,17-Jul END,Rosemary (fresh),,50,,,
Soozy & Munz,h2,2026-07-17,17-Jul END,Chicken breast (Licious),,900,,,
Soozy & Munz,h2,2026-07-17,17-Jul END,Atta,,1000,,,
Soozy & Munz,h2,2026-07-17,17-Jul END,Idli/dosa batter,,1,,,
Soozy & Munz,h2,2026-07-17,17-Jul END,Peanuts,,770,,,
Soozy & Munz,h2,2026-07-17,17-Jul END,Ranch dressing (Veeba),,1,,,
Soozy & Munz,h2,2026-07-17,17-Jul END,"Tamarind (seeded, Whole Farm)",,220,,,
Soozy & Munz,h2,2026-07-17,17-Jul END,Yoga Bar muesli,,1,,,
Soozy & Munz,h2,2026-07-17,17-Jul END,Frozen green peas (Safal),,500,,,
Soozy & Munz,h2,2026-07-17,17-Jul END,Vinegar,,0.1,,,
Soozy & Munz,h2,2026-07-17,17-Jul END,Coconut chunks,,70,,,
Soozy & Munz,h2,2026-07-17,17-Jul END,Coffee (ground),,300,,,
Soozy & Munz,h2,2026-07-17,17-Jul END,Maida,,1,,,
Soozy & Munz,h2,2026-07-17,17-Jul END,Quinoa,,2,,,
Soozy & Munz,h2,2026-07-17,17-Jul END,Poha,,1,,,
Soozy & Munz,h2,2026-07-17,17-Jul END,Rolled oats,,700,,,
Soozy & Munz,h2,2026-07-17,17-Jul END,White moong dal,,130,,,
Soozy & Munz,h2,2026-07-17,17-Jul END,Green moong,,500,,,
Soozy & Munz,h2,2026-07-17,17-Jul END,Flax seeds,,272,,,
Soozy & Munz,h2,2026-07-17,17-Jul END,Monk fruit sweetener,,246,,,
Soozy & Munz,h2,2026-07-17,17-Jul END,Caramel syrup,,1,,,
Soozy & Munz,h2,2026-07-17,17-Jul END,Jaggery,,240,,,
Soozy & Munz,h2,2026-07-17,17-Jul END,Rava idli mix (MTR),,1,,,
Soozy & Munz,h2,2026-07-17,17-Jul END,White sesame seeds (Whole Farm),,54,,,
Soozy & Munz,h2,2026-07-17,17-Jul END,Fennel seeds,,270,,,
Soozy & Munz,h2,2026-07-17,17-Jul END,Jeera,,190,,,
Soozy & Munz,h2,2026-07-17,17-Jul END,Black pepper (whole),,1,,,
Soozy & Munz,h2,2026-07-17,17-Jul END,Chana dal,,715,,,
Soozy & Munz,h2,2026-07-17,17-Jul END,Coconut oil,,0.2,,,
Soozy & Munz,h2,2026-07-17,17-Jul END,Brown sugar,,550,,,
Soozy & Munz,h2,2026-07-17,17-Jul END,Walnuts,,230,,,
Soozy & Munz,h2,2026-07-17,17-Jul END,Gulab jamun mix,,1,,,
Soozy & Munz,h2,2026-07-17,17-Jul END,Chia seeds,,340,,,
Soozy & Munz,h2,2026-07-17,17-Jul END,Thai green paste,,1,,,
Soozy & Munz,h2,2026-07-17,17-Jul END,Chilli powder,,216,,,
Soozy & Munz,h2,2026-07-17,17-Jul END,Sugar,,350,,,
Soozy & Munz,h2,2026-07-17,17-Jul END,Maggi,,1,,,
Soozy & Munz,h2,2026-07-17,17-Jul END,Raisins,,35,,,
Soozy & Munz,h2,2026-07-17,17-Jul END,Nutri Choice crackers,,75,,,
Soozy & Munz,h2,2026-07-17,17-Jul END,Yogurt,,780,,,
Soozy & Munz,h2,2026-07-17,17-Jul END,Boiled rice,,1400,,,
Soozy & Munz,h2,2026-07-17,17-Jul END,Sona masoori rice,,1000,,,
Soozy & Munz,h2,2026-07-17,17-Jul END,Indrayani rice,,520,,,
Soozy & Munz,h2,2026-07-17,17-Jul END,Iceberg lettuce,,420,,,
Soozy & Munz,h2,2026-07-17,17-Jul END,Sun-dried tomatoes,,1,,,
Soozy & Munz,h2,2026-07-17,17-Jul END,Umami paste,,1,,,
Soozy & Munz,h2,2026-07-17,17-Jul END,Mustard sauce,,320,,,
Soozy & Munz,h2,2026-07-17,17-Jul END,Tabasco,,1,,,
Soozy & Munz,h2,2026-07-17,17-Jul END,Chilli oil,,1,,,
Soozy & Munz,h2,2026-07-17,17-Jul END,Red Bull energy drink,,2,,,
Soozy & Munz,h2,2026-07-17,17-Jul END,Troovy protein veggie chips,,70,,,
Soozy & Munz,h2,2026-07-17,17-Jul END,Origami toilet tissue,,1,,,
Soozy & Munz,h2,2026-07-17,17-Jul END,Dosa batter,,300,,,
Soozy & Munz,h2,2026-07-17,17-Jul END,Broken cashew,,100,,,
Soozy & Munz,h2,2026-07-17,17-Jul END,Bread,,250,,,
Soozy & Munz,h2,2026-07-17,17-Jul END,Apple cider vinegar,,500,,,
Soozy & Munz,h2,2026-07-17,17-Jul END,White tahini paste,,500,,,
Shunyam & Ishan - latest,h1b,2026-07-17,17-Jul END (corrected),Cucumber,,300,,,
Shunyam & Ishan - latest,h1b,2026-07-17,17-Jul END (corrected),Garlic,,20,,,
Shunyam & Ishan - latest,h1b,2026-07-17,17-Jul END (corrected),Ghee (Akshayakalpa),,1.5,,,
Shunyam & Ishan - latest,h1b,2026-07-17,17-Jul END (corrected),Eggs,,7,,,
Shunyam & Ishan - latest,h1b,2026-07-17,17-Jul END (corrected),Carrot,,280,,,
Shunyam & Ishan - latest,h1b,2026-07-17,17-Jul END (corrected),Curry leaves,,25,,,
Shunyam & Ishan - latest,h1b,2026-07-17,17-Jul END (corrected),7-in-1 seed mix,,100,,,
Shunyam & Ishan - latest,h1b,2026-07-17,17-Jul END (corrected),Almonds,,100,,,
Shunyam & Ishan - latest,h1b,2026-07-17,17-Jul END (corrected),Arrabiata pasta sauce (Veeba),,300,,,
Shunyam & Ishan - latest,h1b,2026-07-17,17-Jul END (corrected),Cashews,,300,,,
Shunyam & Ishan - latest,h1b,2026-07-17,17-Jul END (corrected),Chocolate syrup (Hersheys),,200,,,
Shunyam & Ishan - latest,h1b,2026-07-17,17-Jul END (corrected),Cocoa (Cadbury),,1,,,
Shunyam & Ishan - latest,h1b,2026-07-17,17-Jul END (corrected),Dark soy sauce,,100,,,
Shunyam & Ishan - latest,h1b,2026-07-17,17-Jul END (corrected),Frozen green peas (Safal),,180,,,
Shunyam & Ishan - latest,h1b,2026-07-17,17-Jul END (corrected),Ginger Blossom gut shot,,2,,,
Shunyam & Ishan - latest,h1b,2026-07-17,17-Jul END (corrected),Green olives (Del Monte),,100,,,
Shunyam & Ishan - latest,h1b,2026-07-17,17-Jul END (corrected),"Honey (Organic India, multifloral)",,2,,,
Shunyam & Ishan - latest,h1b,2026-07-17,17-Jul END (corrected),Honey / mango jam,,1,,,
Shunyam & Ishan - latest,h1b,2026-07-17,17-Jul END (corrected),"Hydration/electrolyte (Fast&Up, LiquidIV)",,50,,,
Shunyam & Ishan - latest,h1b,2026-07-17,17-Jul END (corrected),Moong dal,,250,,,
Shunyam & Ishan - latest,h1b,2026-07-17,17-Jul END (corrected),Multigrain atta,,2000,,,
Shunyam & Ishan - latest,h1b,2026-07-17,17-Jul END (corrected),Mustard / cooking oil,,250,,,
Shunyam & Ishan - latest,h1b,2026-07-17,17-Jul END (corrected),Mustard sauce,,100,,,
Shunyam & Ishan - latest,h1b,2026-07-17,17-Jul END (corrected),Oats (Alpino Super Oats),,0.5,,,
Shunyam & Ishan - latest,h1b,2026-07-17,17-Jul END (corrected),Olive oil (Borges Extra Virgin),,250,,,
Shunyam & Ishan - latest,h1b,2026-07-17,17-Jul END (corrected),Pizza/pasta seasoning (Keya oregano),,50,,,
Shunyam & Ishan - latest,h1b,2026-07-17,17-Jul END (corrected),Rajma (red kidney beans),,250,,,
Shunyam & Ishan - latest,h1b,2026-07-17,17-Jul END (corrected),Rice (Daawat basmati),,380,,,
Shunyam & Ishan - latest,h1b,2026-07-17,17-Jul END (corrected),Roasted chana,,100,,,
Shunyam & Ishan - latest,h1b,2026-07-17,17-Jul END (corrected),Schezwan chutney (Wok),,100,,,
Shunyam & Ishan - latest,h1b,2026-07-17,17-Jul END (corrected),Soda (Lehar),,750,,,
Shunyam & Ishan - latest,h1b,2026-07-17,17-Jul END (corrected),"Spices (pav-bhaji, chaat, hing, coriander pwd, black pepper, turmeric)",,50,,,
Shunyam & Ishan - latest,h1b,2026-07-17,17-Jul END (corrected),Tea (Catch chai + tea bags),,1,,,
Shunyam & Ishan - latest,h1b,2026-07-17,17-Jul END (corrected),Tomato ketchup,,200,,,
Shunyam & Ishan - latest,h1b,2026-07-17,17-Jul END (corrected),Veg mayonnaise (Dr Oetker FunFoods),,100,,,
Shunyam & Ishan - latest,h1b,2026-07-17,17-Jul END (corrected),Vinegar,,100,,,
Shunyam & Ishan - latest,h1b,2026-07-17,17-Jul END (corrected),Chicken,,100,,,
Shunyam & Ishan - latest,h1b,2026-07-17,17-Jul END (corrected),Ginger garlic paste,,150,,,
Shunyam & Ishan - latest,h1b,2026-07-17,17-Jul END (corrected),Coriander powder,,40,,,
Shunyam & Ishan - latest,h1b,2026-07-17,17-Jul END (corrected),Kombucha,,1,,,
Shunyam & Ishan - latest,h1b,2026-07-17,17-Jul END (corrected),Urad dal,,250,,,
Shunyam & Ishan - latest,h1b,2026-07-17,17-Jul END (corrected),Chana dal,,250,,,
Shunyam & Ishan - latest,h1b,2026-07-17,17-Jul END (corrected),Sugar,,500,,,
Shunyam & Ishan - latest,h1b,2026-07-17,17-Jul END (corrected),Chaat masala,,100,,,
Shunyam & Ishan - latest,h1b,2026-07-17,17-Jul END (corrected),White dal (moong),,250,,,
Shunyam & Ishan - latest,h1b,2026-07-17,17-Jul END (corrected),Nilgiri red rice,,1000,,,
Shunyam & Ishan - latest,h1b,2026-07-17,17-Jul END (corrected),Aashirvaad atta (2kg),,2000,,,
Shunyam & Ishan - latest,h1b,2026-07-17,17-Jul END (corrected),Kabuli chana,,250,,,
Shunyam & Ishan - latest,h1b,2026-07-17,17-Jul END (corrected),Salt,,500,,,
Shunyam & Ishan - latest,h1b,2026-07-17,17-Jul END (corrected),Brown sugar,,250,,,
Shunyam & Ishan - latest,h1b,2026-07-17,17-Jul END (corrected),Sriracha sauce,,1,,,
Shunyam & Ishan - latest,h1b,2026-07-17,17-Jul END (corrected),Bay leaf / dried patta,,10,,,
Shunyam & Ishan - latest,h1b,2026-07-17,17-Jul END (corrected),Chilli flakes,,30,,,
Shunyam & Ishan - latest,h1b,2026-07-17,17-Jul END (corrected),Clove (laung),,20,,,
Shunyam & Ishan - latest,h1b,2026-07-17,17-Jul END (corrected),Poha,,170,,,
Shunyam & Ishan - latest,h1b,2026-07-17,17-Jul END (corrected),Biryani rice,,500,,,
Shunyam & Ishan - latest,h1b,2026-07-17,17-Jul END (corrected),Protein atta,,500,,,
Shunyam & Ishan - latest,h1b,2026-07-17,17-Jul END (corrected),Sabudana,,250,,,
Shunyam & Ishan - latest,h1b,2026-07-17,17-Jul END (corrected),Organic besan,,250,,,
Shunyam & Ishan - latest,h1b,2026-07-17,17-Jul END (corrected),Makhana,,100,,,
Shunyam & Ishan - latest,h1b,2026-07-17,17-Jul END (corrected),Rooh Afza,,1,,,
Shunyam & Ishan - latest,h1b,2026-07-17,17-Jul END (corrected),Manchurian sauce,,1,,,
Shunyam & Ishan - latest,h1b,2026-07-17,17-Jul END (corrected),Pav bhaji masala,,50,,,
Shunyam & Ishan - latest,h1b,2026-07-17,17-Jul END (corrected),Cheese & jalapeno spread,,1,,,
Shunyam & Ishan - latest,h1b,2026-07-17,17-Jul END (corrected),Chilli powder,,100,,,
Shunyam & Ishan - latest,h1b,2026-07-17,17-Jul END (corrected),Jeera,,100,,,
Shunyam & Ishan - latest,h1b,2026-07-17,17-Jul END (corrected),Turmeric powder,,100,,,
Shunyam & Ishan - latest,h1b,2026-07-17,17-Jul END (corrected),Black til (sesame),,50,,,
Shunyam & Ishan - latest,h1b,2026-07-17,17-Jul END (corrected),Elaichi (cardamom),,20,,,
Shunyam & Ishan - latest,h1b,2026-07-17,17-Jul END (corrected),Green tea,,1,,,
Shunyam & Ishan - latest,h1b,2026-07-17,17-Jul END (corrected),Green raisins,,100,,,
Shunyam & Ishan - latest,h1b,2026-07-17,17-Jul END (corrected),Black raisins,,100,,,
Shunyam & Ishan - latest,h1b,2026-07-17,17-Jul END (corrected),Chocolate oats,,1,,,
Shunyam & Ishan - latest,h1b,2026-07-17,17-Jul END (corrected),Garam masala,,50,,,
Shunyam & Ishan - latest,h1b,2026-07-17,17-Jul END (corrected),Corn starch,,100,,,
Shunyam & Ishan - latest,h1b,2026-07-17,17-Jul END (corrected),Frozen peas (unpeeled),,250,,,
Shunyam & Ishan - latest,h1b,2026-07-17,17-Jul END (corrected),Almond & cashew mix,,100,,,
Shunyam & Ishan - latest,h1b,2026-07-17,17-Jul END (corrected),Seed mixture,,100,,,
Shunyam & Ishan - latest,h1b,2026-07-17,17-Jul END (corrected),Mustard oil,,750,,,
Shunyam & Ishan - latest,h1b,2026-07-17,17-Jul END (corrected),Paprika powder,,1,,,
Shunyam & Ishan - latest,h1b,2026-07-17,17-Jul END (corrected),Peri peri sauce,,1,,,
Shunyam & Ishan - latest,h1b,2026-07-17,17-Jul END (corrected),Smoked paprika,,52,,,
Shunyam & Ishan - latest,h1b,2026-07-17,17-Jul END (corrected),Kasuri methi,,25,,,
Shunyam & Ishan - latest,h1b,2026-07-17,17-Jul END (corrected),Peanuts,,230,,,
Shunyam & Ishan - latest,h1b,2026-07-17,17-Jul END (corrected),Wheat pasta,,200,,,
Shunyam & Ishan - latest,h1b,2026-07-17,17-Jul END (corrected),Multi millet noodles,,50,,,
Shunyam & Ishan - latest,h1b,2026-07-17,17-Jul END (corrected),Sambar masala powder,,200,,,
Shunyam & Ishan - latest,h1b,2026-07-17,17-Jul END (corrected),Chicken breast (boneless),,800,,,
Shunyam & Ishan - latest,h1b,2026-07-17,17-Jul END (corrected),Onion,,820,,,
Shunyam & Ishan - latest,h1b,2026-07-17,17-Jul END (corrected),Tomato,,350,,,
Shunyam & Ishan - latest,h1b,2026-07-17,17-Jul END (corrected),Green capsicum,,100,,,
Shunyam & Ishan - latest,h1b,2026-07-18,18-Jul END,Cucumber,,550,,,
Shunyam & Ishan - latest,h1b,2026-07-18,18-Jul END,Garlic,,105,,,
Shunyam & Ishan - latest,h1b,2026-07-18,18-Jul END,Green chilli,,85,,,
Shunyam & Ishan - latest,h1b,2026-07-18,18-Jul END,Bread,,130,,,
Shunyam & Ishan - latest,h1b,2026-07-18,18-Jul END,Butter (Amul),,80,,,
Shunyam & Ishan - latest,h1b,2026-07-18,18-Jul END,Ghee (Akshayakalpa),,1.5,,,
Shunyam & Ishan - latest,h1b,2026-07-18,18-Jul END,Set curd (Akshayakalpa),,150,,,
Shunyam & Ishan - latest,h1b,2026-07-18,18-Jul END,Eggs,,3,,,
Shunyam & Ishan - latest,h1b,2026-07-18,18-Jul END,Carrot,,80,,,
Shunyam & Ishan - latest,h1b,2026-07-18,18-Jul END,Curry leaves,,25,,,
Shunyam & Ishan - latest,h1b,2026-07-18,18-Jul END,7-in-1 seed mix,,100,,,
Shunyam & Ishan - latest,h1b,2026-07-18,18-Jul END,Almonds,,100,,,
Shunyam & Ishan - latest,h1b,2026-07-18,18-Jul END,Arrabiata pasta sauce (Veeba),,300,,,
Shunyam & Ishan - latest,h1b,2026-07-18,18-Jul END,Cashews,,370,,,
Shunyam & Ishan - latest,h1b,2026-07-18,18-Jul END,Chocolate syrup (Hersheys),,200,,,
Shunyam & Ishan - latest,h1b,2026-07-18,18-Jul END,Cocoa (Cadbury),,1,,,
Shunyam & Ishan - latest,h1b,2026-07-18,18-Jul END,Dark soy sauce,,100,,,
Shunyam & Ishan - latest,h1b,2026-07-18,18-Jul END,Frozen green peas (Safal),,180,,,
Shunyam & Ishan - latest,h1b,2026-07-18,18-Jul END,Ginger Blossom gut shot,,2,,,
Shunyam & Ishan - latest,h1b,2026-07-18,18-Jul END,Green olives (Del Monte),,100,,,
Shunyam & Ishan - latest,h1b,2026-07-18,18-Jul END,"Honey (Organic India, multifloral)",,2,,,
Shunyam & Ishan - latest,h1b,2026-07-18,18-Jul END,Honey / mango jam,,1,,,
Shunyam & Ishan - latest,h1b,2026-07-18,18-Jul END,"Hydration/electrolyte (Fast&Up, LiquidIV)",,50,,,
Shunyam & Ishan - latest,h1b,2026-07-18,18-Jul END,Moong dal,,250,,,
Shunyam & Ishan - latest,h1b,2026-07-18,18-Jul END,Multigrain atta,,2000,,,
Shunyam & Ishan - latest,h1b,2026-07-18,18-Jul END,Mustard / cooking oil,,250,,,
Shunyam & Ishan - latest,h1b,2026-07-18,18-Jul END,Mustard sauce,,100,,,
Shunyam & Ishan - latest,h1b,2026-07-18,18-Jul END,Oats (Alpino Super Oats),,0.5,,,
Shunyam & Ishan - latest,h1b,2026-07-18,18-Jul END,Olive oil (Borges Extra Virgin),,250,,,
Shunyam & Ishan - latest,h1b,2026-07-18,18-Jul END,Pizza/pasta seasoning (Keya oregano),,50,,,
Shunyam & Ishan - latest,h1b,2026-07-18,18-Jul END,Rajma (red kidney beans),,250,,,
Shunyam & Ishan - latest,h1b,2026-07-18,18-Jul END,Rice (Daawat basmati),,380,,,
Shunyam & Ishan - latest,h1b,2026-07-18,18-Jul END,Roasted chana,,100,,,
Shunyam & Ishan - latest,h1b,2026-07-18,18-Jul END,Schezwan chutney (Wok),,100,,,
Shunyam & Ishan - latest,h1b,2026-07-18,18-Jul END,Soda (Lehar),,750,,,
Shunyam & Ishan - latest,h1b,2026-07-18,18-Jul END,"Spices (pav-bhaji, chaat, hing, coriander pwd, black pepper, turmeric)",,50,,,
Shunyam & Ishan - latest,h1b,2026-07-18,18-Jul END,Tea (Catch chai + tea bags),,1,,,
Shunyam & Ishan - latest,h1b,2026-07-18,18-Jul END,Tomato ketchup,,200,,,
Shunyam & Ishan - latest,h1b,2026-07-18,18-Jul END,Veg mayonnaise (Dr Oetker FunFoods),,70,,,
Shunyam & Ishan - latest,h1b,2026-07-18,18-Jul END,Vinegar,,100,,,
Shunyam & Ishan - latest,h1b,2026-07-18,18-Jul END,Ginger garlic paste,,130,,,
Shunyam & Ishan - latest,h1b,2026-07-18,18-Jul END,Coriander powder,,40,,,
Shunyam & Ishan - latest,h1b,2026-07-18,18-Jul END,Kombucha,,1,,,
Shunyam & Ishan - latest,h1b,2026-07-18,18-Jul END,Urad dal,,250,,,
Shunyam & Ishan - latest,h1b,2026-07-18,18-Jul END,Chana dal,,250,,,
Shunyam & Ishan - latest,h1b,2026-07-18,18-Jul END,Sugar,,440,,,
Shunyam & Ishan - latest,h1b,2026-07-18,18-Jul END,Chaat masala,,100,,,
Shunyam & Ishan - latest,h1b,2026-07-18,18-Jul END,White dal (moong),,250,,,
Shunyam & Ishan - latest,h1b,2026-07-18,18-Jul END,Nilgiri red rice,,1000,,,
Shunyam & Ishan - latest,h1b,2026-07-18,18-Jul END,Aashirvaad atta (2kg),,2000,,,
Shunyam & Ishan - latest,h1b,2026-07-18,18-Jul END,Kabuli chana,,250,,,
Shunyam & Ishan - latest,h1b,2026-07-18,18-Jul END,Salt,,500,,,
Shunyam & Ishan - latest,h1b,2026-07-18,18-Jul END,Brown sugar,,250,,,
Shunyam & Ishan - latest,h1b,2026-07-18,18-Jul END,Sriracha sauce,,1,,,
Shunyam & Ishan - latest,h1b,2026-07-18,18-Jul END,Bay leaf / dried patta,,10,,,
Shunyam & Ishan - latest,h1b,2026-07-18,18-Jul END,Chilli flakes,,30,,,
Shunyam & Ishan - latest,h1b,2026-07-18,18-Jul END,Clove (laung),,20,,,
Shunyam & Ishan - latest,h1b,2026-07-18,18-Jul END,Poha,,170,,,
Shunyam & Ishan - latest,h1b,2026-07-18,18-Jul END,Biryani rice,,500,,,
Shunyam & Ishan - latest,h1b,2026-07-18,18-Jul END,Protein atta,,500,,,
Shunyam & Ishan - latest,h1b,2026-07-18,18-Jul END,Sabudana,,250,,,
Shunyam & Ishan - latest,h1b,2026-07-18,18-Jul END,Organic besan,,250,,,
Shunyam & Ishan - latest,h1b,2026-07-18,18-Jul END,Makhana,,100,,,
Shunyam & Ishan - latest,h1b,2026-07-18,18-Jul END,Rooh Afza,,1,,,
Shunyam & Ishan - latest,h1b,2026-07-18,18-Jul END,Manchurian sauce,,1,,,
Shunyam & Ishan - latest,h1b,2026-07-18,18-Jul END,Pav bhaji masala,,50,,,
Shunyam & Ishan - latest,h1b,2026-07-18,18-Jul END,Cheese & jalapeno spread,,1,,,
Shunyam & Ishan - latest,h1b,2026-07-18,18-Jul END,Chilli powder,,100,,,
Shunyam & Ishan - latest,h1b,2026-07-18,18-Jul END,Jeera,,200,,,
Shunyam & Ishan - latest,h1b,2026-07-18,18-Jul END,Turmeric powder,,100,,,
Shunyam & Ishan - latest,h1b,2026-07-18,18-Jul END,Black til (sesame),,50,,,
Shunyam & Ishan - latest,h1b,2026-07-18,18-Jul END,Elaichi (cardamom),,20,,,
Shunyam & Ishan - latest,h1b,2026-07-18,18-Jul END,Green tea,,1,,,
Shunyam & Ishan - latest,h1b,2026-07-18,18-Jul END,Green raisins,,100,,,
Shunyam & Ishan - latest,h1b,2026-07-18,18-Jul END,Black raisins,,100,,,
Shunyam & Ishan - latest,h1b,2026-07-18,18-Jul END,Chocolate oats,,1,,,
Shunyam & Ishan - latest,h1b,2026-07-18,18-Jul END,Garam masala,,50,,,
Shunyam & Ishan - latest,h1b,2026-07-18,18-Jul END,Corn starch,,100,,,
Shunyam & Ishan - latest,h1b,2026-07-18,18-Jul END,Frozen peas (unpeeled),,250,,,
Shunyam & Ishan - latest,h1b,2026-07-18,18-Jul END,Almond & cashew mix,,100,,,
Shunyam & Ishan - latest,h1b,2026-07-18,18-Jul END,Seed mixture,,100,,,
Shunyam & Ishan - latest,h1b,2026-07-18,18-Jul END,Mustard oil,,750,,,
Shunyam & Ishan - latest,h1b,2026-07-18,18-Jul END,Paprika powder,,1,,,
Shunyam & Ishan - latest,h1b,2026-07-18,18-Jul END,Peri peri sauce,,1,,,
Shunyam & Ishan - latest,h1b,2026-07-18,18-Jul END,Smoked paprika,,52,,,
Shunyam & Ishan - latest,h1b,2026-07-18,18-Jul END,Kasuri methi,,25,,,
Shunyam & Ishan - latest,h1b,2026-07-18,18-Jul END,Peanuts,,230,,,
Shunyam & Ishan - latest,h1b,2026-07-18,18-Jul END,Wheat pasta,,200,,,
Shunyam & Ishan - latest,h1b,2026-07-18,18-Jul END,Multi millet noodles,,50,,,
Shunyam & Ishan - latest,h1b,2026-07-18,18-Jul END,Sambar masala powder,,200,,,
Shunyam & Ishan - latest,h1b,2026-07-18,18-Jul END,Chicken breast (boneless),,150,,,
Shunyam & Ishan - latest,h1b,2026-07-18,18-Jul END,Onion,,620,,,
Shunyam & Ishan - latest,h1b,2026-07-18,18-Jul END,Tomato,,1200,,,
Shunyam & Ishan - latest,h1b,2026-07-18,18-Jul END,Green capsicum,,100,,,
Shunyam & Ishan - latest,h1b,2026-07-18,18-Jul END,Mint,,80,,,
Shunyam & Ishan - latest,h1b,2026-07-18,18-Jul END,Watermelon,,2000,,,
Shunyam & Ishan - latest,h1b,2026-07-18,18-Jul END,Broccoli,,200,,,
Shunyam & Ishan - latest,h1b,2026-07-18,18-Jul END,Yellaki banana,,350,,,
Shunyam & Ishan - latest,h1b,2026-07-18,18-Jul END,Feta cheese (Delecta),,50,,,
Shunyam & Ishan - latest,h1b,2026-07-18,18-Jul END,Saffron,,1,,,
Shunyam & Ishan - latest,h1b,2026-07-18,18-Jul END,Cinnamon,,8,,,
Shunyam & Ishan - latest,h1b,2026-07-18,18-Jul END,Vermicelli,,50,,,
Shunyam & Ishan - latest,h1b,2026-07-18,18-Jul END,Basmati rice,,450,,,
Shunyam & Ishan - latest,h1b,2026-07-18,18-Jul END,Cow milk (Akshayakalpa),,1.7,,,
Shunyam & Ishan - latest,h1b,2026-07-18,18-Jul END,Red bell pepper,,150,,,
Shunyam & Ishan - latest,h1b,2026-07-18,18-Jul END,Beans (French),,100,,,
Shunyam & Ishan - latest,h1b,2026-07-18,18-Jul END,Coriander,,70,,,
Pratik & Sakshi,h8,2026-07-17,17-Jul END (Fri after-lunch count + dinner),Ginger,,190,,,
Pratik & Sakshi,h8,2026-07-17,17-Jul END (Fri after-lunch count + dinner),Baby potato,,480,,,
Pratik & Sakshi,h8,2026-07-17,17-Jul END (Fri after-lunch count + dinner),Potato,,500,,,
Pratik & Sakshi,h8,2026-07-17,17-Jul END (Fri after-lunch count + dinner),Onion,,1260,,,
Pratik & Sakshi,h8,2026-07-17,17-Jul END (Fri after-lunch count + dinner),Sambar onion (shallots),,100,,,
Pratik & Sakshi,h8,2026-07-17,17-Jul END (Fri after-lunch count + dinner),Garlic,,390,,,
Pratik & Sakshi,h8,2026-07-17,17-Jul END (Fri after-lunch count + dinner),Kiwi,,300,,,
Pratik & Sakshi,h8,2026-07-17,17-Jul END (Fri after-lunch count + dinner),Avocado,,200,,,
Pratik & Sakshi,h8,2026-07-17,17-Jul END (Fri after-lunch count + dinner),Pomegranate,,400,,,
Pratik & Sakshi,h8,2026-07-17,17-Jul END (Fri after-lunch count + dinner),Banana,,3,,,
Pratik & Sakshi,h8,2026-07-17,17-Jul END (Fri after-lunch count + dinner),Cucumber,,200,,,
Pratik & Sakshi,h8,2026-07-17,17-Jul END (Fri after-lunch count + dinner),Green cucumber,,100,,,
Pratik & Sakshi,h8,2026-07-17,17-Jul END (Fri after-lunch count + dinner),Guava,,150,,,
Pratik & Sakshi,h8,2026-07-17,17-Jul END (Fri after-lunch count + dinner),Pear,,150,,,
Pratik & Sakshi,h8,2026-07-17,17-Jul END (Fri after-lunch count + dinner),Orange,,650,,,
Pratik & Sakshi,h8,2026-07-17,17-Jul END (Fri after-lunch count + dinner),Apple,,300,,,
Pratik & Sakshi,h8,2026-07-17,17-Jul END (Fri after-lunch count + dinner),Green capsicum,,260,,,
Pratik & Sakshi,h8,2026-07-17,17-Jul END (Fri after-lunch count + dinner),Red capsicum,,120,,,
Pratik & Sakshi,h8,2026-07-17,17-Jul END (Fri after-lunch count + dinner),Yellow capsicum,,100,,,
Pratik & Sakshi,h8,2026-07-17,17-Jul END (Fri after-lunch count + dinner),Red radish,,100,,,
Pratik & Sakshi,h8,2026-07-17,17-Jul END (Fri after-lunch count + dinner),Mint,,100,,,
Pratik & Sakshi,h8,2026-07-17,17-Jul END (Fri after-lunch count + dinner),Coriander (dhania),,200,,,
Pratik & Sakshi,h8,2026-07-17,17-Jul END (Fri after-lunch count + dinner),Button mushroom,,200,,,
Pratik & Sakshi,h8,2026-07-17,17-Jul END (Fri after-lunch count + dinner),Zucchini,,100,,,
Pratik & Sakshi,h8,2026-07-17,17-Jul END (Fri after-lunch count + dinner),Baby corn,,105,,,
Pratik & Sakshi,h8,2026-07-17,17-Jul END (Fri after-lunch count + dinner),Cabbage,,50,,,
Pratik & Sakshi,h8,2026-07-17,17-Jul END (Fri after-lunch count + dinner),Lemon,,500,,,
Pratik & Sakshi,h8,2026-07-17,17-Jul END (Fri after-lunch count + dinner),Basil,,50,,,
Pratik & Sakshi,h8,2026-07-17,17-Jul END (Fri after-lunch count + dinner),Bhaji mirch (green chilli),,60,,,
Pratik & Sakshi,h8,2026-07-17,17-Jul END (Fri after-lunch count + dinner),Spring onion,,100,,,
Pratik & Sakshi,h8,2026-07-17,17-Jul END (Fri after-lunch count + dinner),Spinach/Palak,,100,,,
Pratik & Sakshi,h8,2026-07-17,17-Jul END (Fri after-lunch count + dinner),Carrot,,350,,,
Pratik & Sakshi,h8,2026-07-17,17-Jul END (Fri after-lunch count + dinner),Tomato,,360,,,
Pratik & Sakshi,h8,2026-07-17,17-Jul END (Fri after-lunch count + dinner),Brinjal,,300,,,
Pratik & Sakshi,h8,2026-07-17,17-Jul END (Fri after-lunch count + dinner),Curry leaves,,95,,,
Pratik & Sakshi,h8,2026-07-17,17-Jul END (Fri after-lunch count + dinner),Sweet potato,,300,,,
Pratik & Sakshi,h8,2026-07-17,17-Jul END (Fri after-lunch count + dinner),Eggs,,18,,,
Pratik & Sakshi,h8,2026-07-17,17-Jul END (Fri after-lunch count + dinner),Paneer,,250,,,
Pratik & Sakshi,h8,2026-07-17,17-Jul END (Fri after-lunch count + dinner),Akshayakalpa Paneer,,200,,,
Pratik & Sakshi,h8,2026-07-17,17-Jul END (Fri after-lunch count + dinner),Homemade curd,,800,,,
Pratik & Sakshi,h8,2026-07-17,17-Jul END (Fri after-lunch count + dinner),Yogurt,,100,,,
Pratik & Sakshi,h8,2026-07-17,17-Jul END (Fri after-lunch count + dinner),Athena yogurt,,1,,,
Pratik & Sakshi,h8,2026-07-17,17-Jul END (Fri after-lunch count + dinner),Bocconcini,,1,,,
Pratik & Sakshi,h8,2026-07-17,17-Jul END (Fri after-lunch count + dinner),Tofu,,200,,,
Pratik & Sakshi,h8,2026-07-17,17-Jul END (Fri after-lunch count + dinner),Butter,,50,,,
Pratik & Sakshi,h8,2026-07-17,17-Jul END (Fri after-lunch count + dinner),Cheese,,150,,,
Pratik & Sakshi,h8,2026-07-17,17-Jul END (Fri after-lunch count + dinner),Gruyere cheese,,100,,,
Pratik & Sakshi,h8,2026-07-17,17-Jul END (Fri after-lunch count + dinner),Milk,,1000,,,
Pratik & Sakshi,h8,2026-07-17,17-Jul END (Fri after-lunch count + dinner),Blueberry,,125,,,
Pratik & Sakshi,h8,2026-07-17,17-Jul END (Fri after-lunch count + dinner),Unsweetened peanut butter,,1,,,
Pratik & Sakshi,h8,2026-07-17,17-Jul END (Fri after-lunch count + dinner),Edamame (frozen),,375,,,
Pratik & Sakshi,h8,2026-07-17,17-Jul END (Fri after-lunch count + dinner),Frozen peas,,375,,,
Pratik & Sakshi,h8,2026-07-17,17-Jul END (Fri after-lunch count + dinner),Frozen corn (sweet corn),,500,,,
Pratik & Sakshi,h8,2026-07-17,17-Jul END (Fri after-lunch count + dinner),Green peas (unpeeled),,150,,,
Pratik & Sakshi,h8,2026-07-17,17-Jul END (Fri after-lunch count + dinner),Onion petals,,1,,,
Pratik & Sakshi,h8,2026-07-17,17-Jul END (Fri after-lunch count + dinner),Shiitake mushroom,,1,,,
Pratik & Sakshi,h8,2026-07-17,17-Jul END (Fri after-lunch count + dinner),Jalapeno,,250,,,
Pratik & Sakshi,h8,2026-07-17,17-Jul END (Fri after-lunch count + dinner),Sesame oil,,250,,,
Pratik & Sakshi,h8,2026-07-17,17-Jul END (Fri after-lunch count + dinner),Sesame oil (Members Pick),,1000,,,
Pratik & Sakshi,h8,2026-07-17,17-Jul END (Fri after-lunch count + dinner),Extra virgin olive oil,,500,,,
Pratik & Sakshi,h8,2026-07-17,17-Jul END (Fri after-lunch count + dinner),Borges olive oil,,2000,,,
Pratik & Sakshi,h8,2026-07-17,17-Jul END (Fri after-lunch count + dinner),Groundnut oil (Saffola),,500,,,
Pratik & Sakshi,h8,2026-07-17,17-Jul END (Fri after-lunch count + dinner),Coconut oil,,0.5,,,
Pratik & Sakshi,h8,2026-07-17,17-Jul END (Fri after-lunch count + dinner),Fish sauce,,0.5,,,
Pratik & Sakshi,h8,2026-07-17,17-Jul END (Fri after-lunch count + dinner),Culinary Chinese rice wine,,1,,,
Pratik & Sakshi,h8,2026-07-17,17-Jul END (Fri after-lunch count + dinner),Soy sauce,,0.25,,,
Pratik & Sakshi,h8,2026-07-17,17-Jul END (Fri after-lunch count + dinner),Tomato ketchup (Kissan),,0.25,,,
Pratik & Sakshi,h8,2026-07-17,17-Jul END (Fri after-lunch count + dinner),Synthetic vinegar,,0.25,,,
Pratik & Sakshi,h8,2026-07-17,17-Jul END (Fri after-lunch count + dinner),Maple syrup,,0.25,,,
Pratik & Sakshi,h8,2026-07-17,17-Jul END (Fri after-lunch count + dinner),Corn syrup,,700,,,
Pratik & Sakshi,h8,2026-07-17,17-Jul END (Fri after-lunch count + dinner),Vanilla extract,,1,,,
Pratik & Sakshi,h8,2026-07-17,17-Jul END (Fri after-lunch count + dinner),Bourbon natural vanilla,,1,,,
Pratik & Sakshi,h8,2026-07-17,17-Jul END (Fri after-lunch count + dinner),Strawberry spread,,0.5,,,
Pratik & Sakshi,h8,2026-07-17,17-Jul END (Fri after-lunch count + dinner),Strawberry jam,,0.5,,,
Pratik & Sakshi,h8,2026-07-17,17-Jul END (Fri after-lunch count + dinner),Sundried tomatoes,,1,,,
Pratik & Sakshi,h8,2026-07-17,17-Jul END (Fri after-lunch count + dinner),Black olives,,0.75,,,
Pratik & Sakshi,h8,2026-07-17,17-Jul END (Fri after-lunch count + dinner),Green olives,,1,,,
Pratik & Sakshi,h8,2026-07-17,17-Jul END (Fri after-lunch count + dinner),Tahini paste (white),,500,,,
Pratik & Sakshi,h8,2026-07-17,17-Jul END (Fri after-lunch count + dinner),Hellmann mayonnaise,,125,,,
Pratik & Sakshi,h8,2026-07-17,17-Jul END (Fri after-lunch count + dinner),Chings Sriracha,,0.5,,,
Pratik & Sakshi,h8,2026-07-17,17-Jul END (Fri after-lunch count + dinner),Garlic powder,,55,,,
Pratik & Sakshi,h8,2026-07-17,17-Jul END (Fri after-lunch count + dinner),Almond milk (open),,200,,,
Pratik & Sakshi,h8,2026-07-17,17-Jul END (Fri after-lunch count + dinner),Almond milk (pack),,1,,,
Pratik & Sakshi,h8,2026-07-17,17-Jul END (Fri after-lunch count + dinner),Vanilla milkshake,,200,,,
Pratik & Sakshi,h8,2026-07-17,17-Jul END (Fri after-lunch count + dinner),Urban Platter coconut milk,,250,,,
Pratik & Sakshi,h8,2026-07-17,17-Jul END (Fri after-lunch count + dinner),Brown sugar,,300,,,
Pratik & Sakshi,h8,2026-07-17,17-Jul END (Fri after-lunch count + dinner),Desi Khandsari sugar,,500,,,
Pratik & Sakshi,h8,2026-07-17,17-Jul END (Fri after-lunch count + dinner),Sugar powder (open),,200,,,
Pratik & Sakshi,h8,2026-07-17,17-Jul END (Fri after-lunch count + dinner),Jaggery powder,,0.5,,,
Pratik & Sakshi,h8,2026-07-17,17-Jul END (Fri after-lunch count + dinner),Cocoa powder,,70,,,
Pratik & Sakshi,h8,2026-07-17,17-Jul END (Fri after-lunch count + dinner),Corn powder,,1,,,
Pratik & Sakshi,h8,2026-07-17,17-Jul END (Fri after-lunch count + dinner),Almond butter,,200,,,
Pratik & Sakshi,h8,2026-07-17,17-Jul END (Fri after-lunch count + dinner),Pistachios,,1,,,
Pratik & Sakshi,h8,2026-07-17,17-Jul END (Fri after-lunch count + dinner),Cashews,,250,,,
Pratik & Sakshi,h8,2026-07-17,17-Jul END (Fri after-lunch count + dinner),Chia seeds,,340,,,
Pratik & Sakshi,h8,2026-07-17,17-Jul END (Fri after-lunch count + dinner),Pumpkin seeds,,200,,,
Pratik & Sakshi,h8,2026-07-17,17-Jul END (Fri after-lunch count + dinner),Emmer wheat,,300,,,
Pratik & Sakshi,h8,2026-07-17,17-Jul END (Fri after-lunch count + dinner),Bajra atta,,500,,,
Pratik & Sakshi,h8,2026-07-17,17-Jul END (Fri after-lunch count + dinner),Bajra daliya,,1000,,,
Pratik & Sakshi,h8,2026-07-17,17-Jul END (Fri after-lunch count + dinner),Sharbati atta,,400,,,
Pratik & Sakshi,h8,2026-07-17,17-Jul END (Fri after-lunch count + dinner),High-protein atta,,1000,,,
Pratik & Sakshi,h8,2026-07-17,17-Jul END (Fri after-lunch count + dinner),Aashirwad atta,,2000,,,
Pratik & Sakshi,h8,2026-07-17,17-Jul END (Fri after-lunch count + dinner),10 on 10 whole wheat atta,,500,,,
Pratik & Sakshi,h8,2026-07-17,17-Jul END (Fri after-lunch count + dinner),Jowar flour,,750,,,
Pratik & Sakshi,h8,2026-07-17,17-Jul END (Fri after-lunch count + dinner),Barnyard millet,,1000,,,
Pratik & Sakshi,h8,2026-07-17,17-Jul END (Fri after-lunch count + dinner),Foxtail millet,,500,,,
Pratik & Sakshi,h8,2026-07-17,17-Jul END (Fri after-lunch count + dinner),Basmati rice,,2000,,,
Pratik & Sakshi,h8,2026-07-17,17-Jul END (Fri after-lunch count + dinner),Brown rice,,1000,,,
Pratik & Sakshi,h8,2026-07-17,17-Jul END (Fri after-lunch count + dinner),Brown rice (open),,100,,,
Pratik & Sakshi,h8,2026-07-17,17-Jul END (Fri after-lunch count + dinner),Quaker oats,,500,,,
Pratik & Sakshi,h8,2026-07-17,17-Jul END (Fri after-lunch count + dinner),Poha,,200,,,
Pratik & Sakshi,h8,2026-07-17,17-Jul END (Fri after-lunch count + dinner),Suji (organic),,500,,,
Pratik & Sakshi,h8,2026-07-17,17-Jul END (Fri after-lunch count + dinner),Quinoa (open),,700,,,
Pratik & Sakshi,h8,2026-07-17,17-Jul END (Fri after-lunch count + dinner),Sattu,,100,,,
Pratik & Sakshi,h8,2026-07-17,17-Jul END (Fri after-lunch count + dinner),Organic Sattu,,500,,,
Pratik & Sakshi,h8,2026-07-17,17-Jul END (Fri after-lunch count + dinner),Slurrp Farm Ragi,,1,,,
Pratik & Sakshi,h8,2026-07-17,17-Jul END (Fri after-lunch count + dinner),White rajma,,500,,,
Pratik & Sakshi,h8,2026-07-17,17-Jul END (Fri after-lunch count + dinner),White rajma (open),,100,,,
Pratik & Sakshi,h8,2026-07-17,17-Jul END (Fri after-lunch count + dinner),Chana dal,,200,,,
Pratik & Sakshi,h8,2026-07-17,17-Jul END (Fri after-lunch count + dinner),Royal Chana Dal,,1000,,,
Pratik & Sakshi,h8,2026-07-17,17-Jul END (Fri after-lunch count + dinner),Organic Green Moong,,500,,,
Pratik & Sakshi,h8,2026-07-17,17-Jul END (Fri after-lunch count + dinner),Pro Nature Moong,,500,,,
Pratik & Sakshi,h8,2026-07-17,17-Jul END (Fri after-lunch count + dinner),Moong dal,,500,,,
Pratik & Sakshi,h8,2026-07-17,17-Jul END (Fri after-lunch count + dinner),Open moong,,100,,,
Pratik & Sakshi,h8,2026-07-17,17-Jul END (Fri after-lunch count + dinner),Organic Arhar/Tur Dal,,1000,,,
Pratik & Sakshi,h8,2026-07-17,17-Jul END (Fri after-lunch count + dinner),Masoor dal (open),,100,,,
Pratik & Sakshi,h8,2026-07-17,17-Jul END (Fri after-lunch count + dinner),Urad black whole,,500,,,
Pratik & Sakshi,h8,2026-07-17,17-Jul END (Fri after-lunch count + dinner),Whole urad (open),,400,,,
Pratik & Sakshi,h8,2026-07-17,17-Jul END (Fri after-lunch count + dinner),Urad dal,,200,,,
Pratik & Sakshi,h8,2026-07-17,17-Jul END (Fri after-lunch count + dinner),Organic Cowpea (white),,500,,,
Pratik & Sakshi,h8,2026-07-17,17-Jul END (Fri after-lunch count + dinner),Chickpeas (open),,50,,,
Pratik & Sakshi,h8,2026-07-17,17-Jul END (Fri after-lunch count + dinner),Chole,,20,,,
Pratik & Sakshi,h8,2026-07-17,17-Jul END (Fri after-lunch count + dinner),Sabudana (open),,100,,,
Pratik & Sakshi,h8,2026-07-17,17-Jul END (Fri after-lunch count + dinner),Chaat masala,,100,,,
Pratik & Sakshi,h8,2026-07-17,17-Jul END (Fri after-lunch count + dinner),Mustard (yellow),,200,,,
Pratik & Sakshi,h8,2026-07-17,17-Jul END (Fri after-lunch count + dinner),Tej patta,,0.5,,,
Pratik & Sakshi,h8,2026-07-17,17-Jul END (Fri after-lunch count + dinner),Tamarind,,300,,,
Pratik & Sakshi,h8,2026-07-17,17-Jul END (Fri after-lunch count + dinner),Coriander powder (Double Parrot),,200,,,
Pratik & Sakshi,h8,2026-07-17,17-Jul END (Fri after-lunch count + dinner),Coriander powder (MTR),,100,,,
Pratik & Sakshi,h8,2026-07-17,17-Jul END (Fri after-lunch count + dinner),Turmeric powder,,100,,,
Pratik & Sakshi,h8,2026-07-17,17-Jul END (Fri after-lunch count + dinner),MTR Kashmiri chilli powder,,250,,,
Pratik & Sakshi,h8,2026-07-17,17-Jul END (Fri after-lunch count + dinner),Black pepper (whole),,100,,,
Pratik & Sakshi,h8,2026-07-17,17-Jul END (Fri after-lunch count + dinner),Dried red chilli,,0.5,,,
Pratik & Sakshi,h8,2026-07-17,17-Jul END (Fri after-lunch count + dinner),Red chilli powder,,100,,,
Pratik & Sakshi,h8,2026-07-17,17-Jul END (Fri after-lunch count + dinner),White sesame seeds,,100,,,
Pratik & Sakshi,h8,2026-07-17,17-Jul END (Fri after-lunch count + dinner),Borges penne pasta,,350,,,
Pratik & Sakshi,h8,2026-07-17,17-Jul END (Fri after-lunch count + dinner),Milk bread,,2,,,
Pratik & Sakshi,h8,2026-07-17,17-Jul END (Fri after-lunch count + dinner),Bread crisps,,0.75,,,
Pratik & Sakshi,h8,2026-07-17,17-Jul END (Fri after-lunch count + dinner),Food colours (Blue/Yellow/Green),,3,,,
Pratik & Sakshi,h8,2026-07-17,17-Jul END (Fri after-lunch count + dinner),Green chilli,,100,,,
Pratik & Sakshi,h8,2026-07-17,17-Jul END (Fri after-lunch count + dinner),Thai guava,,200,,,
Pratik & Sakshi,h8,2026-07-17,17-Jul END (Fri after-lunch count + dinner),Milk (Heritage),,500,,,
Pratik & Sakshi,h8,2026-07-17,17-Jul END (Fri after-lunch count + dinner),Cauliflower,,500,,,
Pratik & Sakshi,h8,2026-07-17,17-Jul END (Fri after-lunch count + dinner),Flax seeds,,250,,,
Pratik & Sakshi,h8,2026-07-17,17-Jul END (Fri after-lunch count + dinner),Sunflower seeds,,200,,,
Pratik & Sakshi,h8,2026-07-17,17-Jul END (Fri after-lunch count + dinner),White label sugar,,1000,,,
Pratik & Sakshi,h8,2026-07-17,17-Jul END (Fri after-lunch count + dinner),Suji (rava),,1000,,,
Pratik & Sakshi,h8,2026-07-17,17-Jul END (Fri after-lunch count + dinner),Jeera (cumin),,200,,,
Pratik & Sakshi,h8,2026-07-17,17-Jul END (Fri after-lunch count + dinner),Maida,,500,,,
Pratik & Sakshi,h8,2026-07-17,17-Jul END (Fri after-lunch count + dinner),Gobbleright quinoa beetroot,,2,,,
Pratik & Sakshi,h8,2026-07-17,17-Jul END (Fri after-lunch count + dinner),Gobbleright spinach quinoa,,1,,,
Pratik & Sakshi,h8,2026-07-17,17-Jul END (Fri after-lunch count + dinner),Dates,,250,,,
Pratik & Sakshi,h8,2026-07-17,17-Jul END (Fri after-lunch count + dinner),Protein powder,,400,,,
Pratik & Sakshi,h8,2026-07-17,17-Jul END (Fri after-lunch count + dinner),Beetroot,,300,,,
Pratik & Sakshi,h8,2026-07-17,17-Jul END (Fri after-lunch count + dinner),Cheese slices,,250,,,
Pratik & Sakshi,h8,2026-07-17,17-Jul END (Fri after-lunch count + dinner),Tofu (soft),,150,,,
Pratik & Sakshi,h8,2026-07-17,17-Jul END (Fri after-lunch count + dinner),Yelakki banana,,250,,,
Pratik & Sakshi,h8,2026-07-17,17-Jul END (Fri after-lunch count + dinner),Mango,,600,,,
Pratik & Sakshi,h8,2026-07-17,17-Jul END (Fri after-lunch count + dinner),Skyr,,2,,,
Pratik & Sakshi,h8,2026-07-17,17-Jul END (Fri after-lunch count + dinner),Paneer (Akshayakalpa),,200,,,
Pratik & Sakshi,h8,2026-07-17,17-Jul END (Fri after-lunch count + dinner),Soft tofu,,200,,,
Pratik & Sakshi,h8,2026-07-17,17-Jul END (Fri after-lunch count + dinner),Sourdough bread,,200,,,
Pratik & Sakshi,h8,2026-07-17,17-Jul END (Fri after-lunch count + dinner),Pink guava,,100,,,
Pratik & Sakshi,h8,2026-07-17,17-Jul END (Fri after-lunch count + dinner),Zero maida bread,,400,,,
Pratik & Sakshi,h8,2026-07-17,17-Jul END (Fri after-lunch count + dinner),Hard tofu,,400,,,
Pratik & Sakshi,h8,2026-07-17,17-Jul END (Fri after-lunch count + dinner),Homemade paneer,,500,,,
Pratik & Sakshi,h8,2026-07-17,17-Jul END (Fri after-lunch count + dinner),Eggplant,,300,,,
Pratik & Sakshi,h8,2026-07-17,17-Jul END (Fri after-lunch count + dinner),Muskmelon,,800,,,
Pratik & Sakshi,h8,2026-07-17,17-Jul END (Fri after-lunch count + dinner),Beans,,150,,,
Pratik & Sakshi,h8,2026-07-17,17-Jul END (Fri after-lunch count + dinner),Besan (DeHaat),,500,,,
Paxal & Sana,h7,2026-07-18,18-Jul END (Sat after-meals count — override),Cabbage,,250,,,
Paxal & Sana,h7,2026-07-18,18-Jul END (Sat after-meals count — override),Carrot,,105,,,
Paxal & Sana,h7,2026-07-18,18-Jul END (Sat after-meals count — override),Coriander (dhania),,80,,,
Paxal & Sana,h7,2026-07-18,18-Jul END (Sat after-meals count — override),Cucumber,,200,,,
Paxal & Sana,h7,2026-07-18,18-Jul END (Sat after-meals count — override),Garlic,,450,,,
Paxal & Sana,h7,2026-07-18,18-Jul END (Sat after-meals count — override),Onion,,800,,,
Paxal & Sana,h7,2026-07-18,18-Jul END (Sat after-meals count — override),Paneer,,200,,,
Paxal & Sana,h7,2026-07-18,18-Jul END (Sat after-meals count — override),Tomato,,100,,,
Paxal & Sana,h7,2026-07-18,18-Jul END (Sat after-meals count — override),Mint,,80,,,
Paxal & Sana,h7,2026-07-18,18-Jul END (Sat after-meals count — override),Potato,,800,,,
Paxal & Sana,h7,2026-07-18,18-Jul END (Sat after-meals count — override),Spring onion,,100,,,
Paxal & Sana,h7,2026-07-18,18-Jul END (Sat after-meals count — override),Sweet corn,,100,,,
Paxal & Sana,h7,2026-07-18,18-Jul END (Sat after-meals count — override),Curd,,400,,,
Paxal & Sana,h7,2026-07-18,18-Jul END (Sat after-meals count — override),Pooja coconut (whole),,1,,,
Paxal & Sana,h7,2026-07-18,18-Jul END (Sat after-meals count — override),Yuzu kombucha,,200,,,
Paxal & Sana,h7,2026-07-18,18-Jul END (Sat after-meals count — override),Garam masala,,100,,,
Paxal & Sana,h7,2026-07-18,18-Jul END (Sat after-meals count — override),White label sugar,,1000,,,
Paxal & Sana,h7,2026-07-18,18-Jul END (Sat after-meals count — override),Ghee pouch,,1000,,,
Paxal & Sana,h7,2026-07-18,18-Jul END (Sat after-meals count — override),Tata salt,,1000,,,
Paxal & Sana,h7,2026-07-18,18-Jul END (Sat after-meals count — override),Skimmed milk,,1,,,
Paxal & Sana,h7,2026-07-18,18-Jul END (Sat after-meals count — override),Skyr,,225,,,
Pratik & Sakshi,h8,2026-07-18,18-Jul END (Sat after-lunch count + dinner),Ginger,,200,,,
Pratik & Sakshi,h8,2026-07-18,18-Jul END (Sat after-lunch count + dinner),Baby potato,,500,,,
Pratik & Sakshi,h8,2026-07-18,18-Jul END (Sat after-lunch count + dinner),Potato,,300,,,
Pratik & Sakshi,h8,2026-07-18,18-Jul END (Sat after-lunch count + dinner),Onion,,950,,,
Pratik & Sakshi,h8,2026-07-18,18-Jul END (Sat after-lunch count + dinner),Garlic,,375,,,
Pratik & Sakshi,h8,2026-07-18,18-Jul END (Sat after-lunch count + dinner),Kiwi,,225,,,
Pratik & Sakshi,h8,2026-07-18,18-Jul END (Sat after-lunch count + dinner),Pomegranate,,400,,,
Pratik & Sakshi,h8,2026-07-18,18-Jul END (Sat after-lunch count + dinner),Cucumber,,200,,,
Pratik & Sakshi,h8,2026-07-18,18-Jul END (Sat after-lunch count + dinner),Guava,,100,,,
Pratik & Sakshi,h8,2026-07-18,18-Jul END (Sat after-lunch count + dinner),Pear,,150,,,
Pratik & Sakshi,h8,2026-07-18,18-Jul END (Sat after-lunch count + dinner),Orange,,650,,,
Pratik & Sakshi,h8,2026-07-18,18-Jul END (Sat after-lunch count + dinner),Apple,,150,,,
Pratik & Sakshi,h8,2026-07-18,18-Jul END (Sat after-lunch count + dinner),Green capsicum,,550,,,
Pratik & Sakshi,h8,2026-07-18,18-Jul END (Sat after-lunch count + dinner),Red capsicum,,120,,,
Pratik & Sakshi,h8,2026-07-18,18-Jul END (Sat after-lunch count + dinner),Yellow capsicum,,100,,,
Pratik & Sakshi,h8,2026-07-18,18-Jul END (Sat after-lunch count + dinner),Red radish,,100,,,
Pratik & Sakshi,h8,2026-07-18,18-Jul END (Sat after-lunch count + dinner),Mint,,100,,,
Pratik & Sakshi,h8,2026-07-18,18-Jul END (Sat after-lunch count + dinner),Coriander (dhania),,150,,,
Pratik & Sakshi,h8,2026-07-18,18-Jul END (Sat after-lunch count + dinner),Baby corn,,105,,,
Pratik & Sakshi,h8,2026-07-18,18-Jul END (Sat after-lunch count + dinner),Lemon,,350,,,
Pratik & Sakshi,h8,2026-07-18,18-Jul END (Sat after-lunch count + dinner),Carrot,,350,,,
Pratik & Sakshi,h8,2026-07-18,18-Jul END (Sat after-lunch count + dinner),Curry leaves,,25,,,
Pratik & Sakshi,h8,2026-07-18,18-Jul END (Sat after-lunch count + dinner),Sweet potato,,300,,,
Pratik & Sakshi,h8,2026-07-18,18-Jul END (Sat after-lunch count + dinner),Eggs,,18,,,
Pratik & Sakshi,h8,2026-07-18,18-Jul END (Sat after-lunch count + dinner),Athena yogurt,,0.5,,,
Pratik & Sakshi,h8,2026-07-18,18-Jul END (Sat after-lunch count + dinner),Tofu,,200,,,
Pratik & Sakshi,h8,2026-07-18,18-Jul END (Sat after-lunch count + dinner),Butter,,50,,,
Pratik & Sakshi,h8,2026-07-18,18-Jul END (Sat after-lunch count + dinner),Milk,,1000,,,
Pratik & Sakshi,h8,2026-07-18,18-Jul END (Sat after-lunch count + dinner),Blueberry,,125,,,
Pratik & Sakshi,h8,2026-07-18,18-Jul END (Sat after-lunch count + dinner),Unsweetened peanut butter,,1,,,
Pratik & Sakshi,h8,2026-07-18,18-Jul END (Sat after-lunch count + dinner),Edamame (frozen),,375,,,
Pratik & Sakshi,h8,2026-07-18,18-Jul END (Sat after-lunch count + dinner),Frozen peas,,50,,,
Pratik & Sakshi,h8,2026-07-18,18-Jul END (Sat after-lunch count + dinner),Frozen corn (sweet corn),,500,,,
Pratik & Sakshi,h8,2026-07-18,18-Jul END (Sat after-lunch count + dinner),Jalapeno,,250,,,
Pratik & Sakshi,h8,2026-07-18,18-Jul END (Sat after-lunch count + dinner),Sesame oil,,250,,,
Pratik & Sakshi,h8,2026-07-18,18-Jul END (Sat after-lunch count + dinner),Sesame oil (Members Pick),,1000,,,
Pratik & Sakshi,h8,2026-07-18,18-Jul END (Sat after-lunch count + dinner),Extra virgin olive oil,,500,,,
Pratik & Sakshi,h8,2026-07-18,18-Jul END (Sat after-lunch count + dinner),Borges olive oil,,2000,,,
Pratik & Sakshi,h8,2026-07-18,18-Jul END (Sat after-lunch count + dinner),Groundnut oil (Saffola),,500,,,
Pratik & Sakshi,h8,2026-07-18,18-Jul END (Sat after-lunch count + dinner),Coconut oil,,0.5,,,
Pratik & Sakshi,h8,2026-07-18,18-Jul END (Sat after-lunch count + dinner),Fish sauce,,0.5,,,
Pratik & Sakshi,h8,2026-07-18,18-Jul END (Sat after-lunch count + dinner),Culinary Chinese rice wine,,1,,,
Pratik & Sakshi,h8,2026-07-18,18-Jul END (Sat after-lunch count + dinner),Soy sauce,,0.25,,,
Pratik & Sakshi,h8,2026-07-18,18-Jul END (Sat after-lunch count + dinner),Tomato ketchup (Kissan),,0.25,,,
Pratik & Sakshi,h8,2026-07-18,18-Jul END (Sat after-lunch count + dinner),Synthetic vinegar,,0.25,,,
Pratik & Sakshi,h8,2026-07-18,18-Jul END (Sat after-lunch count + dinner),Maple syrup,,0.25,,,
Pratik & Sakshi,h8,2026-07-18,18-Jul END (Sat after-lunch count + dinner),Corn syrup,,700,,,
Pratik & Sakshi,h8,2026-07-18,18-Jul END (Sat after-lunch count + dinner),Vanilla extract,,1,,,
Pratik & Sakshi,h8,2026-07-18,18-Jul END (Sat after-lunch count + dinner),Bourbon natural vanilla,,1,,,
Pratik & Sakshi,h8,2026-07-18,18-Jul END (Sat after-lunch count + dinner),Strawberry spread,,0.5,,,
Pratik & Sakshi,h8,2026-07-18,18-Jul END (Sat after-lunch count + dinner),Strawberry jam,,0.5,,,
Pratik & Sakshi,h8,2026-07-18,18-Jul END (Sat after-lunch count + dinner),Sundried tomatoes,,1,,,
Pratik & Sakshi,h8,2026-07-18,18-Jul END (Sat after-lunch count + dinner),Black olives,,0.75,,,
Pratik & Sakshi,h8,2026-07-18,18-Jul END (Sat after-lunch count + dinner),Green olives,,1,,,
Pratik & Sakshi,h8,2026-07-18,18-Jul END (Sat after-lunch count + dinner),Tahini paste (white),,500,,,
Pratik & Sakshi,h8,2026-07-18,18-Jul END (Sat after-lunch count + dinner),Hellmann mayonnaise,,125,,,
Pratik & Sakshi,h8,2026-07-18,18-Jul END (Sat after-lunch count + dinner),Chings Sriracha,,0.5,,,
Pratik & Sakshi,h8,2026-07-18,18-Jul END (Sat after-lunch count + dinner),Garlic powder,,55,,,
Pratik & Sakshi,h8,2026-07-18,18-Jul END (Sat after-lunch count + dinner),Almond milk (open),,200,,,
Pratik & Sakshi,h8,2026-07-18,18-Jul END (Sat after-lunch count + dinner),Almond milk (pack),,1,,,
Pratik & Sakshi,h8,2026-07-18,18-Jul END (Sat after-lunch count + dinner),Vanilla milkshake,,200,,,
Pratik & Sakshi,h8,2026-07-18,18-Jul END (Sat after-lunch count + dinner),Urban Platter coconut milk,,250,,,
Pratik & Sakshi,h8,2026-07-18,18-Jul END (Sat after-lunch count + dinner),Brown sugar,,300,,,
Pratik & Sakshi,h8,2026-07-18,18-Jul END (Sat after-lunch count + dinner),Desi Khandsari sugar,,500,,,
Pratik & Sakshi,h8,2026-07-18,18-Jul END (Sat after-lunch count + dinner),Sugar powder (open),,200,,,
Pratik & Sakshi,h8,2026-07-18,18-Jul END (Sat after-lunch count + dinner),Jaggery powder,,0.5,,,
Pratik & Sakshi,h8,2026-07-18,18-Jul END (Sat after-lunch count + dinner),Cocoa powder,,70,,,
Pratik & Sakshi,h8,2026-07-18,18-Jul END (Sat after-lunch count + dinner),Corn powder,,1,,,
Pratik & Sakshi,h8,2026-07-18,18-Jul END (Sat after-lunch count + dinner),Almond butter,,200,,,
Pratik & Sakshi,h8,2026-07-18,18-Jul END (Sat after-lunch count + dinner),Pistachios,,201,,,
Pratik & Sakshi,h8,2026-07-18,18-Jul END (Sat after-lunch count + dinner),Cashews,,250,,,
Pratik & Sakshi,h8,2026-07-18,18-Jul END (Sat after-lunch count + dinner),Chia seeds,,340,,,
Pratik & Sakshi,h8,2026-07-18,18-Jul END (Sat after-lunch count + dinner),Pumpkin seeds,,200,,,
Pratik & Sakshi,h8,2026-07-18,18-Jul END (Sat after-lunch count + dinner),Emmer wheat,,300,,,
Pratik & Sakshi,h8,2026-07-18,18-Jul END (Sat after-lunch count + dinner),Bajra atta,,500,,,
Pratik & Sakshi,h8,2026-07-18,18-Jul END (Sat after-lunch count + dinner),Bajra daliya,,1000,,,
Pratik & Sakshi,h8,2026-07-18,18-Jul END (Sat after-lunch count + dinner),Sharbati atta,,400,,,
Pratik & Sakshi,h8,2026-07-18,18-Jul END (Sat after-lunch count + dinner),High-protein atta,,1000,,,
Pratik & Sakshi,h8,2026-07-18,18-Jul END (Sat after-lunch count + dinner),Aashirwad atta,,2000,,,
Pratik & Sakshi,h8,2026-07-18,18-Jul END (Sat after-lunch count + dinner),10 on 10 whole wheat atta,,500,,,
Pratik & Sakshi,h8,2026-07-18,18-Jul END (Sat after-lunch count + dinner),Jowar flour,,750,,,
Pratik & Sakshi,h8,2026-07-18,18-Jul END (Sat after-lunch count + dinner),Barnyard millet,,1000,,,
Pratik & Sakshi,h8,2026-07-18,18-Jul END (Sat after-lunch count + dinner),Foxtail millet,,500,,,
Pratik & Sakshi,h8,2026-07-18,18-Jul END (Sat after-lunch count + dinner),Basmati rice,,2000,,,
Pratik & Sakshi,h8,2026-07-18,18-Jul END (Sat after-lunch count + dinner),Brown rice,,1000,,,
Pratik & Sakshi,h8,2026-07-18,18-Jul END (Sat after-lunch count + dinner),Brown rice (open),,100,,,
Pratik & Sakshi,h8,2026-07-18,18-Jul END (Sat after-lunch count + dinner),Quaker oats,,500,,,
Pratik & Sakshi,h8,2026-07-18,18-Jul END (Sat after-lunch count + dinner),Poha,,200,,,
Pratik & Sakshi,h8,2026-07-18,18-Jul END (Sat after-lunch count + dinner),Suji (organic),,500,,,
Pratik & Sakshi,h8,2026-07-18,18-Jul END (Sat after-lunch count + dinner),Quinoa (open),,700,,,
Pratik & Sakshi,h8,2026-07-18,18-Jul END (Sat after-lunch count + dinner),Sattu,,100,,,
Pratik & Sakshi,h8,2026-07-18,18-Jul END (Sat after-lunch count + dinner),Organic Sattu,,500,,,
Pratik & Sakshi,h8,2026-07-18,18-Jul END (Sat after-lunch count + dinner),Slurrp Farm Ragi,,1,,,
Pratik & Sakshi,h8,2026-07-18,18-Jul END (Sat after-lunch count + dinner),White rajma,,500,,,
Pratik & Sakshi,h8,2026-07-18,18-Jul END (Sat after-lunch count + dinner),White rajma (open),,100,,,
Pratik & Sakshi,h8,2026-07-18,18-Jul END (Sat after-lunch count + dinner),Chana dal,,200,,,
Pratik & Sakshi,h8,2026-07-18,18-Jul END (Sat after-lunch count + dinner),Royal Chana Dal,,1000,,,
Pratik & Sakshi,h8,2026-07-18,18-Jul END (Sat after-lunch count + dinner),Organic Green Moong,,500,,,
Pratik & Sakshi,h8,2026-07-18,18-Jul END (Sat after-lunch count + dinner),Pro Nature Moong,,500,,,
Pratik & Sakshi,h8,2026-07-18,18-Jul END (Sat after-lunch count + dinner),Moong dal,,500,,,
Pratik & Sakshi,h8,2026-07-18,18-Jul END (Sat after-lunch count + dinner),Open moong,,100,,,
Pratik & Sakshi,h8,2026-07-18,18-Jul END (Sat after-lunch count + dinner),Organic Arhar/Tur Dal,,1000,,,
Pratik & Sakshi,h8,2026-07-18,18-Jul END (Sat after-lunch count + dinner),Masoor dal (open),,100,,,
Pratik & Sakshi,h8,2026-07-18,18-Jul END (Sat after-lunch count + dinner),Urad black whole,,500,,,
Pratik & Sakshi,h8,2026-07-18,18-Jul END (Sat after-lunch count + dinner),Whole urad (open),,400,,,
Pratik & Sakshi,h8,2026-07-18,18-Jul END (Sat after-lunch count + dinner),Urad dal,,200,,,
Pratik & Sakshi,h8,2026-07-18,18-Jul END (Sat after-lunch count + dinner),Organic Cowpea (white),,500,,,
Pratik & Sakshi,h8,2026-07-18,18-Jul END (Sat after-lunch count + dinner),Chickpeas (open),,50,,,
Pratik & Sakshi,h8,2026-07-18,18-Jul END (Sat after-lunch count + dinner),Chole,,20,,,
Pratik & Sakshi,h8,2026-07-18,18-Jul END (Sat after-lunch count + dinner),Sabudana (open),,100,,,
Pratik & Sakshi,h8,2026-07-18,18-Jul END (Sat after-lunch count + dinner),Chaat masala,,100,,,
Pratik & Sakshi,h8,2026-07-18,18-Jul END (Sat after-lunch count + dinner),Mustard (yellow),,200,,,
Pratik & Sakshi,h8,2026-07-18,18-Jul END (Sat after-lunch count + dinner),Tej patta,,0.5,,,
Pratik & Sakshi,h8,2026-07-18,18-Jul END (Sat after-lunch count + dinner),Tamarind,,300,,,
Pratik & Sakshi,h8,2026-07-18,18-Jul END (Sat after-lunch count + dinner),Coriander powder (Double Parrot),,200,,,
Pratik & Sakshi,h8,2026-07-18,18-Jul END (Sat after-lunch count + dinner),Coriander powder (MTR),,100,,,
Pratik & Sakshi,h8,2026-07-18,18-Jul END (Sat after-lunch count + dinner),Turmeric powder,,100,,,
Pratik & Sakshi,h8,2026-07-18,18-Jul END (Sat after-lunch count + dinner),MTR Kashmiri chilli powder,,250,,,
Pratik & Sakshi,h8,2026-07-18,18-Jul END (Sat after-lunch count + dinner),Black pepper (whole),,100,,,
Pratik & Sakshi,h8,2026-07-18,18-Jul END (Sat after-lunch count + dinner),Dried red chilli,,0.5,,,
Pratik & Sakshi,h8,2026-07-18,18-Jul END (Sat after-lunch count + dinner),Red chilli powder,,100,,,
Pratik & Sakshi,h8,2026-07-18,18-Jul END (Sat after-lunch count + dinner),White sesame seeds,,100,,,
Pratik & Sakshi,h8,2026-07-18,18-Jul END (Sat after-lunch count + dinner),Borges penne pasta,,350,,,
Pratik & Sakshi,h8,2026-07-18,18-Jul END (Sat after-lunch count + dinner),Milk bread,,2,,,
Pratik & Sakshi,h8,2026-07-18,18-Jul END (Sat after-lunch count + dinner),Bread crisps,,0.75,,,
Pratik & Sakshi,h8,2026-07-18,18-Jul END (Sat after-lunch count + dinner),Food colours (Blue/Yellow/Green),,3,,,
Pratik & Sakshi,h8,2026-07-18,18-Jul END (Sat after-lunch count + dinner),Green chilli,,100,,,
Pratik & Sakshi,h8,2026-07-18,18-Jul END (Sat after-lunch count + dinner),Milk (Heritage),,500,,,
Pratik & Sakshi,h8,2026-07-18,18-Jul END (Sat after-lunch count + dinner),Cauliflower,,500,,,
Pratik & Sakshi,h8,2026-07-18,18-Jul END (Sat after-lunch count + dinner),Flax seeds,,250,,,
Pratik & Sakshi,h8,2026-07-18,18-Jul END (Sat after-lunch count + dinner),Sunflower seeds,,200,,,
Pratik & Sakshi,h8,2026-07-18,18-Jul END (Sat after-lunch count + dinner),White label sugar,,1000,,,
Pratik & Sakshi,h8,2026-07-18,18-Jul END (Sat after-lunch count + dinner),Suji (rava),,1000,,,
Pratik & Sakshi,h8,2026-07-18,18-Jul END (Sat after-lunch count + dinner),Jeera (cumin),,200,,,
Pratik & Sakshi,h8,2026-07-18,18-Jul END (Sat after-lunch count + dinner),Maida,,500,,,
Pratik & Sakshi,h8,2026-07-18,18-Jul END (Sat after-lunch count + dinner),Gobbleright quinoa beetroot,,1,,,
Pratik & Sakshi,h8,2026-07-18,18-Jul END (Sat after-lunch count + dinner),Gobbleright spinach quinoa,,1,,,
Pratik & Sakshi,h8,2026-07-18,18-Jul END (Sat after-lunch count + dinner),Dates,,100,,,
Pratik & Sakshi,h8,2026-07-18,18-Jul END (Sat after-lunch count + dinner),Protein powder,,400,,,
Pratik & Sakshi,h8,2026-07-18,18-Jul END (Sat after-lunch count + dinner),Beetroot,,300,,,
Pratik & Sakshi,h8,2026-07-18,18-Jul END (Sat after-lunch count + dinner),Yelakki banana,,250,,,
Pratik & Sakshi,h8,2026-07-18,18-Jul END (Sat after-lunch count + dinner),Paneer (Akshayakalpa),,200,,,
Pratik & Sakshi,h8,2026-07-18,18-Jul END (Sat after-lunch count + dinner),Sourdough bread,,200,,,
Pratik & Sakshi,h8,2026-07-18,18-Jul END (Sat after-lunch count + dinner),Zero maida bread,,400,,,
Pratik & Sakshi,h8,2026-07-18,18-Jul END (Sat after-lunch count + dinner),Homemade paneer,,200,,,
Pratik & Sakshi,h8,2026-07-18,18-Jul END (Sat after-lunch count + dinner),Eggplant,,300,,,
Pratik & Sakshi,h8,2026-07-18,18-Jul END (Sat after-lunch count + dinner),Muskmelon,,800,,,
Pratik & Sakshi,h8,2026-07-18,18-Jul END (Sat after-lunch count + dinner),Besan (DeHaat),,500,,,
Pratik & Sakshi,h8,2026-07-18,18-Jul END (Sat after-lunch count + dinner),Dill leaves,,100,,,
Pratik & Sakshi,h8,2026-07-18,18-Jul END (Sat after-lunch count + dinner),Blackberry,,100,,,
Pratik & Sakshi,h8,2026-07-18,18-Jul END (Sat after-lunch count + dinner),Strawberry,,200,,,
Pratik & Sakshi,h8,2026-07-18,18-Jul END (Sat after-lunch count + dinner),Bhaji mirch,,60,,,
Pratik & Sakshi,h8,2026-07-18,18-Jul END (Sat after-lunch count + dinner),Raisins,,100,,,
Pratik & Sakshi,h8,2026-07-18,18-Jul END (Sat after-lunch count + dinner),Black raisins,,250,,,
Pratik & Sakshi,h8,2026-07-18,18-Jul END (Sat after-lunch count + dinner),Jowar atta,,100,,,
Disha & Anirudh,h3,2026-07-18,18-Jul END (order+meals),Cabbage,,250,,,
Disha & Anirudh,h3,2026-07-18,18-Jul END (order+meals),Carrot,,130,,,
Disha & Anirudh,h3,2026-07-18,18-Jul END (order+meals),Coriander (dhania),,70,,,
Disha & Anirudh,h3,2026-07-18,18-Jul END (order+meals),Cucumber,,150,,,
Disha & Anirudh,h3,2026-07-18,18-Jul END (order+meals),Garlic,,10,,,
Disha & Anirudh,h3,2026-07-18,18-Jul END (order+meals),Ginger,,80,,,
Disha & Anirudh,h3,2026-07-18,18-Jul END (order+meals),Green capsicum,,100,,,
Disha & Anirudh,h3,2026-07-18,18-Jul END (order+meals),Lemon,,460,,,
Disha & Anirudh,h3,2026-07-18,18-Jul END (order+meals),Lettuce,,310,,,
Disha & Anirudh,h3,2026-07-18,18-Jul END (order+meals),Mint,,90,,,
Disha & Anirudh,h3,2026-07-18,18-Jul END (order+meals),Onion,,1120,,,
Disha & Anirudh,h3,2026-07-18,18-Jul END (order+meals),Red capsicum,,50,,,
Disha & Anirudh,h3,2026-07-18,18-Jul END (order+meals),Spring onion,,15,,,
Disha & Anirudh,h3,2026-07-18,18-Jul END (order+meals),Tomato,,340,,,
Disha & Anirudh,h3,2026-07-18,18-Jul END (order+meals),Yellow capsicum,,50,,,
Disha & Anirudh,h3,2026-07-18,18-Jul END (order+meals),Tea leaves,,1,,,
Disha & Anirudh,h3,2026-07-18,18-Jul END (order+meals),Bread,,280,,,
Disha & Anirudh,h3,2026-07-18,18-Jul END (order+meals),Butter,,50,,,
Disha & Anirudh,h3,2026-07-18,18-Jul END (order+meals),Feta cheese (block),,1.5,,,
Disha & Anirudh,h3,2026-07-18,18-Jul END (order+meals),Milk (Amul),,3.8,,,
Disha & Anirudh,h3,2026-07-18,18-Jul END (order+meals),Milky Mist skyr,,0.5,,,
Disha & Anirudh,h3,2026-07-18,18-Jul END (order+meals),Masoor dal,,500,,,
Disha & Anirudh,h3,2026-07-18,18-Jul END (order+meals),Rajma,,500,,,
Disha & Anirudh,h3,2026-07-18,18-Jul END (order+meals),Eggs,,3,,,
Disha & Anirudh,h3,2026-07-18,18-Jul END (order+meals),Green chilli,,95,,,
Disha & Anirudh,h3,2026-07-18,18-Jul END (order+meals),Sweet corn,,150,,,
Disha & Anirudh,h3,2026-07-18,18-Jul END (order+meals),Lactose-free milk,,1,,,
Disha & Anirudh,h3,2026-07-18,18-Jul END (order+meals),Mayo,,1.5,,,
Disha & Anirudh,h3,2026-07-18,18-Jul END (order+meals),Olives,,0.5,,,
Disha & Anirudh,h3,2026-07-18,18-Jul END (order+meals),Sriracha (regular),,0.1,,,
Disha & Anirudh,h3,2026-07-18,18-Jul END (order+meals),Avocado (Hass),,0.5,,,
Disha & Anirudh,h3,2026-07-18,18-Jul END (order+meals),Rice,,2205,,,
Disha & Anirudh,h3,2026-07-18,18-Jul END (order+meals),Protein powder,,1850,,,
Disha & Anirudh,h3,2026-07-18,18-Jul END (order+meals),Ramen,,4,,,
Disha & Anirudh,h3,2026-07-18,18-Jul END (order+meals),Garlic powder,,1,,,
Disha & Anirudh,h3,2026-07-18,18-Jul END (order+meals),Ginger garlic paste,,1,,,
Disha & Anirudh,h3,2026-07-18,18-Jul END (order+meals),Honey,,1,,,
Disha & Anirudh,h3,2026-07-18,18-Jul END (order+meals),Instant dry yeast (Select Aisle),,23,,,
Disha & Anirudh,h3,2026-07-18,18-Jul END (order+meals),Olive oil,,0.5,,,
Disha & Anirudh,h3,2026-07-18,18-Jul END (order+meals),Onion powder,,1,,,
Disha & Anirudh,h3,2026-07-18,18-Jul END (order+meals),Psyllium husk,,135,,,
Disha & Anirudh,h3,2026-07-18,18-Jul END (order+meals),Raw peanuts (Supreme Harvest),,440,,,
Disha & Anirudh,h3,2026-07-18,18-Jul END (order+meals),Vinegar,,1,,,
Disha & Anirudh,h3,2026-07-18,18-Jul END (order+meals),Red chilli tomato chips (Origins),,100,,,
Disha & Anirudh,h3,2026-07-18,18-Jul END (order+meals),Nutmeg powder (Snapin),,50,,,
Disha & Anirudh,h3,2026-07-18,18-Jul END (order+meals),Pudina powder (PCM),,100,,,
Disha & Anirudh,h3,2026-07-18,18-Jul END (order+meals),Mirchi powder,,2000,,,
Disha & Anirudh,h3,2026-07-18,18-Jul END (order+meals),Mustard,,1000,,,
Disha & Anirudh,h3,2026-07-18,18-Jul END (order+meals),Tata iodised salt,,1000,,,
Disha & Anirudh,h3,2026-07-18,18-Jul END (order+meals),Baby spinach (hydroponic),,100,,,
Disha & Anirudh,h3,2026-07-18,18-Jul END (order+meals),Galangal (Thai ginger),,85,,,
Disha & Anirudh,h3,2026-07-18,18-Jul END (order+meals),Lemongrass,,85,,,
Disha & Anirudh,h3,2026-07-18,18-Jul END (order+meals),Romaine lettuce,,50,,,
Disha & Anirudh,h3,2026-07-18,18-Jul END (order+meals),Thai basil,,30,,,
Disha & Anirudh,h3,2026-07-18,18-Jul END (order+meals),Cheese slices,,1,,,
Disha & Anirudh,h3,2026-07-18,18-Jul END (order+meals),Yogurt,,520,,,
Disha & Anirudh,h3,2026-07-18,18-Jul END (order+meals),Chaat masala,,100,,,
Disha & Anirudh,h3,2026-07-18,18-Jul END (order+meals),Arugula,,50,,,
Disha & Anirudh,h3,2026-07-18,18-Jul END (order+meals),Pink guava,,2,,,
Disha & Anirudh,h3,2026-07-18,18-Jul END (order+meals),Extra virgin olive oil,,0.5,,,
Disha & Anirudh,h3,2026-07-18,18-Jul END (order+meals),Coconut milk,,0.25,,,
Disha & Anirudh,h3,2026-07-18,18-Jul END (order+meals),Fortune Kachi Ghani (mustard oil),,0.5,,,
Disha & Anirudh,h3,2026-07-18,18-Jul END (order+meals),Peanut oil,,0.4,,,
Disha & Anirudh,h3,2026-07-18,18-Jul END (order+meals),Rice bran oil (Freedom),,1.25,,,
Disha & Anirudh,h3,2026-07-18,18-Jul END (order+meals),Parsley,,30,,,
Disha & Anirudh,h3,2026-07-18,18-Jul END (order+meals),Coke (can),,3,,,
Disha & Anirudh,h3,2026-07-18,18-Jul END (order+meals),Shirataki noodles,,1,,,
Disha & Anirudh,h3,2026-07-18,18-Jul END (order+meals),Del Monte sweet & spicy ketchup,,1,,,
Disha & Anirudh,h3,2026-07-18,18-Jul END (order+meals),Green olives (brined),,1,,,
Disha & Anirudh,h3,2026-07-18,18-Jul END (order+meals),Twinings English Breakfast tea bags,,25,,,
Disha & Anirudh,h3,2026-07-18,18-Jul END (order+meals),Iceberg lettuce,,200,,,
Disha & Anirudh,h3,2026-07-18,18-Jul END (order+meals),Blueberry,,45,,,
Disha & Anirudh,h3,2026-07-18,18-Jul END (order+meals),Green olives (pitted),,1,,,
Disha & Anirudh,h3,2026-07-18,18-Jul END (order+meals),Orange,,500,,,
Disha & Anirudh,h3,2026-07-18,18-Jul END (order+meals),Chicken breast,,100,,,
Disha & Anirudh,h3,2026-07-18,18-Jul END (order+meals),Amul fresh cream,,0.5,,,
Disha & Anirudh,h3,2026-07-18,18-Jul END (order+meals),Coconut milk (Urban Platter),,50,,,
Disha & Anirudh,h3,2026-07-19,19-Jul END (no meals made — carry 18th),Cabbage,,250,,,
Disha & Anirudh,h3,2026-07-19,19-Jul END (no meals made — carry 18th),Carrot,,130,,,
Disha & Anirudh,h3,2026-07-19,19-Jul END (no meals made — carry 18th),Coriander (dhania),,70,,,
Disha & Anirudh,h3,2026-07-19,19-Jul END (no meals made — carry 18th),Cucumber,,150,,,
Disha & Anirudh,h3,2026-07-19,19-Jul END (no meals made — carry 18th),Garlic,,10,,,
Disha & Anirudh,h3,2026-07-19,19-Jul END (no meals made — carry 18th),Ginger,,80,,,
Disha & Anirudh,h3,2026-07-19,19-Jul END (no meals made — carry 18th),Green capsicum,,100,,,
Disha & Anirudh,h3,2026-07-19,19-Jul END (no meals made — carry 18th),Lemon,,460,,,
Disha & Anirudh,h3,2026-07-19,19-Jul END (no meals made — carry 18th),Lettuce,,310,,,
Disha & Anirudh,h3,2026-07-19,19-Jul END (no meals made — carry 18th),Mint,,90,,,
Disha & Anirudh,h3,2026-07-19,19-Jul END (no meals made — carry 18th),Onion,,1120,,,
Disha & Anirudh,h3,2026-07-19,19-Jul END (no meals made — carry 18th),Red capsicum,,50,,,
Disha & Anirudh,h3,2026-07-19,19-Jul END (no meals made — carry 18th),Spring onion,,15,,,
Disha & Anirudh,h3,2026-07-19,19-Jul END (no meals made — carry 18th),Tomato,,340,,,
Disha & Anirudh,h3,2026-07-19,19-Jul END (no meals made — carry 18th),Yellow capsicum,,50,,,
Disha & Anirudh,h3,2026-07-19,19-Jul END (no meals made — carry 18th),Tea leaves,,1,,,
Disha & Anirudh,h3,2026-07-19,19-Jul END (no meals made — carry 18th),Bread,,280,,,
Disha & Anirudh,h3,2026-07-19,19-Jul END (no meals made — carry 18th),Butter,,50,,,
Disha & Anirudh,h3,2026-07-19,19-Jul END (no meals made — carry 18th),Feta cheese (block),,1.5,,,
Disha & Anirudh,h3,2026-07-19,19-Jul END (no meals made — carry 18th),Milk (Amul),,3.8,,,
Disha & Anirudh,h3,2026-07-19,19-Jul END (no meals made — carry 18th),Milky Mist skyr,,0.5,,,
Disha & Anirudh,h3,2026-07-19,19-Jul END (no meals made — carry 18th),Masoor dal,,500,,,
Disha & Anirudh,h3,2026-07-19,19-Jul END (no meals made — carry 18th),Rajma,,500,,,
Disha & Anirudh,h3,2026-07-19,19-Jul END (no meals made — carry 18th),Eggs,,3,,,
Disha & Anirudh,h3,2026-07-19,19-Jul END (no meals made — carry 18th),Green chilli,,95,,,
Disha & Anirudh,h3,2026-07-19,19-Jul END (no meals made — carry 18th),Sweet corn,,150,,,
Disha & Anirudh,h3,2026-07-19,19-Jul END (no meals made — carry 18th),Lactose-free milk,,1,,,
Disha & Anirudh,h3,2026-07-19,19-Jul END (no meals made — carry 18th),Mayo,,1.5,,,
Disha & Anirudh,h3,2026-07-19,19-Jul END (no meals made — carry 18th),Olives,,0.5,,,
Disha & Anirudh,h3,2026-07-19,19-Jul END (no meals made — carry 18th),Sriracha (regular),,0.1,,,
Disha & Anirudh,h3,2026-07-19,19-Jul END (no meals made — carry 18th),Avocado (Hass),,0.5,,,
Disha & Anirudh,h3,2026-07-19,19-Jul END (no meals made — carry 18th),Rice,,2205,,,
Disha & Anirudh,h3,2026-07-19,19-Jul END (no meals made — carry 18th),Protein powder,,1850,,,
Disha & Anirudh,h3,2026-07-19,19-Jul END (no meals made — carry 18th),Ramen,,4,,,
Disha & Anirudh,h3,2026-07-19,19-Jul END (no meals made — carry 18th),Garlic powder,,1,,,
Disha & Anirudh,h3,2026-07-19,19-Jul END (no meals made — carry 18th),Ginger garlic paste,,1,,,
Disha & Anirudh,h3,2026-07-19,19-Jul END (no meals made — carry 18th),Honey,,1,,,
Disha & Anirudh,h3,2026-07-19,19-Jul END (no meals made — carry 18th),Instant dry yeast (Select Aisle),,23,,,
Disha & Anirudh,h3,2026-07-19,19-Jul END (no meals made — carry 18th),Olive oil,,0.5,,,
Disha & Anirudh,h3,2026-07-19,19-Jul END (no meals made — carry 18th),Onion powder,,1,,,
Disha & Anirudh,h3,2026-07-19,19-Jul END (no meals made — carry 18th),Psyllium husk,,135,,,
Disha & Anirudh,h3,2026-07-19,19-Jul END (no meals made — carry 18th),Raw peanuts (Supreme Harvest),,440,,,
Disha & Anirudh,h3,2026-07-19,19-Jul END (no meals made — carry 18th),Vinegar,,1,,,
Disha & Anirudh,h3,2026-07-19,19-Jul END (no meals made — carry 18th),Red chilli tomato chips (Origins),,100,,,
Disha & Anirudh,h3,2026-07-19,19-Jul END (no meals made — carry 18th),Nutmeg powder (Snapin),,50,,,
Disha & Anirudh,h3,2026-07-19,19-Jul END (no meals made — carry 18th),Pudina powder (PCM),,100,,,
Disha & Anirudh,h3,2026-07-19,19-Jul END (no meals made — carry 18th),Mirchi powder,,2000,,,
Disha & Anirudh,h3,2026-07-19,19-Jul END (no meals made — carry 18th),Mustard,,1000,,,
Disha & Anirudh,h3,2026-07-19,19-Jul END (no meals made — carry 18th),Tata iodised salt,,1000,,,
Disha & Anirudh,h3,2026-07-19,19-Jul END (no meals made — carry 18th),Baby spinach (hydroponic),,100,,,
Disha & Anirudh,h3,2026-07-19,19-Jul END (no meals made — carry 18th),Galangal (Thai ginger),,85,,,
Disha & Anirudh,h3,2026-07-19,19-Jul END (no meals made — carry 18th),Lemongrass,,85,,,
Disha & Anirudh,h3,2026-07-19,19-Jul END (no meals made — carry 18th),Romaine lettuce,,50,,,
Disha & Anirudh,h3,2026-07-19,19-Jul END (no meals made — carry 18th),Thai basil,,30,,,
Disha & Anirudh,h3,2026-07-19,19-Jul END (no meals made — carry 18th),Cheese slices,,1,,,
Disha & Anirudh,h3,2026-07-19,19-Jul END (no meals made — carry 18th),Yogurt,,520,,,
Disha & Anirudh,h3,2026-07-19,19-Jul END (no meals made — carry 18th),Chaat masala,,100,,,
Disha & Anirudh,h3,2026-07-19,19-Jul END (no meals made — carry 18th),Arugula,,50,,,
Disha & Anirudh,h3,2026-07-19,19-Jul END (no meals made — carry 18th),Pink guava,,2,,,
Disha & Anirudh,h3,2026-07-19,19-Jul END (no meals made — carry 18th),Extra virgin olive oil,,0.5,,,
Disha & Anirudh,h3,2026-07-19,19-Jul END (no meals made — carry 18th),Coconut milk,,0.25,,,
Disha & Anirudh,h3,2026-07-19,19-Jul END (no meals made — carry 18th),Fortune Kachi Ghani (mustard oil),,0.5,,,
Disha & Anirudh,h3,2026-07-19,19-Jul END (no meals made — carry 18th),Peanut oil,,0.4,,,
Disha & Anirudh,h3,2026-07-19,19-Jul END (no meals made — carry 18th),Rice bran oil (Freedom),,1.25,,,
Disha & Anirudh,h3,2026-07-19,19-Jul END (no meals made — carry 18th),Parsley,,30,,,
Disha & Anirudh,h3,2026-07-19,19-Jul END (no meals made — carry 18th),Coke (can),,3,,,
Disha & Anirudh,h3,2026-07-19,19-Jul END (no meals made — carry 18th),Shirataki noodles,,1,,,
Disha & Anirudh,h3,2026-07-19,19-Jul END (no meals made — carry 18th),Del Monte sweet & spicy ketchup,,1,,,
Disha & Anirudh,h3,2026-07-19,19-Jul END (no meals made — carry 18th),Green olives (brined),,1,,,
Disha & Anirudh,h3,2026-07-19,19-Jul END (no meals made — carry 18th),Twinings English Breakfast tea bags,,25,,,
Disha & Anirudh,h3,2026-07-19,19-Jul END (no meals made — carry 18th),Iceberg lettuce,,200,,,
Disha & Anirudh,h3,2026-07-19,19-Jul END (no meals made — carry 18th),Blueberry,,45,,,
Disha & Anirudh,h3,2026-07-19,19-Jul END (no meals made — carry 18th),Green olives (pitted),,1,,,
Disha & Anirudh,h3,2026-07-19,19-Jul END (no meals made — carry 18th),Orange,,500,,,
Disha & Anirudh,h3,2026-07-19,19-Jul END (no meals made — carry 18th),Chicken breast,,100,,,
Disha & Anirudh,h3,2026-07-19,19-Jul END (no meals made — carry 18th),Amul fresh cream,,0.5,,,
Disha & Anirudh,h3,2026-07-19,19-Jul END (no meals made — carry 18th),Coconut milk (Urban Platter),,50,,,
Soozy & Munz,h2,2026-07-19,19-Jul (Sun) perishable count,Coriander (dhania),,20,,,
Soozy & Munz,h2,2026-07-19,19-Jul (Sun) perishable count,Red Label tea,,,,,
Soozy & Munz,h2,2026-07-19,19-Jul (Sun) perishable count,Honey (Apis multifloral),,,,,
Soozy & Munz,h2,2026-07-19,19-Jul (Sun) perishable count,Jalapeno peppers (Cornitos),,,,,
Soozy & Munz,h2,2026-07-19,19-Jul (Sun) perishable count,Ghee (Akshayakalpa),,,,,
Soozy & Munz,h2,2026-07-19,19-Jul (Sun) perishable count,Milk,,,,,
Soozy & Munz,h2,2026-07-19,19-Jul (Sun) perishable count,Kala chana,,,,,
Soozy & Munz,h2,2026-07-19,19-Jul (Sun) perishable count,Rajma,,,,,
Soozy & Munz,h2,2026-07-19,19-Jul (Sun) perishable count,Eggs,,3,,,
Soozy & Munz,h2,2026-07-19,19-Jul (Sun) perishable count,Brown rice (jar),,,,,
Soozy & Munz,h2,2026-07-19,19-Jul (Sun) perishable count,Sooji/rava (Aashirvaad),,,,,
Soozy & Munz,h2,2026-07-19,19-Jul (Sun) perishable count,Whey protein,,,,,
Soozy & Munz,h2,2026-07-19,19-Jul (Sun) perishable count,Light olive oil (Del Monte),,,,,
Soozy & Munz,h2,2026-07-19,19-Jul (Sun) perishable count,Salt,,,,,
Soozy & Munz,h2,2026-07-19,19-Jul (Sun) perishable count,Sambar powder (Aachi),,,,,
Soozy & Munz,h2,2026-07-19,19-Jul (Sun) perishable count,Dhaniya powder,,,,,
Soozy & Munz,h2,2026-07-19,19-Jul (Sun) perishable count,Turmeric powder,,,,,
Soozy & Munz,h2,2026-07-19,19-Jul (Sun) perishable count,Tej patta,,,,,
Soozy & Munz,h2,2026-07-19,19-Jul (Sun) perishable count,Cloves,,,,,
Soozy & Munz,h2,2026-07-19,19-Jul (Sun) perishable count,Rasam powder,,,,,
Soozy & Munz,h2,2026-07-19,19-Jul (Sun) perishable count,Meat masala,,,,,
Soozy & Munz,h2,2026-07-19,19-Jul (Sun) perishable count,Haldi,,,,,
Soozy & Munz,h2,2026-07-19,19-Jul (Sun) perishable count,Chilli flakes,,,,,
Soozy & Munz,h2,2026-07-19,19-Jul (Sun) perishable count,Oregano,,,,,
Soozy & Munz,h2,2026-07-19,19-Jul (Sun) perishable count,Digestive biscuits,,,,,
Soozy & Munz,h2,2026-07-19,19-Jul (Sun) perishable count,Chicken masala,,,,,
Soozy & Munz,h2,2026-07-19,19-Jul (Sun) perishable count,Curry leaves,,100,,,
Soozy & Munz,h2,2026-07-19,19-Jul (Sun) perishable count,Ginger,,125,,,
Soozy & Munz,h2,2026-07-19,19-Jul (Sun) perishable count,Lemon,,100,,,
Soozy & Munz,h2,2026-07-19,19-Jul (Sun) perishable count,Mint,,100,,,
Soozy & Munz,h2,2026-07-19,19-Jul (Sun) perishable count,Sweet corn,,120,,,
Soozy & Munz,h2,2026-07-19,19-Jul (Sun) perishable count,Tomato,,420,,,
Soozy & Munz,h2,2026-07-19,19-Jul (Sun) perishable count,3 Roses tea,,,,,
Soozy & Munz,h2,2026-07-19,19-Jul (Sun) perishable count,Blue Tokai coffee (Attikan),,,,,
Soozy & Munz,h2,2026-07-19,19-Jul (Sun) perishable count,Hot chocolate powder,,,,,
Soozy & Munz,h2,2026-07-19,19-Jul (Sun) perishable count,Apricot jam (Darbo),,,,,
Soozy & Munz,h2,2026-07-19,19-Jul (Sun) perishable count,Dark soy sauce,,,,,
Soozy & Munz,h2,2026-07-19,19-Jul (Sun) perishable count,Fish sauce (Real Thai),,,,,
Soozy & Munz,h2,2026-07-19,19-Jul (Sun) perishable count,Garlic paste,,,,,
Soozy & Munz,h2,2026-07-19,19-Jul (Sun) perishable count,Garlic paste (Mothers Recipe),,,,,
Soozy & Munz,h2,2026-07-19,19-Jul (Sun) perishable count,Smokey BBQ sauce (Veeba),,,,,
Soozy & Munz,h2,2026-07-19,19-Jul (Sun) perishable count,Spicy gherkins (Neo),,,,,
Soozy & Munz,h2,2026-07-19,19-Jul (Sun) perishable count,Tomato ketchup (Delmonte),,,,,
Soozy & Munz,h2,2026-07-19,19-Jul (Sun) perishable count,Vanilla extract,,,,,
Soozy & Munz,h2,2026-07-19,19-Jul (Sun) perishable count,Cow milk (fresh),,,,,
Soozy & Munz,h2,2026-07-19,19-Jul (Sun) perishable count,Paneer,,200,,,
Soozy & Munz,h2,2026-07-19,19-Jul (Sun) perishable count,Potato,,,,,
Soozy & Munz,h2,2026-07-19,19-Jul (Sun) perishable count,Avocado,,200,,,
Soozy & Munz,h2,2026-07-19,19-Jul (Sun) perishable count,Brown rice (Organic Tattva sonamasuri),,,,,
Soozy & Munz,h2,2026-07-19,19-Jul (Sun) perishable count,Rice flour (24 Mantra),,,,,
Soozy & Munz,h2,2026-07-19,19-Jul (Sun) perishable count,Almonds,,,,,
Soozy & Munz,h2,2026-07-19,19-Jul (Sun) perishable count,Cashews,,,,,
Soozy & Munz,h2,2026-07-19,19-Jul (Sun) perishable count,Peanut butter,,,,,
Soozy & Munz,h2,2026-07-19,19-Jul (Sun) perishable count,Rosemary (fresh),,,,,
Soozy & Munz,h2,2026-07-19,19-Jul (Sun) perishable count,Chicken breast (Licious),,1250,,,
Soozy & Munz,h2,2026-07-19,19-Jul (Sun) perishable count,Atta,,,,,
Soozy & Munz,h2,2026-07-19,19-Jul (Sun) perishable count,Idli/dosa batter,,,,,
Soozy & Munz,h2,2026-07-19,19-Jul (Sun) perishable count,Peanuts,,,,,
Soozy & Munz,h2,2026-07-19,19-Jul (Sun) perishable count,Ranch dressing (Veeba),,,,,
Soozy & Munz,h2,2026-07-19,19-Jul (Sun) perishable count,"Tamarind (seeded, Whole Farm)",,,,,
Soozy & Munz,h2,2026-07-19,19-Jul (Sun) perishable count,Yoga Bar muesli,,,,,
Soozy & Munz,h2,2026-07-19,19-Jul (Sun) perishable count,Frozen green peas (Safal),,,,,
Soozy & Munz,h2,2026-07-19,19-Jul (Sun) perishable count,Vinegar,,,,,
Soozy & Munz,h2,2026-07-19,19-Jul (Sun) perishable count,Coffee (ground),,,,,
Soozy & Munz,h2,2026-07-19,19-Jul (Sun) perishable count,Maida,,,,,
Soozy & Munz,h2,2026-07-19,19-Jul (Sun) perishable count,Quinoa,,,,,
Soozy & Munz,h2,2026-07-19,19-Jul (Sun) perishable count,Poha,,,,,
Soozy & Munz,h2,2026-07-19,19-Jul (Sun) perishable count,Rolled oats,,,,,
Soozy & Munz,h2,2026-07-19,19-Jul (Sun) perishable count,White moong dal,,,,,
Soozy & Munz,h2,2026-07-19,19-Jul (Sun) perishable count,Green moong,,,,,
Soozy & Munz,h2,2026-07-19,19-Jul (Sun) perishable count,Flax seeds,,,,,
Soozy & Munz,h2,2026-07-19,19-Jul (Sun) perishable count,Monk fruit sweetener,,,,,
Soozy & Munz,h2,2026-07-19,19-Jul (Sun) perishable count,Caramel syrup,,,,,
Soozy & Munz,h2,2026-07-19,19-Jul (Sun) perishable count,Jaggery,,,,,
Soozy & Munz,h2,2026-07-19,19-Jul (Sun) perishable count,Sardine,,180,,,
Soozy & Munz,h2,2026-07-19,19-Jul (Sun) perishable count,Rava idli mix (MTR),,,,,
Soozy & Munz,h2,2026-07-19,19-Jul (Sun) perishable count,White sesame seeds (Whole Farm),,,,,
Soozy & Munz,h2,2026-07-19,19-Jul (Sun) perishable count,Fennel seeds,,,,,
Soozy & Munz,h2,2026-07-19,19-Jul (Sun) perishable count,Jeera,,,,,
Soozy & Munz,h2,2026-07-19,19-Jul (Sun) perishable count,Black pepper (whole),,,,,
Soozy & Munz,h2,2026-07-19,19-Jul (Sun) perishable count,Chana dal,,,,,
Soozy & Munz,h2,2026-07-19,19-Jul (Sun) perishable count,Coconut oil,,,,,
Soozy & Munz,h2,2026-07-19,19-Jul (Sun) perishable count,Brown sugar,,,,,
Soozy & Munz,h2,2026-07-19,19-Jul (Sun) perishable count,Walnuts,,,,,
Soozy & Munz,h2,2026-07-19,19-Jul (Sun) perishable count,Gulab jamun mix,,,,,
Soozy & Munz,h2,2026-07-19,19-Jul (Sun) perishable count,Chia seeds,,,,,
Soozy & Munz,h2,2026-07-19,19-Jul (Sun) perishable count,Thai green paste,,,,,
Soozy & Munz,h2,2026-07-19,19-Jul (Sun) perishable count,Chilli powder,,,,,
Soozy & Munz,h2,2026-07-19,19-Jul (Sun) perishable count,Sugar,,,,,
Soozy & Munz,h2,2026-07-19,19-Jul (Sun) perishable count,Maggi,,,,,
Soozy & Munz,h2,2026-07-19,19-Jul (Sun) perishable count,Raisins,,,,,
Soozy & Munz,h2,2026-07-19,19-Jul (Sun) perishable count,Nutri Choice crackers,,,,,
Soozy & Munz,h2,2026-07-19,19-Jul (Sun) perishable count,Yogurt,,560,,,
Soozy & Munz,h2,2026-07-19,19-Jul (Sun) perishable count,Boiled rice,,,,,
Soozy & Munz,h2,2026-07-19,19-Jul (Sun) perishable count,Sona masoori rice,,,,,
Soozy & Munz,h2,2026-07-19,19-Jul (Sun) perishable count,Indrayani rice,,,,,
Soozy & Munz,h2,2026-07-19,19-Jul (Sun) perishable count,Iceberg lettuce,,160,,,
Soozy & Munz,h2,2026-07-19,19-Jul (Sun) perishable count,Sun-dried tomatoes,,,,,
Soozy & Munz,h2,2026-07-19,19-Jul (Sun) perishable count,Umami paste,,,,,
Soozy & Munz,h2,2026-07-19,19-Jul (Sun) perishable count,Mustard sauce,,,,,
Soozy & Munz,h2,2026-07-19,19-Jul (Sun) perishable count,Tabasco,,,,,
Soozy & Munz,h2,2026-07-19,19-Jul (Sun) perishable count,Chilli oil,,,,,
Soozy & Munz,h2,2026-07-19,19-Jul (Sun) perishable count,Red Bull energy drink,,,,,
Soozy & Munz,h2,2026-07-19,19-Jul (Sun) perishable count,Troovy protein veggie chips,,,,,
Soozy & Munz,h2,2026-07-19,19-Jul (Sun) perishable count,Origami toilet tissue,,,,,
Soozy & Munz,h2,2026-07-19,19-Jul (Sun) perishable count,Broken cashew,,,,,
Soozy & Munz,h2,2026-07-19,19-Jul (Sun) perishable count,Apple cider vinegar,,,,,
Soozy & Munz,h2,2026-07-19,19-Jul (Sun) perishable count,White tahini paste,,,,,
Pratik & Sakshi,h8,2026-07-20,20-Jul after-lunch physical count (P&S),Ginger,,200,,,
Pratik & Sakshi,h8,2026-07-20,20-Jul after-lunch physical count (P&S),Baby potato,,480,,,
Pratik & Sakshi,h8,2026-07-20,20-Jul after-lunch physical count (P&S),Potato,,900,,,
Pratik & Sakshi,h8,2026-07-20,20-Jul after-lunch physical count (P&S),Onion,,800,,,
Pratik & Sakshi,h8,2026-07-20,20-Jul after-lunch physical count (P&S),Garlic,,350,,,
Pratik & Sakshi,h8,2026-07-20,20-Jul after-lunch physical count (P&S),Kiwi,,150,,,
Pratik & Sakshi,h8,2026-07-20,20-Jul after-lunch physical count (P&S),Pomegranate,,200,,,
Pratik & Sakshi,h8,2026-07-20,20-Jul after-lunch physical count (P&S),Cucumber,,400,,,
Pratik & Sakshi,h8,2026-07-20,20-Jul after-lunch physical count (P&S),Green cucumber,,200,,,
Pratik & Sakshi,h8,2026-07-20,20-Jul after-lunch physical count (P&S),Guava,,100,,,
Pratik & Sakshi,h8,2026-07-20,20-Jul after-lunch physical count (P&S),Pear,,150,,,
Pratik & Sakshi,h8,2026-07-20,20-Jul after-lunch physical count (P&S),Orange,,520,,,
Pratik & Sakshi,h8,2026-07-20,20-Jul after-lunch physical count (P&S),Green capsicum,,500,,,
Pratik & Sakshi,h8,2026-07-20,20-Jul after-lunch physical count (P&S),Red radish,,100,,,
Pratik & Sakshi,h8,2026-07-20,20-Jul after-lunch physical count (P&S),Mint,,80,,,
Pratik & Sakshi,h8,2026-07-20,20-Jul after-lunch physical count (P&S),Coriander (dhania),,180,,,
Pratik & Sakshi,h8,2026-07-20,20-Jul after-lunch physical count (P&S),Button mushroom,,200,,,
Pratik & Sakshi,h8,2026-07-20,20-Jul after-lunch physical count (P&S),Baby corn,,300,,,
Pratik & Sakshi,h8,2026-07-20,20-Jul after-lunch physical count (P&S),Lemon,,300,,,
Pratik & Sakshi,h8,2026-07-20,20-Jul after-lunch physical count (P&S),Spinach/Palak,,200,,,
Pratik & Sakshi,h8,2026-07-20,20-Jul after-lunch physical count (P&S),Carrot,,280,,,
Pratik & Sakshi,h8,2026-07-20,20-Jul after-lunch physical count (P&S),Tomato,,1150,,,
Pratik & Sakshi,h8,2026-07-20,20-Jul after-lunch physical count (P&S),Curry leaves,,50,,,
Pratik & Sakshi,h8,2026-07-20,20-Jul after-lunch physical count (P&S),Sweet potato,,300,,,
Pratik & Sakshi,h8,2026-07-20,20-Jul after-lunch physical count (P&S),Eggs,,9,,,
Pratik & Sakshi,h8,2026-07-20,20-Jul after-lunch physical count (P&S),Homemade curd,,200,,,
Pratik & Sakshi,h8,2026-07-20,20-Jul after-lunch physical count (P&S),Butter,,50,,,
Pratik & Sakshi,h8,2026-07-20,20-Jul after-lunch physical count (P&S),Milk,,1000,,,
Pratik & Sakshi,h8,2026-07-20,20-Jul after-lunch physical count (P&S),Unsweetened peanut butter,,1,,,
Pratik & Sakshi,h8,2026-07-20,20-Jul after-lunch physical count (P&S),Edamame (frozen),,375,,,
Pratik & Sakshi,h8,2026-07-20,20-Jul after-lunch physical count (P&S),Frozen peas,,50,,,
Pratik & Sakshi,h8,2026-07-20,20-Jul after-lunch physical count (P&S),Frozen corn (sweet corn),,500,,,
Pratik & Sakshi,h8,2026-07-20,20-Jul after-lunch physical count (P&S),Jalapeno,,250,,,
Pratik & Sakshi,h8,2026-07-20,20-Jul after-lunch physical count (P&S),Sesame oil,,250,,,
Pratik & Sakshi,h8,2026-07-20,20-Jul after-lunch physical count (P&S),Sesame oil (Members Pick),,1000,,,
Pratik & Sakshi,h8,2026-07-20,20-Jul after-lunch physical count (P&S),Extra virgin olive oil,,500,,,
Pratik & Sakshi,h8,2026-07-20,20-Jul after-lunch physical count (P&S),Borges olive oil,,2000,,,
Pratik & Sakshi,h8,2026-07-20,20-Jul after-lunch physical count (P&S),Groundnut oil (Saffola),,500,,,
Pratik & Sakshi,h8,2026-07-20,20-Jul after-lunch physical count (P&S),Coconut oil,,0.5,,,
Pratik & Sakshi,h8,2026-07-20,20-Jul after-lunch physical count (P&S),Fish sauce,,0.5,,,
Pratik & Sakshi,h8,2026-07-20,20-Jul after-lunch physical count (P&S),Culinary Chinese rice wine,,1,,,
Pratik & Sakshi,h8,2026-07-20,20-Jul after-lunch physical count (P&S),Soy sauce,,0.25,,,
Pratik & Sakshi,h8,2026-07-20,20-Jul after-lunch physical count (P&S),Tomato ketchup (Kissan),,0.25,,,
Pratik & Sakshi,h8,2026-07-20,20-Jul after-lunch physical count (P&S),Synthetic vinegar,,0.25,,,
Pratik & Sakshi,h8,2026-07-20,20-Jul after-lunch physical count (P&S),Maple syrup,,0.25,,,
Pratik & Sakshi,h8,2026-07-20,20-Jul after-lunch physical count (P&S),Corn syrup,,700,,,
Pratik & Sakshi,h8,2026-07-20,20-Jul after-lunch physical count (P&S),Vanilla extract,,1,,,
Pratik & Sakshi,h8,2026-07-20,20-Jul after-lunch physical count (P&S),Bourbon natural vanilla,,1,,,
Pratik & Sakshi,h8,2026-07-20,20-Jul after-lunch physical count (P&S),Strawberry spread,,0.5,,,
Pratik & Sakshi,h8,2026-07-20,20-Jul after-lunch physical count (P&S),Strawberry jam,,0.5,,,
Pratik & Sakshi,h8,2026-07-20,20-Jul after-lunch physical count (P&S),Sundried tomatoes,,1,,,
Pratik & Sakshi,h8,2026-07-20,20-Jul after-lunch physical count (P&S),Black olives,,1,,,
Pratik & Sakshi,h8,2026-07-20,20-Jul after-lunch physical count (P&S),Green olives,,0.75,,,
Pratik & Sakshi,h8,2026-07-20,20-Jul after-lunch physical count (P&S),Tahini paste (white),,500,,,
Pratik & Sakshi,h8,2026-07-20,20-Jul after-lunch physical count (P&S),Hellmann mayonnaise,,125,,,
Pratik & Sakshi,h8,2026-07-20,20-Jul after-lunch physical count (P&S),Chings Sriracha,,0.5,,,
Pratik & Sakshi,h8,2026-07-20,20-Jul after-lunch physical count (P&S),Garlic powder,,55,,,
Pratik & Sakshi,h8,2026-07-20,20-Jul after-lunch physical count (P&S),Almond milk (open),,200,,,
Pratik & Sakshi,h8,2026-07-20,20-Jul after-lunch physical count (P&S),Almond milk (pack),,1,,,
Pratik & Sakshi,h8,2026-07-20,20-Jul after-lunch physical count (P&S),Vanilla milkshake,,200,,,
Pratik & Sakshi,h8,2026-07-20,20-Jul after-lunch physical count (P&S),Urban Platter coconut milk,,250,,,
Pratik & Sakshi,h8,2026-07-20,20-Jul after-lunch physical count (P&S),Brown sugar,,300,,,
Pratik & Sakshi,h8,2026-07-20,20-Jul after-lunch physical count (P&S),Desi Khandsari sugar,,500,,,
Pratik & Sakshi,h8,2026-07-20,20-Jul after-lunch physical count (P&S),Sugar powder (open),,200,,,
Pratik & Sakshi,h8,2026-07-20,20-Jul after-lunch physical count (P&S),Jaggery powder,,0.5,,,
Pratik & Sakshi,h8,2026-07-20,20-Jul after-lunch physical count (P&S),Cocoa powder,,70,,,
Pratik & Sakshi,h8,2026-07-20,20-Jul after-lunch physical count (P&S),Corn powder,,1,,,
Pratik & Sakshi,h8,2026-07-20,20-Jul after-lunch physical count (P&S),Almond butter,,200,,,
Pratik & Sakshi,h8,2026-07-20,20-Jul after-lunch physical count (P&S),Pistachios,,201,,,
Pratik & Sakshi,h8,2026-07-20,20-Jul after-lunch physical count (P&S),Cashews,,250,,,
Pratik & Sakshi,h8,2026-07-20,20-Jul after-lunch physical count (P&S),Chia seeds,,340,,,
Pratik & Sakshi,h8,2026-07-20,20-Jul after-lunch physical count (P&S),Pumpkin seeds,,200,,,
Pratik & Sakshi,h8,2026-07-20,20-Jul after-lunch physical count (P&S),Emmer wheat,,300,,,
Pratik & Sakshi,h8,2026-07-20,20-Jul after-lunch physical count (P&S),Bajra atta,,500,,,
Pratik & Sakshi,h8,2026-07-20,20-Jul after-lunch physical count (P&S),Bajra daliya,,1000,,,
Pratik & Sakshi,h8,2026-07-20,20-Jul after-lunch physical count (P&S),Sharbati atta,,400,,,
Pratik & Sakshi,h8,2026-07-20,20-Jul after-lunch physical count (P&S),High-protein atta,,1000,,,
Pratik & Sakshi,h8,2026-07-20,20-Jul after-lunch physical count (P&S),Aashirwad atta,,2000,,,
Pratik & Sakshi,h8,2026-07-20,20-Jul after-lunch physical count (P&S),10 on 10 whole wheat atta,,500,,,
Pratik & Sakshi,h8,2026-07-20,20-Jul after-lunch physical count (P&S),Jowar flour,,750,,,
Pratik & Sakshi,h8,2026-07-20,20-Jul after-lunch physical count (P&S),Barnyard millet,,1000,,,
Pratik & Sakshi,h8,2026-07-20,20-Jul after-lunch physical count (P&S),Foxtail millet,,500,,,
Pratik & Sakshi,h8,2026-07-20,20-Jul after-lunch physical count (P&S),Basmati rice,,2000,,,
Pratik & Sakshi,h8,2026-07-20,20-Jul after-lunch physical count (P&S),Brown rice,,1000,,,
Pratik & Sakshi,h8,2026-07-20,20-Jul after-lunch physical count (P&S),Brown rice (open),,100,,,
Pratik & Sakshi,h8,2026-07-20,20-Jul after-lunch physical count (P&S),Quaker oats,,500,,,
Pratik & Sakshi,h8,2026-07-20,20-Jul after-lunch physical count (P&S),Poha,,200,,,
Pratik & Sakshi,h8,2026-07-20,20-Jul after-lunch physical count (P&S),Suji (organic),,500,,,
Pratik & Sakshi,h8,2026-07-20,20-Jul after-lunch physical count (P&S),Quinoa (open),,700,,,
Pratik & Sakshi,h8,2026-07-20,20-Jul after-lunch physical count (P&S),Sattu,,100,,,
Pratik & Sakshi,h8,2026-07-20,20-Jul after-lunch physical count (P&S),Organic Sattu,,500,,,
Pratik & Sakshi,h8,2026-07-20,20-Jul after-lunch physical count (P&S),Slurrp Farm Ragi,,1,,,
Pratik & Sakshi,h8,2026-07-20,20-Jul after-lunch physical count (P&S),White rajma,,500,,,
Pratik & Sakshi,h8,2026-07-20,20-Jul after-lunch physical count (P&S),White rajma (open),,100,,,
Pratik & Sakshi,h8,2026-07-20,20-Jul after-lunch physical count (P&S),Chana dal,,200,,,
Pratik & Sakshi,h8,2026-07-20,20-Jul after-lunch physical count (P&S),Royal Chana Dal,,1000,,,
Pratik & Sakshi,h8,2026-07-20,20-Jul after-lunch physical count (P&S),Organic Green Moong,,500,,,
Pratik & Sakshi,h8,2026-07-20,20-Jul after-lunch physical count (P&S),Pro Nature Moong,,500,,,
Pratik & Sakshi,h8,2026-07-20,20-Jul after-lunch physical count (P&S),Moong dal,,500,,,
Pratik & Sakshi,h8,2026-07-20,20-Jul after-lunch physical count (P&S),Open moong,,100,,,
Pratik & Sakshi,h8,2026-07-20,20-Jul after-lunch physical count (P&S),Organic Arhar/Tur Dal,,1000,,,
Pratik & Sakshi,h8,2026-07-20,20-Jul after-lunch physical count (P&S),Masoor dal (open),,100,,,
Pratik & Sakshi,h8,2026-07-20,20-Jul after-lunch physical count (P&S),Urad black whole,,500,,,
Pratik & Sakshi,h8,2026-07-20,20-Jul after-lunch physical count (P&S),Whole urad (open),,400,,,
Pratik & Sakshi,h8,2026-07-20,20-Jul after-lunch physical count (P&S),Urad dal,,200,,,
Pratik & Sakshi,h8,2026-07-20,20-Jul after-lunch physical count (P&S),Organic Cowpea (white),,500,,,
Pratik & Sakshi,h8,2026-07-20,20-Jul after-lunch physical count (P&S),Chickpeas (open),,50,,,
Pratik & Sakshi,h8,2026-07-20,20-Jul after-lunch physical count (P&S),Chole,,20,,,
Pratik & Sakshi,h8,2026-07-20,20-Jul after-lunch physical count (P&S),Sabudana (open),,100,,,
Pratik & Sakshi,h8,2026-07-20,20-Jul after-lunch physical count (P&S),Chaat masala,,100,,,
Pratik & Sakshi,h8,2026-07-20,20-Jul after-lunch physical count (P&S),Mustard (yellow),,200,,,
Pratik & Sakshi,h8,2026-07-20,20-Jul after-lunch physical count (P&S),Tej patta,,0.5,,,
Pratik & Sakshi,h8,2026-07-20,20-Jul after-lunch physical count (P&S),Tamarind,,300,,,
Pratik & Sakshi,h8,2026-07-20,20-Jul after-lunch physical count (P&S),Coriander powder (Double Parrot),,200,,,
Pratik & Sakshi,h8,2026-07-20,20-Jul after-lunch physical count (P&S),Coriander powder (MTR),,100,,,
Pratik & Sakshi,h8,2026-07-20,20-Jul after-lunch physical count (P&S),Turmeric powder,,100,,,
Pratik & Sakshi,h8,2026-07-20,20-Jul after-lunch physical count (P&S),MTR Kashmiri chilli powder,,250,,,
Pratik & Sakshi,h8,2026-07-20,20-Jul after-lunch physical count (P&S),Black pepper (whole),,100,,,
Pratik & Sakshi,h8,2026-07-20,20-Jul after-lunch physical count (P&S),Dried red chilli,,0.5,,,
Pratik & Sakshi,h8,2026-07-20,20-Jul after-lunch physical count (P&S),Red chilli powder,,100,,,
Pratik & Sakshi,h8,2026-07-20,20-Jul after-lunch physical count (P&S),White sesame seeds,,100,,,
Pratik & Sakshi,h8,2026-07-20,20-Jul after-lunch physical count (P&S),Borges penne pasta,,350,,,
Pratik & Sakshi,h8,2026-07-20,20-Jul after-lunch physical count (P&S),Bread crisps,,0.75,,,
Pratik & Sakshi,h8,2026-07-20,20-Jul after-lunch physical count (P&S),Food colours (Blue/Yellow/Green),,3,,,
Pratik & Sakshi,h8,2026-07-20,20-Jul after-lunch physical count (P&S),Green chilli,,200,,,
Pratik & Sakshi,h8,2026-07-20,20-Jul after-lunch physical count (P&S),Milk (Heritage),,500,,,
Pratik & Sakshi,h8,2026-07-20,20-Jul after-lunch physical count (P&S),Cauliflower,,1500,,,
Pratik & Sakshi,h8,2026-07-20,20-Jul after-lunch physical count (P&S),Flax seeds,,250,,,
Pratik & Sakshi,h8,2026-07-20,20-Jul after-lunch physical count (P&S),Sunflower seeds,,200,,,
Pratik & Sakshi,h8,2026-07-20,20-Jul after-lunch physical count (P&S),White label sugar,,1000,,,
Pratik & Sakshi,h8,2026-07-20,20-Jul after-lunch physical count (P&S),Suji (rava),,1000,,,
Pratik & Sakshi,h8,2026-07-20,20-Jul after-lunch physical count (P&S),Jeera (cumin),,200,,,
Pratik & Sakshi,h8,2026-07-20,20-Jul after-lunch physical count (P&S),Maida,,500,,,
Pratik & Sakshi,h8,2026-07-20,20-Jul after-lunch physical count (P&S),Gobbleright quinoa beetroot,,1,,,
Pratik & Sakshi,h8,2026-07-20,20-Jul after-lunch physical count (P&S),Gobbleright spinach quinoa,,1,,,
Pratik & Sakshi,h8,2026-07-20,20-Jul after-lunch physical count (P&S),Dates,,100,,,
Pratik & Sakshi,h8,2026-07-20,20-Jul after-lunch physical count (P&S),Protein powder,,400,,,
Pratik & Sakshi,h8,2026-07-20,20-Jul after-lunch physical count (P&S),Beetroot,,750,,,
Pratik & Sakshi,h8,2026-07-20,20-Jul after-lunch physical count (P&S),Yelakki banana,,100,,,
Pratik & Sakshi,h8,2026-07-20,20-Jul after-lunch physical count (P&S),Soft tofu,,200,,,
Pratik & Sakshi,h8,2026-07-20,20-Jul after-lunch physical count (P&S),Zero maida bread,,200,,,
Pratik & Sakshi,h8,2026-07-20,20-Jul after-lunch physical count (P&S),Hard tofu,,400,,,
Pratik & Sakshi,h8,2026-07-20,20-Jul after-lunch physical count (P&S),Homemade paneer,,400,,,
Pratik & Sakshi,h8,2026-07-20,20-Jul after-lunch physical count (P&S),Besan (DeHaat),,500,,,
Pratik & Sakshi,h8,2026-07-20,20-Jul after-lunch physical count (P&S),Bhaji mirch,,560,,,
Pratik & Sakshi,h8,2026-07-20,20-Jul after-lunch physical count (P&S),Raisins,,100,,,
Pratik & Sakshi,h8,2026-07-20,20-Jul after-lunch physical count (P&S),Black raisins,,250,,,
Pratik & Sakshi,h8,2026-07-20,20-Jul after-lunch physical count (P&S),Jowar atta,,100,,,
Pratik & Sakshi,h8,2026-07-20,20-Jul after-lunch physical count (P&S),Asparagus,,100,,,
Pratik & Sakshi,h8,2026-07-20,20-Jul after-lunch physical count (P&S),Broccoli,,800,,,
Pratik & Sakshi,h8,2026-07-20,20-Jul after-lunch physical count (P&S),Bottle gourd,,700,,,
Pratik & Sakshi,h8,2026-07-20,20-Jul after-lunch physical count (P&S),Sambar cucumber,,400,,,
Pratik & Sakshi,h8,2026-07-20,20-Jul after-lunch physical count (P&S),Chole masala,,100,,,
Pratik & Sakshi,h8,2026-07-20,20-Jul after-lunch physical count (P&S),Pav bhaji masala,,100,,,
Pratik & Sakshi,h8,2026-07-20,20-Jul after-lunch physical count (P&S),Korma masala,,100,,,
Kartik & Dhara,h4,2026-07-21,21-Jul after-count (K&D),Garlic,,155,,,
Kartik & Dhara,h4,2026-07-21,21-Jul after-count (K&D),Ginger,,192,,,
Kartik & Dhara,h4,2026-07-21,21-Jul after-count (K&D),Green chilli,,57,,,
Kartik & Dhara,h4,2026-07-21,21-Jul after-count (K&D),Onion,,1700,,,
Kartik & Dhara,h4,2026-07-21,21-Jul after-count (K&D),Tomato,,600,,,
Kartik & Dhara,h4,2026-07-21,21-Jul after-count (K&D),Paneer,,100,,,
Kartik & Dhara,h4,2026-07-21,21-Jul after-count (K&D),Baby corn,,60,,,
Kartik & Dhara,h4,2026-07-21,21-Jul after-count (K&D),Brinjal,,300,,,
Kartik & Dhara,h4,2026-07-21,21-Jul after-count (K&D),Carrot,,180,,,
Kartik & Dhara,h4,2026-07-21,21-Jul after-count (K&D),Cucumber,,200,,,
Kartik & Dhara,h4,2026-07-21,21-Jul after-count (K&D),Curry leaves,,40,,,
Kartik & Dhara,h4,2026-07-21,21-Jul after-count (K&D),Lettuce,,50,,,
Kartik & Dhara,h4,2026-07-21,21-Jul after-count (K&D),Pooja coconut (whole),,1,,,
Kartik & Dhara,h4,2026-07-21,21-Jul after-count (K&D),Salt (Tata),,1000,,,
Kartik & Dhara,h4,2026-07-21,21-Jul after-count (K&D),Rice (Bhoomi Farms),,680,,,
Kartik & Dhara,h4,2026-07-21,21-Jul after-count (K&D),Whole wheat spaghetti (yu),,300,,,
Kartik & Dhara,h4,2026-07-21,21-Jul after-count (K&D),Whole wheat atta noodles (yu),,220,,,
Kartik & Dhara,h4,2026-07-21,21-Jul after-count (K&D),Farfalle whole wheat (Dolce Vita),,500,,,
Kartik & Dhara,h4,2026-07-21,21-Jul after-count (K&D),Frozen peas,,0.4,,,
Kartik & Dhara,h4,2026-07-21,21-Jul after-count (K&D),Lady's finger (okra),,125,,,
Kartik & Dhara,h4,2026-07-21,21-Jul after-count (K&D),Mustard oil,,1000,,,
Kartik & Dhara,h4,2026-07-21,21-Jul after-count (K&D),Peanut butter,,310,,,
Kartik & Dhara,h4,2026-07-21,21-Jul after-count (K&D),Frozen puff pastry,,1,,,
Kartik & Dhara,h4,2026-07-21,21-Jul after-count (K&D),Kaara Pura butter murukku,,100,,,
Kartik & Dhara,h4,2026-07-21,21-Jul after-count (K&D),Krishi Veda Byadgi whole chilli,,100,,,
Kartik & Dhara,h4,2026-07-21,21-Jul after-count (K&D),Fruit Treat bhindi chips,,40,,,
Kartik & Dhara,h4,2026-07-21,21-Jul after-count (K&D),The Healthy Binge millet baked chips,,40,,,
Kartik & Dhara,h4,2026-07-21,21-Jul after-count (K&D),Nilgiris sonamasoori raw rice,,1000,,,
Kartik & Dhara,h4,2026-07-21,21-Jul after-count (K&D),Gardenia Idukki green cardamom,,40,,,
Kartik & Dhara,h4,2026-07-21,21-Jul after-count (K&D),Troovy healthy protein puffs,,40,,,
Kartik & Dhara,h4,2026-07-21,21-Jul after-count (K&D),Arhar/Toor dal,,500,,,
Kartik & Dhara,h4,2026-07-21,21-Jul after-count (K&D),Chana dal,,500,,,
Kartik & Dhara,h4,2026-07-21,21-Jul after-count (K&D),Millet noodles,,200,,,
Kartik & Dhara,h4,2026-07-21,21-Jul after-count (K&D),Coriander seeds,,100,,,
Kartik & Dhara,h4,2026-07-21,21-Jul after-count (K&D),Emmer wheat,,1000,,,
Kartik & Dhara,h4,2026-07-21,21-Jul after-count (K&D),Urad dal,,500,,,
Kartik & Dhara,h4,2026-07-21,21-Jul after-count (K&D),Butter,,250,,,
Kartik & Dhara,h4,2026-07-21,21-Jul after-count (K&D),Rajma,,300,,,
Kartik & Dhara,h4,2026-07-21,21-Jul after-count (K&D),Milk,,1,,,
Kartik & Dhara,h4,2026-07-21,21-Jul after-count (K&D),Mackerel,,250,,,
Kartik & Dhara,h4,2026-07-21,21-Jul after-count (K&D),Quinoa,,335,,,
Kartik & Dhara,h4,2026-07-21,21-Jul after-count (K&D),Green moong,,300,,,
Kartik & Dhara,h4,2026-07-21,21-Jul after-count (K&D),Fennel seeds,,50,,,
Kartik & Dhara,h4,2026-07-21,21-Jul after-count (K&D),Seekh kebab (frozen),,200,,,
Kartik & Dhara,h4,2026-07-21,21-Jul after-count (K&D),Chicken breast,,450,,,
Kartik & Dhara,h4,2026-07-21,21-Jul after-count (K&D),Bottle gourd,,200,,,
Kartik & Dhara,h4,2026-07-21,21-Jul after-count (K&D),Biryani masala powder,,120,,,
Kartik & Dhara,h4,2026-07-21,21-Jul after-count (K&D),Chia seeds,,250,,,
Kartik & Dhara,h4,2026-07-21,21-Jul after-count (K&D),Shirataki noodles,,270,,,
Kartik & Dhara,h4,2026-07-21,21-Jul after-count (K&D),Mustard seeds,,100,,,
Kartik & Dhara,h4,2026-07-21,21-Jul after-count (K&D),Figaro olive oil,,1000,,,
Kartik & Dhara,h4,2026-07-21,21-Jul after-count (K&D),Black sesame oil,,300,,,
Kartik & Dhara,h4,2026-07-21,21-Jul after-count (K&D),Groundnut oil,,400,,,
Kartik & Dhara,h4,2026-07-21,21-Jul after-count (K&D),Matcha green tea,,30,,,
Kartik & Dhara,h4,2026-07-21,21-Jul after-count (K&D),Amaranth leaves,,250,,,
Soozy & Munz,h2,2026-07-21,21-Jul END (Mon+Tue close),Cabbage,300,,,,
Soozy & Munz,h2,2026-07-21,21-Jul END (Mon+Tue close),Coriander (dhania),85,,,,
Soozy & Munz,h2,2026-07-21,21-Jul END (Mon+Tue close),Green capsicum,50,,,,
Soozy & Munz,h2,2026-07-21,21-Jul END (Mon+Tue close),Red Label tea,0.5,,,,
Soozy & Munz,h2,2026-07-21,21-Jul END (Mon+Tue close),Honey (Apis multifloral),480,,,,
Soozy & Munz,h2,2026-07-21,21-Jul END (Mon+Tue close),Jalapeno peppers (Cornitos),1,,,,
Soozy & Munz,h2,2026-07-21,21-Jul END (Mon+Tue close),Milk,2050,,,,
Soozy & Munz,h2,2026-07-21,21-Jul END (Mon+Tue close),Kala chana,315,,,,
Soozy & Munz,h2,2026-07-21,21-Jul END (Mon+Tue close),Rajma,281,,,,
Soozy & Munz,h2,2026-07-21,21-Jul END (Mon+Tue close),Eggs,4,,,,
Soozy & Munz,h2,2026-07-21,21-Jul END (Mon+Tue close),Brown rice (jar),380,,,,
Soozy & Munz,h2,2026-07-21,21-Jul END (Mon+Tue close),Sooji/rava (Aashirvaad),1,,,,
Soozy & Munz,h2,2026-07-21,21-Jul END (Mon+Tue close),Whey protein,810,,,,
Soozy & Munz,h2,2026-07-21,21-Jul END (Mon+Tue close),Chilli flakes,1,,,,
Soozy & Munz,h2,2026-07-21,21-Jul END (Mon+Tue close),Oregano,1,,,,
Soozy & Munz,h2,2026-07-21,21-Jul END (Mon+Tue close),Digestive biscuits,1,,,,
Soozy & Munz,h2,2026-07-21,21-Jul END (Mon+Tue close),Chicken masala,1,,,,
Soozy & Munz,h2,2026-07-21,21-Jul END (Mon+Tue close),Broccoli,50,,,,
Soozy & Munz,h2,2026-07-21,21-Jul END (Mon+Tue close),Curry leaves,100,,,,
Soozy & Munz,h2,2026-07-21,21-Jul END (Mon+Tue close),Garlic,60,,,,
Soozy & Munz,h2,2026-07-21,21-Jul END (Mon+Tue close),Ginger,125,,,,
Soozy & Munz,h2,2026-07-21,21-Jul END (Mon+Tue close),Lemon,245,,,,
Soozy & Munz,h2,2026-07-21,21-Jul END (Mon+Tue close),Mint,65,,,,
Soozy & Munz,h2,2026-07-21,21-Jul END (Mon+Tue close),Onion,700,,,,
Soozy & Munz,h2,2026-07-21,21-Jul END (Mon+Tue close),Tomato,290,,,,
Soozy & Munz,h2,2026-07-21,21-Jul END (Mon+Tue close),Garlic paste (Mothers Recipe),194,,,,
Soozy & Munz,h2,2026-07-21,21-Jul END (Mon+Tue close),Cow milk (fresh),6,,,,
Soozy & Munz,h2,2026-07-21,21-Jul END (Mon+Tue close),Paneer,200,,,,
Soozy & Munz,h2,2026-07-21,21-Jul END (Mon+Tue close),Banana,770,,,,
Soozy & Munz,h2,2026-07-21,21-Jul END (Mon+Tue close),Watermelon (cut),3000,,,,
Soozy & Munz,h2,2026-07-21,21-Jul END (Mon+Tue close),Apple / pomegranate,2,,,,
Soozy & Munz,h2,2026-07-21,21-Jul END (Mon+Tue close),Avocado,100,,,,
Soozy & Munz,h2,2026-07-21,21-Jul END (Mon+Tue close),Almonds,285,,,,
Soozy & Munz,h2,2026-07-21,21-Jul END (Mon+Tue close),Hummus (NOICE Lebanese),140,,,,
Soozy & Munz,h2,2026-07-21,21-Jul END (Mon+Tue close),Sheba cat food (salmon),1,,,,
Soozy & Munz,h2,2026-07-21,21-Jul END (Mon+Tue close),Rolled oats,610,,,,
Soozy & Munz,h2,2026-07-21,21-Jul END (Mon+Tue close),Sardine,180,,,,
Soozy & Munz,h2,2026-07-21,21-Jul END (Mon+Tue close),Rava idli mix (MTR),1,,,,
Soozy & Munz,h2,2026-07-21,21-Jul END (Mon+Tue close),White sesame seeds (Whole Farm),54,,,,
Soozy & Munz,h2,2026-07-21,21-Jul END (Mon+Tue close),Fennel seeds,270,,,,
Soozy & Munz,h2,2026-07-21,21-Jul END (Mon+Tue close),Jeera,190,,,,
Soozy & Munz,h2,2026-07-21,21-Jul END (Mon+Tue close),Black pepper (whole),1,,,,
Soozy & Munz,h2,2026-07-21,21-Jul END (Mon+Tue close),Chana dal,715,,,,
Soozy & Munz,h2,2026-07-21,21-Jul END (Mon+Tue close),Coconut oil,0.2,,,,
Soozy & Munz,h2,2026-07-21,21-Jul END (Mon+Tue close),Brown sugar,550,,,,
Soozy & Munz,h2,2026-07-21,21-Jul END (Mon+Tue close),Walnuts,230,,,,
Soozy & Munz,h2,2026-07-21,21-Jul END (Mon+Tue close),Gulab jamun mix,1,,,,
Soozy & Munz,h2,2026-07-21,21-Jul END (Mon+Tue close),Chia seeds,340,,,,
Soozy & Munz,h2,2026-07-21,21-Jul END (Mon+Tue close),Thai green paste,1,,,,
Soozy & Munz,h2,2026-07-21,21-Jul END (Mon+Tue close),Chilli powder,216,,,,
Soozy & Munz,h2,2026-07-21,21-Jul END (Mon+Tue close),Sugar,350,,,,
Soozy & Munz,h2,2026-07-21,21-Jul END (Mon+Tue close),Maggi,1,,,,
Soozy & Munz,h2,2026-07-21,21-Jul END (Mon+Tue close),Raisins,235,,,,
Soozy & Munz,h2,2026-07-21,21-Jul END (Mon+Tue close),Nutri Choice crackers,75,,,,
Soozy & Munz,h2,2026-07-21,21-Jul END (Mon+Tue close),Yogurt,410,,,,
Soozy & Munz,h2,2026-07-21,21-Jul END (Mon+Tue close),Boiled rice,1400,,,,
Soozy & Munz,h2,2026-07-21,21-Jul END (Mon+Tue close),Sona masoori rice,500,,,,
Soozy & Munz,h2,2026-07-21,21-Jul END (Mon+Tue close),Indrayani rice,520,,,,
Soozy & Munz,h2,2026-07-21,21-Jul END (Mon+Tue close),Iceberg lettuce,180,,,,
Soozy & Munz,h2,2026-07-21,21-Jul END (Mon+Tue close),Sun-dried tomatoes,1,,,,
Soozy & Munz,h2,2026-07-21,21-Jul END (Mon+Tue close),Umami paste,1,,,,
Soozy & Munz,h2,2026-07-21,21-Jul END (Mon+Tue close),Mustard sauce,320,,,,
Soozy & Munz,h2,2026-07-21,21-Jul END (Mon+Tue close),Tabasco,1,,,,
Soozy & Munz,h2,2026-07-21,21-Jul END (Mon+Tue close),Chilli oil,1,,,,
Soozy & Munz,h2,2026-07-21,21-Jul END (Mon+Tue close),Red Bull energy drink,2,,,,
Soozy & Munz,h2,2026-07-21,21-Jul END (Mon+Tue close),Troovy protein veggie chips,70,,,,
Soozy & Munz,h2,2026-07-21,21-Jul END (Mon+Tue close),Origami toilet tissue,1,,,,
Soozy & Munz,h2,2026-07-21,21-Jul END (Mon+Tue close),Broken cashew,100,,,,
Soozy & Munz,h2,2026-07-21,21-Jul END (Mon+Tue close),Apple cider vinegar,500,,,,
Soozy & Munz,h2,2026-07-21,21-Jul END (Mon+Tue close),White tahini paste,440,,,,
Soozy & Munz,h2,2026-07-21,21-Jul END (Mon+Tue close),Mandarin orange,4,,,,
Soozy & Munz,h2,2026-07-21,21-Jul END (Mon+Tue close),Cherry tomato,60,,,,
Soozy & Munz,h2,2026-07-21,21-Jul END (Mon+Tue close),Cucumber,300,,,,
Soozy & Munz,h2,2026-07-21,21-Jul END (Mon+Tue close),Greek yogurt (Akshayakalpa plain),4,,,,
Soozy & Munz,h2,2026-07-21,21-Jul END (Mon+Tue close),Greek yogurt (Milky Mist),1,,,,
Paxal & Sana,h7,2026-07-21,21-Jul END (Tue close),Cabbage,250,,,,
Paxal & Sana,h7,2026-07-21,21-Jul END (Tue close),Carrot,605,,,,
Paxal & Sana,h7,2026-07-21,21-Jul END (Tue close),Coriander (dhania),55,,,,
Paxal & Sana,h7,2026-07-21,21-Jul END (Tue close),Cucumber,500,,,,
Paxal & Sana,h7,2026-07-21,21-Jul END (Tue close),Garlic,450,,,,
Paxal & Sana,h7,2026-07-21,21-Jul END (Tue close),Ginger,100,,,,
Paxal & Sana,h7,2026-07-21,21-Jul END (Tue close),Green capsicum,150,,,,
Paxal & Sana,h7,2026-07-21,21-Jul END (Tue close),Lemon,240,,,,
Paxal & Sana,h7,2026-07-21,21-Jul END (Tue close),Onion,600,,,,
Paxal & Sana,h7,2026-07-21,21-Jul END (Tue close),Paneer,200,,,,
Paxal & Sana,h7,2026-07-21,21-Jul END (Tue close),Tomato,960,,,,
Paxal & Sana,h7,2026-07-21,21-Jul END (Tue close),Green chilli,60,,,,
Paxal & Sana,h7,2026-07-21,21-Jul END (Tue close),Mint,80,,,,
Paxal & Sana,h7,2026-07-21,21-Jul END (Tue close),Potato,800,,,,
Paxal & Sana,h7,2026-07-21,21-Jul END (Tue close),Spring onion,100,,,,
Paxal & Sana,h7,2026-07-21,21-Jul END (Tue close),Curd,200,,,,
Paxal & Sana,h7,2026-07-21,21-Jul END (Tue close),Tofu,200,,,,
Paxal & Sana,h7,2026-07-21,21-Jul END (Tue close),Pooja coconut (whole),1,,,,
Paxal & Sana,h7,2026-07-21,21-Jul END (Tue close),Yuzu kombucha,200,,,,
Paxal & Sana,h7,2026-07-21,21-Jul END (Tue close),Garam masala,90,,,,
Paxal & Sana,h7,2026-07-21,21-Jul END (Tue close),White label sugar,1000,,,,
Paxal & Sana,h7,2026-07-21,21-Jul END (Tue close),Ghee pouch,1000,,,,
Paxal & Sana,h7,2026-07-21,21-Jul END (Tue close),Tata salt,1000,,,,
Paxal & Sana,h7,2026-07-21,21-Jul END (Tue close),Skimmed milk,4,,,,
Paxal & Sana,h7,2026-07-21,21-Jul END (Tue close),Skyr,225,,,,
Paxal & Sana,h7,2026-07-21,21-Jul END (Tue close),Bread,230,,,,
Paxal & Sana,h7,2026-07-21,21-Jul END (Tue close),Mango kombucha,3,,,,
Paxal & Sana,h7,2026-07-21,21-Jul END (Tue close),Cheddar cheese block,160,,,,
Paxal & Sana,h7,2026-07-21,21-Jul END (Tue close),Peri peri ragi chips,1,,,,
Disha & Anirudh,h3,2026-07-21,21-Jul END (physical count + dinner),Kiwi,3,,,,
Disha & Anirudh,h3,2026-07-21,21-Jul END (physical count + dinner),Pear,1,,,,
Disha & Anirudh,h3,2026-07-21,21-Jul END (physical count + dinner),Banana,4,,,,
Disha & Anirudh,h3,2026-07-21,21-Jul END (physical count + dinner),Tomato,5,,,,
Disha & Anirudh,h3,2026-07-21,21-Jul END (physical count + dinner),Onion,1500,,,,
Disha & Anirudh,h3,2026-07-21,21-Jul END (physical count + dinner),Lemon,4,,,,
Disha & Anirudh,h3,2026-07-21,21-Jul END (physical count + dinner),Green chilli,53,,,,
Disha & Anirudh,h3,2026-07-21,21-Jul END (physical count + dinner),Curry leaves,26,,,,
Disha & Anirudh,h3,2026-07-21,21-Jul END (physical count + dinner),Chopped coriander,70,,,,
Disha & Anirudh,h3,2026-07-21,21-Jul END (physical count + dinner),Zucchini,2,,,,
Disha & Anirudh,h3,2026-07-21,21-Jul END (physical count + dinner),Green capsicum,1.5,,,,
Disha & Anirudh,h3,2026-07-21,21-Jul END (physical count + dinner),Yellow capsicum,0.5,,,,
Disha & Anirudh,h3,2026-07-21,21-Jul END (physical count + dinner),Cabbage,364,,,,
Disha & Anirudh,h3,2026-07-21,21-Jul END (physical count + dinner),Lettuce,39,,,,
Disha & Anirudh,h3,2026-07-21,21-Jul END (physical count + dinner),Iceberg lettuce,203,,,,
Disha & Anirudh,h3,2026-07-21,21-Jul END (physical count + dinner),Yellow sweet corn,1,,,,
Disha & Anirudh,h3,2026-07-21,21-Jul END (physical count + dinner),Lemongrass,47,,,,
Disha & Anirudh,h3,2026-07-21,21-Jul END (physical count + dinner),Spring onion,35,,,,
Disha & Anirudh,h3,2026-07-21,21-Jul END (physical count + dinner),Thai basil leaves,48,,,,
Disha & Anirudh,h3,2026-07-21,21-Jul END (physical count + dinner),Cherries,1,,,,
Disha & Anirudh,h3,2026-07-21,21-Jul END (physical count + dinner),Plums,2,,,,
Disha & Anirudh,h3,2026-07-21,21-Jul END (physical count + dinner),Premium blueberries,1,,,,
Disha & Anirudh,h3,2026-07-21,21-Jul END (physical count + dinner),Curd,1000,,,,
Disha & Anirudh,h3,2026-07-21,21-Jul END (physical count + dinner),Hung curd,350,,,,
Disha & Anirudh,h3,2026-07-21,21-Jul END (physical count + dinner),Greek yogurt (Milky Mist),3,,,,
Disha & Anirudh,h3,2026-07-21,21-Jul END (physical count + dinner),Fresh cream,1,,,,
Disha & Anirudh,h3,2026-07-21,21-Jul END (physical count + dinner),Delicata dairy cream,0.5,,,,
Disha & Anirudh,h3,2026-07-21,21-Jul END (physical count + dinner),Coconut cream,1,,,,
Disha & Anirudh,h3,2026-07-21,21-Jul END (physical count + dinner),Coconut milk,0.75,,,,
Disha & Anirudh,h3,2026-07-21,21-Jul END (physical count + dinner),Lactose-free Amul milk,4,,,,
Disha & Anirudh,h3,2026-07-21,21-Jul END (physical count + dinner),Feta cheese,1,,,,
Disha & Anirudh,h3,2026-07-21,21-Jul END (physical count + dinner),Cheese slices,1,,,,
Disha & Anirudh,h3,2026-07-21,21-Jul END (physical count + dinner),Butter,0.5,,,,
Disha & Anirudh,h3,2026-07-21,21-Jul END (physical count + dinner),Eggs,10,,,,
Disha & Anirudh,h3,2026-07-21,21-Jul END (physical count + dinner),Chicken,200,,,,
Disha & Anirudh,h3,2026-07-21,21-Jul END (physical count + dinner),Zero maida protein bread,1,,,,
Disha & Anirudh,h3,2026-07-21,21-Jul END (physical count + dinner),Protein powder (A),505,,,,
Disha & Anirudh,h3,2026-07-21,21-Jul END (physical count + dinner),Protein powder (B),274,,,,
Disha & Anirudh,h3,2026-07-21,21-Jul END (physical count + dinner),Whey concentrate,1,,,,
Disha & Anirudh,h3,2026-07-21,21-Jul END (physical count + dinner),Creatine monohydrate,115,,,,
Disha & Anirudh,h3,2026-07-21,21-Jul END (physical count + dinner),Whole Truth chocolate,688,,,,
Disha & Anirudh,h3,2026-07-21,21-Jul END (physical count + dinner),Yoga Bar health mix,474,,,,
Disha & Anirudh,h3,2026-07-21,21-Jul END (physical count + dinner),Happa cereals,1,,,,
Disha & Anirudh,h3,2026-07-21,21-Jul END (physical count + dinner),Nutritional cereal,1,,,,
Disha & Anirudh,h3,2026-07-21,21-Jul END (physical count + dinner),Dry dates powder,1,,,,
Disha & Anirudh,h3,2026-07-21,21-Jul END (physical count + dinner),Happa fruit melts,2,,,,
Disha & Anirudh,h3,2026-07-21,21-Jul END (physical count + dinner),Strawberry cake drink,3,,,,
Disha & Anirudh,h3,2026-07-21,21-Jul END (physical count + dinner),Mixed fruit drink,1,,,,
Disha & Anirudh,h3,2026-07-21,21-Jul END (physical count + dinner),Mixed seeds,413,,,,
Disha & Anirudh,h3,2026-07-21,21-Jul END (physical count + dinner),Cashews,435,,,,
Disha & Anirudh,h3,2026-07-21,21-Jul END (physical count + dinner),Almonds,200,,,,
Disha & Anirudh,h3,2026-07-21,21-Jul END (physical count + dinner),Peanuts,231,,,,
Disha & Anirudh,h3,2026-07-21,21-Jul END (physical count + dinner),Spicy peanuts,126,,,,
Disha & Anirudh,h3,2026-07-21,21-Jul END (physical count + dinner),Sweet peanuts,144,,,,
Disha & Anirudh,h3,2026-07-21,21-Jul END (physical count + dinner),White sesame seeds (A),200,,,,
Disha & Anirudh,h3,2026-07-21,21-Jul END (physical count + dinner),White sesame seeds (B),1,,,,
Disha & Anirudh,h3,2026-07-21,21-Jul END (physical count + dinner),Black sesame seeds,1,,,,
Disha & Anirudh,h3,2026-07-21,21-Jul END (physical count + dinner),White chia seeds,1,,,,
Disha & Anirudh,h3,2026-07-21,21-Jul END (physical count + dinner),Flax seed masala,1,,,,
Disha & Anirudh,h3,2026-07-21,21-Jul END (physical count + dinner),Organic sesame cooking oil,1,,,,
Disha & Anirudh,h3,2026-07-21,21-Jul END (physical count + dinner),Olive oil,0.5,,,,
Disha & Anirudh,h3,2026-07-21,21-Jul END (physical count + dinner),Extra virgin olive oil,2,,,,
Disha & Anirudh,h3,2026-07-21,21-Jul END (physical count + dinner),Rice bran oil (A),0.75,,,,
Disha & Anirudh,h3,2026-07-21,21-Jul END (physical count + dinner),Rice bran oil (B),1,,,,
Disha & Anirudh,h3,2026-07-21,21-Jul END (physical count + dinner),Peanut oil,0.4,,,,
Disha & Anirudh,h3,2026-07-21,21-Jul END (physical count + dinner),Mustard oil,0.5,,,,
Disha & Anirudh,h3,2026-07-21,21-Jul END (physical count + dinner),Pure ghee,1000,,,,
Disha & Anirudh,h3,2026-07-21,21-Jul END (physical count + dinner),A2 cow ghee,1,,,,
Disha & Anirudh,h3,2026-07-21,21-Jul END (physical count + dinner),Parachute coconut oil,1,,,,
Disha & Anirudh,h3,2026-07-21,21-Jul END (physical count + dinner),Toasted sesame oil,0.5,,,,
Disha & Anirudh,h3,2026-07-21,21-Jul END (physical count + dinner),Brown sugar,499,,,,
Disha & Anirudh,h3,2026-07-21,21-Jul END (physical count + dinner),Sugar (A),500,,,,
Disha & Anirudh,h3,2026-07-21,21-Jul END (physical count + dinner),Sugar (B),0.5,,,,
Disha & Anirudh,h3,2026-07-21,21-Jul END (physical count + dinner),Dates,473,,,,
Disha & Anirudh,h3,2026-07-21,21-Jul END (physical count + dinner),Psyllium husk,138,,,,
Disha & Anirudh,h3,2026-07-21,21-Jul END (physical count + dinner),Isabgol,242,,,,
Disha & Anirudh,h3,2026-07-21,21-Jul END (physical count + dinner),Pink salt (A),50,,,,
Disha & Anirudh,h3,2026-07-21,21-Jul END (physical count + dinner),Pink salt (B),700,,,,
Disha & Anirudh,h3,2026-07-21,21-Jul END (physical count + dinner),Sea salt,1,,,,
Disha & Anirudh,h3,2026-07-21,21-Jul END (physical count + dinner),Salt,1000,,,,
Disha & Anirudh,h3,2026-07-21,21-Jul END (physical count + dinner),Himalayan kala namak,0.5,,,,
Disha & Anirudh,h3,2026-07-21,21-Jul END (physical count + dinner),Honey,1,,,,
Disha & Anirudh,h3,2026-07-21,21-Jul END (physical count + dinner),Quinoa,100,,,,
Disha & Anirudh,h3,2026-07-21,21-Jul END (physical count + dinner),Poha,300,,,,
Disha & Anirudh,h3,2026-07-21,21-Jul END (physical count + dinner),Corn flour,100,,,,
Disha & Anirudh,h3,2026-07-21,21-Jul END (physical count + dinner),Besan,235,,,,
Disha & Anirudh,h3,2026-07-21,21-Jul END (physical count + dinner),Suji,200,,,,
Disha & Anirudh,h3,2026-07-21,21-Jul END (physical count + dinner),Roasted suji,296,,,,
Disha & Anirudh,h3,2026-07-21,21-Jul END (physical count + dinner),Breadcrumbs,90,,,,
Disha & Anirudh,h3,2026-07-21,21-Jul END (physical count + dinner),Ragi flour,1,,,,
Disha & Anirudh,h3,2026-07-21,21-Jul END (physical count + dinner),Atta,10000,,,,
Disha & Anirudh,h3,2026-07-21,21-Jul END (physical count + dinner),Brown rice,300,,,,
Disha & Anirudh,h3,2026-07-21,21-Jul END (physical count + dinner),Sona rice,400,,,,
Disha & Anirudh,h3,2026-07-21,21-Jul END (physical count + dinner),Sona masoori raw rice (A),535,,,,
Disha & Anirudh,h3,2026-07-21,21-Jul END (physical count + dinner),Sona masoori raw rice (B),1,,,,
Disha & Anirudh,h3,2026-07-21,21-Jul END (physical count + dinner),Whole sabudana,1,,,,
Disha & Anirudh,h3,2026-07-21,21-Jul END (physical count + dinner),Yellow moong dal,150,,,,
Disha & Anirudh,h3,2026-07-21,21-Jul END (physical count + dinner),Yellow split moong dal,250,,,,
Disha & Anirudh,h3,2026-07-21,21-Jul END (physical count + dinner),Split moong dal,250,,,,
Disha & Anirudh,h3,2026-07-21,21-Jul END (physical count + dinner),Whole moong,300,,,,
Disha & Anirudh,h3,2026-07-21,21-Jul END (physical count + dinner),Organic whole moong,1,,,,
Disha & Anirudh,h3,2026-07-21,21-Jul END (physical count + dinner),Unpolished moong dal,375,,,,
Disha & Anirudh,h3,2026-07-21,21-Jul END (physical count + dinner),Moong dal (A),200,,,,
Disha & Anirudh,h3,2026-07-21,21-Jul END (physical count + dinner),Moong dal (B),500,,,,
Disha & Anirudh,h3,2026-07-21,21-Jul END (physical count + dinner),Masoor dal (A),100,,,,
Disha & Anirudh,h3,2026-07-21,21-Jul END (physical count + dinner),Masoor dal (B),1,,,,
Disha & Anirudh,h3,2026-07-21,21-Jul END (physical count + dinner),Chana dal (A),90,,,,
Disha & Anirudh,h3,2026-07-21,21-Jul END (physical count + dinner),Chana dal (B),258,,,,
Disha & Anirudh,h3,2026-07-21,21-Jul END (physical count + dinner),Chana dal (C),528,,,,
Disha & Anirudh,h3,2026-07-21,21-Jul END (physical count + dinner),Chana,200,,,,
Disha & Anirudh,h3,2026-07-21,21-Jul END (physical count + dinner),Toor dal,200,,,,
Disha & Anirudh,h3,2026-07-21,21-Jul END (physical count + dinner),Arhar dal (A),500,,,,
Disha & Anirudh,h3,2026-07-21,21-Jul END (physical count + dinner),Arhar dal (B),1,,,,
Disha & Anirudh,h3,2026-07-21,21-Jul END (physical count + dinner),Taj Mahal tea,1,,,,
Disha & Anirudh,h3,2026-07-21,21-Jul END (physical count + dinner),Twinings English breakfast tea,1,,,,
Disha & Anirudh,h3,2026-07-21,21-Jul END (physical count + dinner),Tea leaves,150,,,,
Disha & Anirudh,h3,2026-07-21,21-Jul END (physical count + dinner),Tea powder,0.5,,,,
Disha & Anirudh,h3,2026-07-21,21-Jul END (physical count + dinner),Brew coffee,1,,,,
Disha & Anirudh,h3,2026-07-21,21-Jul END (physical count + dinner),Black pepper (A),1,,,,
Disha & Anirudh,h3,2026-07-21,21-Jul END (physical count + dinner),Black pepper (B),0.5,,,,
Disha & Anirudh,h3,2026-07-21,21-Jul END (physical count + dinner),Pepper powder,122,,,,
Disha & Anirudh,h3,2026-07-21,21-Jul END (physical count + dinner),Red chilli,262,,,,
Disha & Anirudh,h3,2026-07-21,21-Jul END (physical count + dinner),Red chilli powder,100,,,,
Disha & Anirudh,h3,2026-07-21,21-Jul END (physical count + dinner),Dried red chilli,58,,,,
Disha & Anirudh,h3,2026-07-21,21-Jul END (physical count + dinner),Kashmiri chilli powder,1,,,,
Disha & Anirudh,h3,2026-07-21,21-Jul END (physical count + dinner),Pure Guntur chilli,1,,,,
Disha & Anirudh,h3,2026-07-21,21-Jul END (physical count + dinner),Shankar tikali chilli powder,1,,,,
Disha & Anirudh,h3,2026-07-21,21-Jul END (physical count + dinner),Haldi powder,348,,,,
Disha & Anirudh,h3,2026-07-21,21-Jul END (physical count + dinner),Haldi,245,,,,
Disha & Anirudh,h3,2026-07-21,21-Jul END (physical count + dinner),Turmeric,1,,,,
Disha & Anirudh,h3,2026-07-21,21-Jul END (physical count + dinner),Jeera seeds,108,,,,
Disha & Anirudh,h3,2026-07-21,21-Jul END (physical count + dinner),Jeera (A),0.5,,,,
Disha & Anirudh,h3,2026-07-21,21-Jul END (physical count + dinner),Jeera (B),1,,,,
Disha & Anirudh,h3,2026-07-21,21-Jul END (physical count + dinner),Jeera powder (A),68,,,,
Disha & Anirudh,h3,2026-07-21,21-Jul END (physical count + dinner),Jeera powder (B),432,,,,
Disha & Anirudh,h3,2026-07-21,21-Jul END (physical count + dinner),Dhaniya seeds,150,,,,
Disha & Anirudh,h3,2026-07-21,21-Jul END (physical count + dinner),Dhaniya powder,0.25,,,,
Disha & Anirudh,h3,2026-07-21,21-Jul END (physical count + dinner),Sambar powder,200,,,,
Disha & Anirudh,h3,2026-07-21,21-Jul END (physical count + dinner),Kora sambar,135,,,,
Disha & Anirudh,h3,2026-07-21,21-Jul END (physical count + dinner),Jeera aloo masala,197,,,,
Disha & Anirudh,h3,2026-07-21,21-Jul END (physical count + dinner),Maharashtrian masala,187,,,,
Disha & Anirudh,h3,2026-07-21,21-Jul END (physical count + dinner),Tadka mix,50,,,,
Disha & Anirudh,h3,2026-07-21,21-Jul END (physical count + dinner),Kasuri methi,1,,,,
Disha & Anirudh,h3,2026-07-21,21-Jul END (physical count + dinner),Hari methi,100,,,,
Disha & Anirudh,h3,2026-07-21,21-Jul END (physical count + dinner),Imli,300,,,,
Disha & Anirudh,h3,2026-07-21,21-Jul END (physical count + dinner),Mustard seeds,1,,,,
Disha & Anirudh,h3,2026-07-21,21-Jul END (physical count + dinner),Organic cumin seeds,1,,,,
Disha & Anirudh,h3,2026-07-21,21-Jul END (physical count + dinner),Hing,1,,,,
Disha & Anirudh,h3,2026-07-21,21-Jul END (physical count + dinner),Chaat masala,1,,,,
Disha & Anirudh,h3,2026-07-21,21-Jul END (physical count + dinner),Baking powder,1,,,,
Disha & Anirudh,h3,2026-07-21,21-Jul END (physical count + dinner),Baking soda,1,,,,
Disha & Anirudh,h3,2026-07-21,21-Jul END (physical count + dinner),Dry mango powder,1,,,,
Disha & Anirudh,h3,2026-07-21,21-Jul END (physical count + dinner),Garlic powder,2,,,,
Disha & Anirudh,h3,2026-07-21,21-Jul END (physical count + dinner),Onion powder (A),1,,,,
Disha & Anirudh,h3,2026-07-21,21-Jul END (physical count + dinner),Onion powder (B),1,,,,
Disha & Anirudh,h3,2026-07-21,21-Jul END (physical count + dinner),Cinnamon powder,1,,,,
Disha & Anirudh,h3,2026-07-21,21-Jul END (physical count + dinner),Nutmeg powder,1,,,,
Disha & Anirudh,h3,2026-07-21,21-Jul END (physical count + dinner),Sumac powder,1,,,,
Disha & Anirudh,h3,2026-07-21,21-Jul END (physical count + dinner),Zaatar powder,1,,,,
Disha & Anirudh,h3,2026-07-21,21-Jul END (physical count + dinner),Mushroom seasoning w/ seaweed,1,,,,
Disha & Anirudh,h3,2026-07-21,21-Jul END (physical count + dinner),Pizza oregano spice mix,1,,,,
Disha & Anirudh,h3,2026-07-21,21-Jul END (physical count + dinner),Mixed masalas,1,,,,
Disha & Anirudh,h3,2026-07-21,21-Jul END (physical count + dinner),Cardamom,1,,,,
Disha & Anirudh,h3,2026-07-21,21-Jul END (physical count + dinner),Cloves,1,,,,
Disha & Anirudh,h3,2026-07-21,21-Jul END (physical count + dinner),Star anise,1,,,,
Disha & Anirudh,h3,2026-07-21,21-Jul END (physical count + dinner),Tej patta,1,,,,
Disha & Anirudh,h3,2026-07-21,21-Jul END (physical count + dinner),Gongura pickle,467,,,,
Disha & Anirudh,h3,2026-07-21,21-Jul END (physical count + dinner),Cut mango pickle,1,,,,
Disha & Anirudh,h3,2026-07-21,21-Jul END (physical count + dinner),Mango pickle,1,,,,
Disha & Anirudh,h3,2026-07-21,21-Jul END (physical count + dinner),Onion mixed pickle,200,,,,
Disha & Anirudh,h3,2026-07-21,21-Jul END (physical count + dinner),Ketchup,2,,,,
Disha & Anirudh,h3,2026-07-21,21-Jul END (physical count + dinner),Tomato ketchup sweet & spicy,1,,,,
Disha & Anirudh,h3,2026-07-21,21-Jul END (physical count + dinner),Dark soy sauce,0.5,,,,
Disha & Anirudh,h3,2026-07-21,21-Jul END (physical count + dinner),Chin-Su sauce,1,,,,
Disha & Anirudh,h3,2026-07-21,21-Jul END (physical count + dinner),Synthetic vinegar,1,,,,
Disha & Anirudh,h3,2026-07-21,21-Jul END (physical count + dinner),Balsamic vinegar,0.5,,,,
Disha & Anirudh,h3,2026-07-21,21-Jul END (physical count + dinner),French vinaigrette,0.5,,,,
Disha & Anirudh,h3,2026-07-21,21-Jul END (physical count + dinner),Bengal mustard kasundi,1,,,,
Disha & Anirudh,h3,2026-07-21,21-Jul END (physical count + dinner),Hellmann mayonnaise (A),0.5,,,,
Disha & Anirudh,h3,2026-07-21,21-Jul END (physical count + dinner),Hellmann mayonnaise (B),1,,,,
Disha & Anirudh,h3,2026-07-21,21-Jul END (physical count + dinner),Honey mustard,1,,,,
Disha & Anirudh,h3,2026-07-21,21-Jul END (physical count + dinner),Honey mustard dip,1,,,,
Disha & Anirudh,h3,2026-07-21,21-Jul END (physical count + dinner),Cheese & jalapeno dip,1,,,,
Disha & Anirudh,h3,2026-07-21,21-Jul END (physical count + dinner),Pizza sauce,1,,,,
Disha & Anirudh,h3,2026-07-21,21-Jul END (physical count + dinner),Gochujang,1,,,,
Disha & Anirudh,h3,2026-07-21,21-Jul END (physical count + dinner),Panda oyster sauce,1,,,,
Disha & Anirudh,h3,2026-07-21,21-Jul END (physical count + dinner),Sriracha hot chilli sauce,1,,,,
Disha & Anirudh,h3,2026-07-21,21-Jul END (physical count + dinner),Sriracha green chilli sauce,1,,,,
Disha & Anirudh,h3,2026-07-21,21-Jul END (physical count + dinner),Sriracha chilli sauce,1,,,,
Disha & Anirudh,h3,2026-07-21,21-Jul END (physical count + dinner),Hot sauce,1,,,,
Disha & Anirudh,h3,2026-07-21,21-Jul END (physical count + dinner),Buddha hot sauce,1,,,,
Disha & Anirudh,h3,2026-07-21,21-Jul END (physical count + dinner),Crunchy chilli oil,1,,,,
Disha & Anirudh,h3,2026-07-21,21-Jul END (physical count + dinner),Green olives,1,,,,
Disha & Anirudh,h3,2026-07-21,21-Jul END (physical count + dinner),Del Monte pitted black olives,1,,,,
Disha & Anirudh,h3,2026-07-21,21-Jul END (physical count + dinner),Cherry pepper feta stuffed,1,,,,
Disha & Anirudh,h3,2026-07-21,21-Jul END (physical count + dinner),Jalapenos,1,,,,
Disha & Anirudh,h3,2026-07-21,21-Jul END (physical count + dinner),Sliced jalapeno peppers,1,,,,
Disha & Anirudh,h3,2026-07-21,21-Jul END (physical count + dinner),German sweet & sour,1,,,,
Disha & Anirudh,h3,2026-07-21,21-Jul END (physical count + dinner),Original kimchi,1,,,,
Disha & Anirudh,h3,2026-07-21,21-Jul END (physical count + dinner),Pomegranate molasses,1,,,,
Disha & Anirudh,h3,2026-07-21,21-Jul END (physical count + dinner),Orchard Lane spreadable fruit,1,,,,
Disha & Anirudh,h3,2026-07-21,21-Jul END (physical count + dinner),Bournvita,1,,,,
Disha & Anirudh,h3,2026-07-21,21-Jul END (physical count + dinner),Sugar-free stevia,1,,,,
Disha & Anirudh,h3,2026-07-21,21-Jul END (physical count + dinner),Everyday sweet sugar replacer,1,,,,
Disha & Anirudh,h3,2026-07-21,21-Jul END (physical count + dinner),Sugar-free,100,,,,
Disha & Anirudh,h3,2026-07-21,21-Jul END (physical count + dinner),M16,1,,,,
Disha & Anirudh,h3,2026-07-21,21-Jul END (physical count + dinner),Noodle packets,1,,,,
Disha & Anirudh,h3,2026-07-21,21-Jul END (physical count + dinner),Red Thai noodles,1,,,,
Disha & Anirudh,h3,2026-07-21,21-Jul END (physical count + dinner),Hakka noodles,1,,,,
Disha & Anirudh,h3,2026-07-21,21-Jul END (physical count + dinner),Noodles,430,,,,
Disha & Anirudh,h3,2026-07-21,21-Jul END (physical count + dinner),Vermicelli,105,,,,
Disha & Anirudh,h3,2026-07-21,21-Jul END (physical count + dinner),Pasta,248,,,,
Disha & Anirudh,h3,2026-07-21,21-Jul END (physical count + dinner),Fusilli/Bucatini pasta,1,,,,
Disha & Anirudh,h3,2026-07-21,21-Jul END (physical count + dinner),Tagliatelle/Mezze pasta,1,,,,
Disha & Anirudh,h3,2026-07-21,21-Jul END (physical count + dinner),Tteokbokki carbonara,1,,,,
Disha & Anirudh,h3,2026-07-21,21-Jul END (physical count + dinner),Fried pork,1,,,,
Rahul & Radhika,h5,2026-07-21,21-Jul physical (produce override),Beetroot,300,,,,
Rahul & Radhika,h5,2026-07-21,21-Jul physical (produce override),Carrot,120,,,,
Rahul & Radhika,h5,2026-07-21,21-Jul physical (produce override),Coriander (dhania),100,,,,
Rahul & Radhika,h5,2026-07-21,21-Jul physical (produce override),Cucumber,350,,,,
Rahul & Radhika,h5,2026-07-21,21-Jul physical (produce override),Curry leaves,30,,,,
Rahul & Radhika,h5,2026-07-21,21-Jul physical (produce override),Garlic,1.5,,,,
Rahul & Radhika,h5,2026-07-21,21-Jul physical (produce override),Green capsicum,100,,,,
Rahul & Radhika,h5,2026-07-21,21-Jul physical (produce override),Yellow capsicum,100,,,,
Rahul & Radhika,h5,2026-07-21,21-Jul physical (produce override),Zucchini,1,,,,
Rahul & Radhika,h5,2026-07-21,21-Jul physical (produce override),"Milk bread (Health Factory, zero maida)",400,,,,
Rahul & Radhika,h5,2026-07-21,21-Jul physical (produce override),Almond drink (Alt Co),940,,,,
Rahul & Radhika,h5,2026-07-21,21-Jul physical (produce override),Oat drink (Alt Co),900,,,,
Rahul & Radhika,h5,2026-07-21,21-Jul physical (produce override),Sourdough bread (Brik Oven),400,,,,
Rahul & Radhika,h5,2026-07-21,21-Jul physical (produce override),Sriracha hot chilli,1,,,,
Rahul & Radhika,h5,2026-07-21,21-Jul physical (produce override),Epigamia Greek yogurt (natural),2,,,,
Rahul & Radhika,h5,2026-07-21,21-Jul physical (produce override),Full cream milk (Heritage),500,,,,
Rahul & Radhika,h5,2026-07-21,21-Jul physical (produce override),Milky Mist Skyr,1,,,,
Rahul & Radhika,h5,2026-07-21,21-Jul physical (produce override),Chana dal,500,,,,
Rahul & Radhika,h5,2026-07-21,21-Jul physical (produce override),Masoor dal (split),500,,,,
Rahul & Radhika,h5,2026-07-21,21-Jul physical (produce override),Eggs (free-range brown),3,,,,
Rahul & Radhika,h5,2026-07-21,21-Jul physical (produce override),Red cabbage,0.5,,,,
Rahul & Radhika,h5,2026-07-21,21-Jul physical (produce override),Red capsicum,100,,,,
Rahul & Radhika,h5,2026-07-21,21-Jul physical (produce override),Apple (Royal Gala),1,,,,
Rahul & Radhika,h5,2026-07-21,21-Jul physical (produce override),Banana (Yellaki),300,,,,
Rahul & Radhika,h5,2026-07-21,21-Jul physical (produce override),Blueberry (imported),85,,,,
Rahul & Radhika,h5,2026-07-21,21-Jul physical (produce override),Kiwi,1,,,,
Rahul & Radhika,h5,2026-07-21,21-Jul physical (produce override),Corn starch (Brown & Polson),1,,,,
Rahul & Radhika,h5,2026-07-21,21-Jul physical (produce override),Kala chana (Tata Sampann),500,,,,
Rahul & Radhika,h5,2026-07-21,21-Jul physical (produce override),Moong dal (24 Mantra organic),500,,,,
Rahul & Radhika,h5,2026-07-21,21-Jul physical (produce override),Quinoa (Organeekz organic),400,,,,
Rahul & Radhika,h5,2026-07-21,21-Jul physical (produce override),Rolled oats (Quaker high-protein),435,,,,
Rahul & Radhika,h5,2026-07-21,21-Jul physical (produce override),Mixed berries (Nutty Gritties),0.3,,,,
Rahul & Radhika,h5,2026-07-21,21-Jul physical (produce override),GobbleRight beetroot & quinoa wrap,1,,,,
Rahul & Radhika,h5,2026-07-21,21-Jul physical (produce override),Sandwich bread (Modern Supreme),400,,,,
Rahul & Radhika,h5,2026-07-21,21-Jul physical (produce override),Chana masala (Organic Tattva),1,,,,
Rahul & Radhika,h5,2026-07-21,21-Jul physical (produce override),Kasuri methi (Catch),1,,,,
Rahul & Radhika,h5,2026-07-21,21-Jul physical (produce override),Meat masala (Everest),1,,,,
Rahul & Radhika,h5,2026-07-21,21-Jul physical (produce override),Pav bhaji masala (Everest),1,,,,
Rahul & Radhika,h5,2026-07-21,21-Jul physical (produce override),Cherry tomato,100,,,,
Rahul & Radhika,h5,2026-07-21,21-Jul physical (produce override),French beans,125,,,,
Rahul & Radhika,h5,2026-07-21,21-Jul physical (produce override),Curd (Sid's Farm),850,,,,
Rahul & Radhika,h5,2026-07-21,21-Jul physical (produce override),Peeled garlic (pack),50,,,,
Rahul & Radhika,h5,2026-07-21,21-Jul physical (produce override),Chicken thigh (boneless),80,,,,
Rahul & Radhika,h5,2026-07-21,21-Jul physical (produce override),Strawberry yogurt,40,,,,
Rahul & Radhika,h5,2026-07-21,21-Jul physical (produce override),Coconut milk (unsweetened),150,,,,
Rahul & Radhika,h5,2026-07-21,21-Jul physical (produce override),Cinnamon (Organic Tattva),48,,,,
Rahul & Radhika,h5,2026-07-21,21-Jul physical (produce override),Olive oil (Borges EV),250,,,,
Rahul & Radhika,h5,2026-07-21,21-Jul physical (produce override),Rice paper,0.5,,,,
Rahul & Radhika,h5,2026-07-21,21-Jul physical (produce override),Dried mixed berries,30,,,,
Rahul & Radhika,h5,2026-07-21,21-Jul physical (produce override),Black pepper powder (Catch),50,,,,
Rahul & Radhika,h5,2026-07-21,21-Jul physical (produce override),Sona masoori rice (Kurnool),1000,,,,
Rahul & Radhika,h5,2026-07-21,21-Jul physical (produce override),Banana leaf,3,,,,
Rahul & Radhika,h5,2026-07-21,21-Jul physical (produce override),Moth matki (whole),500,,,,
Rahul & Radhika,h5,2026-07-21,21-Jul physical (produce override),Onion,7,,,,
Rahul & Radhika,h5,2026-07-21,21-Jul physical (produce override),Potato,1000,,,,
Rahul & Radhika,h5,2026-07-21,21-Jul physical (produce override),Asparagus,100,,,,
Kartik & Dhara,h4,2026-07-22,22-Jul END (Wed close),Garlic,135,,,,
Kartik & Dhara,h4,2026-07-22,22-Jul END (Wed close),Ginger,177,,,,
Kartik & Dhara,h4,2026-07-22,22-Jul END (Wed close),Green chilli,147,,,,
Kartik & Dhara,h4,2026-07-22,22-Jul END (Wed close),Onion,1600,,,,
Kartik & Dhara,h4,2026-07-22,22-Jul END (Wed close),Tomato,500,,,,
Kartik & Dhara,h4,2026-07-22,22-Jul END (Wed close),Buttermilk,2,,,,
Kartik & Dhara,h4,2026-07-22,22-Jul END (Wed close),Paneer,100,,,,
Kartik & Dhara,h4,2026-07-22,22-Jul END (Wed close),Baby corn,60,,,,
Kartik & Dhara,h4,2026-07-22,22-Jul END (Wed close),Brinjal,220,,,,
Kartik & Dhara,h4,2026-07-22,22-Jul END (Wed close),Carrot,140,,,,
Kartik & Dhara,h4,2026-07-22,22-Jul END (Wed close),Cucumber,200,,,,
Kartik & Dhara,h4,2026-07-22,22-Jul END (Wed close),Curry leaves,40,,,,
Kartik & Dhara,h4,2026-07-22,22-Jul END (Wed close),Lettuce,50,,,,
Kartik & Dhara,h4,2026-07-22,22-Jul END (Wed close),Pooja coconut (whole),1,,,,
Kartik & Dhara,h4,2026-07-22,22-Jul END (Wed close),Salt (Tata),1000,,,,
Kartik & Dhara,h4,2026-07-22,22-Jul END (Wed close),Eggs,3,,,,
Kartik & Dhara,h4,2026-07-22,22-Jul END (Wed close),Rice (Bhoomi Farms),620,,,,
Kartik & Dhara,h4,2026-07-22,22-Jul END (Wed close),Whole wheat spaghetti (yu),300,,,,
Kartik & Dhara,h4,2026-07-22,22-Jul END (Wed close),Whole wheat atta noodles (yu),220,,,,
Kartik & Dhara,h4,2026-07-22,22-Jul END (Wed close),Farfalle whole wheat (Dolce Vita),500,,,,
Kartik & Dhara,h4,2026-07-22,22-Jul END (Wed close),Frozen peas,0.4,,,,
Kartik & Dhara,h4,2026-07-22,22-Jul END (Wed close),Lady's finger (okra),75,,,,
Kartik & Dhara,h4,2026-07-22,22-Jul END (Wed close),Mustard oil,990,,,,
Kartik & Dhara,h4,2026-07-22,22-Jul END (Wed close),Peanut butter,310,,,,
Kartik & Dhara,h4,2026-07-22,22-Jul END (Wed close),Frozen puff pastry,1,,,,
Kartik & Dhara,h4,2026-07-22,22-Jul END (Wed close),Kaara Pura butter murukku,100,,,,
Kartik & Dhara,h4,2026-07-22,22-Jul END (Wed close),Krishi Veda Byadgi whole chilli,100,,,,
Kartik & Dhara,h4,2026-07-22,22-Jul END (Wed close),Fruit Treat bhindi chips,40,,,,
Kartik & Dhara,h4,2026-07-22,22-Jul END (Wed close),The Healthy Binge millet baked chips,40,,,,
Kartik & Dhara,h4,2026-07-22,22-Jul END (Wed close),Nilgiris sonamasoori raw rice,1000,,,,
Kartik & Dhara,h4,2026-07-22,22-Jul END (Wed close),Gardenia Idukki green cardamom,40,,,,
Kartik & Dhara,h4,2026-07-22,22-Jul END (Wed close),Troovy healthy protein puffs,40,,,,
Kartik & Dhara,h4,2026-07-22,22-Jul END (Wed close),Arhar/Toor dal,500,,,,
Kartik & Dhara,h4,2026-07-22,22-Jul END (Wed close),Chana dal,440,,,,
Kartik & Dhara,h4,2026-07-22,22-Jul END (Wed close),Millet noodles,200,,,,
Kartik & Dhara,h4,2026-07-22,22-Jul END (Wed close),Coriander seeds,100,,,,
Kartik & Dhara,h4,2026-07-22,22-Jul END (Wed close),Emmer wheat,1000,,,,
Kartik & Dhara,h4,2026-07-22,22-Jul END (Wed close),Urad dal,500,,,,
Kartik & Dhara,h4,2026-07-22,22-Jul END (Wed close),Butter,240,,,,
Kartik & Dhara,h4,2026-07-22,22-Jul END (Wed close),Rajma,300,,,,
Kartik & Dhara,h4,2026-07-22,22-Jul END (Wed close),Milk,1,,,,
Kartik & Dhara,h4,2026-07-22,22-Jul END (Wed close),Mackerel,0,,,,
Kartik & Dhara,h4,2026-07-22,22-Jul END (Wed close),Quinoa,335,,,,
Kartik & Dhara,h4,2026-07-22,22-Jul END (Wed close),Green moong,250,,,,
Kartik & Dhara,h4,2026-07-22,22-Jul END (Wed close),Fennel seeds,50,,,,
Kartik & Dhara,h4,2026-07-22,22-Jul END (Wed close),Seekh kebab (frozen),200,,,,
Kartik & Dhara,h4,2026-07-22,22-Jul END (Wed close),Chicken breast,450,,,,
Kartik & Dhara,h4,2026-07-22,22-Jul END (Wed close),Bottle gourd,50,,,,
Kartik & Dhara,h4,2026-07-22,22-Jul END (Wed close),Biryani masala powder,120,,,,
Kartik & Dhara,h4,2026-07-22,22-Jul END (Wed close),Chia seeds,250,,,,
Kartik & Dhara,h4,2026-07-22,22-Jul END (Wed close),Shirataki noodles,270,,,,
Kartik & Dhara,h4,2026-07-22,22-Jul END (Wed close),Mustard seeds,97,,,,
Kartik & Dhara,h4,2026-07-22,22-Jul END (Wed close),Figaro olive oil,1000,,,,
Kartik & Dhara,h4,2026-07-22,22-Jul END (Wed close),Black sesame oil,300,,,,
Kartik & Dhara,h4,2026-07-22,22-Jul END (Wed close),Groundnut oil,390,,,,
Kartik & Dhara,h4,2026-07-22,22-Jul END (Wed close),Matcha green tea,30,,,,
Kartik & Dhara,h4,2026-07-22,22-Jul END (Wed close),Amaranth leaves,190,,,,
Kartik & Dhara,h4,2026-07-22,22-Jul END (Wed close),Coriander,85,,,,
Paxal & Sana,h7,2026-07-22,22-Jul END (Wed close),Cabbage,50,,,,
Paxal & Sana,h7,2026-07-22,22-Jul END (Wed close),Carrot,545,,,,
Paxal & Sana,h7,2026-07-22,22-Jul END (Wed close),Coriander (dhania),15,,,,
Paxal & Sana,h7,2026-07-22,22-Jul END (Wed close),Cucumber,400,,,,
Paxal & Sana,h7,2026-07-22,22-Jul END (Wed close),Garlic,430,,,,
Paxal & Sana,h7,2026-07-22,22-Jul END (Wed close),Ginger,70,,,,
Paxal & Sana,h7,2026-07-22,22-Jul END (Wed close),Green capsicum,50,,,,
Paxal & Sana,h7,2026-07-22,22-Jul END (Wed close),Lemon,200,,,,
Paxal & Sana,h7,2026-07-22,22-Jul END (Wed close),Onion,360,,,,
Paxal & Sana,h7,2026-07-22,22-Jul END (Wed close),Paneer,200,,,,
Paxal & Sana,h7,2026-07-22,22-Jul END (Wed close),Tomato,720,,,,
Paxal & Sana,h7,2026-07-22,22-Jul END (Wed close),Green chilli,25,,,,
Paxal & Sana,h7,2026-07-22,22-Jul END (Wed close),Mint,60,,,,
Paxal & Sana,h7,2026-07-22,22-Jul END (Wed close),Potato,800,,,,
Paxal & Sana,h7,2026-07-22,22-Jul END (Wed close),Spring onion,100,,,,
Paxal & Sana,h7,2026-07-22,22-Jul END (Wed close),Curd,200,,,,
Paxal & Sana,h7,2026-07-22,22-Jul END (Wed close),Tofu,200,,,,
Paxal & Sana,h7,2026-07-22,22-Jul END (Wed close),Pooja coconut (whole),1,,,,
Paxal & Sana,h7,2026-07-22,22-Jul END (Wed close),Yuzu kombucha,200,,,,
Paxal & Sana,h7,2026-07-22,22-Jul END (Wed close),Garam masala,85,,,,
Paxal & Sana,h7,2026-07-22,22-Jul END (Wed close),White label sugar,1000,,,,
Paxal & Sana,h7,2026-07-22,22-Jul END (Wed close),Ghee pouch,970,,,,
Paxal & Sana,h7,2026-07-22,22-Jul END (Wed close),Tata salt,1000,,,,
Paxal & Sana,h7,2026-07-22,22-Jul END (Wed close),Skimmed milk,4,,,,
Paxal & Sana,h7,2026-07-22,22-Jul END (Wed close),Skyr,225,,,,
Paxal & Sana,h7,2026-07-22,22-Jul END (Wed close),Bread,230,,,,
Paxal & Sana,h7,2026-07-22,22-Jul END (Wed close),Mango kombucha,3,,,,
Paxal & Sana,h7,2026-07-22,22-Jul END (Wed close),Cheddar cheese block,160,,,,
Paxal & Sana,h7,2026-07-22,22-Jul END (Wed close),Peri peri ragi chips,1,,,,
Rahul & Radhika,h5,2026-07-22,22-Jul END (final),Beetroot,300,,,,
Rahul & Radhika,h5,2026-07-22,22-Jul END (final),Carrot,140,,,,
Rahul & Radhika,h5,2026-07-22,22-Jul END (final),Coriander (dhania),90,,,,
Rahul & Radhika,h5,2026-07-22,22-Jul END (final),Cucumber,800,,,,
Rahul & Radhika,h5,2026-07-22,22-Jul END (final),Curry leaves,40,,,,
Rahul & Radhika,h5,2026-07-22,22-Jul END (final),Garlic,1.5,,,,
Rahul & Radhika,h5,2026-07-22,22-Jul END (final),Ginger,175,,,,
Rahul & Radhika,h5,2026-07-22,22-Jul END (final),Green capsicum,125,,,,
Rahul & Radhika,h5,2026-07-22,22-Jul END (final),Lemon,300,,,,
Rahul & Radhika,h5,2026-07-22,22-Jul END (final),Mint,35,,,,
Rahul & Radhika,h5,2026-07-22,22-Jul END (final),Tomato,200,,,,
Rahul & Radhika,h5,2026-07-22,22-Jul END (final),Yellow capsicum,125,,,,
Rahul & Radhika,h5,2026-07-22,22-Jul END (final),Zucchini,1,,,,
Rahul & Radhika,h5,2026-07-22,22-Jul END (final),"Milk bread (Health Factory, zero maida)",400,,,,
Rahul & Radhika,h5,2026-07-22,22-Jul END (final),Almond drink (Alt Co),790,,,,
Rahul & Radhika,h5,2026-07-22,22-Jul END (final),Oat drink (Alt Co),900,,,,
Rahul & Radhika,h5,2026-07-22,22-Jul END (final),Sourdough bread (Brik Oven),370,,,,
Rahul & Radhika,h5,2026-07-22,22-Jul END (final),Sriracha hot chilli,1,,,,
Rahul & Radhika,h5,2026-07-22,22-Jul END (final),Epigamia Greek yogurt (natural),2,,,,
Rahul & Radhika,h5,2026-07-22,22-Jul END (final),Full cream milk (Heritage),500,,,,
Rahul & Radhika,h5,2026-07-22,22-Jul END (final),Milky Mist Skyr,3,,,,
Rahul & Radhika,h5,2026-07-22,22-Jul END (final),Chana dal,500,,,,
Rahul & Radhika,h5,2026-07-22,22-Jul END (final),Masoor dal (split),500,,,,
Rahul & Radhika,h5,2026-07-22,22-Jul END (final),Eggs (free-range brown),12,,,,
Rahul & Radhika,h5,2026-07-22,22-Jul END (final),Cauliflower,1000,,,,
Rahul & Radhika,h5,2026-07-22,22-Jul END (final),Red cabbage,0.5,,,,
Rahul & Radhika,h5,2026-07-22,22-Jul END (final),Red capsicum,125,,,,
Rahul & Radhika,h5,2026-07-22,22-Jul END (final),Sweet corn,300,,,,
Rahul & Radhika,h5,2026-07-22,22-Jul END (final),Avocado,170,,,,
Rahul & Radhika,h5,2026-07-22,22-Jul END (final),Banana (Yellaki),600,,,,
Rahul & Radhika,h5,2026-07-22,22-Jul END (final),Kiwi,2,,,,
Rahul & Radhika,h5,2026-07-22,22-Jul END (final),Corn starch (Brown & Polson),1,,,,
Rahul & Radhika,h5,2026-07-22,22-Jul END (final),Kala chana (Tata Sampann),500,,,,
Rahul & Radhika,h5,2026-07-22,22-Jul END (final),Moong dal (24 Mantra organic),500,,,,
Rahul & Radhika,h5,2026-07-22,22-Jul END (final),Quinoa (Organeekz organic),400,,,,
Rahul & Radhika,h5,2026-07-22,22-Jul END (final),Rolled oats (Quaker high-protein),395,,,,
Rahul & Radhika,h5,2026-07-22,22-Jul END (final),Tofu,100,,,,
Rahul & Radhika,h5,2026-07-22,22-Jul END (final),Mixed berries (Nutty Gritties),0.3,,,,
Rahul & Radhika,h5,2026-07-22,22-Jul END (final),GobbleRight beetroot & quinoa wrap,1,,,,
Rahul & Radhika,h5,2026-07-22,22-Jul END (final),Sandwich bread (Modern Supreme),400,,,,
Rahul & Radhika,h5,2026-07-22,22-Jul END (final),Chana masala (Organic Tattva),1,,,,
Rahul & Radhika,h5,2026-07-22,22-Jul END (final),Kasuri methi (Catch),1,,,,
Rahul & Radhika,h5,2026-07-22,22-Jul END (final),Meat masala (Everest),1,,,,
Rahul & Radhika,h5,2026-07-22,22-Jul END (final),Pav bhaji masala (Everest),1,,,,
Rahul & Radhika,h5,2026-07-22,22-Jul END (final),Button mushroom,400,,,,
Rahul & Radhika,h5,2026-07-22,22-Jul END (final),Cherry tomato,175,,,,
Rahul & Radhika,h5,2026-07-22,22-Jul END (final),Curd (Sid's Farm),850,,,,
Rahul & Radhika,h5,2026-07-22,22-Jul END (final),Iceberg lettuce,250,,,,
Rahul & Radhika,h5,2026-07-22,22-Jul END (final),Chicken thigh (boneless),0,,,,
Rahul & Radhika,h5,2026-07-22,22-Jul END (final),Strawberry yogurt,2,,,,
Rahul & Radhika,h5,2026-07-22,22-Jul END (final),Coconut milk (unsweetened),325,,,,
Rahul & Radhika,h5,2026-07-22,22-Jul END (final),Cinnamon (Organic Tattva),48,,,,
Rahul & Radhika,h5,2026-07-22,22-Jul END (final),Olive oil (Borges EV),230,,,,
Rahul & Radhika,h5,2026-07-22,22-Jul END (final),Orange,650,,,,
Rahul & Radhika,h5,2026-07-22,22-Jul END (final),Rice paper,0.5,,,,
Rahul & Radhika,h5,2026-07-22,22-Jul END (final),Dried mixed berries,30,,,,
Rahul & Radhika,h5,2026-07-22,22-Jul END (final),Black pepper powder (Catch),50,,,,
Rahul & Radhika,h5,2026-07-22,22-Jul END (final),Sona masoori rice (Kurnool),950,,,,
Rahul & Radhika,h5,2026-07-22,22-Jul END (final),Moth matki (whole),400,,,,
Rahul & Radhika,h5,2026-07-22,22-Jul END (final),Onion,1,,,,
Rahul & Radhika,h5,2026-07-22,22-Jul END (final),Basil,50,,,,
Rahul & Radhika,h5,2026-07-22,22-Jul END (final),Roasted Bengal gram,500,,,,
Rahul & Radhika,h5,2026-07-22,22-Jul END (final),Spinach,250,,,,
Rahul & Radhika,h5,2026-07-22,22-Jul END (final),Toilet roll,6,,,,
Rahul & Radhika,h5,2026-07-22,22-Jul END (final),Mutton,200,,,,
Rahul & Radhika,h5,2026-07-22,22-Jul END (final),Pomegranate,400,,,,
Pratik & Sakshi,h8,2026-07-22,22-Jul END (Wed close),Ginger,85,,,,
Pratik & Sakshi,h8,2026-07-22,22-Jul END (Wed close),Baby potato,440,,,,
Pratik & Sakshi,h8,2026-07-22,22-Jul END (Wed close),Potato,900,,,,
Pratik & Sakshi,h8,2026-07-22,22-Jul END (Wed close),Onion,900,,,,
Pratik & Sakshi,h8,2026-07-22,22-Jul END (Wed close),Kiwi,150,,,,
Pratik & Sakshi,h8,2026-07-22,22-Jul END (Wed close),Pomegranate,100,,,,
Pratik & Sakshi,h8,2026-07-22,22-Jul END (Wed close),Cucumber,150,,,,
Pratik & Sakshi,h8,2026-07-22,22-Jul END (Wed close),Green cucumber,200,,,,
Pratik & Sakshi,h8,2026-07-22,22-Jul END (Wed close),Pear,150,,,,
Pratik & Sakshi,h8,2026-07-22,22-Jul END (Wed close),Orange,780,,,,
Pratik & Sakshi,h8,2026-07-22,22-Jul END (Wed close),Apple,300,,,,
Pratik & Sakshi,h8,2026-07-22,22-Jul END (Wed close),Green capsicum,250,,,,
Pratik & Sakshi,h8,2026-07-22,22-Jul END (Wed close),Mint,20,,,,
Pratik & Sakshi,h8,2026-07-22,22-Jul END (Wed close),Coriander (dhania),5,,,,
Pratik & Sakshi,h8,2026-07-22,22-Jul END (Wed close),Button mushroom,200,,,,
Pratik & Sakshi,h8,2026-07-22,22-Jul END (Wed close),Lemon,250,,,,
Pratik & Sakshi,h8,2026-07-22,22-Jul END (Wed close),Bhaji mirch (green chilli),180,,,,
Pratik & Sakshi,h8,2026-07-22,22-Jul END (Wed close),Carrot,140,,,,
Pratik & Sakshi,h8,2026-07-22,22-Jul END (Wed close),Tomato,1200,,,,
Pratik & Sakshi,h8,2026-07-22,22-Jul END (Wed close),Eggs,10,,,,
Pratik & Sakshi,h8,2026-07-22,22-Jul END (Wed close),Homemade curd,450,,,,
Pratik & Sakshi,h8,2026-07-22,22-Jul END (Wed close),Butter,525,,,,
Pratik & Sakshi,h8,2026-07-22,22-Jul END (Wed close),Milk,1000,,,,
Pratik & Sakshi,h8,2026-07-22,22-Jul END (Wed close),Blueberry,50,,,,
Pratik & Sakshi,h8,2026-07-22,22-Jul END (Wed close),Unsweetened peanut butter,1,,,,
Pratik & Sakshi,h8,2026-07-22,22-Jul END (Wed close),Edamame (frozen),135,,,,
Pratik & Sakshi,h8,2026-07-22,22-Jul END (Wed close),Frozen peas,50,,,,
Pratik & Sakshi,h8,2026-07-22,22-Jul END (Wed close),Frozen corn (sweet corn),500,,,,
Pratik & Sakshi,h8,2026-07-22,22-Jul END (Wed close),Jalapeno,200,,,,
Pratik & Sakshi,h8,2026-07-22,22-Jul END (Wed close),Sesame oil,250,,,,
Pratik & Sakshi,h8,2026-07-22,22-Jul END (Wed close),Sesame oil (Members Pick),920,,,,
Pratik & Sakshi,h8,2026-07-22,22-Jul END (Wed close),Extra virgin olive oil,480,,,,
Pratik & Sakshi,h8,2026-07-22,22-Jul END (Wed close),Borges olive oil,2000,,,,
Pratik & Sakshi,h8,2026-07-22,22-Jul END (Wed close),Groundnut oil (Saffola),500,,,,
Pratik & Sakshi,h8,2026-07-22,22-Jul END (Wed close),Coconut oil,0.5,,,,
Pratik & Sakshi,h8,2026-07-22,22-Jul END (Wed close),Fish sauce,0.5,,,,
Pratik & Sakshi,h8,2026-07-22,22-Jul END (Wed close),Culinary Chinese rice wine,1,,,,
Pratik & Sakshi,h8,2026-07-22,22-Jul END (Wed close),Soy sauce,0.25,,,,
Pratik & Sakshi,h8,2026-07-22,22-Jul END (Wed close),Tomato ketchup (Kissan),0.25,,,,
Pratik & Sakshi,h8,2026-07-22,22-Jul END (Wed close),Synthetic vinegar,0.25,,,,
Pratik & Sakshi,h8,2026-07-22,22-Jul END (Wed close),Maple syrup,0.25,,,,
Pratik & Sakshi,h8,2026-07-22,22-Jul END (Wed close),Corn syrup,700,,,,
Pratik & Sakshi,h8,2026-07-22,22-Jul END (Wed close),Vanilla extract,1,,,,
Pratik & Sakshi,h8,2026-07-22,22-Jul END (Wed close),Bourbon natural vanilla,1,,,,
Pratik & Sakshi,h8,2026-07-22,22-Jul END (Wed close),Strawberry spread,0.5,,,,
Pratik & Sakshi,h8,2026-07-22,22-Jul END (Wed close),Strawberry jam,0.5,,,,
Pratik & Sakshi,h8,2026-07-22,22-Jul END (Wed close),Sundried tomatoes,1,,,,
Pratik & Sakshi,h8,2026-07-22,22-Jul END (Wed close),Black olives,0.9,,,,
Pratik & Sakshi,h8,2026-07-22,22-Jul END (Wed close),Green olives,0.6,,,,
Pratik & Sakshi,h8,2026-07-22,22-Jul END (Wed close),Tahini paste (white),500,,,,
Pratik & Sakshi,h8,2026-07-22,22-Jul END (Wed close),Hellmann mayonnaise,125,,,,
Pratik & Sakshi,h8,2026-07-22,22-Jul END (Wed close),Chings Sriracha,0.5,,,,
Pratik & Sakshi,h8,2026-07-22,22-Jul END (Wed close),Garlic powder,55,,,,
Pratik & Sakshi,h8,2026-07-22,22-Jul END (Wed close),Almond milk (open),200,,,,
Pratik & Sakshi,h8,2026-07-22,22-Jul END (Wed close),Almond milk (pack),1,,,,
Pratik & Sakshi,h8,2026-07-22,22-Jul END (Wed close),Vanilla milkshake,200,,,,
Pratik & Sakshi,h8,2026-07-22,22-Jul END (Wed close),Urban Platter coconut milk,50,,,,
Pratik & Sakshi,h8,2026-07-22,22-Jul END (Wed close),Brown sugar,300,,,,
Pratik & Sakshi,h8,2026-07-22,22-Jul END (Wed close),Desi Khandsari sugar,500,,,,
Pratik & Sakshi,h8,2026-07-22,22-Jul END (Wed close),Sugar powder (open),200,,,,
Pratik & Sakshi,h8,2026-07-22,22-Jul END (Wed close),Jaggery powder,0.5,,,,
Pratik & Sakshi,h8,2026-07-22,22-Jul END (Wed close),Cocoa powder,70,,,,
Pratik & Sakshi,h8,2026-07-22,22-Jul END (Wed close),Corn powder,1,,,,
Pratik & Sakshi,h8,2026-07-22,22-Jul END (Wed close),Almond butter,200,,,,
Pratik & Sakshi,h8,2026-07-22,22-Jul END (Wed close),Pistachios,201,,,,
Pratik & Sakshi,h8,2026-07-22,22-Jul END (Wed close),Cashews,230,,,,
Pratik & Sakshi,h8,2026-07-22,22-Jul END (Wed close),Chia seeds,340,,,,
Pratik & Sakshi,h8,2026-07-22,22-Jul END (Wed close),Pumpkin seeds,200,,,,
Pratik & Sakshi,h8,2026-07-22,22-Jul END (Wed close),Emmer wheat,300,,,,
Pratik & Sakshi,h8,2026-07-22,22-Jul END (Wed close),Bajra atta,500,,,,
Pratik & Sakshi,h8,2026-07-22,22-Jul END (Wed close),Bajra daliya,1000,,,,
Pratik & Sakshi,h8,2026-07-22,22-Jul END (Wed close),Sharbati atta,400,,,,
Pratik & Sakshi,h8,2026-07-22,22-Jul END (Wed close),High-protein atta,1000,,,,
Pratik & Sakshi,h8,2026-07-22,22-Jul END (Wed close),Aashirwad atta,2000,,,,
Pratik & Sakshi,h8,2026-07-22,22-Jul END (Wed close),10 on 10 whole wheat atta,500,,,,
Pratik & Sakshi,h8,2026-07-22,22-Jul END (Wed close),Jowar flour,690,,,,
Pratik & Sakshi,h8,2026-07-22,22-Jul END (Wed close),Barnyard millet,1000,,,,
Pratik & Sakshi,h8,2026-07-22,22-Jul END (Wed close),Foxtail millet,500,,,,
Pratik & Sakshi,h8,2026-07-22,22-Jul END (Wed close),Basmati rice,1840,,,,
Pratik & Sakshi,h8,2026-07-22,22-Jul END (Wed close),Brown rice,1000,,,,
Pratik & Sakshi,h8,2026-07-22,22-Jul END (Wed close),Brown rice (open),100,,,,
Pratik & Sakshi,h8,2026-07-22,22-Jul END (Wed close),Quaker oats,500,,,,
Pratik & Sakshi,h8,2026-07-22,22-Jul END (Wed close),Poha,200,,,,
Pratik & Sakshi,h8,2026-07-22,22-Jul END (Wed close),Suji (organic),500,,,,
Pratik & Sakshi,h8,2026-07-22,22-Jul END (Wed close),Quinoa (open),670,,,,
Pratik & Sakshi,h8,2026-07-22,22-Jul END (Wed close),Sattu,100,,,,
Pratik & Sakshi,h8,2026-07-22,22-Jul END (Wed close),Organic Sattu,500,,,,
Pratik & Sakshi,h8,2026-07-22,22-Jul END (Wed close),Slurrp Farm Ragi,1,,,,
Pratik & Sakshi,h8,2026-07-22,22-Jul END (Wed close),White rajma,500,,,,
Pratik & Sakshi,h8,2026-07-22,22-Jul END (Wed close),White rajma (open),100,,,,
Pratik & Sakshi,h8,2026-07-22,22-Jul END (Wed close),Chana dal,200,,,,
Pratik & Sakshi,h8,2026-07-22,22-Jul END (Wed close),Royal Chana Dal,1000,,,,
Pratik & Sakshi,h8,2026-07-22,22-Jul END (Wed close),Organic Green Moong,500,,,,
Pratik & Sakshi,h8,2026-07-22,22-Jul END (Wed close),Pro Nature Moong,500,,,,
Pratik & Sakshi,h8,2026-07-22,22-Jul END (Wed close),Moong dal,1640,,,,
Pratik & Sakshi,h8,2026-07-22,22-Jul END (Wed close),Open moong,100,,,,
Pratik & Sakshi,h8,2026-07-22,22-Jul END (Wed close),Organic Arhar/Tur Dal,1000,,,,
Pratik & Sakshi,h8,2026-07-22,22-Jul END (Wed close),Masoor dal (open),100,,,,
Pratik & Sakshi,h8,2026-07-22,22-Jul END (Wed close),Urad black whole,500,,,,
Pratik & Sakshi,h8,2026-07-22,22-Jul END (Wed close),Whole urad (open),400,,,,
Pratik & Sakshi,h8,2026-07-22,22-Jul END (Wed close),Urad dal,200,,,,
Pratik & Sakshi,h8,2026-07-22,22-Jul END (Wed close),Organic Cowpea (white),500,,,,
Pratik & Sakshi,h8,2026-07-22,22-Jul END (Wed close),Chickpeas (open),50,,,,
Pratik & Sakshi,h8,2026-07-22,22-Jul END (Wed close),Chole,20,,,,
Pratik & Sakshi,h8,2026-07-22,22-Jul END (Wed close),Sabudana (open),100,,,,
Pratik & Sakshi,h8,2026-07-22,22-Jul END (Wed close),Chaat masala,88,,,,
Pratik & Sakshi,h8,2026-07-22,22-Jul END (Wed close),Mustard (yellow),184,,,,
Pratik & Sakshi,h8,2026-07-22,22-Jul END (Wed close),Tej patta,0.5,,,,
Pratik & Sakshi,h8,2026-07-22,22-Jul END (Wed close),Tamarind,300,,,,
Pratik & Sakshi,h8,2026-07-22,22-Jul END (Wed close),Coriander powder (Double Parrot),176,,,,
Pratik & Sakshi,h8,2026-07-22,22-Jul END (Wed close),Coriander powder (MTR),100,,,,
Pratik & Sakshi,h8,2026-07-22,22-Jul END (Wed close),Turmeric powder,75,,,,
Pratik & Sakshi,h8,2026-07-22,22-Jul END (Wed close),MTR Kashmiri chilli powder,242,,,,
Pratik & Sakshi,h8,2026-07-22,22-Jul END (Wed close),Black pepper (whole),97,,,,
Pratik & Sakshi,h8,2026-07-22,22-Jul END (Wed close),Dried red chilli,0.5,,,,
Pratik & Sakshi,h8,2026-07-22,22-Jul END (Wed close),Red chilli powder,95,,,,
Pratik & Sakshi,h8,2026-07-22,22-Jul END (Wed close),White sesame seeds,100,,,,
Pratik & Sakshi,h8,2026-07-22,22-Jul END (Wed close),Borges penne pasta,350,,,,
Pratik & Sakshi,h8,2026-07-22,22-Jul END (Wed close),Bread crisps,0.75,,,,
Pratik & Sakshi,h8,2026-07-22,22-Jul END (Wed close),Food colours (Blue/Yellow/Green),3,,,,
Pratik & Sakshi,h8,2026-07-22,22-Jul END (Wed close),Green chilli,140,,,,
Pratik & Sakshi,h8,2026-07-22,22-Jul END (Wed close),Milk (Heritage),500,,,,
Pratik & Sakshi,h8,2026-07-22,22-Jul END (Wed close),Cauliflower,1100,,,,
Pratik & Sakshi,h8,2026-07-22,22-Jul END (Wed close),Flax seeds,250,,,,
Pratik & Sakshi,h8,2026-07-22,22-Jul END (Wed close),Sunflower seeds,185,,,,
Pratik & Sakshi,h8,2026-07-22,22-Jul END (Wed close),White label sugar,1000,,,,
Pratik & Sakshi,h8,2026-07-22,22-Jul END (Wed close),Suji (rava),1000,,,,
Pratik & Sakshi,h8,2026-07-22,22-Jul END (Wed close),Jeera (cumin),174,,,,
Pratik & Sakshi,h8,2026-07-22,22-Jul END (Wed close),Maida,500,,,,
Pratik & Sakshi,h8,2026-07-22,22-Jul END (Wed close),Gobbleright quinoa beetroot,2,,,,
Pratik & Sakshi,h8,2026-07-22,22-Jul END (Wed close),Gobbleright spinach quinoa,1,,,,
Pratik & Sakshi,h8,2026-07-22,22-Jul END (Wed close),Dates,100,,,,
Pratik & Sakshi,h8,2026-07-22,22-Jul END (Wed close),Protein powder,350,,,,
Pratik & Sakshi,h8,2026-07-22,22-Jul END (Wed close),Yelakki banana,500,,,,
Pratik & Sakshi,h8,2026-07-22,22-Jul END (Wed close),Mango,600,,,,
Pratik & Sakshi,h8,2026-07-22,22-Jul END (Wed close),Soft tofu,200,,,,
Pratik & Sakshi,h8,2026-07-22,22-Jul END (Wed close),Zero maida bread,0.19,,,,
Pratik & Sakshi,h8,2026-07-22,22-Jul END (Wed close),Hard tofu,200,,,,
Pratik & Sakshi,h8,2026-07-22,22-Jul END (Wed close),Homemade paneer,500,,,,
Pratik & Sakshi,h8,2026-07-22,22-Jul END (Wed close),Besan (DeHaat),500,,,,
Pratik & Sakshi,h8,2026-07-22,22-Jul END (Wed close),Raisins,100,,,,
Pratik & Sakshi,h8,2026-07-22,22-Jul END (Wed close),Black raisins,250,,,,
Pratik & Sakshi,h8,2026-07-22,22-Jul END (Wed close),Jowar atta,100,,,,
Pratik & Sakshi,h8,2026-07-22,22-Jul END (Wed close),Bottle gourd,250,,,,
Pratik & Sakshi,h8,2026-07-22,22-Jul END (Wed close),Sambar cucumber,100,,,,
Pratik & Sakshi,h8,2026-07-22,22-Jul END (Wed close),Chole masala,100,,,,
Pratik & Sakshi,h8,2026-07-22,22-Jul END (Wed close),Pav bhaji masala,100,,,,
Pratik & Sakshi,h8,2026-07-22,22-Jul END (Wed close),Korma masala,100,,,,
Pratik & Sakshi,h8,2026-07-22,22-Jul END (Wed close),Rosemary,15,,,,
Pratik & Sakshi,h8,2026-07-22,22-Jul END (Wed close),Dry coconut,70,,,,
Pratik & Sakshi,h8,2026-07-22,22-Jul END (Wed close),Fresh methi,100,,,,
Pratik & Sakshi,h8,2026-07-22,22-Jul END (Wed close),Garam masala,100,,,,
Pratik & Sakshi,h8,2026-07-22,22-Jul END (Wed close),Milky Mist skyr,150,,,,
Pratik & Sakshi,h8,2026-07-22,22-Jul END (Wed close),Longan (imported),250,,,,
Pratik & Sakshi,h8,2026-07-23,23-Jul END (Thu close),Ginger,185,,,,
Pratik & Sakshi,h8,2026-07-23,23-Jul END (Thu close),Baby potato,440,,,,
Pratik & Sakshi,h8,2026-07-23,23-Jul END (Thu close),Potato,150,,,,
Pratik & Sakshi,h8,2026-07-23,23-Jul END (Thu close),Onion,500,,,,
Pratik & Sakshi,h8,2026-07-23,23-Jul END (Thu close),Garlic,1,,,,
Pratik & Sakshi,h8,2026-07-23,23-Jul END (Thu close),Kiwi,2,,,,
Pratik & Sakshi,h8,2026-07-23,23-Jul END (Thu close),Cucumber,600,,,,
Pratik & Sakshi,h8,2026-07-23,23-Jul END (Thu close),Green cucumber,200,,,,
Pratik & Sakshi,h8,2026-07-23,23-Jul END (Thu close),Pear,1,,,,
Pratik & Sakshi,h8,2026-07-23,23-Jul END (Thu close),Orange,780,,,,
Pratik & Sakshi,h8,2026-07-23,23-Jul END (Thu close),Apple,2,,,,
Pratik & Sakshi,h8,2026-07-23,23-Jul END (Thu close),Green capsicum,250,,,,
Pratik & Sakshi,h8,2026-07-23,23-Jul END (Thu close),Mint,40,,,,
Pratik & Sakshi,h8,2026-07-23,23-Jul END (Thu close),Coriander (dhania),30,,,,
Pratik & Sakshi,h8,2026-07-23,23-Jul END (Thu close),Cabbage,500,,,,
Pratik & Sakshi,h8,2026-07-23,23-Jul END (Thu close),Lemon,250,,,,
Pratik & Sakshi,h8,2026-07-23,23-Jul END (Thu close),Bhaji mirch (green chilli),120,,,,
Pratik & Sakshi,h8,2026-07-23,23-Jul END (Thu close),Carrot,500,,,,
Pratik & Sakshi,h8,2026-07-23,23-Jul END (Thu close),Tomato,700,,,,
Pratik & Sakshi,h8,2026-07-23,23-Jul END (Thu close),Curry leaves,12,,,,
Pratik & Sakshi,h8,2026-07-23,23-Jul END (Thu close),Eggs,14,,,,
Pratik & Sakshi,h8,2026-07-23,23-Jul END (Thu close),Homemade curd,500,,,,
Pratik & Sakshi,h8,2026-07-23,23-Jul END (Thu close),Butter,200,,,,
Pratik & Sakshi,h8,2026-07-23,23-Jul END (Thu close),Cheese,100,,,,
Pratik & Sakshi,h8,2026-07-23,23-Jul END (Thu close),Blueberry,250,,,,
Pratik & Sakshi,h8,2026-07-23,23-Jul END (Thu close),Edamame (frozen),135,,,,
Pratik & Sakshi,h8,2026-07-23,23-Jul END (Thu close),Frozen peas,50,,,,
Pratik & Sakshi,h8,2026-07-23,23-Jul END (Thu close),Frozen corn (sweet corn),500,,,,
Pratik & Sakshi,h8,2026-07-23,23-Jul END (Thu close),Jalapeno,200,,,,
Pratik & Sakshi,h8,2026-07-23,23-Jul END (Thu close),Sesame oil,250,,,,
Pratik & Sakshi,h8,2026-07-23,23-Jul END (Thu close),Sesame oil (Members Pick),900,,,,
Pratik & Sakshi,h8,2026-07-23,23-Jul END (Thu close),Extra virgin olive oil,480,,,,
Pratik & Sakshi,h8,2026-07-23,23-Jul END (Thu close),Borges olive oil,2000,,,,
Pratik & Sakshi,h8,2026-07-23,23-Jul END (Thu close),Groundnut oil (Saffola),500,,,,
Pratik & Sakshi,h8,2026-07-23,23-Jul END (Thu close),Coconut oil,0.5,,,,
Pratik & Sakshi,h8,2026-07-23,23-Jul END (Thu close),Fish sauce,0.5,,,,
Pratik & Sakshi,h8,2026-07-23,23-Jul END (Thu close),Culinary Chinese rice wine,1,,,,
Pratik & Sakshi,h8,2026-07-23,23-Jul END (Thu close),Soy sauce,0.25,,,,
Pratik & Sakshi,h8,2026-07-23,23-Jul END (Thu close),Tomato ketchup (Kissan),0.25,,,,
Pratik & Sakshi,h8,2026-07-23,23-Jul END (Thu close),Synthetic vinegar,0.25,,,,
Pratik & Sakshi,h8,2026-07-23,23-Jul END (Thu close),Maple syrup,0.25,,,,
Pratik & Sakshi,h8,2026-07-23,23-Jul END (Thu close),Corn syrup,700,,,,
Pratik & Sakshi,h8,2026-07-23,23-Jul END (Thu close),Vanilla extract,1,,,,
Pratik & Sakshi,h8,2026-07-23,23-Jul END (Thu close),Bourbon natural vanilla,1,,,,
Pratik & Sakshi,h8,2026-07-23,23-Jul END (Thu close),Strawberry spread,0.5,,,,
Pratik & Sakshi,h8,2026-07-23,23-Jul END (Thu close),Strawberry jam,0.5,,,,
Pratik & Sakshi,h8,2026-07-23,23-Jul END (Thu close),Sundried tomatoes,1,,,,
Pratik & Sakshi,h8,2026-07-23,23-Jul END (Thu close),Black olives,0.9,,,,
Pratik & Sakshi,h8,2026-07-23,23-Jul END (Thu close),Green olives,0.6,,,,
Pratik & Sakshi,h8,2026-07-23,23-Jul END (Thu close),Tahini paste (white),500,,,,
Pratik & Sakshi,h8,2026-07-23,23-Jul END (Thu close),Hellmann mayonnaise,125,,,,
Pratik & Sakshi,h8,2026-07-23,23-Jul END (Thu close),Chings Sriracha,0.5,,,,
Pratik & Sakshi,h8,2026-07-23,23-Jul END (Thu close),Garlic powder,55,,,,
Pratik & Sakshi,h8,2026-07-23,23-Jul END (Thu close),Almond milk (open),200,,,,
Pratik & Sakshi,h8,2026-07-23,23-Jul END (Thu close),Almond milk (pack),1,,,,
Pratik & Sakshi,h8,2026-07-23,23-Jul END (Thu close),Vanilla milkshake,200,,,,
Pratik & Sakshi,h8,2026-07-23,23-Jul END (Thu close),Urban Platter coconut milk,50,,,,
Pratik & Sakshi,h8,2026-07-23,23-Jul END (Thu close),Brown sugar,300,,,,
Pratik & Sakshi,h8,2026-07-23,23-Jul END (Thu close),Desi Khandsari sugar,500,,,,
Pratik & Sakshi,h8,2026-07-23,23-Jul END (Thu close),Sugar powder (open),200,,,,
Pratik & Sakshi,h8,2026-07-23,23-Jul END (Thu close),Jaggery powder,0.5,,,,
Pratik & Sakshi,h8,2026-07-23,23-Jul END (Thu close),Cocoa powder,70,,,,
Pratik & Sakshi,h8,2026-07-23,23-Jul END (Thu close),Corn powder,1,,,,
Pratik & Sakshi,h8,2026-07-23,23-Jul END (Thu close),Almond butter,200,,,,
Pratik & Sakshi,h8,2026-07-23,23-Jul END (Thu close),Pistachios,201,,,,
Pratik & Sakshi,h8,2026-07-23,23-Jul END (Thu close),Cashews,230,,,,
Pratik & Sakshi,h8,2026-07-23,23-Jul END (Thu close),Chia seeds,340,,,,
Pratik & Sakshi,h8,2026-07-23,23-Jul END (Thu close),Pumpkin seeds,200,,,,
Pratik & Sakshi,h8,2026-07-23,23-Jul END (Thu close),Emmer wheat,300,,,,
Pratik & Sakshi,h8,2026-07-23,23-Jul END (Thu close),Bajra atta,500,,,,
Pratik & Sakshi,h8,2026-07-23,23-Jul END (Thu close),Bajra daliya,1000,,,,
Pratik & Sakshi,h8,2026-07-23,23-Jul END (Thu close),Sharbati atta,400,,,,
Pratik & Sakshi,h8,2026-07-23,23-Jul END (Thu close),High-protein atta,1000,,,,
Pratik & Sakshi,h8,2026-07-23,23-Jul END (Thu close),Aashirwad atta,2000,,,,
Pratik & Sakshi,h8,2026-07-23,23-Jul END (Thu close),10 on 10 whole wheat atta,500,,,,
Pratik & Sakshi,h8,2026-07-23,23-Jul END (Thu close),Jowar flour,690,,,,
Pratik & Sakshi,h8,2026-07-23,23-Jul END (Thu close),Barnyard millet,1000,,,,
Pratik & Sakshi,h8,2026-07-23,23-Jul END (Thu close),Foxtail millet,500,,,,
Pratik & Sakshi,h8,2026-07-23,23-Jul END (Thu close),Basmati rice,1760,,,,
Pratik & Sakshi,h8,2026-07-23,23-Jul END (Thu close),Brown rice,1000,,,,
Pratik & Sakshi,h8,2026-07-23,23-Jul END (Thu close),Brown rice (open),100,,,,
Pratik & Sakshi,h8,2026-07-23,23-Jul END (Thu close),Quaker oats,500,,,,
Pratik & Sakshi,h8,2026-07-23,23-Jul END (Thu close),Poha,200,,,,
Pratik & Sakshi,h8,2026-07-23,23-Jul END (Thu close),Suji (organic),500,,,,
Pratik & Sakshi,h8,2026-07-23,23-Jul END (Thu close),Quinoa (open),670,,,,
Pratik & Sakshi,h8,2026-07-23,23-Jul END (Thu close),Sattu,100,,,,
Pratik & Sakshi,h8,2026-07-23,23-Jul END (Thu close),Organic Sattu,500,,,,
Pratik & Sakshi,h8,2026-07-23,23-Jul END (Thu close),Slurrp Farm Ragi,1,,,,
Pratik & Sakshi,h8,2026-07-23,23-Jul END (Thu close),White rajma,500,,,,
Pratik & Sakshi,h8,2026-07-23,23-Jul END (Thu close),White rajma (open),100,,,,
Pratik & Sakshi,h8,2026-07-23,23-Jul END (Thu close),Chana dal,200,,,,
Pratik & Sakshi,h8,2026-07-23,23-Jul END (Thu close),Royal Chana Dal,1000,,,,
Pratik & Sakshi,h8,2026-07-23,23-Jul END (Thu close),Organic Green Moong,500,,,,
Pratik & Sakshi,h8,2026-07-23,23-Jul END (Thu close),Pro Nature Moong,500,,,,
Pratik & Sakshi,h8,2026-07-23,23-Jul END (Thu close),Moong dal,1640,,,,
Pratik & Sakshi,h8,2026-07-23,23-Jul END (Thu close),Open moong,100,,,,
Pratik & Sakshi,h8,2026-07-23,23-Jul END (Thu close),Organic Arhar/Tur Dal,1000,,,,
Pratik & Sakshi,h8,2026-07-23,23-Jul END (Thu close),Masoor dal (open),100,,,,
Pratik & Sakshi,h8,2026-07-23,23-Jul END (Thu close),Urad black whole,500,,,,
Pratik & Sakshi,h8,2026-07-23,23-Jul END (Thu close),Whole urad (open),400,,,,
Pratik & Sakshi,h8,2026-07-23,23-Jul END (Thu close),Urad dal,200,,,,
Pratik & Sakshi,h8,2026-07-23,23-Jul END (Thu close),Organic Cowpea (white),340,,,,
Pratik & Sakshi,h8,2026-07-23,23-Jul END (Thu close),Chickpeas (open),50,,,,
Pratik & Sakshi,h8,2026-07-23,23-Jul END (Thu close),Chole,20,,,,
Pratik & Sakshi,h8,2026-07-23,23-Jul END (Thu close),Sabudana (open),100,,,,
Pratik & Sakshi,h8,2026-07-23,23-Jul END (Thu close),Chaat masala,88,,,,
Pratik & Sakshi,h8,2026-07-23,23-Jul END (Thu close),Mustard (yellow),184,,,,
Pratik & Sakshi,h8,2026-07-23,23-Jul END (Thu close),Tej patta,0.5,,,,
Pratik & Sakshi,h8,2026-07-23,23-Jul END (Thu close),Tamarind,300,,,,
Pratik & Sakshi,h8,2026-07-23,23-Jul END (Thu close),Coriander powder (Double Parrot),168,,,,
Pratik & Sakshi,h8,2026-07-23,23-Jul END (Thu close),Coriander powder (MTR),100,,,,
Pratik & Sakshi,h8,2026-07-23,23-Jul END (Thu close),Turmeric powder,70,,,,
Pratik & Sakshi,h8,2026-07-23,23-Jul END (Thu close),MTR Kashmiri chilli powder,242,,,,
Pratik & Sakshi,h8,2026-07-23,23-Jul END (Thu close),Black pepper (whole),97,,,,
Pratik & Sakshi,h8,2026-07-23,23-Jul END (Thu close),Dried red chilli,0.5,,,,
Pratik & Sakshi,h8,2026-07-23,23-Jul END (Thu close),Red chilli powder,95,,,,
Pratik & Sakshi,h8,2026-07-23,23-Jul END (Thu close),White sesame seeds,100,,,,
Pratik & Sakshi,h8,2026-07-23,23-Jul END (Thu close),Borges penne pasta,350,,,,
Pratik & Sakshi,h8,2026-07-23,23-Jul END (Thu close),Bread crisps,0.75,,,,
Pratik & Sakshi,h8,2026-07-23,23-Jul END (Thu close),Food colours (Blue/Yellow/Green),3,,,,
Pratik & Sakshi,h8,2026-07-23,23-Jul END (Thu close),Green chilli,150,,,,
Pratik & Sakshi,h8,2026-07-23,23-Jul END (Thu close),Cauliflower,1100,,,,
Pratik & Sakshi,h8,2026-07-23,23-Jul END (Thu close),Flax seeds,250,,,,
Pratik & Sakshi,h8,2026-07-23,23-Jul END (Thu close),Sunflower seeds,185,,,,
Pratik & Sakshi,h8,2026-07-23,23-Jul END (Thu close),White label sugar,1000,,,,
Pratik & Sakshi,h8,2026-07-23,23-Jul END (Thu close),Suji (rava),1000,,,,
Pratik & Sakshi,h8,2026-07-23,23-Jul END (Thu close),Jeera (cumin),169,,,,
Pratik & Sakshi,h8,2026-07-23,23-Jul END (Thu close),Maida,500,,,,
Pratik & Sakshi,h8,2026-07-23,23-Jul END (Thu close),Gobbleright quinoa beetroot,2,,,,
Pratik & Sakshi,h8,2026-07-23,23-Jul END (Thu close),Gobbleright spinach quinoa,1,,,,
Pratik & Sakshi,h8,2026-07-23,23-Jul END (Thu close),Protein powder,150,,,,
Pratik & Sakshi,h8,2026-07-23,23-Jul END (Thu close),Yelakki banana,450,,,,
Pratik & Sakshi,h8,2026-07-23,23-Jul END (Thu close),Mango,400,,,,
Pratik & Sakshi,h8,2026-07-23,23-Jul END (Thu close),Paneer (Akshayakalpa),200,,,,
Pratik & Sakshi,h8,2026-07-23,23-Jul END (Thu close),Soft tofu,200,,,,
Pratik & Sakshi,h8,2026-07-23,23-Jul END (Thu close),Zero maida bread,0.19,,,,
Pratik & Sakshi,h8,2026-07-23,23-Jul END (Thu close),Hard tofu,300,,,,
Pratik & Sakshi,h8,2026-07-23,23-Jul END (Thu close),Homemade paneer,150,,,,
Pratik & Sakshi,h8,2026-07-23,23-Jul END (Thu close),Besan (DeHaat),500,,,,
Pratik & Sakshi,h8,2026-07-23,23-Jul END (Thu close),Black raisins,250,,,,
Pratik & Sakshi,h8,2026-07-23,23-Jul END (Thu close),Jowar atta,100,,,,
Pratik & Sakshi,h8,2026-07-23,23-Jul END (Thu close),Broccoli,50,,,,
Pratik & Sakshi,h8,2026-07-23,23-Jul END (Thu close),Chole masala,100,,,,
Pratik & Sakshi,h8,2026-07-23,23-Jul END (Thu close),Pav bhaji masala,100,,,,
Pratik & Sakshi,h8,2026-07-23,23-Jul END (Thu close),Korma masala,100,,,,
Pratik & Sakshi,h8,2026-07-23,23-Jul END (Thu close),Rosemary,8,,,,
Pratik & Sakshi,h8,2026-07-23,23-Jul END (Thu close),Dry coconut,75,,,,
Pratik & Sakshi,h8,2026-07-23,23-Jul END (Thu close),Fresh methi,100,,,,
Pratik & Sakshi,h8,2026-07-23,23-Jul END (Thu close),Garam masala,95,,,,
Pratik & Sakshi,h8,2026-07-23,23-Jul END (Thu close),Milky Mist skyr,2,,,,
Pratik & Sakshi,h8,2026-07-23,23-Jul END (Thu close),Longan (imported),180,,,,
Pratik & Sakshi,h8,2026-07-23,23-Jul END (Thu close),Natural yogurt,3,,,,
Pratik & Sakshi,h8,2026-07-23,23-Jul END (Thu close),Wheat bread,250,,,,
Pratik & Sakshi,h8,2026-07-23,23-Jul END (Thu close),White chana,150,,,,
Disha & Anirudh,h3,2026-07-23,23-Jul END (Thu close),Orange,500,,,,
Disha & Anirudh,h3,2026-07-23,23-Jul END (Thu close),Apple,2,,,,
Disha & Anirudh,h3,2026-07-23,23-Jul END (Thu close),Kiwi,2,,,,
Disha & Anirudh,h3,2026-07-23,23-Jul END (Thu close),Banana,3,,,,
Disha & Anirudh,h3,2026-07-23,23-Jul END (Thu close),Tomato,3,,,,
Disha & Anirudh,h3,2026-07-23,23-Jul END (Thu close),Onion,1450,,,,
Disha & Anirudh,h3,2026-07-23,23-Jul END (Thu close),Lemon,3,,,,
Disha & Anirudh,h3,2026-07-23,23-Jul END (Thu close),Green chilli,53,,,,
Disha & Anirudh,h3,2026-07-23,23-Jul END (Thu close),Curry leaves,26,,,,
Disha & Anirudh,h3,2026-07-23,23-Jul END (Thu close),Chopped coriander,70,,,,
Disha & Anirudh,h3,2026-07-23,23-Jul END (Thu close),Zucchini,2,,,,
Disha & Anirudh,h3,2026-07-23,23-Jul END (Thu close),Green capsicum,1.5,,,,
Disha & Anirudh,h3,2026-07-23,23-Jul END (Thu close),Yellow capsicum,0.5,,,,
Disha & Anirudh,h3,2026-07-23,23-Jul END (Thu close),Cabbage,364,,,,
Disha & Anirudh,h3,2026-07-23,23-Jul END (Thu close),Lettuce,39,,,,
Disha & Anirudh,h3,2026-07-23,23-Jul END (Thu close),Iceberg lettuce,123,,,,
Disha & Anirudh,h3,2026-07-23,23-Jul END (Thu close),Yellow sweet corn,1,,,,
Disha & Anirudh,h3,2026-07-23,23-Jul END (Thu close),Lemongrass,47,,,,
Disha & Anirudh,h3,2026-07-23,23-Jul END (Thu close),Spring onion,285,,,,
Disha & Anirudh,h3,2026-07-23,23-Jul END (Thu close),Thai basil leaves,38,,,,
Disha & Anirudh,h3,2026-07-23,23-Jul END (Thu close),Cherries,1,,,,
Disha & Anirudh,h3,2026-07-23,23-Jul END (Thu close),Plums,250,,,,
Disha & Anirudh,h3,2026-07-23,23-Jul END (Thu close),Premium blueberries,1,,,,
Disha & Anirudh,h3,2026-07-23,23-Jul END (Thu close),Curd,950,,,,
Disha & Anirudh,h3,2026-07-23,23-Jul END (Thu close),Hung curd,350,,,,
Disha & Anirudh,h3,2026-07-23,23-Jul END (Thu close),Greek yogurt (Milky Mist),2.7,,,,
Disha & Anirudh,h3,2026-07-23,23-Jul END (Thu close),Delicata dairy cream,0.5,,,,
Disha & Anirudh,h3,2026-07-23,23-Jul END (Thu close),Coconut cream,1,,,,
Disha & Anirudh,h3,2026-07-23,23-Jul END (Thu close),Coconut milk,0.75,,,,
Disha & Anirudh,h3,2026-07-23,23-Jul END (Thu close),Lactose-free Amul milk,3.8,,,,
Disha & Anirudh,h3,2026-07-23,23-Jul END (Thu close),Feta cheese,1,,,,
Disha & Anirudh,h3,2026-07-23,23-Jul END (Thu close),Cheese slices,1,,,,
Disha & Anirudh,h3,2026-07-23,23-Jul END (Thu close),Butter,0.5,,,,
Disha & Anirudh,h3,2026-07-23,23-Jul END (Thu close),Eggs,7,,,,
Disha & Anirudh,h3,2026-07-23,23-Jul END (Thu close),Zero maida protein bread,1,,,,
Disha & Anirudh,h3,2026-07-23,23-Jul END (Thu close),Protein powder (A),445,,,,
Disha & Anirudh,h3,2026-07-23,23-Jul END (Thu close),Protein powder (B),244,,,,
Disha & Anirudh,h3,2026-07-23,23-Jul END (Thu close),Whey concentrate,1,,,,
Disha & Anirudh,h3,2026-07-23,23-Jul END (Thu close),Creatine monohydrate,115,,,,
Disha & Anirudh,h3,2026-07-23,23-Jul END (Thu close),Whole Truth chocolate,688,,,,
Disha & Anirudh,h3,2026-07-23,23-Jul END (Thu close),Yoga Bar health mix,474,,,,
Disha & Anirudh,h3,2026-07-23,23-Jul END (Thu close),Happa cereals,1,,,,
Disha & Anirudh,h3,2026-07-23,23-Jul END (Thu close),Nutritional cereal,1,,,,
Disha & Anirudh,h3,2026-07-23,23-Jul END (Thu close),Dry dates powder,1,,,,
Disha & Anirudh,h3,2026-07-23,23-Jul END (Thu close),Happa fruit melts,2,,,,
Disha & Anirudh,h3,2026-07-23,23-Jul END (Thu close),Strawberry cake drink,3,,,,
Disha & Anirudh,h3,2026-07-23,23-Jul END (Thu close),Mixed fruit drink,1,,,,
Disha & Anirudh,h3,2026-07-23,23-Jul END (Thu close),Mixed seeds,413,,,,
Disha & Anirudh,h3,2026-07-23,23-Jul END (Thu close),Cashews,435,,,,
Disha & Anirudh,h3,2026-07-23,23-Jul END (Thu close),Almonds,200,,,,
Disha & Anirudh,h3,2026-07-23,23-Jul END (Thu close),Peanuts,231,,,,
Disha & Anirudh,h3,2026-07-23,23-Jul END (Thu close),Spicy peanuts,126,,,,
Disha & Anirudh,h3,2026-07-23,23-Jul END (Thu close),Sweet peanuts,144,,,,
Disha & Anirudh,h3,2026-07-23,23-Jul END (Thu close),White sesame seeds (A),200,,,,
Disha & Anirudh,h3,2026-07-23,23-Jul END (Thu close),White sesame seeds (B),1,,,,
Disha & Anirudh,h3,2026-07-23,23-Jul END (Thu close),Black sesame seeds,1,,,,
Disha & Anirudh,h3,2026-07-23,23-Jul END (Thu close),White chia seeds,1,,,,
Disha & Anirudh,h3,2026-07-23,23-Jul END (Thu close),Flax seed masala,1,,,,
Disha & Anirudh,h3,2026-07-23,23-Jul END (Thu close),Organic sesame cooking oil,1,,,,
Disha & Anirudh,h3,2026-07-23,23-Jul END (Thu close),Extra virgin olive oil,2,,,,
Disha & Anirudh,h3,2026-07-23,23-Jul END (Thu close),Rice bran oil (A),0.75,,,,
Disha & Anirudh,h3,2026-07-23,23-Jul END (Thu close),Rice bran oil (B),1,,,,
Disha & Anirudh,h3,2026-07-23,23-Jul END (Thu close),Peanut oil,0.4,,,,
Disha & Anirudh,h3,2026-07-23,23-Jul END (Thu close),Mustard oil,0.5,,,,
Disha & Anirudh,h3,2026-07-23,23-Jul END (Thu close),Pure ghee,1000,,,,
Disha & Anirudh,h3,2026-07-23,23-Jul END (Thu close),A2 cow ghee,1,,,,
Disha & Anirudh,h3,2026-07-23,23-Jul END (Thu close),Parachute coconut oil,1,,,,
Disha & Anirudh,h3,2026-07-23,23-Jul END (Thu close),Toasted sesame oil,0.5,,,,
Disha & Anirudh,h3,2026-07-23,23-Jul END (Thu close),Brown sugar,499,,,,
Disha & Anirudh,h3,2026-07-23,23-Jul END (Thu close),Sugar (A),500,,,,
Disha & Anirudh,h3,2026-07-23,23-Jul END (Thu close),Sugar (B),0.5,,,,
Disha & Anirudh,h3,2026-07-23,23-Jul END (Thu close),Dates,473,,,,
Disha & Anirudh,h3,2026-07-23,23-Jul END (Thu close),Psyllium husk,133,,,,
Disha & Anirudh,h3,2026-07-23,23-Jul END (Thu close),Isabgol,242,,,,
Disha & Anirudh,h3,2026-07-23,23-Jul END (Thu close),Pink salt (A),50,,,,
Disha & Anirudh,h3,2026-07-23,23-Jul END (Thu close),Pink salt (B),700,,,,
Disha & Anirudh,h3,2026-07-23,23-Jul END (Thu close),Sea salt,1,,,,
Disha & Anirudh,h3,2026-07-23,23-Jul END (Thu close),Salt,1000,,,,
Disha & Anirudh,h3,2026-07-23,23-Jul END (Thu close),Himalayan kala namak,0.5,,,,
Disha & Anirudh,h3,2026-07-23,23-Jul END (Thu close),Honey,1,,,,
Disha & Anirudh,h3,2026-07-23,23-Jul END (Thu close),Quinoa,100,,,,
Disha & Anirudh,h3,2026-07-23,23-Jul END (Thu close),Poha,300,,,,
Disha & Anirudh,h3,2026-07-23,23-Jul END (Thu close),Corn flour,100,,,,
Disha & Anirudh,h3,2026-07-23,23-Jul END (Thu close),Besan,235,,,,
Disha & Anirudh,h3,2026-07-23,23-Jul END (Thu close),Suji,200,,,,
Disha & Anirudh,h3,2026-07-23,23-Jul END (Thu close),Roasted suji,296,,,,
Disha & Anirudh,h3,2026-07-23,23-Jul END (Thu close),Breadcrumbs,90,,,,
Disha & Anirudh,h3,2026-07-23,23-Jul END (Thu close),Ragi flour,1,,,,
Disha & Anirudh,h3,2026-07-23,23-Jul END (Thu close),Atta,10000,,,,
Disha & Anirudh,h3,2026-07-23,23-Jul END (Thu close),Brown rice,300,,,,
Disha & Anirudh,h3,2026-07-23,23-Jul END (Thu close),Sona rice,400,,,,
Disha & Anirudh,h3,2026-07-23,23-Jul END (Thu close),Sona masoori raw rice (A),535,,,,
Disha & Anirudh,h3,2026-07-23,23-Jul END (Thu close),Sona masoori raw rice (B),1,,,,
Disha & Anirudh,h3,2026-07-23,23-Jul END (Thu close),Whole sabudana,1,,,,
Disha & Anirudh,h3,2026-07-23,23-Jul END (Thu close),Yellow moong dal,150,,,,
Disha & Anirudh,h3,2026-07-23,23-Jul END (Thu close),Yellow split moong dal,250,,,,
Disha & Anirudh,h3,2026-07-23,23-Jul END (Thu close),Split moong dal,250,,,,
Disha & Anirudh,h3,2026-07-23,23-Jul END (Thu close),Whole moong,300,,,,
Disha & Anirudh,h3,2026-07-23,23-Jul END (Thu close),Organic whole moong,1,,,,
Disha & Anirudh,h3,2026-07-23,23-Jul END (Thu close),Unpolished moong dal,375,,,,
Disha & Anirudh,h3,2026-07-23,23-Jul END (Thu close),Moong dal (A),200,,,,
Disha & Anirudh,h3,2026-07-23,23-Jul END (Thu close),Moong dal (B),500,,,,
Disha & Anirudh,h3,2026-07-23,23-Jul END (Thu close),Masoor dal (A),100,,,,
Disha & Anirudh,h3,2026-07-23,23-Jul END (Thu close),Masoor dal (B),1,,,,
Disha & Anirudh,h3,2026-07-23,23-Jul END (Thu close),Chana dal (A),90,,,,
Disha & Anirudh,h3,2026-07-23,23-Jul END (Thu close),Chana dal (B),258,,,,
Disha & Anirudh,h3,2026-07-23,23-Jul END (Thu close),Chana dal (C),528,,,,
Disha & Anirudh,h3,2026-07-23,23-Jul END (Thu close),Chana,200,,,,
Disha & Anirudh,h3,2026-07-23,23-Jul END (Thu close),Toor dal,200,,,,
Disha & Anirudh,h3,2026-07-23,23-Jul END (Thu close),Arhar dal (A),500,,,,
Disha & Anirudh,h3,2026-07-23,23-Jul END (Thu close),Arhar dal (B),1,,,,
Disha & Anirudh,h3,2026-07-23,23-Jul END (Thu close),Taj Mahal tea,1,,,,
Disha & Anirudh,h3,2026-07-23,23-Jul END (Thu close),Twinings English breakfast tea,1,,,,
Disha & Anirudh,h3,2026-07-23,23-Jul END (Thu close),Tea leaves,150,,,,
Disha & Anirudh,h3,2026-07-23,23-Jul END (Thu close),Tea powder,0.5,,,,
Disha & Anirudh,h3,2026-07-23,23-Jul END (Thu close),Brew coffee,1,,,,
Disha & Anirudh,h3,2026-07-23,23-Jul END (Thu close),Black pepper (A),1,,,,
Disha & Anirudh,h3,2026-07-23,23-Jul END (Thu close),Black pepper (B),0.5,,,,
Disha & Anirudh,h3,2026-07-23,23-Jul END (Thu close),Pepper powder,122,,,,
Disha & Anirudh,h3,2026-07-23,23-Jul END (Thu close),Red chilli,262,,,,
Disha & Anirudh,h3,2026-07-23,23-Jul END (Thu close),Red chilli powder,100,,,,
Disha & Anirudh,h3,2026-07-23,23-Jul END (Thu close),Dried red chilli,58,,,,
Disha & Anirudh,h3,2026-07-23,23-Jul END (Thu close),Kashmiri chilli powder,1,,,,
Disha & Anirudh,h3,2026-07-23,23-Jul END (Thu close),Pure Guntur chilli,1,,,,
Disha & Anirudh,h3,2026-07-23,23-Jul END (Thu close),Shankar tikali chilli powder,1,,,,
Disha & Anirudh,h3,2026-07-23,23-Jul END (Thu close),Haldi powder,348,,,,
Disha & Anirudh,h3,2026-07-23,23-Jul END (Thu close),Haldi,245,,,,
Disha & Anirudh,h3,2026-07-23,23-Jul END (Thu close),Turmeric,1,,,,
Disha & Anirudh,h3,2026-07-23,23-Jul END (Thu close),Jeera seeds,108,,,,
Disha & Anirudh,h3,2026-07-23,23-Jul END (Thu close),Jeera (A),0.5,,,,
Disha & Anirudh,h3,2026-07-23,23-Jul END (Thu close),Jeera (B),1,,,,
Disha & Anirudh,h3,2026-07-23,23-Jul END (Thu close),Jeera powder (A),68,,,,
Disha & Anirudh,h3,2026-07-23,23-Jul END (Thu close),Jeera powder (B),432,,,,
Disha & Anirudh,h3,2026-07-23,23-Jul END (Thu close),Dhaniya seeds,150,,,,
Disha & Anirudh,h3,2026-07-23,23-Jul END (Thu close),Dhaniya powder,0.25,,,,
Disha & Anirudh,h3,2026-07-23,23-Jul END (Thu close),Sambar powder,200,,,,
Disha & Anirudh,h3,2026-07-23,23-Jul END (Thu close),Kora sambar,135,,,,
Disha & Anirudh,h3,2026-07-23,23-Jul END (Thu close),Jeera aloo masala,197,,,,
Disha & Anirudh,h3,2026-07-23,23-Jul END (Thu close),Maharashtrian masala,187,,,,
Disha & Anirudh,h3,2026-07-23,23-Jul END (Thu close),Tadka mix,50,,,,
Disha & Anirudh,h3,2026-07-23,23-Jul END (Thu close),Kasuri methi,1,,,,
Disha & Anirudh,h3,2026-07-23,23-Jul END (Thu close),Hari methi,100,,,,
Disha & Anirudh,h3,2026-07-23,23-Jul END (Thu close),Imli,300,,,,
Disha & Anirudh,h3,2026-07-23,23-Jul END (Thu close),Mustard seeds,1,,,,
Disha & Anirudh,h3,2026-07-23,23-Jul END (Thu close),Organic cumin seeds,1,,,,
Disha & Anirudh,h3,2026-07-23,23-Jul END (Thu close),Hing,1,,,,
Disha & Anirudh,h3,2026-07-23,23-Jul END (Thu close),Chaat masala,1,,,,
Disha & Anirudh,h3,2026-07-23,23-Jul END (Thu close),Baking powder,1,,,,
Disha & Anirudh,h3,2026-07-23,23-Jul END (Thu close),Baking soda,1,,,,
Disha & Anirudh,h3,2026-07-23,23-Jul END (Thu close),Dry mango powder,1,,,,
Disha & Anirudh,h3,2026-07-23,23-Jul END (Thu close),Garlic powder,2,,,,
Disha & Anirudh,h3,2026-07-23,23-Jul END (Thu close),Onion powder (A),1,,,,
Disha & Anirudh,h3,2026-07-23,23-Jul END (Thu close),Onion powder (B),1,,,,
Disha & Anirudh,h3,2026-07-23,23-Jul END (Thu close),Cinnamon powder,1,,,,
Disha & Anirudh,h3,2026-07-23,23-Jul END (Thu close),Nutmeg powder,1,,,,
Disha & Anirudh,h3,2026-07-23,23-Jul END (Thu close),Sumac powder,1,,,,
Disha & Anirudh,h3,2026-07-23,23-Jul END (Thu close),Zaatar powder,1,,,,
Disha & Anirudh,h3,2026-07-23,23-Jul END (Thu close),Mushroom seasoning w/ seaweed,1,,,,
Disha & Anirudh,h3,2026-07-23,23-Jul END (Thu close),Pizza oregano spice mix,1,,,,
Disha & Anirudh,h3,2026-07-23,23-Jul END (Thu close),Mixed masalas,1,,,,
Disha & Anirudh,h3,2026-07-23,23-Jul END (Thu close),Cardamom,1,,,,
Disha & Anirudh,h3,2026-07-23,23-Jul END (Thu close),Cloves,1,,,,
Disha & Anirudh,h3,2026-07-23,23-Jul END (Thu close),Star anise,1,,,,
Disha & Anirudh,h3,2026-07-23,23-Jul END (Thu close),Tej patta,1,,,,
Disha & Anirudh,h3,2026-07-23,23-Jul END (Thu close),Gongura pickle,467,,,,
Disha & Anirudh,h3,2026-07-23,23-Jul END (Thu close),Cut mango pickle,1,,,,
Disha & Anirudh,h3,2026-07-23,23-Jul END (Thu close),Mango pickle,1,,,,
Disha & Anirudh,h3,2026-07-23,23-Jul END (Thu close),Onion mixed pickle,200,,,,
Disha & Anirudh,h3,2026-07-23,23-Jul END (Thu close),Ketchup,2,,,,
Disha & Anirudh,h3,2026-07-23,23-Jul END (Thu close),Tomato ketchup sweet & spicy,1,,,,
Disha & Anirudh,h3,2026-07-23,23-Jul END (Thu close),Dark soy sauce,0.5,,,,
Disha & Anirudh,h3,2026-07-23,23-Jul END (Thu close),Chin-Su sauce,1,,,,
Disha & Anirudh,h3,2026-07-23,23-Jul END (Thu close),Synthetic vinegar,1,,,,
Disha & Anirudh,h3,2026-07-23,23-Jul END (Thu close),Balsamic vinegar,0.5,,,,
Disha & Anirudh,h3,2026-07-23,23-Jul END (Thu close),French vinaigrette,0.5,,,,
Disha & Anirudh,h3,2026-07-23,23-Jul END (Thu close),Bengal mustard kasundi,1,,,,
Disha & Anirudh,h3,2026-07-23,23-Jul END (Thu close),Hellmann mayonnaise (A),0.5,,,,
Disha & Anirudh,h3,2026-07-23,23-Jul END (Thu close),Hellmann mayonnaise (B),1,,,,
Disha & Anirudh,h3,2026-07-23,23-Jul END (Thu close),Honey mustard,1,,,,
Disha & Anirudh,h3,2026-07-23,23-Jul END (Thu close),Honey mustard dip,1,,,,
Disha & Anirudh,h3,2026-07-23,23-Jul END (Thu close),Cheese & jalapeno dip,1,,,,
Disha & Anirudh,h3,2026-07-23,23-Jul END (Thu close),Pizza sauce,1,,,,
Disha & Anirudh,h3,2026-07-23,23-Jul END (Thu close),Gochujang,1,,,,
Disha & Anirudh,h3,2026-07-23,23-Jul END (Thu close),Panda oyster sauce,1,,,,
Disha & Anirudh,h3,2026-07-23,23-Jul END (Thu close),Sriracha hot chilli sauce,1,,,,
Disha & Anirudh,h3,2026-07-23,23-Jul END (Thu close),Sriracha green chilli sauce,1,,,,
Disha & Anirudh,h3,2026-07-23,23-Jul END (Thu close),Sriracha chilli sauce,1,,,,
Disha & Anirudh,h3,2026-07-23,23-Jul END (Thu close),Hot sauce,1,,,,
Disha & Anirudh,h3,2026-07-23,23-Jul END (Thu close),Buddha hot sauce,1,,,,
Disha & Anirudh,h3,2026-07-23,23-Jul END (Thu close),Crunchy chilli oil,1,,,,
Disha & Anirudh,h3,2026-07-23,23-Jul END (Thu close),Green olives,1,,,,
Disha & Anirudh,h3,2026-07-23,23-Jul END (Thu close),Cherry pepper feta stuffed,1,,,,
Disha & Anirudh,h3,2026-07-23,23-Jul END (Thu close),Jalapenos,1,,,,
Disha & Anirudh,h3,2026-07-23,23-Jul END (Thu close),Sliced jalapeno peppers,1,,,,
Disha & Anirudh,h3,2026-07-23,23-Jul END (Thu close),German sweet & sour,1,,,,
Disha & Anirudh,h3,2026-07-23,23-Jul END (Thu close),Original kimchi,1,,,,
Disha & Anirudh,h3,2026-07-23,23-Jul END (Thu close),Pomegranate molasses,1,,,,
Disha & Anirudh,h3,2026-07-23,23-Jul END (Thu close),Orchard Lane spreadable fruit,1,,,,
Disha & Anirudh,h3,2026-07-23,23-Jul END (Thu close),Bournvita,1,,,,
Disha & Anirudh,h3,2026-07-23,23-Jul END (Thu close),Sugar-free stevia,1,,,,
Disha & Anirudh,h3,2026-07-23,23-Jul END (Thu close),Everyday sweet sugar replacer,1,,,,
Disha & Anirudh,h3,2026-07-23,23-Jul END (Thu close),Sugar-free,100,,,,
Disha & Anirudh,h3,2026-07-23,23-Jul END (Thu close),M16,1,,,,
Disha & Anirudh,h3,2026-07-23,23-Jul END (Thu close),Noodle packets,1,,,,
Disha & Anirudh,h3,2026-07-23,23-Jul END (Thu close),Red Thai noodles,1,,,,
Disha & Anirudh,h3,2026-07-23,23-Jul END (Thu close),Hakka noodles,1,,,,
Disha & Anirudh,h3,2026-07-23,23-Jul END (Thu close),Noodles,430,,,,
Disha & Anirudh,h3,2026-07-23,23-Jul END (Thu close),Vermicelli,105,,,,
Disha & Anirudh,h3,2026-07-23,23-Jul END (Thu close),Pasta,98,,,,
Disha & Anirudh,h3,2026-07-23,23-Jul END (Thu close),Fusilli/Bucatini pasta,1,,,,
Disha & Anirudh,h3,2026-07-23,23-Jul END (Thu close),Tagliatelle/Mezze pasta,1,,,,
Disha & Anirudh,h3,2026-07-23,23-Jul END (Thu close),Tteokbokki carbonara,1,,,,
Disha & Anirudh,h3,2026-07-23,23-Jul END (Thu close),Fried pork,1,,,,
Disha & Anirudh,h3,2026-07-23,23-Jul END (Thu close),Spinach,130,,,,
Rahul & Radhika,h5,2026-07-23,23-Jul END (adjusted),Beetroot,300,,,,
Rahul & Radhika,h5,2026-07-23,23-Jul END (adjusted),Carrot,70,,,,
Rahul & Radhika,h5,2026-07-23,23-Jul END (adjusted),Coriander (dhania),40,,,,
Rahul & Radhika,h5,2026-07-23,23-Jul END (adjusted),Cucumber,800,,,,
Rahul & Radhika,h5,2026-07-23,23-Jul END (adjusted),Curry leaves,40,,,,
Rahul & Radhika,h5,2026-07-23,23-Jul END (adjusted),Garlic,1.5,,,,
Rahul & Radhika,h5,2026-07-23,23-Jul END (adjusted),Ginger,50,,,,
Rahul & Radhika,h5,2026-07-23,23-Jul END (adjusted),Green capsicum,125,,,,
Rahul & Radhika,h5,2026-07-23,23-Jul END (adjusted),Lemon,270,,,,
Rahul & Radhika,h5,2026-07-23,23-Jul END (adjusted),Mint,35,,,,
Rahul & Radhika,h5,2026-07-23,23-Jul END (adjusted),Tomato,500,,,,
Rahul & Radhika,h5,2026-07-23,23-Jul END (adjusted),Yellow capsicum,125,,,,
Rahul & Radhika,h5,2026-07-23,23-Jul END (adjusted),Zucchini,1,,,,
Rahul & Radhika,h5,2026-07-23,23-Jul END (adjusted),"Milk bread (Health Factory, zero maida)",400,,,,
Rahul & Radhika,h5,2026-07-23,23-Jul END (adjusted),Almond drink (Alt Co),730,,,,
Rahul & Radhika,h5,2026-07-23,23-Jul END (adjusted),Oat drink (Alt Co),750,,,,
Rahul & Radhika,h5,2026-07-23,23-Jul END (adjusted),Sourdough bread (Brik Oven),370,,,,
Rahul & Radhika,h5,2026-07-23,23-Jul END (adjusted),Sriracha hot chilli,1,,,,
Rahul & Radhika,h5,2026-07-23,23-Jul END (adjusted),Epigamia Greek yogurt (natural),1,,,,
Rahul & Radhika,h5,2026-07-23,23-Jul END (adjusted),Full cream milk (Heritage),500,,,,
Rahul & Radhika,h5,2026-07-23,23-Jul END (adjusted),Milky Mist Skyr,2,,,,
Rahul & Radhika,h5,2026-07-23,23-Jul END (adjusted),Chana dal,500,,,,
Rahul & Radhika,h5,2026-07-23,23-Jul END (adjusted),Masoor dal (split),500,,,,
Rahul & Radhika,h5,2026-07-23,23-Jul END (adjusted),Eggs (free-range brown),10,,,,
Rahul & Radhika,h5,2026-07-23,23-Jul END (adjusted),Broccoli,600,,,,
Rahul & Radhika,h5,2026-07-23,23-Jul END (adjusted),Cauliflower,1000,,,,
Rahul & Radhika,h5,2026-07-23,23-Jul END (adjusted),Red cabbage,1,,,,
Rahul & Radhika,h5,2026-07-23,23-Jul END (adjusted),Sweet corn,300,,,,
Rahul & Radhika,h5,2026-07-23,23-Jul END (adjusted),Avocado,170,,,,
Rahul & Radhika,h5,2026-07-23,23-Jul END (adjusted),Banana (Yellaki),400,,,,
Rahul & Radhika,h5,2026-07-23,23-Jul END (adjusted),Kiwi,2,,,,
Rahul & Radhika,h5,2026-07-23,23-Jul END (adjusted),Corn starch (Brown & Polson),1,,,,
Rahul & Radhika,h5,2026-07-23,23-Jul END (adjusted),Kala chana (Tata Sampann),500,,,,
Rahul & Radhika,h5,2026-07-23,23-Jul END (adjusted),Moong dal (24 Mantra organic),500,,,,
Rahul & Radhika,h5,2026-07-23,23-Jul END (adjusted),Quinoa (Organeekz organic),400,,,,
Rahul & Radhika,h5,2026-07-23,23-Jul END (adjusted),Rolled oats (Quaker high-protein),325,,,,
Rahul & Radhika,h5,2026-07-23,23-Jul END (adjusted),Mixed berries (Nutty Gritties),0.3,,,,
Rahul & Radhika,h5,2026-07-23,23-Jul END (adjusted),GobbleRight beetroot & quinoa wrap,1,,,,
Rahul & Radhika,h5,2026-07-23,23-Jul END (adjusted),Sandwich bread (Modern Supreme),400,,,,
Rahul & Radhika,h5,2026-07-23,23-Jul END (adjusted),Chana masala (Organic Tattva),1,,,,
Rahul & Radhika,h5,2026-07-23,23-Jul END (adjusted),Kasuri methi (Catch),1,,,,
Rahul & Radhika,h5,2026-07-23,23-Jul END (adjusted),Meat masala (Everest),1,,,,
Rahul & Radhika,h5,2026-07-23,23-Jul END (adjusted),Pav bhaji masala (Everest),1,,,,
Rahul & Radhika,h5,2026-07-23,23-Jul END (adjusted),Button mushroom,200,,,,
Rahul & Radhika,h5,2026-07-23,23-Jul END (adjusted),Brown rice,100,,,,
Rahul & Radhika,h5,2026-07-23,23-Jul END (adjusted),French beans,250,,,,
Rahul & Radhika,h5,2026-07-23,23-Jul END (adjusted),Curd (Sid's Farm),800,,,,
Rahul & Radhika,h5,2026-07-23,23-Jul END (adjusted),Strawberry yogurt,2,,,,
Rahul & Radhika,h5,2026-07-23,23-Jul END (adjusted),Coconut milk (unsweetened),325,,,,
Rahul & Radhika,h5,2026-07-23,23-Jul END (adjusted),Cinnamon (Organic Tattva),47,,,,
Rahul & Radhika,h5,2026-07-23,23-Jul END (adjusted),Olive oil (Borges EV),210,,,,
Rahul & Radhika,h5,2026-07-23,23-Jul END (adjusted),Orange,650,,,,
Rahul & Radhika,h5,2026-07-23,23-Jul END (adjusted),Rice paper,0.5,,,,
Rahul & Radhika,h5,2026-07-23,23-Jul END (adjusted),Black pepper powder (Catch),50,,,,
Rahul & Radhika,h5,2026-07-23,23-Jul END (adjusted),Sona masoori rice (Kurnool),800,,,,
Rahul & Radhika,h5,2026-07-23,23-Jul END (adjusted),Moth matki (whole),400,,,,
Rahul & Radhika,h5,2026-07-23,23-Jul END (adjusted),Onion,500,,,,
Rahul & Radhika,h5,2026-07-23,23-Jul END (adjusted),Potato,1000,,,,
Rahul & Radhika,h5,2026-07-23,23-Jul END (adjusted),Basil,50,,,,
Rahul & Radhika,h5,2026-07-23,23-Jul END (adjusted),Roasted Bengal gram,500,,,,
Rahul & Radhika,h5,2026-07-23,23-Jul END (adjusted),Spinach,250,,,,
Rahul & Radhika,h5,2026-07-23,23-Jul END (adjusted),Toilet roll,6,,,,
Rahul & Radhika,h5,2026-07-23,23-Jul END (adjusted),Garlic peeled,80,,,,
Rahul & Radhika,h5,2026-07-23,23-Jul END (adjusted),Frozen green peas,500,,,,
Rahul & Radhika,h5,2026-07-23,23-Jul END (adjusted),Pumpkin (cut),200,,,,
Rahul & Radhika,h5,2026-07-23,23-Jul END (adjusted),Drumstick,2,,,,
Rahul & Radhika,h5,2026-07-23,23-Jul END (adjusted),Horse gram (Kulthi),500,,,,
Rahul & Radhika,h5,2026-07-23,23-Jul END (adjusted),Dettol hand wash,675,,,,
Rahul & Radhika,h5,2026-07-23,23-Jul END (adjusted),Coccinia (ivy gourd),250,,,,
Rahul & Radhika,h5,2026-07-23,23-Jul END (adjusted),Coconut chunks,100,,,,
Rahul & Radhika,h5,2026-07-23,23-Jul END (adjusted),Brazil nut,145,,,,
Rahul & Radhika,h5,2026-07-23,23-Jul END (adjusted),Salmon,500,,,,
Rahul & Radhika,h5,2026-07-23,23-Jul END (adjusted),Basa fish,300,,,,
Rahul & Radhika,h5,2026-07-23,23-Jul END (adjusted),Apple,150,,,,
Rahul & Radhika,h5,2026-07-23,23-Jul END (adjusted),Red radish,100,,,,
Rahul & Radhika,h5,2026-07-23,23-Jul END (adjusted),Ghee (Akshayakalpa),30,,,,
Soozy & Munz,h2,2026-07-22,22-Jul END count,Cabbage,473,,,,
Soozy & Munz,h2,2026-07-22,22-Jul END count,Carrot,221,,,,
Soozy & Munz,h2,2026-07-22,22-Jul END count,Coriander (dhania),35,,,,
Soozy & Munz,h2,2026-07-22,22-Jul END count,Cucumber,126,,,,
Soozy & Munz,h2,2026-07-22,22-Jul END count,Green beans,256,,,,
Soozy & Munz,h2,2026-07-22,22-Jul END count,Green capsicum,472,,,,
Soozy & Munz,h2,2026-07-22,22-Jul END count,Red Label tea,0.5,,,,
Soozy & Munz,h2,2026-07-22,22-Jul END count,Honey (Apis multifloral),480,,,,
Soozy & Munz,h2,2026-07-22,22-Jul END count,Jalapeno peppers (Cornitos),1,,,,
Soozy & Munz,h2,2026-07-22,22-Jul END count,Greek yogurt (Milky Mist),2,,,,
Soozy & Munz,h2,2026-07-22,22-Jul END count,Kala chana,315,,,,
Soozy & Munz,h2,2026-07-22,22-Jul END count,Rajma,281,,,,
Soozy & Munz,h2,2026-07-22,22-Jul END count,Eggs,4,,,,
Soozy & Munz,h2,2026-07-22,22-Jul END count,Brown rice (jar),380,,,,
Soozy & Munz,h2,2026-07-22,22-Jul END count,Sooji/rava (Aashirvaad),1,,,,
Soozy & Munz,h2,2026-07-22,22-Jul END count,Chilli flakes,1,,,,
Soozy & Munz,h2,2026-07-22,22-Jul END count,Oregano,1,,,,
Soozy & Munz,h2,2026-07-22,22-Jul END count,Digestive biscuits,1,,,,
Soozy & Munz,h2,2026-07-22,22-Jul END count,Chicken masala,1,,,,
Soozy & Munz,h2,2026-07-22,22-Jul END count,Broccoli,631,,,,
Soozy & Munz,h2,2026-07-22,22-Jul END count,Curry leaves,88,,,,
Soozy & Munz,h2,2026-07-22,22-Jul END count,Ginger,120,,,,
Soozy & Munz,h2,2026-07-22,22-Jul END count,Green chilli,57,,,,
Soozy & Munz,h2,2026-07-22,22-Jul END count,Lemon,300,,,,
Soozy & Munz,h2,2026-07-22,22-Jul END count,Mint,73,,,,
Soozy & Munz,h2,2026-07-22,22-Jul END count,Tomato,327,,,,
Soozy & Munz,h2,2026-07-22,22-Jul END count,Cow milk (fresh),1000,,,,
Soozy & Munz,h2,2026-07-22,22-Jul END count,Greek yogurt (Akshayakalpa plain),6,,,,
Soozy & Munz,h2,2026-07-22,22-Jul END count,Paneer,200,,,,
Soozy & Munz,h2,2026-07-22,22-Jul END count,Banana,300,,,,
Soozy & Munz,h2,2026-07-22,22-Jul END count,Watermelon (cut),2000,,,,
Soozy & Munz,h2,2026-07-22,22-Jul END count,Avocado,130,,,,
Soozy & Munz,h2,2026-07-22,22-Jul END count,Almonds,280,,,,
Soozy & Munz,h2,2026-07-22,22-Jul END count,Chicken breast (Licious),388,,,,
Soozy & Munz,h2,2026-07-22,22-Jul END count,Hummus (NOICE Lebanese),140,,,,
Soozy & Munz,h2,2026-07-22,22-Jul END count,Sheba cat food (salmon),1,,,,
Soozy & Munz,h2,2026-07-22,22-Jul END count,Vinegar,200,,,,
Soozy & Munz,h2,2026-07-22,22-Jul END count,Rolled oats,580,,,,
Soozy & Munz,h2,2026-07-22,22-Jul END count,Rava idli mix (MTR),1,,,,
Soozy & Munz,h2,2026-07-22,22-Jul END count,Fennel seeds,270,,,,
Soozy & Munz,h2,2026-07-22,22-Jul END count,Jeera,190,,,,
Soozy & Munz,h2,2026-07-22,22-Jul END count,Black pepper (whole),1,,,,
Soozy & Munz,h2,2026-07-22,22-Jul END count,Chana dal,715,,,,
Soozy & Munz,h2,2026-07-22,22-Jul END count,Coconut oil,0.2,,,,
Soozy & Munz,h2,2026-07-22,22-Jul END count,Brown sugar,550,,,,
Soozy & Munz,h2,2026-07-22,22-Jul END count,Walnuts,230,,,,
Soozy & Munz,h2,2026-07-22,22-Jul END count,Gulab jamun mix,1,,,,
Soozy & Munz,h2,2026-07-22,22-Jul END count,Chia seeds,340,,,,
Soozy & Munz,h2,2026-07-22,22-Jul END count,Thai green paste,1,,,,
Soozy & Munz,h2,2026-07-22,22-Jul END count,Chilli powder,216,,,,
Soozy & Munz,h2,2026-07-22,22-Jul END count,Sugar,350,,,,
Soozy & Munz,h2,2026-07-22,22-Jul END count,Maggi,1,,,,
Soozy & Munz,h2,2026-07-22,22-Jul END count,Nutri Choice crackers,75,,,,
Soozy & Munz,h2,2026-07-22,22-Jul END count,Boiled rice,1400,,,,
Soozy & Munz,h2,2026-07-22,22-Jul END count,Sona masoori rice,400,,,,
Soozy & Munz,h2,2026-07-22,22-Jul END count,Indrayani rice,520,,,,
Soozy & Munz,h2,2026-07-22,22-Jul END count,Sun-dried tomatoes,1,,,,
Soozy & Munz,h2,2026-07-22,22-Jul END count,Umami paste,1,,,,
Soozy & Munz,h2,2026-07-22,22-Jul END count,Mustard sauce,300,,,,
Soozy & Munz,h2,2026-07-22,22-Jul END count,Tabasco,1,,,,
Soozy & Munz,h2,2026-07-22,22-Jul END count,Chilli oil,1,,,,
Soozy & Munz,h2,2026-07-22,22-Jul END count,Red Bull energy drink,2,,,,
Soozy & Munz,h2,2026-07-22,22-Jul END count,Origami toilet tissue,1,,,,
Soozy & Munz,h2,2026-07-22,22-Jul END count,Broken cashew,100,,,,
Soozy & Munz,h2,2026-07-22,22-Jul END count,Apple cider vinegar,490,,,,
Soozy & Munz,h2,2026-07-22,22-Jul END count,White tahini paste,440,,,,
Soozy & Munz,h2,2026-07-22,22-Jul END count,Cherry tomato,233,,,,
Soozy & Munz,h2,2026-07-22,22-Jul END count,Whole wheat bread,7,,,,
Soozy & Munz,h2,2026-07-22,22-Jul END count,Apple,2,,,,
Soozy & Munz,h2,2026-07-22,22-Jul END count,Garlic peeled,86,,,,
Soozy & Munz,h2,2026-07-22,22-Jul END count,Butter (Milky Mist),5,,,,
Soozy & Munz,h2,2026-07-22,22-Jul END count,Frozen green peas,500,,,,
Shunyam & Ishan - latest,h1b,2026-07-23,END (adjusted),Cucumber,200,,,,
Shunyam & Ishan - latest,h1b,2026-07-23,END (adjusted),Garlic,300,,,,
Shunyam & Ishan - latest,h1b,2026-07-23,END (adjusted),Green chilli,70,,,,
Shunyam & Ishan - latest,h1b,2026-07-23,END (adjusted),Bread,126,,,,
Shunyam & Ishan - latest,h1b,2026-07-23,END (adjusted),Butter (Amul),65,,,,
Shunyam & Ishan - latest,h1b,2026-07-23,END (adjusted),Ghee (Akshayakalpa),1.45,,,,
Shunyam & Ishan - latest,h1b,2026-07-23,END (adjusted),Eggs,7,,,,
Shunyam & Ishan - latest,h1b,2026-07-23,END (adjusted),Carrot,510,,,,
Shunyam & Ishan - latest,h1b,2026-07-23,END (adjusted),7-in-1 seed mix,85,,,,
Shunyam & Ishan - latest,h1b,2026-07-23,END (adjusted),Almonds,85,,,,
Shunyam & Ishan - latest,h1b,2026-07-23,END (adjusted),Arrabiata pasta sauce (Veeba),300,,,,
Shunyam & Ishan - latest,h1b,2026-07-23,END (adjusted),Cashews,325,,,,
Shunyam & Ishan - latest,h1b,2026-07-23,END (adjusted),Chocolate syrup (Hersheys),200,,,,
Shunyam & Ishan - latest,h1b,2026-07-23,END (adjusted),Cocoa (Cadbury),1,,,,
Shunyam & Ishan - latest,h1b,2026-07-23,END (adjusted),Dark soy sauce,100,,,,
Shunyam & Ishan - latest,h1b,2026-07-23,END (adjusted),Frozen green peas (Safal),120,,,,
Shunyam & Ishan - latest,h1b,2026-07-23,END (adjusted),Ginger Blossom gut shot,2,,,,
Shunyam & Ishan - latest,h1b,2026-07-23,END (adjusted),Green olives (Del Monte),100,,,,
Shunyam & Ishan - latest,h1b,2026-07-23,END (adjusted),"Honey (Organic India, multifloral)",1.9,,,,
Shunyam & Ishan - latest,h1b,2026-07-23,END (adjusted),Honey / mango jam,1,,,,
Shunyam & Ishan - latest,h1b,2026-07-23,END (adjusted),"Hydration/electrolyte (Fast&Up, LiquidIV)",50,,,,
Shunyam & Ishan - latest,h1b,2026-07-23,END (adjusted),Moong dal,30,,,,
Shunyam & Ishan - latest,h1b,2026-07-23,END (adjusted),Multigrain atta,1730,,,,
Shunyam & Ishan - latest,h1b,2026-07-23,END (adjusted),Mustard / cooking oil,240,,,,
Shunyam & Ishan - latest,h1b,2026-07-23,END (adjusted),Mustard sauce,100,,,,
Shunyam & Ishan - latest,h1b,2026-07-23,END (adjusted),Oats (Alpino Super Oats),0.3,,,,
Shunyam & Ishan - latest,h1b,2026-07-23,END (adjusted),Olive oil (Borges Extra Virgin),250,,,,
Shunyam & Ishan - latest,h1b,2026-07-23,END (adjusted),Pizza/pasta seasoning (Keya oregano),50,,,,
Shunyam & Ishan - latest,h1b,2026-07-23,END (adjusted),Rajma (red kidney beans),250,,,,
Shunyam & Ishan - latest,h1b,2026-07-23,END (adjusted),Rice (Daawat basmati),230,,,,
Shunyam & Ishan - latest,h1b,2026-07-23,END (adjusted),Roasted chana,100,,,,
Shunyam & Ishan - latest,h1b,2026-07-23,END (adjusted),Schezwan chutney (Wok),100,,,,
Shunyam & Ishan - latest,h1b,2026-07-23,END (adjusted),Soda (Lehar),750,,,,
Shunyam & Ishan - latest,h1b,2026-07-23,END (adjusted),"Spices (pav-bhaji, chaat, hing, coriander pwd, black pepper, turmeric)",50,,,,
Shunyam & Ishan - latest,h1b,2026-07-23,END (adjusted),Tea (Catch chai + tea bags),1,,,,
Shunyam & Ishan - latest,h1b,2026-07-23,END (adjusted),Tomato ketchup,200,,,,
Shunyam & Ishan - latest,h1b,2026-07-23,END (adjusted),Veg mayonnaise (Dr Oetker FunFoods),70,,,,
Shunyam & Ishan - latest,h1b,2026-07-23,END (adjusted),Vinegar,100,,,,
Shunyam & Ishan - latest,h1b,2026-07-23,END (adjusted),Ginger garlic paste,60,,,,
Shunyam & Ishan - latest,h1b,2026-07-23,END (adjusted),Coriander powder,40,,,,
Shunyam & Ishan - latest,h1b,2026-07-23,END (adjusted),Kombucha,1,,,,
Shunyam & Ishan - latest,h1b,2026-07-23,END (adjusted),Urad dal,250,,,,
Shunyam & Ishan - latest,h1b,2026-07-23,END (adjusted),Chana dal,250,,,,
Shunyam & Ishan - latest,h1b,2026-07-23,END (adjusted),Sugar,440,,,,
Shunyam & Ishan - latest,h1b,2026-07-23,END (adjusted),Chaat masala,100,,,,
Shunyam & Ishan - latest,h1b,2026-07-23,END (adjusted),White dal (moong),250,,,,
Shunyam & Ishan - latest,h1b,2026-07-23,END (adjusted),Nilgiri red rice,1000,,,,
Shunyam & Ishan - latest,h1b,2026-07-23,END (adjusted),Aashirvaad atta (2kg),2000,,,,
Shunyam & Ishan - latest,h1b,2026-07-23,END (adjusted),Kabuli chana,250,,,,
Shunyam & Ishan - latest,h1b,2026-07-23,END (adjusted),Salt,500,,,,
Shunyam & Ishan - latest,h1b,2026-07-23,END (adjusted),Brown sugar,250,,,,
Shunyam & Ishan - latest,h1b,2026-07-23,END (adjusted),Sriracha sauce,1,,,,
Shunyam & Ishan - latest,h1b,2026-07-23,END (adjusted),Bay leaf / dried patta,10,,,,
Shunyam & Ishan - latest,h1b,2026-07-23,END (adjusted),Chilli flakes,30,,,,
Shunyam & Ishan - latest,h1b,2026-07-23,END (adjusted),Clove (laung),20,,,,
Shunyam & Ishan - latest,h1b,2026-07-23,END (adjusted),Poha,550,,,,
Shunyam & Ishan - latest,h1b,2026-07-23,END (adjusted),Biryani rice,500,,,,
Shunyam & Ishan - latest,h1b,2026-07-23,END (adjusted),Protein atta,500,,,,
Shunyam & Ishan - latest,h1b,2026-07-23,END (adjusted),Sabudana,250,,,,
Shunyam & Ishan - latest,h1b,2026-07-23,END (adjusted),Organic besan,250,,,,
Shunyam & Ishan - latest,h1b,2026-07-23,END (adjusted),Makhana,100,,,,
Shunyam & Ishan - latest,h1b,2026-07-23,END (adjusted),Rooh Afza,1,,,,
Shunyam & Ishan - latest,h1b,2026-07-23,END (adjusted),Manchurian sauce,1,,,,
Shunyam & Ishan - latest,h1b,2026-07-23,END (adjusted),Pav bhaji masala,50,,,,
Shunyam & Ishan - latest,h1b,2026-07-23,END (adjusted),Cheese & jalapeno spread,1,,,,
Shunyam & Ishan - latest,h1b,2026-07-23,END (adjusted),Chilli powder,100,,,,
Shunyam & Ishan - latest,h1b,2026-07-23,END (adjusted),Jeera,187,,,,
Shunyam & Ishan - latest,h1b,2026-07-23,END (adjusted),Turmeric powder,92,,,,
Shunyam & Ishan - latest,h1b,2026-07-23,END (adjusted),Black til (sesame),50,,,,
Shunyam & Ishan - latest,h1b,2026-07-23,END (adjusted),Elaichi (cardamom),20,,,,
Shunyam & Ishan - latest,h1b,2026-07-23,END (adjusted),Green tea,1,,,,
Shunyam & Ishan - latest,h1b,2026-07-23,END (adjusted),Green raisins,100,,,,
Shunyam & Ishan - latest,h1b,2026-07-23,END (adjusted),Black raisins,100,,,,
Shunyam & Ishan - latest,h1b,2026-07-23,END (adjusted),Chocolate oats,1,,,,
Shunyam & Ishan - latest,h1b,2026-07-23,END (adjusted),Garam masala,50,,,,
Shunyam & Ishan - latest,h1b,2026-07-23,END (adjusted),Corn starch,100,,,,
Shunyam & Ishan - latest,h1b,2026-07-23,END (adjusted),Frozen peas (unpeeled),250,,,,
Shunyam & Ishan - latest,h1b,2026-07-23,END (adjusted),Almond & cashew mix,100,,,,
Shunyam & Ishan - latest,h1b,2026-07-23,END (adjusted),Seed mixture,100,,,,
Shunyam & Ishan - latest,h1b,2026-07-23,END (adjusted),Mustard oil,750,,,,
Shunyam & Ishan - latest,h1b,2026-07-23,END (adjusted),Paprika powder,1,,,,
Shunyam & Ishan - latest,h1b,2026-07-23,END (adjusted),Peri peri sauce,1,,,,
Shunyam & Ishan - latest,h1b,2026-07-23,END (adjusted),Smoked paprika,52,,,,
Shunyam & Ishan - latest,h1b,2026-07-23,END (adjusted),Kasuri methi,20,,,,
Shunyam & Ishan - latest,h1b,2026-07-23,END (adjusted),Peanuts,200,,,,
Shunyam & Ishan - latest,h1b,2026-07-23,END (adjusted),Wheat pasta,200,,,,
Shunyam & Ishan - latest,h1b,2026-07-23,END (adjusted),Multi millet noodles,50,,,,
Shunyam & Ishan - latest,h1b,2026-07-23,END (adjusted),Sambar masala powder,200,,,,
Shunyam & Ishan - latest,h1b,2026-07-23,END (adjusted),Onion,850,,,,
Shunyam & Ishan - latest,h1b,2026-07-23,END (adjusted),Tomato,400,,,,
Shunyam & Ishan - latest,h1b,2026-07-23,END (adjusted),Mint,80,,,,
Shunyam & Ishan - latest,h1b,2026-07-23,END (adjusted),Lemon,100,,,,
Shunyam & Ishan - latest,h1b,2026-07-23,END (adjusted),Potato,850,,,,
Shunyam & Ishan - latest,h1b,2026-07-23,END (adjusted),Feta cheese (Delecta),50,,,,
Shunyam & Ishan - latest,h1b,2026-07-23,END (adjusted),Saffron,1,,,,
Shunyam & Ishan - latest,h1b,2026-07-23,END (adjusted),Cinnamon,8,,,,
Shunyam & Ishan - latest,h1b,2026-07-23,END (adjusted),Vermicelli,50,,,,
Shunyam & Ishan - latest,h1b,2026-07-23,END (adjusted),Basmati rice,300,,,,
Shunyam & Ishan - latest,h1b,2026-07-23,END (adjusted),Coriander,70,,,,
Shunyam & Ishan - latest,h1b,2026-07-23,END (adjusted),Ginger,100,,,,
Shunyam & Ishan - latest,h1b,2026-07-23,END (adjusted),Green kiwi,3,,,,
Soozy & Munz,h2,2026-07-23,END (adjusted),Cabbage,473,,,,
Soozy & Munz,h2,2026-07-23,END (adjusted),Carrot,161,,,,
Soozy & Munz,h2,2026-07-23,END (adjusted),Coriander (dhania),20,,,,
Soozy & Munz,h2,2026-07-23,END (adjusted),Cucumber,546,,,,
Soozy & Munz,h2,2026-07-23,END (adjusted),Green beans,146,,,,
Soozy & Munz,h2,2026-07-23,END (adjusted),Green capsicum,352,,,,
Soozy & Munz,h2,2026-07-23,END (adjusted),Red Label tea,0.5,,,,
Soozy & Munz,h2,2026-07-23,END (adjusted),Honey (Apis multifloral),480,,,,
Soozy & Munz,h2,2026-07-23,END (adjusted),Jalapeno peppers (Cornitos),1,,,,
Soozy & Munz,h2,2026-07-23,END (adjusted),Kala chana,315,,,,
Soozy & Munz,h2,2026-07-23,END (adjusted),Rajma,281,,,,
Soozy & Munz,h2,2026-07-23,END (adjusted),Eggs,27,,,,
Soozy & Munz,h2,2026-07-23,END (adjusted),Brown rice (jar),380,,,,
Soozy & Munz,h2,2026-07-23,END (adjusted),Sooji/rava (Aashirvaad),1,,,,
Soozy & Munz,h2,2026-07-23,END (adjusted),Chilli flakes,1,,,,
Soozy & Munz,h2,2026-07-23,END (adjusted),Oregano,1,,,,
Soozy & Munz,h2,2026-07-23,END (adjusted),Digestive biscuits,1,,,,
Soozy & Munz,h2,2026-07-23,END (adjusted),Chicken masala,1,,,,
Soozy & Munz,h2,2026-07-23,END (adjusted),Basil,50,,,,
Soozy & Munz,h2,2026-07-23,END (adjusted),Broccoli,1131,,,,
Soozy & Munz,h2,2026-07-23,END (adjusted),Curry leaves,88,,,,
Soozy & Munz,h2,2026-07-23,END (adjusted),Garlic,235,,,,
Soozy & Munz,h2,2026-07-23,END (adjusted),Ginger,120,,,,
Soozy & Munz,h2,2026-07-23,END (adjusted),Green chilli,57,,,,
Soozy & Munz,h2,2026-07-23,END (adjusted),Lemon,270,,,,
Soozy & Munz,h2,2026-07-23,END (adjusted),Mint,73,,,,
Soozy & Munz,h2,2026-07-23,END (adjusted),Tomato,247,,,,
Soozy & Munz,h2,2026-07-23,END (adjusted),Cow milk (fresh),500,,,,
Soozy & Munz,h2,2026-07-23,END (adjusted),Greek yogurt (Akshayakalpa plain),2,,,,
Soozy & Munz,h2,2026-07-23,END (adjusted),Paneer,200,,,,
Soozy & Munz,h2,2026-07-23,END (adjusted),Baby corn,100,,,,
Soozy & Munz,h2,2026-07-23,END (adjusted),Banana,300,,,,
Soozy & Munz,h2,2026-07-23,END (adjusted),Watermelon (cut),2000,,,,
Soozy & Munz,h2,2026-07-23,END (adjusted),Avocado,70,,,,
Soozy & Munz,h2,2026-07-23,END (adjusted),Almonds,275,,,,
Soozy & Munz,h2,2026-07-23,END (adjusted),Chicken breast (Licious),1288,,,,
Soozy & Munz,h2,2026-07-23,END (adjusted),Hummus (NOICE Lebanese),140,,,,
Soozy & Munz,h2,2026-07-23,END (adjusted),Sheba cat food (salmon),1,,,,
Soozy & Munz,h2,2026-07-23,END (adjusted),Vinegar,200,,,,
Soozy & Munz,h2,2026-07-23,END (adjusted),Rolled oats,550,,,,
Soozy & Munz,h2,2026-07-23,END (adjusted),Rava idli mix (MTR),1,,,,
Soozy & Munz,h2,2026-07-23,END (adjusted),Fennel seeds,270,,,,
Soozy & Munz,h2,2026-07-23,END (adjusted),Jeera,190,,,,
Soozy & Munz,h2,2026-07-23,END (adjusted),Black pepper (whole),1,,,,
Soozy & Munz,h2,2026-07-23,END (adjusted),Chana dal,715,,,,
Soozy & Munz,h2,2026-07-23,END (adjusted),Coconut oil,0.2,,,,
Soozy & Munz,h2,2026-07-23,END (adjusted),Brown sugar,550,,,,
Soozy & Munz,h2,2026-07-23,END (adjusted),Walnuts,230,,,,
Soozy & Munz,h2,2026-07-23,END (adjusted),Gulab jamun mix,1,,,,
Soozy & Munz,h2,2026-07-23,END (adjusted),Chia seeds,340,,,,
Soozy & Munz,h2,2026-07-23,END (adjusted),Thai green paste,1,,,,
Soozy & Munz,h2,2026-07-23,END (adjusted),Chilli powder,216,,,,
Soozy & Munz,h2,2026-07-23,END (adjusted),Sugar,350,,,,
Soozy & Munz,h2,2026-07-23,END (adjusted),Maggi,1,,,,
Soozy & Munz,h2,2026-07-23,END (adjusted),Nutri Choice crackers,75,,,,
Soozy & Munz,h2,2026-07-23,END (adjusted),Boiled rice,1400,,,,
Soozy & Munz,h2,2026-07-23,END (adjusted),Sona masoori rice,400,,,,
Soozy & Munz,h2,2026-07-23,END (adjusted),Indrayani rice,520,,,,
Soozy & Munz,h2,2026-07-23,END (adjusted),Iceberg lettuce,100,,,,
Soozy & Munz,h2,2026-07-23,END (adjusted),Sun-dried tomatoes,1,,,,
Soozy & Munz,h2,2026-07-23,END (adjusted),Umami paste,1,,,,
Soozy & Munz,h2,2026-07-23,END (adjusted),Mustard sauce,300,,,,
Soozy & Munz,h2,2026-07-23,END (adjusted),Tabasco,1,,,,
Soozy & Munz,h2,2026-07-23,END (adjusted),Chilli oil,1,,,,
Soozy & Munz,h2,2026-07-23,END (adjusted),Red Bull energy drink,2,,,,
Soozy & Munz,h2,2026-07-23,END (adjusted),Origami toilet tissue,1,,,,
Soozy & Munz,h2,2026-07-23,END (adjusted),Broken cashew,100,,,,
Soozy & Munz,h2,2026-07-23,END (adjusted),Apple cider vinegar,490,,,,
Soozy & Munz,h2,2026-07-23,END (adjusted),White tahini paste,410,,,,
Soozy & Munz,h2,2026-07-23,END (adjusted),Cherry tomato,423,,,,
Soozy & Munz,h2,2026-07-23,END (adjusted),Whole wheat bread,7,,,,
Soozy & Munz,h2,2026-07-23,END (adjusted),Apple,2,,,,
Soozy & Munz,h2,2026-07-23,END (adjusted),Garlic peeled,86,,,,
Soozy & Munz,h2,2026-07-23,END (adjusted),Butter (Milky Mist),5,,,,
Soozy & Munz,h2,2026-07-23,END (adjusted),Frozen green peas,500,,,,
Soozy & Munz,h2,2026-07-23,END (adjusted),Walnut raisin sourdough,290,,,,
Soozy & Munz,h2,2026-07-23,END (adjusted),Frozen sweet corn,140,,,,
Soozy & Munz,h2,2026-07-23,END (adjusted),Sweet potato,150,,,,
Soozy & Munz,h2,2026-07-23,END (adjusted),Bisleri water 1L,13,,,,
Soozy & Munz,h2,2026-07-23,END (adjusted),Greek yogurt (bulk),700,,,,
Soozy & Munz,h2,2026-07-23,END (adjusted),Mooz feta,100,,,,
Paxal & Sana,h7,2026-07-23,END (adjusted),Carrot,445,,,,
Paxal & Sana,h7,2026-07-23,END (adjusted),Cucumber,300,,,,
Paxal & Sana,h7,2026-07-23,END (adjusted),Garlic,415,,,,
Paxal & Sana,h7,2026-07-23,END (adjusted),Ginger,45,,,,
Paxal & Sana,h7,2026-07-23,END (adjusted),Green capsicum,250,,,,
Paxal & Sana,h7,2026-07-23,END (adjusted),Lemon,170,,,,
Paxal & Sana,h7,2026-07-23,END (adjusted),Onion,1170,,,,
Paxal & Sana,h7,2026-07-23,END (adjusted),Paneer,400,,,,
Paxal & Sana,h7,2026-07-23,END (adjusted),Tomato,430,,,,
Paxal & Sana,h7,2026-07-23,END (adjusted),Green chilli,15,,,,
Paxal & Sana,h7,2026-07-23,END (adjusted),Mint,50,,,,
Paxal & Sana,h7,2026-07-23,END (adjusted),Potato,800,,,,
Paxal & Sana,h7,2026-07-23,END (adjusted),Spring onion,100,,,,
Paxal & Sana,h7,2026-07-23,END (adjusted),Curd,200,,,,
Paxal & Sana,h7,2026-07-23,END (adjusted),Tofu,200,,,,
Paxal & Sana,h7,2026-07-23,END (adjusted),Pooja coconut (whole),1,,,,
Paxal & Sana,h7,2026-07-23,END (adjusted),Yuzu kombucha,200,,,,
Paxal & Sana,h7,2026-07-23,END (adjusted),Garam masala,80,,,,
Paxal & Sana,h7,2026-07-23,END (adjusted),White label sugar,1000,,,,
Paxal & Sana,h7,2026-07-23,END (adjusted),Ghee pouch,940,,,,
Paxal & Sana,h7,2026-07-23,END (adjusted),Tata salt,1000,,,,
Paxal & Sana,h7,2026-07-23,END (adjusted),Skimmed milk,4,,,,
Paxal & Sana,h7,2026-07-23,END (adjusted),Skyr,225,,,,
Paxal & Sana,h7,2026-07-23,END (adjusted),Bread,170,,,,
Paxal & Sana,h7,2026-07-23,END (adjusted),Mango kombucha,3,,,,
Paxal & Sana,h7,2026-07-23,END (adjusted),Cheddar cheese block,120,,,,
Paxal & Sana,h7,2026-07-23,END (adjusted),Peri peri ragi chips,1,,,,
Paxal & Sana,h7,2026-07-23,END (adjusted),Green moong sprouts,250,,,,
Shunyam & Ishan - latest,h1b,2026-07-24,24-Jul END (Fri close),Cucumber,100,,,,
Shunyam & Ishan - latest,h1b,2026-07-24,24-Jul END (Fri close),Garlic,300,,,,
Shunyam & Ishan - latest,h1b,2026-07-24,24-Jul END (Fri close),Green chilli,40,,,,
Shunyam & Ishan - latest,h1b,2026-07-24,24-Jul END (Fri close),Butter (Amul),65,,,,
Shunyam & Ishan - latest,h1b,2026-07-24,24-Jul END (Fri close),Curd (Akshayakalpa),400,,,,
Shunyam & Ishan - latest,h1b,2026-07-24,24-Jul END (Fri close),Ghee (Akshayakalpa),0.24,,,,
Shunyam & Ishan - latest,h1b,2026-07-24,24-Jul END (Fri close),Milk,250,,,,
Shunyam & Ishan - latest,h1b,2026-07-24,24-Jul END (Fri close),Eggs,7,,,,
Shunyam & Ishan - latest,h1b,2026-07-24,24-Jul END (Fri close),Carrot,200,,,,
Shunyam & Ishan - latest,h1b,2026-07-24,24-Jul END (Fri close),Curry leaves,2,,,,
Shunyam & Ishan - latest,h1b,2026-07-24,24-Jul END (Fri close),7-in-1 seed mix,85,,,,
Shunyam & Ishan - latest,h1b,2026-07-24,24-Jul END (Fri close),Almonds,85,,,,
Shunyam & Ishan - latest,h1b,2026-07-24,24-Jul END (Fri close),Arrabiata pasta sauce (Veeba),300,,,,
Shunyam & Ishan - latest,h1b,2026-07-24,24-Jul END (Fri close),Cashews,325,,,,
Shunyam & Ishan - latest,h1b,2026-07-24,24-Jul END (Fri close),Chocolate syrup (Hersheys),200,,,,
Shunyam & Ishan - latest,h1b,2026-07-24,24-Jul END (Fri close),Cocoa (Cadbury),1,,,,
Shunyam & Ishan - latest,h1b,2026-07-24,24-Jul END (Fri close),Dark soy sauce,100,,,,
Shunyam & Ishan - latest,h1b,2026-07-24,24-Jul END (Fri close),Frozen green peas (Safal),40,,,,
Shunyam & Ishan - latest,h1b,2026-07-24,24-Jul END (Fri close),Ginger Blossom gut shot,2,,,,
Shunyam & Ishan - latest,h1b,2026-07-24,24-Jul END (Fri close),Green olives (Del Monte),100,,,,
Shunyam & Ishan - latest,h1b,2026-07-24,24-Jul END (Fri close),"Honey (Organic India, multifloral)",1.9,,,,
Shunyam & Ishan - latest,h1b,2026-07-24,24-Jul END (Fri close),Honey / mango jam,1,,,,
Shunyam & Ishan - latest,h1b,2026-07-24,24-Jul END (Fri close),"Hydration/electrolyte (Fast&Up, LiquidIV)",50,,,,
Shunyam & Ishan - latest,h1b,2026-07-24,24-Jul END (Fri close),Multigrain atta,1610,,,,
Shunyam & Ishan - latest,h1b,2026-07-24,24-Jul END (Fri close),Mustard / cooking oil,240,,,,
Shunyam & Ishan - latest,h1b,2026-07-24,24-Jul END (Fri close),Mustard sauce,100,,,,
Shunyam & Ishan - latest,h1b,2026-07-24,24-Jul END (Fri close),Oats (Alpino Super Oats),0.3,,,,
Shunyam & Ishan - latest,h1b,2026-07-24,24-Jul END (Fri close),Olive oil (Borges Extra Virgin),250,,,,
Shunyam & Ishan - latest,h1b,2026-07-24,24-Jul END (Fri close),Pizza/pasta seasoning (Keya oregano),50,,,,
Shunyam & Ishan - latest,h1b,2026-07-24,24-Jul END (Fri close),Rajma (red kidney beans),250,,,,
Shunyam & Ishan - latest,h1b,2026-07-24,24-Jul END (Fri close),Rice (Daawat basmati),100,,,,
Shunyam & Ishan - latest,h1b,2026-07-24,24-Jul END (Fri close),Roasted chana,100,,,,
Shunyam & Ishan - latest,h1b,2026-07-24,24-Jul END (Fri close),Schezwan chutney (Wok),100,,,,
Shunyam & Ishan - latest,h1b,2026-07-24,24-Jul END (Fri close),Soda (Lehar),750,,,,
Shunyam & Ishan - latest,h1b,2026-07-24,24-Jul END (Fri close),"Spices (pav-bhaji, chaat, hing, coriander pwd, black pepper, turmeric)",50,,,,
Shunyam & Ishan - latest,h1b,2026-07-24,24-Jul END (Fri close),Tea (Catch chai + tea bags),1,,,,
Shunyam & Ishan - latest,h1b,2026-07-24,24-Jul END (Fri close),Tomato ketchup,200,,,,
Shunyam & Ishan - latest,h1b,2026-07-24,24-Jul END (Fri close),Veg mayonnaise (Dr Oetker FunFoods),70,,,,
Shunyam & Ishan - latest,h1b,2026-07-24,24-Jul END (Fri close),Vinegar,100,,,,
Shunyam & Ishan - latest,h1b,2026-07-24,24-Jul END (Fri close),Ginger garlic paste,50,,,,
Shunyam & Ishan - latest,h1b,2026-07-24,24-Jul END (Fri close),Coriander powder,40,,,,
Shunyam & Ishan - latest,h1b,2026-07-24,24-Jul END (Fri close),Kombucha,1,,,,
Shunyam & Ishan - latest,h1b,2026-07-24,24-Jul END (Fri close),Urad dal,250,,,,
Shunyam & Ishan - latest,h1b,2026-07-24,24-Jul END (Fri close),Chana dal,250,,,,
Shunyam & Ishan - latest,h1b,2026-07-24,24-Jul END (Fri close),Sugar,440,,,,
Shunyam & Ishan - latest,h1b,2026-07-24,24-Jul END (Fri close),Chaat masala,100,,,,
Shunyam & Ishan - latest,h1b,2026-07-24,24-Jul END (Fri close),White dal (moong),250,,,,
Shunyam & Ishan - latest,h1b,2026-07-24,24-Jul END (Fri close),Nilgiri red rice,1000,,,,
Shunyam & Ishan - latest,h1b,2026-07-24,24-Jul END (Fri close),Aashirvaad atta (2kg),2000,,,,
Shunyam & Ishan - latest,h1b,2026-07-24,24-Jul END (Fri close),Kabuli chana,250,,,,
Shunyam & Ishan - latest,h1b,2026-07-24,24-Jul END (Fri close),Salt,500,,,,
Shunyam & Ishan - latest,h1b,2026-07-24,24-Jul END (Fri close),Brown sugar,250,,,,
Shunyam & Ishan - latest,h1b,2026-07-24,24-Jul END (Fri close),Sriracha sauce,1,,,,
Shunyam & Ishan - latest,h1b,2026-07-24,24-Jul END (Fri close),Bay leaf / dried patta,10,,,,
Shunyam & Ishan - latest,h1b,2026-07-24,24-Jul END (Fri close),Chilli flakes,30,,,,
Shunyam & Ishan - latest,h1b,2026-07-24,24-Jul END (Fri close),Clove (laung),20,,,,
Shunyam & Ishan - latest,h1b,2026-07-24,24-Jul END (Fri close),Poha,550,,,,
Shunyam & Ishan - latest,h1b,2026-07-24,24-Jul END (Fri close),Biryani rice,500,,,,
Shunyam & Ishan - latest,h1b,2026-07-24,24-Jul END (Fri close),Protein atta,500,,,,
Shunyam & Ishan - latest,h1b,2026-07-24,24-Jul END (Fri close),Sabudana,250,,,,
Shunyam & Ishan - latest,h1b,2026-07-24,24-Jul END (Fri close),Organic besan,250,,,,
Shunyam & Ishan - latest,h1b,2026-07-24,24-Jul END (Fri close),Makhana,100,,,,
Shunyam & Ishan - latest,h1b,2026-07-24,24-Jul END (Fri close),Rooh Afza,1,,,,
Shunyam & Ishan - latest,h1b,2026-07-24,24-Jul END (Fri close),Manchurian sauce,1,,,,
Shunyam & Ishan - latest,h1b,2026-07-24,24-Jul END (Fri close),Pav bhaji masala,50,,,,
Shunyam & Ishan - latest,h1b,2026-07-24,24-Jul END (Fri close),Cheese & jalapeno spread,1,,,,
Shunyam & Ishan - latest,h1b,2026-07-24,24-Jul END (Fri close),Chilli powder,100,,,,
Shunyam & Ishan - latest,h1b,2026-07-24,24-Jul END (Fri close),Jeera,187,,,,
Shunyam & Ishan - latest,h1b,2026-07-24,24-Jul END (Fri close),Turmeric powder,92,,,,
Shunyam & Ishan - latest,h1b,2026-07-24,24-Jul END (Fri close),Black til (sesame),50,,,,
Shunyam & Ishan - latest,h1b,2026-07-24,24-Jul END (Fri close),Elaichi (cardamom),20,,,,
Shunyam & Ishan - latest,h1b,2026-07-24,24-Jul END (Fri close),Green tea,1,,,,
Shunyam & Ishan - latest,h1b,2026-07-24,24-Jul END (Fri close),Green raisins,100,,,,
Shunyam & Ishan - latest,h1b,2026-07-24,24-Jul END (Fri close),Black raisins,100,,,,
Shunyam & Ishan - latest,h1b,2026-07-24,24-Jul END (Fri close),Chocolate oats,1,,,,
Shunyam & Ishan - latest,h1b,2026-07-24,24-Jul END (Fri close),Garam masala,50,,,,
Shunyam & Ishan - latest,h1b,2026-07-24,24-Jul END (Fri close),Corn starch,100,,,,
Shunyam & Ishan - latest,h1b,2026-07-24,24-Jul END (Fri close),Frozen peas (unpeeled),250,,,,
Shunyam & Ishan - latest,h1b,2026-07-24,24-Jul END (Fri close),Almond & cashew mix,100,,,,
Shunyam & Ishan - latest,h1b,2026-07-24,24-Jul END (Fri close),Seed mixture,100,,,,
Shunyam & Ishan - latest,h1b,2026-07-24,24-Jul END (Fri close),Mustard oil,750,,,,
Shunyam & Ishan - latest,h1b,2026-07-24,24-Jul END (Fri close),Paprika powder,1,,,,
Shunyam & Ishan - latest,h1b,2026-07-24,24-Jul END (Fri close),Peri peri sauce,1,,,,
Shunyam & Ishan - latest,h1b,2026-07-24,24-Jul END (Fri close),Smoked paprika,52,,,,
Shunyam & Ishan - latest,h1b,2026-07-24,24-Jul END (Fri close),Kasuri methi,20,,,,
Shunyam & Ishan - latest,h1b,2026-07-24,24-Jul END (Fri close),Peanuts,200,,,,
Shunyam & Ishan - latest,h1b,2026-07-24,24-Jul END (Fri close),Wheat pasta,200,,,,
Shunyam & Ishan - latest,h1b,2026-07-24,24-Jul END (Fri close),Multi millet noodles,50,,,,
Shunyam & Ishan - latest,h1b,2026-07-24,24-Jul END (Fri close),Sambar masala powder,200,,,,
Shunyam & Ishan - latest,h1b,2026-07-24,24-Jul END (Fri close),Onion,720,,,,
Shunyam & Ishan - latest,h1b,2026-07-24,24-Jul END (Fri close),Mint,15,,,,
Shunyam & Ishan - latest,h1b,2026-07-24,24-Jul END (Fri close),Lemon,100,,,,
Shunyam & Ishan - latest,h1b,2026-07-24,24-Jul END (Fri close),Potato,700,,,,
Shunyam & Ishan - latest,h1b,2026-07-24,24-Jul END (Fri close),Feta cheese (Delecta),50,,,,
Shunyam & Ishan - latest,h1b,2026-07-24,24-Jul END (Fri close),Saffron,1,,,,
Shunyam & Ishan - latest,h1b,2026-07-24,24-Jul END (Fri close),Cinnamon,8,,,,
Shunyam & Ishan - latest,h1b,2026-07-24,24-Jul END (Fri close),Vermicelli,50,,,,
Shunyam & Ishan - latest,h1b,2026-07-24,24-Jul END (Fri close),Basmati rice,300,,,,
Shunyam & Ishan - latest,h1b,2026-07-24,24-Jul END (Fri close),Coriander,15,,,,
Shunyam & Ishan - latest,h1b,2026-07-24,24-Jul END (Fri close),Ginger,90,,,,
Shunyam & Ishan - latest,h1b,2026-07-24,24-Jul END (Fri close),Green kiwi,3,,,,
Kartik & Dhara,h4,2026-07-24,24-Jul END (Fri close),Garlic,292,,,,
Kartik & Dhara,h4,2026-07-24,24-Jul END (Fri close),Ginger,387,,,,
Kartik & Dhara,h4,2026-07-24,24-Jul END (Fri close),Green chilli,92,,,,
Kartik & Dhara,h4,2026-07-24,24-Jul END (Fri close),Onion,2020,,,,
Kartik & Dhara,h4,2026-07-24,24-Jul END (Fri close),Potato,350,,,,
Kartik & Dhara,h4,2026-07-24,24-Jul END (Fri close),Tender coconut (chopped),1,,,,
Kartik & Dhara,h4,2026-07-24,24-Jul END (Fri close),Tomato,940,,,,
Kartik & Dhara,h4,2026-07-24,24-Jul END (Fri close),Buttermilk,2,,,,
Kartik & Dhara,h4,2026-07-24,24-Jul END (Fri close),Baby corn,60,,,,
Kartik & Dhara,h4,2026-07-24,24-Jul END (Fri close),Brinjal,400,,,,
Kartik & Dhara,h4,2026-07-24,24-Jul END (Fri close),Carrot,140,,,,
Kartik & Dhara,h4,2026-07-24,24-Jul END (Fri close),Cucumber,200,,,,
Kartik & Dhara,h4,2026-07-24,24-Jul END (Fri close),Curry leaves,40,,,,
Kartik & Dhara,h4,2026-07-24,24-Jul END (Fri close),Lemon,150,,,,
Kartik & Dhara,h4,2026-07-24,24-Jul END (Fri close),Pooja coconut (whole),0.9,,,,
Kartik & Dhara,h4,2026-07-24,24-Jul END (Fri close),Salt (Tata),1000,,,,
Kartik & Dhara,h4,2026-07-24,24-Jul END (Fri close),Eggs,5,,,,
Kartik & Dhara,h4,2026-07-24,24-Jul END (Fri close),Rice (Bhoomi Farms),500,,,,
Kartik & Dhara,h4,2026-07-24,24-Jul END (Fri close),Whole wheat spaghetti (yu),300,,,,
Kartik & Dhara,h4,2026-07-24,24-Jul END (Fri close),Whole wheat atta noodles (yu),220,,,,
Kartik & Dhara,h4,2026-07-24,24-Jul END (Fri close),Farfalle whole wheat (Dolce Vita),500,,,,
Kartik & Dhara,h4,2026-07-24,24-Jul END (Fri close),Frozen peas,0.3,,,,
Kartik & Dhara,h4,2026-07-24,24-Jul END (Fri close),Lady's finger (okra),75,,,,
Kartik & Dhara,h4,2026-07-24,24-Jul END (Fri close),Mustard oil,975,,,,
Kartik & Dhara,h4,2026-07-24,24-Jul END (Fri close),Peanut butter,310,,,,
Kartik & Dhara,h4,2026-07-24,24-Jul END (Fri close),Frozen puff pastry,1,,,,
Kartik & Dhara,h4,2026-07-24,24-Jul END (Fri close),Kaara Pura butter murukku,100,,,,
Kartik & Dhara,h4,2026-07-24,24-Jul END (Fri close),Krishi Veda Byadgi whole chilli,100,,,,
Kartik & Dhara,h4,2026-07-24,24-Jul END (Fri close),Fruit Treat bhindi chips,40,,,,
Kartik & Dhara,h4,2026-07-24,24-Jul END (Fri close),The Healthy Binge millet baked chips,40,,,,
Kartik & Dhara,h4,2026-07-24,24-Jul END (Fri close),Nilgiris sonamasoori raw rice,1000,,,,
Kartik & Dhara,h4,2026-07-24,24-Jul END (Fri close),Gardenia Idukki green cardamom,40,,,,
Kartik & Dhara,h4,2026-07-24,24-Jul END (Fri close),Troovy healthy protein puffs,40,,,,
Kartik & Dhara,h4,2026-07-24,24-Jul END (Fri close),Arhar/Toor dal,500,,,,
Kartik & Dhara,h4,2026-07-24,24-Jul END (Fri close),Chana dal,380,,,,
Kartik & Dhara,h4,2026-07-24,24-Jul END (Fri close),Millet noodles,200,,,,
Kartik & Dhara,h4,2026-07-24,24-Jul END (Fri close),Coriander seeds,97,,,,
Kartik & Dhara,h4,2026-07-24,24-Jul END (Fri close),Emmer wheat,1000,,,,
Kartik & Dhara,h4,2026-07-24,24-Jul END (Fri close),Urad dal,500,,,,
Kartik & Dhara,h4,2026-07-24,24-Jul END (Fri close),Butter,240,,,,
Kartik & Dhara,h4,2026-07-24,24-Jul END (Fri close),Rajma,300,,,,
Kartik & Dhara,h4,2026-07-24,24-Jul END (Fri close),Milk,1,,,,
Kartik & Dhara,h4,2026-07-24,24-Jul END (Fri close),Quinoa,335,,,,
Kartik & Dhara,h4,2026-07-24,24-Jul END (Fri close),Green moong,250,,,,
Kartik & Dhara,h4,2026-07-24,24-Jul END (Fri close),Fennel seeds,50,,,,
Kartik & Dhara,h4,2026-07-24,24-Jul END (Fri close),Seekh kebab (frozen),200,,,,
Kartik & Dhara,h4,2026-07-24,24-Jul END (Fri close),Chicken breast,300,,,,
Kartik & Dhara,h4,2026-07-24,24-Jul END (Fri close),Bottle gourd,50,,,,
Kartik & Dhara,h4,2026-07-24,24-Jul END (Fri close),Biryani masala powder,120,,,,
Kartik & Dhara,h4,2026-07-24,24-Jul END (Fri close),Chia seeds,250,,,,
Kartik & Dhara,h4,2026-07-24,24-Jul END (Fri close),Shirataki noodles,270,,,,
Kartik & Dhara,h4,2026-07-24,24-Jul END (Fri close),Mustard seeds,97,,,,
Kartik & Dhara,h4,2026-07-24,24-Jul END (Fri close),Figaro olive oil,1000,,,,
Kartik & Dhara,h4,2026-07-24,24-Jul END (Fri close),Black sesame oil,300,,,,
Kartik & Dhara,h4,2026-07-24,24-Jul END (Fri close),Groundnut oil,370,,,,
Kartik & Dhara,h4,2026-07-24,24-Jul END (Fri close),Matcha green tea,30,,,,
Kartik & Dhara,h4,2026-07-24,24-Jul END (Fri close),Amaranth leaves,150,,,,
Kartik & Dhara,h4,2026-07-24,24-Jul END (Fri close),Coriander,75,,,,
Paxal & Sana,h7,2026-07-24,24-Jul END (Fri close),Carrot,365,,,,
Paxal & Sana,h7,2026-07-24,24-Jul END (Fri close),Cucumber,200,,,,
Paxal & Sana,h7,2026-07-24,24-Jul END (Fri close),Garlic,390,,,,
Paxal & Sana,h7,2026-07-24,24-Jul END (Fri close),Ginger,25,,,,
Paxal & Sana,h7,2026-07-24,24-Jul END (Fri close),Green capsicum,150,,,,
Paxal & Sana,h7,2026-07-24,24-Jul END (Fri close),Lemon,170,,,,
Paxal & Sana,h7,2026-07-24,24-Jul END (Fri close),Onion,1010,,,,
Paxal & Sana,h7,2026-07-24,24-Jul END (Fri close),Paneer,120,,,,
Paxal & Sana,h7,2026-07-24,24-Jul END (Fri close),Tomato,370,,,,
Paxal & Sana,h7,2026-07-24,24-Jul END (Fri close),Green chilli,5,,,,
Paxal & Sana,h7,2026-07-24,24-Jul END (Fri close),Mint,50,,,,
Paxal & Sana,h7,2026-07-24,24-Jul END (Fri close),Potato,800,,,,
Paxal & Sana,h7,2026-07-24,24-Jul END (Fri close),Spring onion,70,,,,
Paxal & Sana,h7,2026-07-24,24-Jul END (Fri close),Curd,150,,,,
Paxal & Sana,h7,2026-07-24,24-Jul END (Fri close),Tofu,200,,,,
Paxal & Sana,h7,2026-07-24,24-Jul END (Fri close),Pooja coconut (whole),1,,,,
Paxal & Sana,h7,2026-07-24,24-Jul END (Fri close),Yuzu kombucha,200,,,,
Paxal & Sana,h7,2026-07-24,24-Jul END (Fri close),Garam masala,80,,,,
Paxal & Sana,h7,2026-07-24,24-Jul END (Fri close),White label sugar,1000,,,,
Paxal & Sana,h7,2026-07-24,24-Jul END (Fri close),Ghee pouch,930,,,,
Paxal & Sana,h7,2026-07-24,24-Jul END (Fri close),Tata salt,1000,,,,
Paxal & Sana,h7,2026-07-24,24-Jul END (Fri close),Skimmed milk,4,,,,
Paxal & Sana,h7,2026-07-24,24-Jul END (Fri close),Skyr,225,,,,
Paxal & Sana,h7,2026-07-24,24-Jul END (Fri close),Bread,170,,,,
Paxal & Sana,h7,2026-07-24,24-Jul END (Fri close),Mango kombucha,3,,,,
Paxal & Sana,h7,2026-07-24,24-Jul END (Fri close),Cheddar cheese block,120,,,,
Paxal & Sana,h7,2026-07-24,24-Jul END (Fri close),Peri peri ragi chips,1,,,,
Paxal & Sana,h7,2026-07-24,24-Jul END (Fri close),Green moong sprouts,100,,,,
Soozy & Munz,h2,2026-07-24,24-Jul END (Fri close),Cabbage,273,,,,
Soozy & Munz,h2,2026-07-24,24-Jul END (Fri close),Carrot,581,,,,
Soozy & Munz,h2,2026-07-24,24-Jul END (Fri close),Coriander (dhania),15,,,,
Soozy & Munz,h2,2026-07-24,24-Jul END (Fri close),Cucumber,546,,,,
Soozy & Munz,h2,2026-07-24,24-Jul END (Fri close),Green beans,336,,,,
Soozy & Munz,h2,2026-07-24,24-Jul END (Fri close),Green capsicum,352,,,,
Soozy & Munz,h2,2026-07-24,24-Jul END (Fri close),Red Label tea,0.5,,,,
Soozy & Munz,h2,2026-07-24,24-Jul END (Fri close),Honey (Apis multifloral),480,,,,
Soozy & Munz,h2,2026-07-24,24-Jul END (Fri close),Jalapeno peppers (Cornitos),1,,,,
Soozy & Munz,h2,2026-07-24,24-Jul END (Fri close),Kala chana,315,,,,
Soozy & Munz,h2,2026-07-24,24-Jul END (Fri close),Rajma,281,,,,
Soozy & Munz,h2,2026-07-24,24-Jul END (Fri close),Eggs,21,,,,
Soozy & Munz,h2,2026-07-24,24-Jul END (Fri close),Brown rice (jar),380,,,,
Soozy & Munz,h2,2026-07-24,24-Jul END (Fri close),Sooji/rava (Aashirvaad),1,,,,
Soozy & Munz,h2,2026-07-24,24-Jul END (Fri close),Chilli flakes,1,,,,
Soozy & Munz,h2,2026-07-24,24-Jul END (Fri close),Oregano,1,,,,
Soozy & Munz,h2,2026-07-24,24-Jul END (Fri close),Digestive biscuits,1,,,,
Soozy & Munz,h2,2026-07-24,24-Jul END (Fri close),Chicken masala,1,,,,
Soozy & Munz,h2,2026-07-24,24-Jul END (Fri close),Basil,50,,,,
Soozy & Munz,h2,2026-07-24,24-Jul END (Fri close),Broccoli,1131,,,,
Soozy & Munz,h2,2026-07-24,24-Jul END (Fri close),Curry leaves,178,,,,
Soozy & Munz,h2,2026-07-24,24-Jul END (Fri close),Garlic,220,,,,
Soozy & Munz,h2,2026-07-24,24-Jul END (Fri close),Ginger,340,,,,
Soozy & Munz,h2,2026-07-24,24-Jul END (Fri close),Green chilli,137,,,,
Soozy & Munz,h2,2026-07-24,24-Jul END (Fri close),Lemon,270,,,,
Soozy & Munz,h2,2026-07-24,24-Jul END (Fri close),Mint,73,,,,
Soozy & Munz,h2,2026-07-24,24-Jul END (Fri close),Tomato,567,,,,
Soozy & Munz,h2,2026-07-24,24-Jul END (Fri close),Cow milk (fresh),800,,,,
Soozy & Munz,h2,2026-07-24,24-Jul END (Fri close),Greek yogurt (Akshayakalpa plain),2,,,,
Soozy & Munz,h2,2026-07-24,24-Jul END (Fri close),Paneer,200,,,,
Soozy & Munz,h2,2026-07-24,24-Jul END (Fri close),Baby corn,100,,,,
Soozy & Munz,h2,2026-07-24,24-Jul END (Fri close),Banana,300,,,,
Soozy & Munz,h2,2026-07-24,24-Jul END (Fri close),Potato,1050,,,,
Soozy & Munz,h2,2026-07-24,24-Jul END (Fri close),Watermelon (cut),2000,,,,
Soozy & Munz,h2,2026-07-24,24-Jul END (Fri close),Avocado,70,,,,
Soozy & Munz,h2,2026-07-24,24-Jul END (Fri close),Almonds,275,,,,
Soozy & Munz,h2,2026-07-24,24-Jul END (Fri close),Chicken breast (Licious),588,,,,
Soozy & Munz,h2,2026-07-24,24-Jul END (Fri close),Hummus (NOICE Lebanese),140,,,,
Soozy & Munz,h2,2026-07-24,24-Jul END (Fri close),Idli/dosa batter,750,,,,
Soozy & Munz,h2,2026-07-24,24-Jul END (Fri close),Sheba cat food (salmon),1,,,,
Soozy & Munz,h2,2026-07-24,24-Jul END (Fri close),Vinegar,200,,,,
Soozy & Munz,h2,2026-07-24,24-Jul END (Fri close),Coconut chunks,50,,,,
Soozy & Munz,h2,2026-07-24,24-Jul END (Fri close),Rolled oats,550,,,,
Soozy & Munz,h2,2026-07-24,24-Jul END (Fri close),Rava idli mix (MTR),1,,,,
Soozy & Munz,h2,2026-07-24,24-Jul END (Fri close),Fennel seeds,270,,,,
Soozy & Munz,h2,2026-07-24,24-Jul END (Fri close),Jeera,190,,,,
Soozy & Munz,h2,2026-07-24,24-Jul END (Fri close),Black pepper (whole),1,,,,
Soozy & Munz,h2,2026-07-24,24-Jul END (Fri close),Chana dal,655,,,,
Soozy & Munz,h2,2026-07-24,24-Jul END (Fri close),Coconut oil,0.18,,,,
Soozy & Munz,h2,2026-07-24,24-Jul END (Fri close),Brown sugar,550,,,,
Soozy & Munz,h2,2026-07-24,24-Jul END (Fri close),Walnuts,230,,,,
Soozy & Munz,h2,2026-07-24,24-Jul END (Fri close),Gulab jamun mix,1,,,,
Soozy & Munz,h2,2026-07-24,24-Jul END (Fri close),Chia seeds,340,,,,
Soozy & Munz,h2,2026-07-24,24-Jul END (Fri close),Thai green paste,1,,,,
Soozy & Munz,h2,2026-07-24,24-Jul END (Fri close),Chilli powder,216,,,,
Soozy & Munz,h2,2026-07-24,24-Jul END (Fri close),Sugar,350,,,,
Soozy & Munz,h2,2026-07-24,24-Jul END (Fri close),Maggi,1,,,,
Soozy & Munz,h2,2026-07-24,24-Jul END (Fri close),Nutri Choice crackers,75,,,,
Soozy & Munz,h2,2026-07-24,24-Jul END (Fri close),Boiled rice,1400,,,,
Soozy & Munz,h2,2026-07-24,24-Jul END (Fri close),Sona masoori rice,200,,,,
Soozy & Munz,h2,2026-07-24,24-Jul END (Fri close),Indrayani rice,520,,,,
Soozy & Munz,h2,2026-07-24,24-Jul END (Fri close),Iceberg lettuce,100,,,,
Soozy & Munz,h2,2026-07-24,24-Jul END (Fri close),Sun-dried tomatoes,1,,,,
Soozy & Munz,h2,2026-07-24,24-Jul END (Fri close),Umami paste,1,,,,
Soozy & Munz,h2,2026-07-24,24-Jul END (Fri close),Mustard sauce,300,,,,
Soozy & Munz,h2,2026-07-24,24-Jul END (Fri close),Tabasco,1,,,,
Soozy & Munz,h2,2026-07-24,24-Jul END (Fri close),Chilli oil,1,,,,
Soozy & Munz,h2,2026-07-24,24-Jul END (Fri close),Red Bull energy drink,2,,,,
Soozy & Munz,h2,2026-07-24,24-Jul END (Fri close),Origami toilet tissue,1,,,,
Soozy & Munz,h2,2026-07-24,24-Jul END (Fri close),Broken cashew,100,,,,
Soozy & Munz,h2,2026-07-24,24-Jul END (Fri close),Apple cider vinegar,490,,,,
Soozy & Munz,h2,2026-07-24,24-Jul END (Fri close),White tahini paste,410,,,,
Soozy & Munz,h2,2026-07-24,24-Jul END (Fri close),Cherry tomato,423,,,,
Soozy & Munz,h2,2026-07-24,24-Jul END (Fri close),Whole wheat bread,7,,,,
Soozy & Munz,h2,2026-07-24,24-Jul END (Fri close),Apple,2,,,,
Soozy & Munz,h2,2026-07-24,24-Jul END (Fri close),Garlic peeled,86,,,,
Soozy & Munz,h2,2026-07-24,24-Jul END (Fri close),Butter (Milky Mist),5,,,,
Soozy & Munz,h2,2026-07-24,24-Jul END (Fri close),Frozen green peas,500,,,,
Soozy & Munz,h2,2026-07-24,24-Jul END (Fri close),Walnut raisin sourdough,290,,,,
Soozy & Munz,h2,2026-07-24,24-Jul END (Fri close),Frozen sweet corn,140,,,,
Soozy & Munz,h2,2026-07-24,24-Jul END (Fri close),Sweet potato,150,,,,
Soozy & Munz,h2,2026-07-24,24-Jul END (Fri close),Bisleri water 1L,17,,,,
Soozy & Munz,h2,2026-07-24,24-Jul END (Fri close),Greek yogurt (bulk),700,,,,
Soozy & Munz,h2,2026-07-24,24-Jul END (Fri close),Mooz feta,100,,,,
Soozy & Munz,h2,2026-07-24,24-Jul END (Fri close),Coconut milk (unsweetened),50,,,,
Disha & Anirudh,h3,2026-07-24,24-Jul END (Fri close),Orange,400,,,,
Disha & Anirudh,h3,2026-07-24,24-Jul END (Fri close),Apple,1,,,,
Disha & Anirudh,h3,2026-07-24,24-Jul END (Fri close),Kiwi,2,,,,
Disha & Anirudh,h3,2026-07-24,24-Jul END (Fri close),Banana,2,,,,
Disha & Anirudh,h3,2026-07-24,24-Jul END (Fri close),Tomato,3,,,,
Disha & Anirudh,h3,2026-07-24,24-Jul END (Fri close),Onion,1400,,,,
Disha & Anirudh,h3,2026-07-24,24-Jul END (Fri close),Lemon,3,,,,
Disha & Anirudh,h3,2026-07-24,24-Jul END (Fri close),Green chilli,48,,,,
Disha & Anirudh,h3,2026-07-24,24-Jul END (Fri close),Curry leaves,26,,,,
Disha & Anirudh,h3,2026-07-24,24-Jul END (Fri close),Chopped coriander,55,,,,
Disha & Anirudh,h3,2026-07-24,24-Jul END (Fri close),Zucchini,2,,,,
Disha & Anirudh,h3,2026-07-24,24-Jul END (Fri close),Green capsicum,1.5,,,,
Disha & Anirudh,h3,2026-07-24,24-Jul END (Fri close),Yellow capsicum,0.5,,,,
Disha & Anirudh,h3,2026-07-24,24-Jul END (Fri close),Cabbage,264,,,,
Disha & Anirudh,h3,2026-07-24,24-Jul END (Fri close),Lettuce,39,,,,
Disha & Anirudh,h3,2026-07-24,24-Jul END (Fri close),Iceberg lettuce,123,,,,
Disha & Anirudh,h3,2026-07-24,24-Jul END (Fri close),Lemongrass,47,,,,
Disha & Anirudh,h3,2026-07-24,24-Jul END (Fri close),Spring onion,285,,,,
Disha & Anirudh,h3,2026-07-24,24-Jul END (Fri close),Thai basil leaves,38,,,,
Disha & Anirudh,h3,2026-07-24,24-Jul END (Fri close),Cherries,0.7,,,,
Disha & Anirudh,h3,2026-07-24,24-Jul END (Fri close),Plums,250,,,,
Disha & Anirudh,h3,2026-07-24,24-Jul END (Fri close),Premium blueberries,1,,,,
Disha & Anirudh,h3,2026-07-24,24-Jul END (Fri close),Curd,950,,,,
Disha & Anirudh,h3,2026-07-24,24-Jul END (Fri close),Hung curd,350,,,,
Disha & Anirudh,h3,2026-07-24,24-Jul END (Fri close),Greek yogurt (Milky Mist),1.7,,,,
Disha & Anirudh,h3,2026-07-24,24-Jul END (Fri close),Delicata dairy cream,0.3,,,,
Disha & Anirudh,h3,2026-07-24,24-Jul END (Fri close),Coconut cream,1,,,,
Disha & Anirudh,h3,2026-07-24,24-Jul END (Fri close),Coconut milk,0.75,,,,
Disha & Anirudh,h3,2026-07-24,24-Jul END (Fri close),Lactose-free Amul milk,3.6,,,,
Disha & Anirudh,h3,2026-07-24,24-Jul END (Fri close),Feta cheese,1,,,,
Disha & Anirudh,h3,2026-07-24,24-Jul END (Fri close),Cheese slices,1,,,,
Disha & Anirudh,h3,2026-07-24,24-Jul END (Fri close),Butter,0.5,,,,
Disha & Anirudh,h3,2026-07-24,24-Jul END (Fri close),Eggs,7,,,,
Disha & Anirudh,h3,2026-07-24,24-Jul END (Fri close),Zero maida protein bread,1,,,,
Disha & Anirudh,h3,2026-07-24,24-Jul END (Fri close),Protein powder (A),385,,,,
Disha & Anirudh,h3,2026-07-24,24-Jul END (Fri close),Protein powder (B),214,,,,
Disha & Anirudh,h3,2026-07-24,24-Jul END (Fri close),Whey concentrate,1,,,,
Disha & Anirudh,h3,2026-07-24,24-Jul END (Fri close),Creatine monohydrate,115,,,,
Disha & Anirudh,h3,2026-07-24,24-Jul END (Fri close),Whole Truth chocolate,688,,,,
Disha & Anirudh,h3,2026-07-24,24-Jul END (Fri close),Yoga Bar health mix,474,,,,
Disha & Anirudh,h3,2026-07-24,24-Jul END (Fri close),Happa cereals,1,,,,
Disha & Anirudh,h3,2026-07-24,24-Jul END (Fri close),Nutritional cereal,1,,,,
Disha & Anirudh,h3,2026-07-24,24-Jul END (Fri close),Dry dates powder,1,,,,
Disha & Anirudh,h3,2026-07-24,24-Jul END (Fri close),Happa fruit melts,2,,,,
Disha & Anirudh,h3,2026-07-24,24-Jul END (Fri close),Strawberry cake drink,3,,,,
Disha & Anirudh,h3,2026-07-24,24-Jul END (Fri close),Mixed fruit drink,1,,,,
Disha & Anirudh,h3,2026-07-24,24-Jul END (Fri close),Mixed seeds,413,,,,
Disha & Anirudh,h3,2026-07-24,24-Jul END (Fri close),Cashews,435,,,,
Disha & Anirudh,h3,2026-07-24,24-Jul END (Fri close),Almonds,200,,,,
Disha & Anirudh,h3,2026-07-24,24-Jul END (Fri close),Peanuts,231,,,,
Disha & Anirudh,h3,2026-07-24,24-Jul END (Fri close),Spicy peanuts,126,,,,
Disha & Anirudh,h3,2026-07-24,24-Jul END (Fri close),Sweet peanuts,144,,,,
Disha & Anirudh,h3,2026-07-24,24-Jul END (Fri close),White sesame seeds (A),200,,,,
Disha & Anirudh,h3,2026-07-24,24-Jul END (Fri close),White sesame seeds (B),1,,,,
Disha & Anirudh,h3,2026-07-24,24-Jul END (Fri close),Black sesame seeds,1,,,,
Disha & Anirudh,h3,2026-07-24,24-Jul END (Fri close),White chia seeds,1,,,,
Disha & Anirudh,h3,2026-07-24,24-Jul END (Fri close),Flax seed masala,1,,,,
Disha & Anirudh,h3,2026-07-24,24-Jul END (Fri close),Organic sesame cooking oil,1,,,,
Disha & Anirudh,h3,2026-07-24,24-Jul END (Fri close),Extra virgin olive oil,2,,,,
Disha & Anirudh,h3,2026-07-24,24-Jul END (Fri close),Rice bran oil (A),0.75,,,,
Disha & Anirudh,h3,2026-07-24,24-Jul END (Fri close),Rice bran oil (B),1,,,,
Disha & Anirudh,h3,2026-07-24,24-Jul END (Fri close),Peanut oil,0.4,,,,
Disha & Anirudh,h3,2026-07-24,24-Jul END (Fri close),Mustard oil,0.5,,,,
Disha & Anirudh,h3,2026-07-24,24-Jul END (Fri close),Pure ghee,1000,,,,
Disha & Anirudh,h3,2026-07-24,24-Jul END (Fri close),A2 cow ghee,1,,,,
Disha & Anirudh,h3,2026-07-24,24-Jul END (Fri close),Parachute coconut oil,1,,,,
Disha & Anirudh,h3,2026-07-24,24-Jul END (Fri close),Toasted sesame oil,0.5,,,,
Disha & Anirudh,h3,2026-07-24,24-Jul END (Fri close),Brown sugar,499,,,,
Disha & Anirudh,h3,2026-07-24,24-Jul END (Fri close),Sugar (A),500,,,,
Disha & Anirudh,h3,2026-07-24,24-Jul END (Fri close),Sugar (B),0.5,,,,
Disha & Anirudh,h3,2026-07-24,24-Jul END (Fri close),Dates,473,,,,
Disha & Anirudh,h3,2026-07-24,24-Jul END (Fri close),Psyllium husk,128,,,,
Disha & Anirudh,h3,2026-07-24,24-Jul END (Fri close),Isabgol,242,,,,
Disha & Anirudh,h3,2026-07-24,24-Jul END (Fri close),Pink salt (A),50,,,,
Disha & Anirudh,h3,2026-07-24,24-Jul END (Fri close),Pink salt (B),700,,,,
Disha & Anirudh,h3,2026-07-24,24-Jul END (Fri close),Sea salt,1,,,,
Disha & Anirudh,h3,2026-07-24,24-Jul END (Fri close),Salt,1000,,,,
Disha & Anirudh,h3,2026-07-24,24-Jul END (Fri close),Himalayan kala namak,0.5,,,,
Disha & Anirudh,h3,2026-07-24,24-Jul END (Fri close),Honey,1,,,,
Disha & Anirudh,h3,2026-07-24,24-Jul END (Fri close),Quinoa,100,,,,
Disha & Anirudh,h3,2026-07-24,24-Jul END (Fri close),Poha,300,,,,
Disha & Anirudh,h3,2026-07-24,24-Jul END (Fri close),Corn flour,100,,,,
Disha & Anirudh,h3,2026-07-24,24-Jul END (Fri close),Besan,215,,,,
Disha & Anirudh,h3,2026-07-24,24-Jul END (Fri close),Suji,200,,,,
Disha & Anirudh,h3,2026-07-24,24-Jul END (Fri close),Roasted suji,296,,,,
Disha & Anirudh,h3,2026-07-24,24-Jul END (Fri close),Breadcrumbs,70,,,,
Disha & Anirudh,h3,2026-07-24,24-Jul END (Fri close),Ragi flour,1,,,,
Disha & Anirudh,h3,2026-07-24,24-Jul END (Fri close),Atta,10000,,,,
Disha & Anirudh,h3,2026-07-24,24-Jul END (Fri close),Brown rice,300,,,,
Disha & Anirudh,h3,2026-07-24,24-Jul END (Fri close),Sona rice,400,,,,
Disha & Anirudh,h3,2026-07-24,24-Jul END (Fri close),Sona masoori raw rice (A),535,,,,
Disha & Anirudh,h3,2026-07-24,24-Jul END (Fri close),Sona masoori raw rice (B),1,,,,
Disha & Anirudh,h3,2026-07-24,24-Jul END (Fri close),Whole sabudana,1,,,,
Disha & Anirudh,h3,2026-07-24,24-Jul END (Fri close),Yellow moong dal,150,,,,
Disha & Anirudh,h3,2026-07-24,24-Jul END (Fri close),Yellow split moong dal,250,,,,
Disha & Anirudh,h3,2026-07-24,24-Jul END (Fri close),Split moong dal,250,,,,
Disha & Anirudh,h3,2026-07-24,24-Jul END (Fri close),Whole moong,300,,,,
Disha & Anirudh,h3,2026-07-24,24-Jul END (Fri close),Organic whole moong,1,,,,
Disha & Anirudh,h3,2026-07-24,24-Jul END (Fri close),Unpolished moong dal,375,,,,
Disha & Anirudh,h3,2026-07-24,24-Jul END (Fri close),Moong dal (A),200,,,,
Disha & Anirudh,h3,2026-07-24,24-Jul END (Fri close),Moong dal (B),500,,,,
Disha & Anirudh,h3,2026-07-24,24-Jul END (Fri close),Masoor dal (A),100,,,,
Disha & Anirudh,h3,2026-07-24,24-Jul END (Fri close),Masoor dal (B),1,,,,
Disha & Anirudh,h3,2026-07-24,24-Jul END (Fri close),Chana dal (A),90,,,,
Disha & Anirudh,h3,2026-07-24,24-Jul END (Fri close),Chana dal (B),258,,,,
Disha & Anirudh,h3,2026-07-24,24-Jul END (Fri close),Chana dal (C),528,,,,
Disha & Anirudh,h3,2026-07-24,24-Jul END (Fri close),Chana,200,,,,
Disha & Anirudh,h3,2026-07-24,24-Jul END (Fri close),Toor dal,200,,,,
Disha & Anirudh,h3,2026-07-24,24-Jul END (Fri close),Arhar dal (A),500,,,,
Disha & Anirudh,h3,2026-07-24,24-Jul END (Fri close),Arhar dal (B),1,,,,
Disha & Anirudh,h3,2026-07-24,24-Jul END (Fri close),Taj Mahal tea,1,,,,
Disha & Anirudh,h3,2026-07-24,24-Jul END (Fri close),Twinings English breakfast tea,1,,,,
Disha & Anirudh,h3,2026-07-24,24-Jul END (Fri close),Tea leaves,150,,,,
Disha & Anirudh,h3,2026-07-24,24-Jul END (Fri close),Tea powder,0.5,,,,
Disha & Anirudh,h3,2026-07-24,24-Jul END (Fri close),Brew coffee,1,,,,
Disha & Anirudh,h3,2026-07-24,24-Jul END (Fri close),Black pepper (A),1,,,,
Disha & Anirudh,h3,2026-07-24,24-Jul END (Fri close),Black pepper (B),0.5,,,,
Disha & Anirudh,h3,2026-07-24,24-Jul END (Fri close),Pepper powder,122,,,,
Disha & Anirudh,h3,2026-07-24,24-Jul END (Fri close),Red chilli,262,,,,
Disha & Anirudh,h3,2026-07-24,24-Jul END (Fri close),Red chilli powder,100,,,,
Disha & Anirudh,h3,2026-07-24,24-Jul END (Fri close),Dried red chilli,58,,,,
Disha & Anirudh,h3,2026-07-24,24-Jul END (Fri close),Kashmiri chilli powder,1,,,,
Disha & Anirudh,h3,2026-07-24,24-Jul END (Fri close),Pure Guntur chilli,1,,,,
Disha & Anirudh,h3,2026-07-24,24-Jul END (Fri close),Shankar tikali chilli powder,1,,,,
Disha & Anirudh,h3,2026-07-24,24-Jul END (Fri close),Haldi powder,348,,,,
Disha & Anirudh,h3,2026-07-24,24-Jul END (Fri close),Haldi,245,,,,
Disha & Anirudh,h3,2026-07-24,24-Jul END (Fri close),Turmeric,1,,,,
Disha & Anirudh,h3,2026-07-24,24-Jul END (Fri close),Jeera seeds,108,,,,
Disha & Anirudh,h3,2026-07-24,24-Jul END (Fri close),Jeera (A),0.5,,,,
Disha & Anirudh,h3,2026-07-24,24-Jul END (Fri close),Jeera (B),1,,,,
Disha & Anirudh,h3,2026-07-24,24-Jul END (Fri close),Jeera powder (A),68,,,,
Disha & Anirudh,h3,2026-07-24,24-Jul END (Fri close),Jeera powder (B),432,,,,
Disha & Anirudh,h3,2026-07-24,24-Jul END (Fri close),Dhaniya seeds,150,,,,
Disha & Anirudh,h3,2026-07-24,24-Jul END (Fri close),Dhaniya powder,0.25,,,,
Disha & Anirudh,h3,2026-07-24,24-Jul END (Fri close),Sambar powder,200,,,,
Disha & Anirudh,h3,2026-07-24,24-Jul END (Fri close),Kora sambar,135,,,,
Disha & Anirudh,h3,2026-07-24,24-Jul END (Fri close),Jeera aloo masala,197,,,,
Disha & Anirudh,h3,2026-07-24,24-Jul END (Fri close),Maharashtrian masala,187,,,,
Disha & Anirudh,h3,2026-07-24,24-Jul END (Fri close),Tadka mix,50,,,,
Disha & Anirudh,h3,2026-07-24,24-Jul END (Fri close),Kasuri methi,1,,,,
Disha & Anirudh,h3,2026-07-24,24-Jul END (Fri close),Hari methi,100,,,,
Disha & Anirudh,h3,2026-07-24,24-Jul END (Fri close),Imli,300,,,,
Disha & Anirudh,h3,2026-07-24,24-Jul END (Fri close),Mustard seeds,1,,,,
Disha & Anirudh,h3,2026-07-24,24-Jul END (Fri close),Organic cumin seeds,1,,,,
Disha & Anirudh,h3,2026-07-24,24-Jul END (Fri close),Hing,1,,,,
Disha & Anirudh,h3,2026-07-24,24-Jul END (Fri close),Chaat masala,1,,,,
Disha & Anirudh,h3,2026-07-24,24-Jul END (Fri close),Baking powder,1,,,,
Disha & Anirudh,h3,2026-07-24,24-Jul END (Fri close),Baking soda,1,,,,
Disha & Anirudh,h3,2026-07-24,24-Jul END (Fri close),Dry mango powder,1,,,,
Disha & Anirudh,h3,2026-07-24,24-Jul END (Fri close),Garlic powder,2,,,,
Disha & Anirudh,h3,2026-07-24,24-Jul END (Fri close),Onion powder (A),1,,,,
Disha & Anirudh,h3,2026-07-24,24-Jul END (Fri close),Onion powder (B),1,,,,
Disha & Anirudh,h3,2026-07-24,24-Jul END (Fri close),Cinnamon powder,1,,,,
Disha & Anirudh,h3,2026-07-24,24-Jul END (Fri close),Nutmeg powder,1,,,,
Disha & Anirudh,h3,2026-07-24,24-Jul END (Fri close),Sumac powder,1,,,,
Disha & Anirudh,h3,2026-07-24,24-Jul END (Fri close),Zaatar powder,1,,,,
Disha & Anirudh,h3,2026-07-24,24-Jul END (Fri close),Mushroom seasoning w/ seaweed,1,,,,
Disha & Anirudh,h3,2026-07-24,24-Jul END (Fri close),Pizza oregano spice mix,1,,,,
Disha & Anirudh,h3,2026-07-24,24-Jul END (Fri close),Mixed masalas,1,,,,
Disha & Anirudh,h3,2026-07-24,24-Jul END (Fri close),Cardamom,1,,,,
Disha & Anirudh,h3,2026-07-24,24-Jul END (Fri close),Cloves,1,,,,
Disha & Anirudh,h3,2026-07-24,24-Jul END (Fri close),Star anise,1,,,,
Disha & Anirudh,h3,2026-07-24,24-Jul END (Fri close),Tej patta,1,,,,
Disha & Anirudh,h3,2026-07-24,24-Jul END (Fri close),Gongura pickle,467,,,,
Disha & Anirudh,h3,2026-07-24,24-Jul END (Fri close),Cut mango pickle,1,,,,
Disha & Anirudh,h3,2026-07-24,24-Jul END (Fri close),Mango pickle,1,,,,
Disha & Anirudh,h3,2026-07-24,24-Jul END (Fri close),Onion mixed pickle,200,,,,
Disha & Anirudh,h3,2026-07-24,24-Jul END (Fri close),Ketchup,2,,,,
Disha & Anirudh,h3,2026-07-24,24-Jul END (Fri close),Tomato ketchup sweet & spicy,1,,,,
Disha & Anirudh,h3,2026-07-24,24-Jul END (Fri close),Dark soy sauce,0.5,,,,
Disha & Anirudh,h3,2026-07-24,24-Jul END (Fri close),Chin-Su sauce,1,,,,
Disha & Anirudh,h3,2026-07-24,24-Jul END (Fri close),Synthetic vinegar,1,,,,
Disha & Anirudh,h3,2026-07-24,24-Jul END (Fri close),Balsamic vinegar,0.5,,,,
Disha & Anirudh,h3,2026-07-24,24-Jul END (Fri close),French vinaigrette,0.5,,,,
Disha & Anirudh,h3,2026-07-24,24-Jul END (Fri close),Bengal mustard kasundi,1,,,,
Disha & Anirudh,h3,2026-07-24,24-Jul END (Fri close),Hellmann mayonnaise (A),0.5,,,,
Disha & Anirudh,h3,2026-07-24,24-Jul END (Fri close),Hellmann mayonnaise (B),1,,,,
Disha & Anirudh,h3,2026-07-24,24-Jul END (Fri close),Honey mustard,1,,,,
Disha & Anirudh,h3,2026-07-24,24-Jul END (Fri close),Honey mustard dip,1,,,,
Disha & Anirudh,h3,2026-07-24,24-Jul END (Fri close),Cheese & jalapeno dip,1,,,,
Disha & Anirudh,h3,2026-07-24,24-Jul END (Fri close),Pizza sauce,1,,,,
Disha & Anirudh,h3,2026-07-24,24-Jul END (Fri close),Gochujang,1,,,,
Disha & Anirudh,h3,2026-07-24,24-Jul END (Fri close),Panda oyster sauce,1,,,,
Disha & Anirudh,h3,2026-07-24,24-Jul END (Fri close),Sriracha hot chilli sauce,1,,,,
Disha & Anirudh,h3,2026-07-24,24-Jul END (Fri close),Sriracha green chilli sauce,1,,,,
Disha & Anirudh,h3,2026-07-24,24-Jul END (Fri close),Sriracha chilli sauce,1,,,,
Disha & Anirudh,h3,2026-07-24,24-Jul END (Fri close),Hot sauce,1,,,,
Disha & Anirudh,h3,2026-07-24,24-Jul END (Fri close),Buddha hot sauce,1,,,,
Disha & Anirudh,h3,2026-07-24,24-Jul END (Fri close),Crunchy chilli oil,1,,,,
Disha & Anirudh,h3,2026-07-24,24-Jul END (Fri close),Green olives,1,,,,
Disha & Anirudh,h3,2026-07-24,24-Jul END (Fri close),Cherry pepper feta stuffed,1,,,,
Disha & Anirudh,h3,2026-07-24,24-Jul END (Fri close),Jalapenos,1,,,,
Disha & Anirudh,h3,2026-07-24,24-Jul END (Fri close),Sliced jalapeno peppers,1,,,,
Disha & Anirudh,h3,2026-07-24,24-Jul END (Fri close),German sweet & sour,1,,,,
Disha & Anirudh,h3,2026-07-24,24-Jul END (Fri close),Original kimchi,1,,,,
Disha & Anirudh,h3,2026-07-24,24-Jul END (Fri close),Pomegranate molasses,1,,,,
Disha & Anirudh,h3,2026-07-24,24-Jul END (Fri close),Orchard Lane spreadable fruit,1,,,,
Disha & Anirudh,h3,2026-07-24,24-Jul END (Fri close),Bournvita,1,,,,
Disha & Anirudh,h3,2026-07-24,24-Jul END (Fri close),Sugar-free stevia,1,,,,
Disha & Anirudh,h3,2026-07-24,24-Jul END (Fri close),Everyday sweet sugar replacer,1,,,,
Disha & Anirudh,h3,2026-07-24,24-Jul END (Fri close),Sugar-free,100,,,,
Disha & Anirudh,h3,2026-07-24,24-Jul END (Fri close),M16,1,,,,
Disha & Anirudh,h3,2026-07-24,24-Jul END (Fri close),Noodle packets,1,,,,
Disha & Anirudh,h3,2026-07-24,24-Jul END (Fri close),Red Thai noodles,1,,,,
Disha & Anirudh,h3,2026-07-24,24-Jul END (Fri close),Hakka noodles,1,,,,
Disha & Anirudh,h3,2026-07-24,24-Jul END (Fri close),Noodles,430,,,,
Disha & Anirudh,h3,2026-07-24,24-Jul END (Fri close),Vermicelli,105,,,,
Disha & Anirudh,h3,2026-07-24,24-Jul END (Fri close),Pasta,48,,,,
Disha & Anirudh,h3,2026-07-24,24-Jul END (Fri close),Fusilli/Bucatini pasta,1,,,,
Disha & Anirudh,h3,2026-07-24,24-Jul END (Fri close),Tagliatelle/Mezze pasta,1,,,,
Disha & Anirudh,h3,2026-07-24,24-Jul END (Fri close),Tteokbokki carbonara,1,,,,
Disha & Anirudh,h3,2026-07-24,24-Jul END (Fri close),Fried pork,1,,,,
Disha & Anirudh,h3,2026-07-24,24-Jul END (Fri close),Cremini mushroom,100,,,,
Disha & Anirudh,h3,2026-07-24,24-Jul END (Fri close),Spinach,90,,,,
Disha & Anirudh,h3,2026-07-24,24-Jul END (Fri close),Malai paneer,100,,,,
Disha & Anirudh,h3,2026-07-24,24-Jul END (Fri close),Ginger,190,,,,
Disha & Anirudh,h3,2026-07-24,24-Jul END (Fri close),"Red chilli (long, fresh)",100,,,,
Disha & Anirudh,h3,2026-07-24,24-Jul END (Fri close),Garlic (fresh),90,,,,
Disha & Anirudh,h3,2026-07-24,24-Jul END (Fri close),Cheese block,80,,,,
Disha & Anirudh,h3,2026-07-24,24-Jul END (Fri close),Frozen green peas,440,,,,
Disha & Anirudh,h3,2026-07-24,24-Jul END (Fri close),Chicken breast (boneless),250,,,,
Disha & Anirudh,h3,2026-07-24,24-Jul END (Fri close),Manual hand-press juicer,1,,,,
Disha & Anirudh,h3,2026-07-25,25-Jul END (Sat close),Orange,400,,,,
Disha & Anirudh,h3,2026-07-25,25-Jul END (Sat close),Apple,1,,,,
Disha & Anirudh,h3,2026-07-25,25-Jul END (Sat close),Kiwi,1,,,,
Disha & Anirudh,h3,2026-07-25,25-Jul END (Sat close),Banana,1,,,,
Disha & Anirudh,h3,2026-07-25,25-Jul END (Sat close),Tomato,2,,,,
Disha & Anirudh,h3,2026-07-25,25-Jul END (Sat close),Onion,1340,,,,
Disha & Anirudh,h3,2026-07-25,25-Jul END (Sat close),Lemon,2,,,,
Disha & Anirudh,h3,2026-07-25,25-Jul END (Sat close),Green chilli,43,,,,
Disha & Anirudh,h3,2026-07-25,25-Jul END (Sat close),Curry leaves,26,,,,
Disha & Anirudh,h3,2026-07-25,25-Jul END (Sat close),Chopped coriander,45,,,,
Disha & Anirudh,h3,2026-07-25,25-Jul END (Sat close),Zucchini,2,,,,
Disha & Anirudh,h3,2026-07-25,25-Jul END (Sat close),Green capsicum,1.5,,,,
Disha & Anirudh,h3,2026-07-25,25-Jul END (Sat close),Yellow capsicum,0.5,,,,
Disha & Anirudh,h3,2026-07-25,25-Jul END (Sat close),Cabbage,264,,,,
Disha & Anirudh,h3,2026-07-25,25-Jul END (Sat close),Lettuce,39,,,,
Disha & Anirudh,h3,2026-07-25,25-Jul END (Sat close),Iceberg lettuce,123,,,,
Disha & Anirudh,h3,2026-07-25,25-Jul END (Sat close),Lemongrass,47,,,,
Disha & Anirudh,h3,2026-07-25,25-Jul END (Sat close),Spring onion,285,,,,
Disha & Anirudh,h3,2026-07-25,25-Jul END (Sat close),Thai basil leaves,38,,,,
Disha & Anirudh,h3,2026-07-25,25-Jul END (Sat close),Cherries,0.7,,,,
Disha & Anirudh,h3,2026-07-25,25-Jul END (Sat close),Plums,250,,,,
Disha & Anirudh,h3,2026-07-25,25-Jul END (Sat close),Premium blueberries,0.7,,,,
Disha & Anirudh,h3,2026-07-25,25-Jul END (Sat close),Curd,950,,,,
Disha & Anirudh,h3,2026-07-25,25-Jul END (Sat close),Hung curd,350,,,,
Disha & Anirudh,h3,2026-07-25,25-Jul END (Sat close),Greek yogurt (Milky Mist),0.7,,,,
Disha & Anirudh,h3,2026-07-25,25-Jul END (Sat close),Delicata dairy cream,0.09999999999999998,,,,
Disha & Anirudh,h3,2026-07-25,25-Jul END (Sat close),Coconut cream,1,,,,
Disha & Anirudh,h3,2026-07-25,25-Jul END (Sat close),Coconut milk,0.75,,,,
Disha & Anirudh,h3,2026-07-25,25-Jul END (Sat close),Lactose-free Amul milk,3.3,,,,
Disha & Anirudh,h3,2026-07-25,25-Jul END (Sat close),Feta cheese,1,,,,
Disha & Anirudh,h3,2026-07-25,25-Jul END (Sat close),Cheese slices,1,,,,
Disha & Anirudh,h3,2026-07-25,25-Jul END (Sat close),Butter,0.5,,,,
Disha & Anirudh,h3,2026-07-25,25-Jul END (Sat close),Eggs,5,,,,
Disha & Anirudh,h3,2026-07-25,25-Jul END (Sat close),Zero maida protein bread,0.7,,,,
Disha & Anirudh,h3,2026-07-25,25-Jul END (Sat close),Protein powder (A),325,,,,
Disha & Anirudh,h3,2026-07-25,25-Jul END (Sat close),Protein powder (B),184,,,,
Disha & Anirudh,h3,2026-07-25,25-Jul END (Sat close),Whey concentrate,1,,,,
Disha & Anirudh,h3,2026-07-25,25-Jul END (Sat close),Creatine monohydrate,115,,,,
Disha & Anirudh,h3,2026-07-25,25-Jul END (Sat close),Whole Truth chocolate,688,,,,
Disha & Anirudh,h3,2026-07-25,25-Jul END (Sat close),Yoga Bar health mix,474,,,,
Disha & Anirudh,h3,2026-07-25,25-Jul END (Sat close),Happa cereals,1,,,,
Disha & Anirudh,h3,2026-07-25,25-Jul END (Sat close),Nutritional cereal,1,,,,
Disha & Anirudh,h3,2026-07-25,25-Jul END (Sat close),Dry dates powder,1,,,,
Disha & Anirudh,h3,2026-07-25,25-Jul END (Sat close),Happa fruit melts,2,,,,
Disha & Anirudh,h3,2026-07-25,25-Jul END (Sat close),Strawberry cake drink,3,,,,
Disha & Anirudh,h3,2026-07-25,25-Jul END (Sat close),Mixed fruit drink,1,,,,
Disha & Anirudh,h3,2026-07-25,25-Jul END (Sat close),Mixed seeds,413,,,,
Disha & Anirudh,h3,2026-07-25,25-Jul END (Sat close),Cashews,435,,,,
Disha & Anirudh,h3,2026-07-25,25-Jul END (Sat close),Almonds,200,,,,
Disha & Anirudh,h3,2026-07-25,25-Jul END (Sat close),Peanuts,231,,,,
Disha & Anirudh,h3,2026-07-25,25-Jul END (Sat close),Spicy peanuts,126,,,,
Disha & Anirudh,h3,2026-07-25,25-Jul END (Sat close),Sweet peanuts,144,,,,
Disha & Anirudh,h3,2026-07-25,25-Jul END (Sat close),White sesame seeds (A),200,,,,
Disha & Anirudh,h3,2026-07-25,25-Jul END (Sat close),White sesame seeds (B),1,,,,
Disha & Anirudh,h3,2026-07-25,25-Jul END (Sat close),Black sesame seeds,1,,,,
Disha & Anirudh,h3,2026-07-25,25-Jul END (Sat close),White chia seeds,1,,,,
Disha & Anirudh,h3,2026-07-25,25-Jul END (Sat close),Flax seed masala,1,,,,
Disha & Anirudh,h3,2026-07-25,25-Jul END (Sat close),Organic sesame cooking oil,1,,,,
Disha & Anirudh,h3,2026-07-25,25-Jul END (Sat close),Extra virgin olive oil,2,,,,
Disha & Anirudh,h3,2026-07-25,25-Jul END (Sat close),Rice bran oil (A),0.75,,,,
Disha & Anirudh,h3,2026-07-25,25-Jul END (Sat close),Rice bran oil (B),1,,,,
Disha & Anirudh,h3,2026-07-25,25-Jul END (Sat close),Peanut oil,0.4,,,,
Disha & Anirudh,h3,2026-07-25,25-Jul END (Sat close),Mustard oil,0.5,,,,
Disha & Anirudh,h3,2026-07-25,25-Jul END (Sat close),Pure ghee,1000,,,,
Disha & Anirudh,h3,2026-07-25,25-Jul END (Sat close),A2 cow ghee,1,,,,
Disha & Anirudh,h3,2026-07-25,25-Jul END (Sat close),Parachute coconut oil,1,,,,
Disha & Anirudh,h3,2026-07-25,25-Jul END (Sat close),Toasted sesame oil,0.5,,,,
Disha & Anirudh,h3,2026-07-25,25-Jul END (Sat close),Brown sugar,499,,,,
Disha & Anirudh,h3,2026-07-25,25-Jul END (Sat close),Sugar (A),500,,,,
Disha & Anirudh,h3,2026-07-25,25-Jul END (Sat close),Sugar (B),0.5,,,,
Disha & Anirudh,h3,2026-07-25,25-Jul END (Sat close),Dates,473,,,,
Disha & Anirudh,h3,2026-07-25,25-Jul END (Sat close),Psyllium husk,123,,,,
Disha & Anirudh,h3,2026-07-25,25-Jul END (Sat close),Isabgol,242,,,,
Disha & Anirudh,h3,2026-07-25,25-Jul END (Sat close),Pink salt (A),50,,,,
Disha & Anirudh,h3,2026-07-25,25-Jul END (Sat close),Pink salt (B),700,,,,
Disha & Anirudh,h3,2026-07-25,25-Jul END (Sat close),Sea salt,1,,,,
Disha & Anirudh,h3,2026-07-25,25-Jul END (Sat close),Salt,1000,,,,
Disha & Anirudh,h3,2026-07-25,25-Jul END (Sat close),Himalayan kala namak,0.5,,,,
Disha & Anirudh,h3,2026-07-25,25-Jul END (Sat close),Honey,1,,,,
Disha & Anirudh,h3,2026-07-25,25-Jul END (Sat close),Quinoa,100,,,,
Disha & Anirudh,h3,2026-07-25,25-Jul END (Sat close),Poha,300,,,,
Disha & Anirudh,h3,2026-07-25,25-Jul END (Sat close),Corn flour,100,,,,
Disha & Anirudh,h3,2026-07-25,25-Jul END (Sat close),Besan,215,,,,
Disha & Anirudh,h3,2026-07-25,25-Jul END (Sat close),Suji,200,,,,
Disha & Anirudh,h3,2026-07-25,25-Jul END (Sat close),Roasted suji,296,,,,
Disha & Anirudh,h3,2026-07-25,25-Jul END (Sat close),Breadcrumbs,70,,,,
Disha & Anirudh,h3,2026-07-25,25-Jul END (Sat close),Ragi flour,1,,,,
Disha & Anirudh,h3,2026-07-25,25-Jul END (Sat close),Atta,9900,,,,
Disha & Anirudh,h3,2026-07-25,25-Jul END (Sat close),Brown rice,300,,,,
Disha & Anirudh,h3,2026-07-25,25-Jul END (Sat close),Sona rice,400,,,,
Disha & Anirudh,h3,2026-07-25,25-Jul END (Sat close),Sona masoori raw rice (A),535,,,,
Disha & Anirudh,h3,2026-07-25,25-Jul END (Sat close),Sona masoori raw rice (B),1,,,,
Disha & Anirudh,h3,2026-07-25,25-Jul END (Sat close),Whole sabudana,1,,,,
Disha & Anirudh,h3,2026-07-25,25-Jul END (Sat close),Yellow moong dal,150,,,,
Disha & Anirudh,h3,2026-07-25,25-Jul END (Sat close),Yellow split moong dal,250,,,,
Disha & Anirudh,h3,2026-07-25,25-Jul END (Sat close),Split moong dal,250,,,,
Disha & Anirudh,h3,2026-07-25,25-Jul END (Sat close),Whole moong,300,,,,
Disha & Anirudh,h3,2026-07-25,25-Jul END (Sat close),Organic whole moong,1,,,,
Disha & Anirudh,h3,2026-07-25,25-Jul END (Sat close),Unpolished moong dal,375,,,,
Disha & Anirudh,h3,2026-07-25,25-Jul END (Sat close),Moong dal (A),200,,,,
Disha & Anirudh,h3,2026-07-25,25-Jul END (Sat close),Moong dal (B),500,,,,
Disha & Anirudh,h3,2026-07-25,25-Jul END (Sat close),Masoor dal (A),100,,,,
Disha & Anirudh,h3,2026-07-25,25-Jul END (Sat close),Masoor dal (B),1,,,,
Disha & Anirudh,h3,2026-07-25,25-Jul END (Sat close),Chana dal (A),90,,,,
Disha & Anirudh,h3,2026-07-25,25-Jul END (Sat close),Chana dal (B),258,,,,
Disha & Anirudh,h3,2026-07-25,25-Jul END (Sat close),Chana dal (C),528,,,,
Disha & Anirudh,h3,2026-07-25,25-Jul END (Sat close),Chana,200,,,,
Disha & Anirudh,h3,2026-07-25,25-Jul END (Sat close),Toor dal,200,,,,
Disha & Anirudh,h3,2026-07-25,25-Jul END (Sat close),Arhar dal (A),500,,,,
Disha & Anirudh,h3,2026-07-25,25-Jul END (Sat close),Arhar dal (B),1,,,,
Disha & Anirudh,h3,2026-07-25,25-Jul END (Sat close),Taj Mahal tea,1,,,,
Disha & Anirudh,h3,2026-07-25,25-Jul END (Sat close),Twinings English breakfast tea,1,,,,
Disha & Anirudh,h3,2026-07-25,25-Jul END (Sat close),Tea leaves,150,,,,
Disha & Anirudh,h3,2026-07-25,25-Jul END (Sat close),Tea powder,0.5,,,,
Disha & Anirudh,h3,2026-07-25,25-Jul END (Sat close),Brew coffee,1,,,,
Disha & Anirudh,h3,2026-07-25,25-Jul END (Sat close),Black pepper (A),1,,,,
Disha & Anirudh,h3,2026-07-25,25-Jul END (Sat close),Black pepper (B),0.5,,,,
Disha & Anirudh,h3,2026-07-25,25-Jul END (Sat close),Pepper powder,122,,,,
Disha & Anirudh,h3,2026-07-25,25-Jul END (Sat close),Red chilli,262,,,,
Disha & Anirudh,h3,2026-07-25,25-Jul END (Sat close),Red chilli powder,100,,,,
Disha & Anirudh,h3,2026-07-25,25-Jul END (Sat close),Dried red chilli,58,,,,
Disha & Anirudh,h3,2026-07-25,25-Jul END (Sat close),Kashmiri chilli powder,1,,,,
Disha & Anirudh,h3,2026-07-25,25-Jul END (Sat close),Pure Guntur chilli,1,,,,
Disha & Anirudh,h3,2026-07-25,25-Jul END (Sat close),Shankar tikali chilli powder,1,,,,
Disha & Anirudh,h3,2026-07-25,25-Jul END (Sat close),Haldi powder,348,,,,
Disha & Anirudh,h3,2026-07-25,25-Jul END (Sat close),Haldi,245,,,,
Disha & Anirudh,h3,2026-07-25,25-Jul END (Sat close),Turmeric,1,,,,
Disha & Anirudh,h3,2026-07-25,25-Jul END (Sat close),Jeera seeds,108,,,,
Disha & Anirudh,h3,2026-07-25,25-Jul END (Sat close),Jeera (A),0.5,,,,
Disha & Anirudh,h3,2026-07-25,25-Jul END (Sat close),Jeera (B),1,,,,
Disha & Anirudh,h3,2026-07-25,25-Jul END (Sat close),Jeera powder (A),68,,,,
Disha & Anirudh,h3,2026-07-25,25-Jul END (Sat close),Jeera powder (B),432,,,,
Disha & Anirudh,h3,2026-07-25,25-Jul END (Sat close),Dhaniya seeds,150,,,,
Disha & Anirudh,h3,2026-07-25,25-Jul END (Sat close),Dhaniya powder,0.25,,,,
Disha & Anirudh,h3,2026-07-25,25-Jul END (Sat close),Sambar powder,200,,,,
Disha & Anirudh,h3,2026-07-25,25-Jul END (Sat close),Kora sambar,135,,,,
Disha & Anirudh,h3,2026-07-25,25-Jul END (Sat close),Jeera aloo masala,197,,,,
Disha & Anirudh,h3,2026-07-25,25-Jul END (Sat close),Maharashtrian masala,187,,,,
Disha & Anirudh,h3,2026-07-25,25-Jul END (Sat close),Tadka mix,50,,,,
Disha & Anirudh,h3,2026-07-25,25-Jul END (Sat close),Kasuri methi,1,,,,
Disha & Anirudh,h3,2026-07-25,25-Jul END (Sat close),Hari methi,100,,,,
Disha & Anirudh,h3,2026-07-25,25-Jul END (Sat close),Imli,300,,,,
Disha & Anirudh,h3,2026-07-25,25-Jul END (Sat close),Mustard seeds,1,,,,
Disha & Anirudh,h3,2026-07-25,25-Jul END (Sat close),Organic cumin seeds,1,,,,
Disha & Anirudh,h3,2026-07-25,25-Jul END (Sat close),Hing,1,,,,
Disha & Anirudh,h3,2026-07-25,25-Jul END (Sat close),Chaat masala,1,,,,
Disha & Anirudh,h3,2026-07-25,25-Jul END (Sat close),Baking powder,1,,,,
Disha & Anirudh,h3,2026-07-25,25-Jul END (Sat close),Baking soda,1,,,,
Disha & Anirudh,h3,2026-07-25,25-Jul END (Sat close),Dry mango powder,1,,,,
Disha & Anirudh,h3,2026-07-25,25-Jul END (Sat close),Garlic powder,2,,,,
Disha & Anirudh,h3,2026-07-25,25-Jul END (Sat close),Onion powder (A),1,,,,
Disha & Anirudh,h3,2026-07-25,25-Jul END (Sat close),Onion powder (B),1,,,,
Disha & Anirudh,h3,2026-07-25,25-Jul END (Sat close),Cinnamon powder,1,,,,
Disha & Anirudh,h3,2026-07-25,25-Jul END (Sat close),Nutmeg powder,1,,,,
Disha & Anirudh,h3,2026-07-25,25-Jul END (Sat close),Sumac powder,1,,,,
Disha & Anirudh,h3,2026-07-25,25-Jul END (Sat close),Zaatar powder,1,,,,
Disha & Anirudh,h3,2026-07-25,25-Jul END (Sat close),Mushroom seasoning w/ seaweed,1,,,,
Disha & Anirudh,h3,2026-07-25,25-Jul END (Sat close),Pizza oregano spice mix,1,,,,
Disha & Anirudh,h3,2026-07-25,25-Jul END (Sat close),Mixed masalas,1,,,,
Disha & Anirudh,h3,2026-07-25,25-Jul END (Sat close),Cardamom,1,,,,
Disha & Anirudh,h3,2026-07-25,25-Jul END (Sat close),Cloves,1,,,,
Disha & Anirudh,h3,2026-07-25,25-Jul END (Sat close),Star anise,1,,,,
Disha & Anirudh,h3,2026-07-25,25-Jul END (Sat close),Tej patta,1,,,,
Disha & Anirudh,h3,2026-07-25,25-Jul END (Sat close),Gongura pickle,467,,,,
Disha & Anirudh,h3,2026-07-25,25-Jul END (Sat close),Cut mango pickle,1,,,,
Disha & Anirudh,h3,2026-07-25,25-Jul END (Sat close),Mango pickle,1,,,,
Disha & Anirudh,h3,2026-07-25,25-Jul END (Sat close),Onion mixed pickle,200,,,,
Disha & Anirudh,h3,2026-07-25,25-Jul END (Sat close),Ketchup,2,,,,
Disha & Anirudh,h3,2026-07-25,25-Jul END (Sat close),Tomato ketchup sweet & spicy,1,,,,
Disha & Anirudh,h3,2026-07-25,25-Jul END (Sat close),Dark soy sauce,0.5,,,,
Disha & Anirudh,h3,2026-07-25,25-Jul END (Sat close),Chin-Su sauce,1,,,,
Disha & Anirudh,h3,2026-07-25,25-Jul END (Sat close),Synthetic vinegar,1,,,,
Disha & Anirudh,h3,2026-07-25,25-Jul END (Sat close),Balsamic vinegar,0.5,,,,
Disha & Anirudh,h3,2026-07-25,25-Jul END (Sat close),French vinaigrette,0.5,,,,
Disha & Anirudh,h3,2026-07-25,25-Jul END (Sat close),Bengal mustard kasundi,1,,,,
Disha & Anirudh,h3,2026-07-25,25-Jul END (Sat close),Hellmann mayonnaise (A),0.5,,,,
Disha & Anirudh,h3,2026-07-25,25-Jul END (Sat close),Hellmann mayonnaise (B),1,,,,
Disha & Anirudh,h3,2026-07-25,25-Jul END (Sat close),Honey mustard,1,,,,
Disha & Anirudh,h3,2026-07-25,25-Jul END (Sat close),Honey mustard dip,1,,,,
Disha & Anirudh,h3,2026-07-25,25-Jul END (Sat close),Cheese & jalapeno dip,1,,,,
Disha & Anirudh,h3,2026-07-25,25-Jul END (Sat close),Pizza sauce,1,,,,
Disha & Anirudh,h3,2026-07-25,25-Jul END (Sat close),Gochujang,1,,,,
Disha & Anirudh,h3,2026-07-25,25-Jul END (Sat close),Panda oyster sauce,1,,,,
Disha & Anirudh,h3,2026-07-25,25-Jul END (Sat close),Sriracha hot chilli sauce,1,,,,
Disha & Anirudh,h3,2026-07-25,25-Jul END (Sat close),Sriracha green chilli sauce,1,,,,
Disha & Anirudh,h3,2026-07-25,25-Jul END (Sat close),Sriracha chilli sauce,1,,,,
Disha & Anirudh,h3,2026-07-25,25-Jul END (Sat close),Hot sauce,1,,,,
Disha & Anirudh,h3,2026-07-25,25-Jul END (Sat close),Buddha hot sauce,1,,,,
Disha & Anirudh,h3,2026-07-25,25-Jul END (Sat close),Crunchy chilli oil,1,,,,
Disha & Anirudh,h3,2026-07-25,25-Jul END (Sat close),Green olives,1,,,,
Disha & Anirudh,h3,2026-07-25,25-Jul END (Sat close),Cherry pepper feta stuffed,1,,,,
Disha & Anirudh,h3,2026-07-25,25-Jul END (Sat close),Jalapenos,1,,,,
Disha & Anirudh,h3,2026-07-25,25-Jul END (Sat close),Sliced jalapeno peppers,1,,,,
Disha & Anirudh,h3,2026-07-25,25-Jul END (Sat close),German sweet & sour,1,,,,
Disha & Anirudh,h3,2026-07-25,25-Jul END (Sat close),Original kimchi,1,,,,
Disha & Anirudh,h3,2026-07-25,25-Jul END (Sat close),Pomegranate molasses,1,,,,
Disha & Anirudh,h3,2026-07-25,25-Jul END (Sat close),Orchard Lane spreadable fruit,1,,,,
Disha & Anirudh,h3,2026-07-25,25-Jul END (Sat close),Bournvita,1,,,,
Disha & Anirudh,h3,2026-07-25,25-Jul END (Sat close),Sugar-free stevia,1,,,,
Disha & Anirudh,h3,2026-07-25,25-Jul END (Sat close),Everyday sweet sugar replacer,1,,,,
Disha & Anirudh,h3,2026-07-25,25-Jul END (Sat close),Sugar-free,100,,,,
Disha & Anirudh,h3,2026-07-25,25-Jul END (Sat close),M16,1,,,,
Disha & Anirudh,h3,2026-07-25,25-Jul END (Sat close),Noodle packets,1,,,,
Disha & Anirudh,h3,2026-07-25,25-Jul END (Sat close),Red Thai noodles,1,,,,
Disha & Anirudh,h3,2026-07-25,25-Jul END (Sat close),Hakka noodles,1,,,,
Disha & Anirudh,h3,2026-07-25,25-Jul END (Sat close),Noodles,430,,,,
Disha & Anirudh,h3,2026-07-25,25-Jul END (Sat close),Vermicelli,105,,,,
Disha & Anirudh,h3,2026-07-25,25-Jul END (Sat close),Fusilli/Bucatini pasta,1,,,,
Disha & Anirudh,h3,2026-07-25,25-Jul END (Sat close),Tagliatelle/Mezze pasta,1,,,,
Disha & Anirudh,h3,2026-07-25,25-Jul END (Sat close),Tteokbokki carbonara,1,,,,
Disha & Anirudh,h3,2026-07-25,25-Jul END (Sat close),Fried pork,1,,,,
Disha & Anirudh,h3,2026-07-25,25-Jul END (Sat close),Spinach,50,,,,
Disha & Anirudh,h3,2026-07-25,25-Jul END (Sat close),Malai paneer,100,,,,
Disha & Anirudh,h3,2026-07-25,25-Jul END (Sat close),Ginger,175,,,,
Disha & Anirudh,h3,2026-07-25,25-Jul END (Sat close),"Red chilli (long, fresh)",100,,,,
Disha & Anirudh,h3,2026-07-25,25-Jul END (Sat close),Garlic (fresh),80,,,,
Disha & Anirudh,h3,2026-07-25,25-Jul END (Sat close),Cheese block,60,,,,
Disha & Anirudh,h3,2026-07-25,25-Jul END (Sat close),Frozen green peas,440,,,,
Disha & Anirudh,h3,2026-07-25,25-Jul END (Sat close),Chicken breast (boneless),50,,,,
Disha & Anirudh,h3,2026-07-25,25-Jul END (Sat close),Manual hand-press juicer,1,,,,
Paxal & Sana,h7,2026-07-25,25-Jul END (Sat close),Carrot,365,,,,
Paxal & Sana,h7,2026-07-25,25-Jul END (Sat close),Cucumber,200,,,,
Paxal & Sana,h7,2026-07-25,25-Jul END (Sat close),Garlic,390,,,,
Paxal & Sana,h7,2026-07-25,25-Jul END (Sat close),Ginger,15,,,,
Paxal & Sana,h7,2026-07-25,25-Jul END (Sat close),Green capsicum,150,,,,
Paxal & Sana,h7,2026-07-25,25-Jul END (Sat close),Lemon,170,,,,
Paxal & Sana,h7,2026-07-25,25-Jul END (Sat close),Onion,970,,,,
Paxal & Sana,h7,2026-07-25,25-Jul END (Sat close),Paneer,120,,,,
Paxal & Sana,h7,2026-07-25,25-Jul END (Sat close),Tomato,370,,,,
Paxal & Sana,h7,2026-07-25,25-Jul END (Sat close),Mint,30,,,,
Paxal & Sana,h7,2026-07-25,25-Jul END (Sat close),Potato,800,,,,
Paxal & Sana,h7,2026-07-25,25-Jul END (Sat close),Spring onion,70,,,,
Paxal & Sana,h7,2026-07-25,25-Jul END (Sat close),Curd,150,,,,
Paxal & Sana,h7,2026-07-25,25-Jul END (Sat close),Tofu,200,,,,
Paxal & Sana,h7,2026-07-25,25-Jul END (Sat close),Pooja coconut (whole),0.8,,,,
Paxal & Sana,h7,2026-07-25,25-Jul END (Sat close),Yuzu kombucha,200,,,,
Paxal & Sana,h7,2026-07-25,25-Jul END (Sat close),Garam masala,80,,,,
Paxal & Sana,h7,2026-07-25,25-Jul END (Sat close),White label sugar,1000,,,,
Paxal & Sana,h7,2026-07-25,25-Jul END (Sat close),Ghee pouch,920,,,,
Paxal & Sana,h7,2026-07-25,25-Jul END (Sat close),Tata salt,1000,,,,
Paxal & Sana,h7,2026-07-25,25-Jul END (Sat close),Skimmed milk,4,,,,
Paxal & Sana,h7,2026-07-25,25-Jul END (Sat close),Skyr,225,,,,
Paxal & Sana,h7,2026-07-25,25-Jul END (Sat close),Bread,170,,,,
Paxal & Sana,h7,2026-07-25,25-Jul END (Sat close),Mango kombucha,3,,,,
Paxal & Sana,h7,2026-07-25,25-Jul END (Sat close),Cheddar cheese block,120,,,,
Paxal & Sana,h7,2026-07-25,25-Jul END (Sat close),Peri peri ragi chips,1,,,,
Paxal & Sana,h7,2026-07-25,25-Jul END (Sat close),Green moong sprouts,100,,,,
Shunyam & Ishan - latest,h1b,2026-07-25,25-Jul EOD perishable count,Garlic,150,,,,
Shunyam & Ishan - latest,h1b,2026-07-25,25-Jul EOD perishable count,Green chilli,35,,,,
Shunyam & Ishan - latest,h1b,2026-07-25,25-Jul EOD perishable count,Butter (Amul),65,,,,
Shunyam & Ishan - latest,h1b,2026-07-25,25-Jul EOD perishable count,Ghee (Akshayakalpa),0.24,,,,
Shunyam & Ishan - latest,h1b,2026-07-25,25-Jul EOD perishable count,Eggs,3,,,,
Shunyam & Ishan - latest,h1b,2026-07-25,25-Jul EOD perishable count,Curry leaves,40,,,,
Shunyam & Ishan - latest,h1b,2026-07-25,25-Jul EOD perishable count,7-in-1 seed mix,85,,,,
Shunyam & Ishan - latest,h1b,2026-07-25,25-Jul EOD perishable count,Almonds,85,,,,
Shunyam & Ishan - latest,h1b,2026-07-25,25-Jul EOD perishable count,Arrabiata pasta sauce (Veeba),300,,,,
Shunyam & Ishan - latest,h1b,2026-07-25,25-Jul EOD perishable count,Cashews,325,,,,
Shunyam & Ishan - latest,h1b,2026-07-25,25-Jul EOD perishable count,Chocolate syrup (Hersheys),200,,,,
Shunyam & Ishan - latest,h1b,2026-07-25,25-Jul EOD perishable count,Cocoa (Cadbury),1,,,,
Shunyam & Ishan - latest,h1b,2026-07-25,25-Jul EOD perishable count,Dark soy sauce,85,,,,
Shunyam & Ishan - latest,h1b,2026-07-25,25-Jul EOD perishable count,Ginger Blossom gut shot,2,,,,
Shunyam & Ishan - latest,h1b,2026-07-25,25-Jul EOD perishable count,Green olives (Del Monte),100,,,,
Shunyam & Ishan - latest,h1b,2026-07-25,25-Jul EOD perishable count,"Honey (Organic India, multifloral)",1.9,,,,
Shunyam & Ishan - latest,h1b,2026-07-25,25-Jul EOD perishable count,Honey / mango jam,1,,,,
Shunyam & Ishan - latest,h1b,2026-07-25,25-Jul EOD perishable count,"Hydration/electrolyte (Fast&Up, LiquidIV)",50,,,,
Shunyam & Ishan - latest,h1b,2026-07-25,25-Jul EOD perishable count,Multigrain atta,1460,,,,
Shunyam & Ishan - latest,h1b,2026-07-25,25-Jul EOD perishable count,Mustard / cooking oil,240,,,,
Shunyam & Ishan - latest,h1b,2026-07-25,25-Jul EOD perishable count,Mustard sauce,100,,,,
Shunyam & Ishan - latest,h1b,2026-07-25,25-Jul EOD perishable count,Oats (Alpino Super Oats),0.3,,,,
Shunyam & Ishan - latest,h1b,2026-07-25,25-Jul EOD perishable count,Olive oil (Borges Extra Virgin),250,,,,
Shunyam & Ishan - latest,h1b,2026-07-25,25-Jul EOD perishable count,Pizza/pasta seasoning (Keya oregano),50,,,,
Shunyam & Ishan - latest,h1b,2026-07-25,25-Jul EOD perishable count,Rajma (red kidney beans),250,,,,
Shunyam & Ishan - latest,h1b,2026-07-25,25-Jul EOD perishable count,Rice (Daawat basmati),100,,,,
Shunyam & Ishan - latest,h1b,2026-07-25,25-Jul EOD perishable count,Roasted chana,100,,,,
Shunyam & Ishan - latest,h1b,2026-07-25,25-Jul EOD perishable count,Schezwan chutney (Wok),100,,,,
Shunyam & Ishan - latest,h1b,2026-07-25,25-Jul EOD perishable count,Soda (Lehar),750,,,,
Shunyam & Ishan - latest,h1b,2026-07-25,25-Jul EOD perishable count,"Spices (pav-bhaji, chaat, hing, coriander pwd, black pepper, turmeric)",50,,,,
Shunyam & Ishan - latest,h1b,2026-07-25,25-Jul EOD perishable count,Tea (Catch chai + tea bags),1,,,,
Shunyam & Ishan - latest,h1b,2026-07-25,25-Jul EOD perishable count,Tomato ketchup,200,,,,
Shunyam & Ishan - latest,h1b,2026-07-25,25-Jul EOD perishable count,Veg mayonnaise (Dr Oetker FunFoods),70,,,,
Shunyam & Ishan - latest,h1b,2026-07-25,25-Jul EOD perishable count,Vinegar,100,,,,
Shunyam & Ishan - latest,h1b,2026-07-25,25-Jul EOD perishable count,Ginger garlic paste,50,,,,
Shunyam & Ishan - latest,h1b,2026-07-25,25-Jul EOD perishable count,Coriander powder,40,,,,
Shunyam & Ishan - latest,h1b,2026-07-25,25-Jul EOD perishable count,Kombucha,1,,,,
Shunyam & Ishan - latest,h1b,2026-07-25,25-Jul EOD perishable count,Urad dal,250,,,,
Shunyam & Ishan - latest,h1b,2026-07-25,25-Jul EOD perishable count,Chana dal,250,,,,
Shunyam & Ishan - latest,h1b,2026-07-25,25-Jul EOD perishable count,Sugar,440,,,,
Shunyam & Ishan - latest,h1b,2026-07-25,25-Jul EOD perishable count,Chaat masala,100,,,,
Shunyam & Ishan - latest,h1b,2026-07-25,25-Jul EOD perishable count,White dal (moong),250,,,,
Shunyam & Ishan - latest,h1b,2026-07-25,25-Jul EOD perishable count,Nilgiri red rice,1000,,,,
Shunyam & Ishan - latest,h1b,2026-07-25,25-Jul EOD perishable count,Aashirvaad atta (2kg),2000,,,,
Shunyam & Ishan - latest,h1b,2026-07-25,25-Jul EOD perishable count,Kabuli chana,250,,,,
Shunyam & Ishan - latest,h1b,2026-07-25,25-Jul EOD perishable count,Salt,500,,,,
Shunyam & Ishan - latest,h1b,2026-07-25,25-Jul EOD perishable count,Brown sugar,250,,,,
Shunyam & Ishan - latest,h1b,2026-07-25,25-Jul EOD perishable count,Sriracha sauce,1,,,,
Shunyam & Ishan - latest,h1b,2026-07-25,25-Jul EOD perishable count,Bay leaf / dried patta,10,,,,
Shunyam & Ishan - latest,h1b,2026-07-25,25-Jul EOD perishable count,Chilli flakes,30,,,,
Shunyam & Ishan - latest,h1b,2026-07-25,25-Jul EOD perishable count,Clove (laung),20,,,,
Shunyam & Ishan - latest,h1b,2026-07-25,25-Jul EOD perishable count,Poha,550,,,,
Shunyam & Ishan - latest,h1b,2026-07-25,25-Jul EOD perishable count,Biryani rice,500,,,,
Shunyam & Ishan - latest,h1b,2026-07-25,25-Jul EOD perishable count,Protein atta,500,,,,
Shunyam & Ishan - latest,h1b,2026-07-25,25-Jul EOD perishable count,Sabudana,250,,,,
Shunyam & Ishan - latest,h1b,2026-07-25,25-Jul EOD perishable count,Organic besan,250,,,,
Shunyam & Ishan - latest,h1b,2026-07-25,25-Jul EOD perishable count,Makhana,100,,,,
Shunyam & Ishan - latest,h1b,2026-07-25,25-Jul EOD perishable count,Rooh Afza,1,,,,
Shunyam & Ishan - latest,h1b,2026-07-25,25-Jul EOD perishable count,Manchurian sauce,1,,,,
Shunyam & Ishan - latest,h1b,2026-07-25,25-Jul EOD perishable count,Pav bhaji masala,50,,,,
Shunyam & Ishan - latest,h1b,2026-07-25,25-Jul EOD perishable count,Cheese & jalapeno spread,1,,,,
Shunyam & Ishan - latest,h1b,2026-07-25,25-Jul EOD perishable count,Chilli powder,100,,,,
Shunyam & Ishan - latest,h1b,2026-07-25,25-Jul EOD perishable count,Jeera,187,,,,
Shunyam & Ishan - latest,h1b,2026-07-25,25-Jul EOD perishable count,Turmeric powder,92,,,,
Shunyam & Ishan - latest,h1b,2026-07-25,25-Jul EOD perishable count,Black til (sesame),50,,,,
Shunyam & Ishan - latest,h1b,2026-07-25,25-Jul EOD perishable count,Elaichi (cardamom),20,,,,
Shunyam & Ishan - latest,h1b,2026-07-25,25-Jul EOD perishable count,Green tea,1,,,,
Shunyam & Ishan - latest,h1b,2026-07-25,25-Jul EOD perishable count,Green raisins,100,,,,
Shunyam & Ishan - latest,h1b,2026-07-25,25-Jul EOD perishable count,Black raisins,100,,,,
Shunyam & Ishan - latest,h1b,2026-07-25,25-Jul EOD perishable count,Chocolate oats,1,,,,
Shunyam & Ishan - latest,h1b,2026-07-25,25-Jul EOD perishable count,Garam masala,50,,,,
Shunyam & Ishan - latest,h1b,2026-07-25,25-Jul EOD perishable count,Corn starch,100,,,,
Shunyam & Ishan - latest,h1b,2026-07-25,25-Jul EOD perishable count,Almond & cashew mix,100,,,,
Shunyam & Ishan - latest,h1b,2026-07-25,25-Jul EOD perishable count,Seed mixture,100,,,,
Shunyam & Ishan - latest,h1b,2026-07-25,25-Jul EOD perishable count,Mustard oil,750,,,,
Shunyam & Ishan - latest,h1b,2026-07-25,25-Jul EOD perishable count,Paprika powder,1,,,,
Shunyam & Ishan - latest,h1b,2026-07-25,25-Jul EOD perishable count,Peri peri sauce,1,,,,
Shunyam & Ishan - latest,h1b,2026-07-25,25-Jul EOD perishable count,Smoked paprika,52,,,,
Shunyam & Ishan - latest,h1b,2026-07-25,25-Jul EOD perishable count,Kasuri methi,15,,,,
Shunyam & Ishan - latest,h1b,2026-07-25,25-Jul EOD perishable count,Peanuts,200,,,,
Shunyam & Ishan - latest,h1b,2026-07-25,25-Jul EOD perishable count,Wheat pasta,200,,,,
Shunyam & Ishan - latest,h1b,2026-07-25,25-Jul EOD perishable count,Multi millet noodles,50,,,,
Shunyam & Ishan - latest,h1b,2026-07-25,25-Jul EOD perishable count,Sambar masala powder,200,,,,
Shunyam & Ishan - latest,h1b,2026-07-25,25-Jul EOD perishable count,Onion,580,,,,
Shunyam & Ishan - latest,h1b,2026-07-25,25-Jul EOD perishable count,Tomato,300,,,,
Shunyam & Ishan - latest,h1b,2026-07-25,25-Jul EOD perishable count,Green capsicum,125,,,,
Shunyam & Ishan - latest,h1b,2026-07-25,25-Jul EOD perishable count,Mint,30,,,,
Shunyam & Ishan - latest,h1b,2026-07-25,25-Jul EOD perishable count,Lemon,100,,,,
Shunyam & Ishan - latest,h1b,2026-07-25,25-Jul EOD perishable count,Potato,700,,,,
Shunyam & Ishan - latest,h1b,2026-07-25,25-Jul EOD perishable count,Feta cheese (Delecta),50,,,,
Shunyam & Ishan - latest,h1b,2026-07-25,25-Jul EOD perishable count,Saffron,1,,,,
Shunyam & Ishan - latest,h1b,2026-07-25,25-Jul EOD perishable count,Cinnamon,8,,,,
Shunyam & Ishan - latest,h1b,2026-07-25,25-Jul EOD perishable count,Vermicelli,50,,,,
Shunyam & Ishan - latest,h1b,2026-07-25,25-Jul EOD perishable count,Basmati rice,150,,,,
Shunyam & Ishan - latest,h1b,2026-07-25,25-Jul EOD perishable count,Coriander,40,,,,
Shunyam & Ishan - latest,h1b,2026-07-25,25-Jul EOD perishable count,Ginger,80,,,,
Shunyam & Ishan - latest,h1b,2026-07-25,25-Jul EOD perishable count,Red capsicum,125,,,,
Shunyam & Ishan - latest,h1b,2026-07-25,25-Jul EOD perishable count,Spring onion,180,,,,
Shunyam & Ishan - latest,h1b,2026-07-25,25-Jul EOD perishable count,Green kiwi,3,,,,
Shunyam & Ishan - latest,h1b,2026-07-25,25-Jul EOD perishable count,Fresh cream,150,,,,
Rahul & Radhika,h5,2026-07-24,24-Jul END (perishable count + dinner),Beetroot,600,,,,
Rahul & Radhika,h5,2026-07-24,24-Jul END (perishable count + dinner),Carrot,10,,,,
Rahul & Radhika,h5,2026-07-24,24-Jul END (perishable count + dinner),Cucumber,900,,,,
Rahul & Radhika,h5,2026-07-24,24-Jul END (perishable count + dinner),Curry leaves,50,,,,
Rahul & Radhika,h5,2026-07-24,24-Jul END (perishable count + dinner),Garlic,1.5,,,,
Rahul & Radhika,h5,2026-07-24,24-Jul END (perishable count + dinner),Ginger,400,,,,
Rahul & Radhika,h5,2026-07-24,24-Jul END (perishable count + dinner),Green capsicum,375,,,,
Rahul & Radhika,h5,2026-07-24,24-Jul END (perishable count + dinner),Lemon,250,,,,
Rahul & Radhika,h5,2026-07-24,24-Jul END (perishable count + dinner),Mint,40,,,,
Rahul & Radhika,h5,2026-07-24,24-Jul END (perishable count + dinner),Tomato,1200,,,,
Rahul & Radhika,h5,2026-07-24,24-Jul END (perishable count + dinner),Yellow capsicum,125,,,,
Rahul & Radhika,h5,2026-07-24,24-Jul END (perishable count + dinner),"Milk bread (Health Factory, zero maida)",400,,,,
Rahul & Radhika,h5,2026-07-24,24-Jul END (perishable count + dinner),Almond drink (Alt Co),730,,,,
Rahul & Radhika,h5,2026-07-24,24-Jul END (perishable count + dinner),Oat drink (Alt Co),1600,,,,
Rahul & Radhika,h5,2026-07-24,24-Jul END (perishable count + dinner),Sourdough bread (Brik Oven),370,,,,
Rahul & Radhika,h5,2026-07-24,24-Jul END (perishable count + dinner),Sriracha hot chilli,1,,,,
Rahul & Radhika,h5,2026-07-24,24-Jul END (perishable count + dinner),Epigamia Greek yogurt (natural),2,,,,
Rahul & Radhika,h5,2026-07-24,24-Jul END (perishable count + dinner),Full cream milk (Heritage),1000,,,,
Rahul & Radhika,h5,2026-07-24,24-Jul END (perishable count + dinner),Milky Mist Skyr,4,,,,
Rahul & Radhika,h5,2026-07-24,24-Jul END (perishable count + dinner),Chana dal,500,,,,
Rahul & Radhika,h5,2026-07-24,24-Jul END (perishable count + dinner),Masoor dal (split),500,,,,
Rahul & Radhika,h5,2026-07-24,24-Jul END (perishable count + dinner),Eggs (free-range brown),3,,,,
Rahul & Radhika,h5,2026-07-24,24-Jul END (perishable count + dinner),Broccoli,700,,,,
Rahul & Radhika,h5,2026-07-24,24-Jul END (perishable count + dinner),Cauliflower,800,,,,
Rahul & Radhika,h5,2026-07-24,24-Jul END (perishable count + dinner),Green chilli,80,,,,
Rahul & Radhika,h5,2026-07-24,24-Jul END (perishable count + dinner),Red cabbage,0.25,,,,
Rahul & Radhika,h5,2026-07-24,24-Jul END (perishable count + dinner),Red capsicum,125,,,,
Rahul & Radhika,h5,2026-07-24,24-Jul END (perishable count + dinner),Sweet corn,2,,,,
Rahul & Radhika,h5,2026-07-24,24-Jul END (perishable count + dinner),Avocado,170,,,,
Rahul & Radhika,h5,2026-07-24,24-Jul END (perishable count + dinner),Banana (Yellaki),300,,,,
Rahul & Radhika,h5,2026-07-24,24-Jul END (perishable count + dinner),Kiwi,2,,,,
Rahul & Radhika,h5,2026-07-24,24-Jul END (perishable count + dinner),Corn starch (Brown & Polson),1,,,,
Rahul & Radhika,h5,2026-07-24,24-Jul END (perishable count + dinner),Kala chana (Tata Sampann),500,,,,
Rahul & Radhika,h5,2026-07-24,24-Jul END (perishable count + dinner),Moong dal (24 Mantra organic),300,,,,
Rahul & Radhika,h5,2026-07-24,24-Jul END (perishable count + dinner),Quinoa (Organeekz organic),250,,,,
Rahul & Radhika,h5,2026-07-24,24-Jul END (perishable count + dinner),Rolled oats (Quaker high-protein),285,,,,
Rahul & Radhika,h5,2026-07-24,24-Jul END (perishable count + dinner),Tofu,200,,,,
Rahul & Radhika,h5,2026-07-24,24-Jul END (perishable count + dinner),Mixed berries (Nutty Gritties),0.3,,,,
Rahul & Radhika,h5,2026-07-24,24-Jul END (perishable count + dinner),GobbleRight beetroot & quinoa wrap,1,,,,
Rahul & Radhika,h5,2026-07-24,24-Jul END (perishable count + dinner),Sandwich bread (Modern Supreme),400,,,,
Rahul & Radhika,h5,2026-07-24,24-Jul END (perishable count + dinner),Chana masala (Organic Tattva),1,,,,
Rahul & Radhika,h5,2026-07-24,24-Jul END (perishable count + dinner),Kasuri methi (Catch),1,,,,
Rahul & Radhika,h5,2026-07-24,24-Jul END (perishable count + dinner),Meat masala (Everest),1,,,,
Rahul & Radhika,h5,2026-07-24,24-Jul END (perishable count + dinner),Pav bhaji masala (Everest),1,,,,
Rahul & Radhika,h5,2026-07-24,24-Jul END (perishable count + dinner),Button mushroom,350,,,,
Rahul & Radhika,h5,2026-07-24,24-Jul END (perishable count + dinner),Cherry tomato,90,,,,
Rahul & Radhika,h5,2026-07-24,24-Jul END (perishable count + dinner),Brown rice,950,,,,
Rahul & Radhika,h5,2026-07-24,24-Jul END (perishable count + dinner),French beans,100,,,,
Rahul & Radhika,h5,2026-07-24,24-Jul END (perishable count + dinner),Curd (Sid's Farm),800,,,,
Rahul & Radhika,h5,2026-07-24,24-Jul END (perishable count + dinner),Iceberg lettuce,375,,,,
Rahul & Radhika,h5,2026-07-24,24-Jul END (perishable count + dinner),Strawberry yogurt,1,,,,
Rahul & Radhika,h5,2026-07-24,24-Jul END (perishable count + dinner),Coconut milk (unsweetened),325,,,,
Rahul & Radhika,h5,2026-07-24,24-Jul END (perishable count + dinner),Cinnamon (Organic Tattva),47,,,,
Rahul & Radhika,h5,2026-07-24,24-Jul END (perishable count + dinner),Olive oil (Borges EV),195,,,,
Rahul & Radhika,h5,2026-07-24,24-Jul END (perishable count + dinner),Orange,420,,,,
Rahul & Radhika,h5,2026-07-24,24-Jul END (perishable count + dinner),Rice paper,0.5,,,,
Rahul & Radhika,h5,2026-07-24,24-Jul END (perishable count + dinner),Black pepper powder (Catch),50,,,,
Rahul & Radhika,h5,2026-07-24,24-Jul END (perishable count + dinner),Sona masoori rice (Kurnool),800,,,,
Rahul & Radhika,h5,2026-07-24,24-Jul END (perishable count + dinner),Moth matki (whole),400,,,,
Rahul & Radhika,h5,2026-07-24,24-Jul END (perishable count + dinner),Potato,1000,,,,
Rahul & Radhika,h5,2026-07-24,24-Jul END (perishable count + dinner),Roasted Bengal gram,500,,,,
Rahul & Radhika,h5,2026-07-24,24-Jul END (perishable count + dinner),Spinach,150,,,,
Rahul & Radhika,h5,2026-07-24,24-Jul END (perishable count + dinner),Toilet roll,6,,,,
Rahul & Radhika,h5,2026-07-24,24-Jul END (perishable count + dinner),Pomegranate,400,,,,
Rahul & Radhika,h5,2026-07-24,24-Jul END (perishable count + dinner),Garlic peeled,160,,,,
Rahul & Radhika,h5,2026-07-24,24-Jul END (perishable count + dinner),Frozen green peas,300,,,,
Rahul & Radhika,h5,2026-07-24,24-Jul END (perishable count + dinner),Pumpkin (cut),150,,,,
Rahul & Radhika,h5,2026-07-24,24-Jul END (perishable count + dinner),Drumstick,2,,,,
Rahul & Radhika,h5,2026-07-24,24-Jul END (perishable count + dinner),Horse gram (Kulthi),500,,,,
Rahul & Radhika,h5,2026-07-24,24-Jul END (perishable count + dinner),Dettol hand wash,675,,,,
Rahul & Radhika,h5,2026-07-24,24-Jul END (perishable count + dinner),Coccinia (ivy gourd),200,,,,
Rahul & Radhika,h5,2026-07-24,24-Jul END (perishable count + dinner),Brazil nut,130,,,,
Rahul & Radhika,h5,2026-07-24,24-Jul END (perishable count + dinner),Salmon,500,,,,
Rahul & Radhika,h5,2026-07-24,24-Jul END (perishable count + dinner),Apple,150,,,,
Rahul & Radhika,h5,2026-07-24,24-Jul END (perishable count + dinner),Ghee (Akshayakalpa),280,,,,
Rahul & Radhika,h5,2026-07-24,24-Jul END (perishable count + dinner),Jackfruit (ripe bulb),100,,,,
Rahul & Radhika,h5,2026-07-24,24-Jul END (perishable count + dinner),Green lettuce,100,,,,
Rahul & Radhika,h5,2026-07-24,24-Jul END (perishable count + dinner),Rosemary,30,,,,
Rahul & Radhika,h5,2026-07-24,24-Jul END (perishable count + dinner),Mosambi,2,,,,
Rahul & Radhika,h5,2026-07-25,25-Jul EOD,Beetroot,300,,,,
Rahul & Radhika,h5,2026-07-25,25-Jul EOD,Curry leaves,50,,,,
Rahul & Radhika,h5,2026-07-25,25-Jul EOD,Garlic,1.5,,,,
Rahul & Radhika,h5,2026-07-25,25-Jul EOD,Ginger,200,,,,
Rahul & Radhika,h5,2026-07-25,25-Jul EOD,Green capsicum,312,,,,
Rahul & Radhika,h5,2026-07-25,25-Jul EOD,Lemon,205,,,,
Rahul & Radhika,h5,2026-07-25,25-Jul EOD,Mint,30,,,,
Rahul & Radhika,h5,2026-07-25,25-Jul EOD,Tomato,800,,,,
Rahul & Radhika,h5,2026-07-25,25-Jul EOD,Yellow capsicum,125,,,,
Rahul & Radhika,h5,2026-07-25,25-Jul EOD,"Milk bread (Health Factory, zero maida)",400,,,,
Rahul & Radhika,h5,2026-07-25,25-Jul EOD,Almond drink (Alt Co),730,,,,
Rahul & Radhika,h5,2026-07-25,25-Jul EOD,Oat drink (Alt Co),1600,,,,
Rahul & Radhika,h5,2026-07-25,25-Jul EOD,Sourdough bread (Brik Oven),368,,,,
Rahul & Radhika,h5,2026-07-25,25-Jul EOD,Sriracha hot chilli,1,,,,
Rahul & Radhika,h5,2026-07-25,25-Jul EOD,Epigamia Greek yogurt (natural),1,,,,
Rahul & Radhika,h5,2026-07-25,25-Jul EOD,Milky Mist Skyr,3,,,,
Rahul & Radhika,h5,2026-07-25,25-Jul EOD,Chana dal,500,,,,
Rahul & Radhika,h5,2026-07-25,25-Jul EOD,Masoor dal (split),500,,,,
Rahul & Radhika,h5,2026-07-25,25-Jul EOD,Bottle gourd,375,,,,
Rahul & Radhika,h5,2026-07-25,25-Jul EOD,Cauliflower,200,,,,
Rahul & Radhika,h5,2026-07-25,25-Jul EOD,Green chilli,80,,,,
Rahul & Radhika,h5,2026-07-25,25-Jul EOD,Red cabbage,0.25,,,,
Rahul & Radhika,h5,2026-07-25,25-Jul EOD,Red capsicum,125,,,,
Rahul & Radhika,h5,2026-07-25,25-Jul EOD,Sweet corn,2,,,,
Rahul & Radhika,h5,2026-07-25,25-Jul EOD,Banana (Yellaki),200,,,,
Rahul & Radhika,h5,2026-07-25,25-Jul EOD,Kiwi,1,,,,
Rahul & Radhika,h5,2026-07-25,25-Jul EOD,Corn starch (Brown & Polson),1,,,,
Rahul & Radhika,h5,2026-07-25,25-Jul EOD,Kala chana (Tata Sampann),500,,,,
Rahul & Radhika,h5,2026-07-25,25-Jul EOD,Moong dal (24 Mantra organic),200,,,,
Rahul & Radhika,h5,2026-07-25,25-Jul EOD,Quinoa (Organeekz organic),250,,,,
Rahul & Radhika,h5,2026-07-25,25-Jul EOD,Rolled oats (Quaker high-protein),285,,,,
Rahul & Radhika,h5,2026-07-25,25-Jul EOD,Tofu,200,,,,
Rahul & Radhika,h5,2026-07-25,25-Jul EOD,Mixed berries (Nutty Gritties),0.3,,,,
Rahul & Radhika,h5,2026-07-25,25-Jul EOD,Chicken breast (boneless),450,,,,
Rahul & Radhika,h5,2026-07-25,25-Jul EOD,GobbleRight beetroot & quinoa wrap,1,,,,
Rahul & Radhika,h5,2026-07-25,25-Jul EOD,Sandwich bread (Modern Supreme),400,,,,
Rahul & Radhika,h5,2026-07-25,25-Jul EOD,Chana masala (Organic Tattva),1,,,,
Rahul & Radhika,h5,2026-07-25,25-Jul EOD,Kasuri methi (Catch),1,,,,
Rahul & Radhika,h5,2026-07-25,25-Jul EOD,Meat masala (Everest),1,,,,
Rahul & Radhika,h5,2026-07-25,25-Jul EOD,Pav bhaji masala (Everest),1,,,,
Rahul & Radhika,h5,2026-07-25,25-Jul EOD,Parsley,70,,,,
Rahul & Radhika,h5,2026-07-25,25-Jul EOD,Brown rice,850,,,,
Rahul & Radhika,h5,2026-07-25,25-Jul EOD,Iceberg lettuce,375,,,,
Rahul & Radhika,h5,2026-07-25,25-Jul EOD,Strawberry yogurt,1,,,,
Rahul & Radhika,h5,2026-07-25,25-Jul EOD,Cinnamon (Organic Tattva),47,,,,
Rahul & Radhika,h5,2026-07-25,25-Jul EOD,Olive oil (Borges EV),195,,,,
Rahul & Radhika,h5,2026-07-25,25-Jul EOD,Orange,260,,,,
Rahul & Radhika,h5,2026-07-25,25-Jul EOD,Rice paper,0.5,,,,
Rahul & Radhika,h5,2026-07-25,25-Jul EOD,Black pepper powder (Catch),50,,,,
Rahul & Radhika,h5,2026-07-25,25-Jul EOD,Sona masoori rice (Kurnool),800,,,,
Rahul & Radhika,h5,2026-07-25,25-Jul EOD,Moth matki (whole),400,,,,
Rahul & Radhika,h5,2026-07-25,25-Jul EOD,Onion,300,,,,
Rahul & Radhika,h5,2026-07-25,25-Jul EOD,Potato,1000,,,,
Rahul & Radhika,h5,2026-07-25,25-Jul EOD,Basil,50,,,,
Rahul & Radhika,h5,2026-07-25,25-Jul EOD,Roasted Bengal gram,500,,,,
Rahul & Radhika,h5,2026-07-25,25-Jul EOD,Spinach,150,,,,
Rahul & Radhika,h5,2026-07-25,25-Jul EOD,Toilet roll,6,,,,
Rahul & Radhika,h5,2026-07-25,25-Jul EOD,Pomegranate,400,,,,
Rahul & Radhika,h5,2026-07-25,25-Jul EOD,Garlic peeled,100,,,,
Rahul & Radhika,h5,2026-07-25,25-Jul EOD,Frozen green peas,300,,,,
Rahul & Radhika,h5,2026-07-25,25-Jul EOD,Horse gram (Kulthi),500,,,,
Rahul & Radhika,h5,2026-07-25,25-Jul EOD,Dettol hand wash,675,,,,
Rahul & Radhika,h5,2026-07-25,25-Jul EOD,Coccinia (ivy gourd),100,,,,
Rahul & Radhika,h5,2026-07-25,25-Jul EOD,Coconut chunks,40,,,,
Rahul & Radhika,h5,2026-07-25,25-Jul EOD,Brazil nut,125,,,,
Rahul & Radhika,h5,2026-07-25,25-Jul EOD,Salmon,150,,,,
Rahul & Radhika,h5,2026-07-25,25-Jul EOD,Apple,150,,,,
Rahul & Radhika,h5,2026-07-25,25-Jul EOD,Ghee (Akshayakalpa),280,,,,
Rahul & Radhika,h5,2026-07-25,25-Jul EOD,Jackfruit (ripe bulb),100,,,,
Rahul & Radhika,h5,2026-07-25,25-Jul EOD,Green lettuce,100,,,,
Rahul & Radhika,h5,2026-07-25,25-Jul EOD,Rosemary,30,,,,
Rahul & Radhika,h5,2026-07-25,25-Jul EOD,Mosambi,2,,,,
Rahul & Radhika,h5,2026-07-25,25-Jul EOD,Chia seeds,200,,,,
Rahul & Radhika,h5,2026-07-25,25-Jul EOD,Sona masoori rice,1000,,,,
Rahul & Radhika,h5,2026-07-25,25-Jul EOD,Fresh methi,200,,,,
Rahul & Radhika,h5,2026-07-25,25-Jul EOD,Borges olive oil (EV),880,,,,
Rahul & Radhika,h5,2026-07-25,25-Jul EOD,Pecan nuts,200,,,,
Rahul & Radhika,h5,2026-07-25,25-Jul EOD,Cranberries,200,,,,
Kartik & Dhara,h4,2026-07-25,25-Jul END,Garlic,272,,,,
Kartik & Dhara,h4,2026-07-25,25-Jul END,Ginger,367,,,,
Kartik & Dhara,h4,2026-07-25,25-Jul END,Green chilli,50,,,,
Kartik & Dhara,h4,2026-07-25,25-Jul END,Onion,1940,,,,
Kartik & Dhara,h4,2026-07-25,25-Jul END,Potato,350,,,,
Kartik & Dhara,h4,2026-07-25,25-Jul END,Tender coconut (chopped),1,,,,
Kartik & Dhara,h4,2026-07-25,25-Jul END,Tomato,800,,,,
Kartik & Dhara,h4,2026-07-25,25-Jul END,Buttermilk,2,,,,
Kartik & Dhara,h4,2026-07-25,25-Jul END,Baby corn,60,,,,
Kartik & Dhara,h4,2026-07-25,25-Jul END,Brinjal,250,,,,
Kartik & Dhara,h4,2026-07-25,25-Jul END,Carrot,140,,,,
Kartik & Dhara,h4,2026-07-25,25-Jul END,Curry leaves,50,,,,
Kartik & Dhara,h4,2026-07-25,25-Jul END,Dry coconut,50,,,,
Kartik & Dhara,h4,2026-07-25,25-Jul END,Lemon,115,,,,
Kartik & Dhara,h4,2026-07-25,25-Jul END,Pooja coconut (whole),0.7,,,,
Kartik & Dhara,h4,2026-07-25,25-Jul END,Salt (Tata),1000,,,,
Kartik & Dhara,h4,2026-07-25,25-Jul END,Eggs,3,,,,
Kartik & Dhara,h4,2026-07-25,25-Jul END,Rice (Bhoomi Farms),420,,,,
Kartik & Dhara,h4,2026-07-25,25-Jul END,Whole wheat spaghetti (yu),300,,,,
Kartik & Dhara,h4,2026-07-25,25-Jul END,Whole wheat atta noodles (yu),220,,,,
Kartik & Dhara,h4,2026-07-25,25-Jul END,Farfalle whole wheat (Dolce Vita),500,,,,
Kartik & Dhara,h4,2026-07-25,25-Jul END,Frozen peas,0.3,,,,
Kartik & Dhara,h4,2026-07-25,25-Jul END,Mustard oil,975,,,,
Kartik & Dhara,h4,2026-07-25,25-Jul END,Peanut butter,310,,,,
Kartik & Dhara,h4,2026-07-25,25-Jul END,Frozen puff pastry,1,,,,
Kartik & Dhara,h4,2026-07-25,25-Jul END,Kaara Pura butter murukku,100,,,,
Kartik & Dhara,h4,2026-07-25,25-Jul END,Krishi Veda Byadgi whole chilli,100,,,,
Kartik & Dhara,h4,2026-07-25,25-Jul END,Fruit Treat bhindi chips,40,,,,
Kartik & Dhara,h4,2026-07-25,25-Jul END,The Healthy Binge millet baked chips,40,,,,
Kartik & Dhara,h4,2026-07-25,25-Jul END,Nilgiris sonamasoori raw rice,1000,,,,
Kartik & Dhara,h4,2026-07-25,25-Jul END,Gardenia Idukki green cardamom,40,,,,
Kartik & Dhara,h4,2026-07-25,25-Jul END,Troovy healthy protein puffs,40,,,,
Kartik & Dhara,h4,2026-07-25,25-Jul END,Arhar/Toor dal,500,,,,
Kartik & Dhara,h4,2026-07-25,25-Jul END,Chana dal,380,,,,
Kartik & Dhara,h4,2026-07-25,25-Jul END,Millet noodles,200,,,,
Kartik & Dhara,h4,2026-07-25,25-Jul END,Coriander seeds,97,,,,
Kartik & Dhara,h4,2026-07-25,25-Jul END,Emmer wheat,1000,,,,
Kartik & Dhara,h4,2026-07-25,25-Jul END,Urad dal,500,,,,
Kartik & Dhara,h4,2026-07-25,25-Jul END,Butter,240,,,,
Kartik & Dhara,h4,2026-07-25,25-Jul END,Rajma,300,,,,
Kartik & Dhara,h4,2026-07-25,25-Jul END,Milk,1,,,,
Kartik & Dhara,h4,2026-07-25,25-Jul END,Quinoa,335,,,,
Kartik & Dhara,h4,2026-07-25,25-Jul END,Green moong,250,,,,
Kartik & Dhara,h4,2026-07-25,25-Jul END,Fennel seeds,50,,,,
Kartik & Dhara,h4,2026-07-25,25-Jul END,Biryani masala powder,120,,,,
Kartik & Dhara,h4,2026-07-25,25-Jul END,Chia seeds,250,,,,
Kartik & Dhara,h4,2026-07-25,25-Jul END,Shirataki noodles,270,,,,
Kartik & Dhara,h4,2026-07-25,25-Jul END,Mustard seeds,97,,,,
Kartik & Dhara,h4,2026-07-25,25-Jul END,Figaro olive oil,1000,,,,
Kartik & Dhara,h4,2026-07-25,25-Jul END,Black sesame oil,300,,,,
Kartik & Dhara,h4,2026-07-25,25-Jul END,Groundnut oil,370,,,,
Kartik & Dhara,h4,2026-07-25,25-Jul END,Matcha green tea,30,,,,
Kartik & Dhara,h4,2026-07-25,25-Jul END,Amaranth leaves,150,,,,
Kartik & Dhara,h4,2026-07-25,25-Jul END,Coriander,50,,,,
Kartik & Dhara,h4,2026-07-25,25-Jul END,Milk bread,1,,,,
Kartik & Dhara,h4,2026-07-25,25-Jul END,Buns,2,,,,
Kartik & Dhara,h4,2026-07-25,25-Jul END,Sourdough bread,1,,,,
Kartik & Dhara,h4,2026-07-25,25-Jul END,Akshaya cheese slices,1,,,,
Kartik & Dhara,h4,2026-07-25,25-Jul END,Orange,2,,,,
Soozy & Munz,h2,2026-07-25,25-Jul END,Cabbage,230,,,,
Soozy & Munz,h2,2026-07-25,25-Jul END,Carrot,500,,,,
Soozy & Munz,h2,2026-07-25,25-Jul END,Coriander (dhania),80,,,,
Soozy & Munz,h2,2026-07-25,25-Jul END,Cucumber,500,,,,
Soozy & Munz,h2,2026-07-25,25-Jul END,Green beans,300,,,,
Soozy & Munz,h2,2026-07-25,25-Jul END,Green capsicum,405,,,,
Soozy & Munz,h2,2026-07-25,25-Jul END,Red Label tea,0.5,,,,
Soozy & Munz,h2,2026-07-25,25-Jul END,Honey (Apis multifloral),480,,,,
Soozy & Munz,h2,2026-07-25,25-Jul END,Jalapeno peppers (Cornitos),1,,,,
Soozy & Munz,h2,2026-07-25,25-Jul END,Kala chana,315,,,,
Soozy & Munz,h2,2026-07-25,25-Jul END,Rajma,281,,,,
Soozy & Munz,h2,2026-07-25,25-Jul END,Eggs,12,,,,
Soozy & Munz,h2,2026-07-25,25-Jul END,Brown rice (jar),380,,,,
Soozy & Munz,h2,2026-07-25,25-Jul END,Sooji/rava (Aashirvaad),1,,,,
Soozy & Munz,h2,2026-07-25,25-Jul END,Chilli flakes,1,,,,
Soozy & Munz,h2,2026-07-25,25-Jul END,Oregano,1,,,,
Soozy & Munz,h2,2026-07-25,25-Jul END,Digestive biscuits,1,,,,
Soozy & Munz,h2,2026-07-25,25-Jul END,Chicken masala,1,,,,
Soozy & Munz,h2,2026-07-25,25-Jul END,Broccoli,1000,,,,
Soozy & Munz,h2,2026-07-25,25-Jul END,Curry leaves,165,,,,
Soozy & Munz,h2,2026-07-25,25-Jul END,Ginger,104,,,,
Soozy & Munz,h2,2026-07-25,25-Jul END,Green chilli,90,,,,
Soozy & Munz,h2,2026-07-25,25-Jul END,Lemon,250,,,,
Soozy & Munz,h2,2026-07-25,25-Jul END,Tomato,440,,,,
Soozy & Munz,h2,2026-07-25,25-Jul END,Cow milk (fresh),1500,,,,
Soozy & Munz,h2,2026-07-25,25-Jul END,Greek yogurt (Akshayakalpa plain),8,,,,
Soozy & Munz,h2,2026-07-25,25-Jul END,Paneer,200,,,,
Soozy & Munz,h2,2026-07-25,25-Jul END,Baby corn,205,,,,
Soozy & Munz,h2,2026-07-25,25-Jul END,Avocado,0.5,,,,
Soozy & Munz,h2,2026-07-25,25-Jul END,Almonds,275,,,,
Soozy & Munz,h2,2026-07-25,25-Jul END,Chicken breast (Licious),800,,,,
Soozy & Munz,h2,2026-07-25,25-Jul END,Hummus (NOICE Lebanese),140,,,,
Soozy & Munz,h2,2026-07-25,25-Jul END,Idli/dosa batter,750,,,,
Soozy & Munz,h2,2026-07-25,25-Jul END,Sheba cat food (salmon),1,,,,
Soozy & Munz,h2,2026-07-25,25-Jul END,Vinegar,200,,,,
Soozy & Munz,h2,2026-07-25,25-Jul END,Coconut chunks,50,,,,
Soozy & Munz,h2,2026-07-25,25-Jul END,Rolled oats,550,,,,
Soozy & Munz,h2,2026-07-25,25-Jul END,Rava idli mix (MTR),1,,,,
Soozy & Munz,h2,2026-07-25,25-Jul END,Fennel seeds,270,,,,
Soozy & Munz,h2,2026-07-25,25-Jul END,Jeera,190,,,,
Soozy & Munz,h2,2026-07-25,25-Jul END,Black pepper (whole),1,,,,
Soozy & Munz,h2,2026-07-25,25-Jul END,Chana dal,655,,,,
Soozy & Munz,h2,2026-07-25,25-Jul END,Coconut oil,0.18,,,,
Soozy & Munz,h2,2026-07-25,25-Jul END,Brown sugar,550,,,,
Soozy & Munz,h2,2026-07-25,25-Jul END,Walnuts,230,,,,
Soozy & Munz,h2,2026-07-25,25-Jul END,Gulab jamun mix,1,,,,
Soozy & Munz,h2,2026-07-25,25-Jul END,Chia seeds,340,,,,
Soozy & Munz,h2,2026-07-25,25-Jul END,Thai green paste,1,,,,
Soozy & Munz,h2,2026-07-25,25-Jul END,Chilli powder,216,,,,
Soozy & Munz,h2,2026-07-25,25-Jul END,Sugar,350,,,,
Soozy & Munz,h2,2026-07-25,25-Jul END,Maggi,1,,,,
Soozy & Munz,h2,2026-07-25,25-Jul END,Nutri Choice crackers,75,,,,
Soozy & Munz,h2,2026-07-25,25-Jul END,Yogurt,1.5,,,,
Soozy & Munz,h2,2026-07-25,25-Jul END,Boiled rice,1400,,,,
Soozy & Munz,h2,2026-07-25,25-Jul END,Sona masoori rice,200,,,,
Soozy & Munz,h2,2026-07-25,25-Jul END,Indrayani rice,520,,,,
Soozy & Munz,h2,2026-07-25,25-Jul END,Iceberg lettuce,330,,,,
Soozy & Munz,h2,2026-07-25,25-Jul END,Sun-dried tomatoes,1,,,,
Soozy & Munz,h2,2026-07-25,25-Jul END,Umami paste,1,,,,
Soozy & Munz,h2,2026-07-25,25-Jul END,Mustard sauce,300,,,,
Soozy & Munz,h2,2026-07-25,25-Jul END,Tabasco,1,,,,
Soozy & Munz,h2,2026-07-25,25-Jul END,Chilli oil,1,,,,
Soozy & Munz,h2,2026-07-25,25-Jul END,Red Bull energy drink,2,,,,
Soozy & Munz,h2,2026-07-25,25-Jul END,Origami toilet tissue,1,,,,
Soozy & Munz,h2,2026-07-25,25-Jul END,Broken cashew,100,,,,
Soozy & Munz,h2,2026-07-25,25-Jul END,Apple cider vinegar,490,,,,
Soozy & Munz,h2,2026-07-25,25-Jul END,White tahini paste,410,,,,
Soozy & Munz,h2,2026-07-25,25-Jul END,Cherry tomato,400,,,,
Soozy & Munz,h2,2026-07-25,25-Jul END,Apple,2,,,,
Soozy & Munz,h2,2026-07-25,25-Jul END,Garlic peeled,77,,,,
Soozy & Munz,h2,2026-07-25,25-Jul END,Frozen sweet corn,140,,,,
Soozy & Munz,h2,2026-07-25,25-Jul END,Sweet potato,500,,,,
Soozy & Munz,h2,2026-07-25,25-Jul END,Bisleri water 1L,17,,,,
Soozy & Munz,h2,2026-07-25,25-Jul END,Feta cheese,70,,,,
Soozy & Munz,h2,2026-07-25,25-Jul END,Thai basil,50,,,,
Soozy & Munz,h2,2026-07-25,25-Jul END,Mackerel,180,,,,
Paxal & Sana,h7,2026-07-27,27-Jul after-lunch perishable count,Mixed sprouts,123,123,,,
Paxal & Sana,h7,2026-07-27,27-Jul after-lunch perishable count,Coriander (dhania),57,57,,,
Paxal & Sana,h7,2026-07-27,27-Jul after-lunch perishable count,Green chilli,28,28,,,
Paxal & Sana,h7,2026-07-27,27-Jul after-lunch perishable count,Cabbage,128,128,,,
Paxal & Sana,h7,2026-07-27,27-Jul after-lunch perishable count,Tomato,138,138,,,
Paxal & Sana,h7,2026-07-27,27-Jul after-lunch perishable count,English cucumber,218,218,,,
Paxal & Sana,h7,2026-07-27,27-Jul after-lunch perishable count,Lemon,90,90,,,
Paxal & Sana,h7,2026-07-27,27-Jul after-lunch perishable count,Garlic,180,180,,,
Paxal & Sana,h7,2026-07-27,27-Jul after-lunch perishable count,Onion,600,600,,,
Paxal & Sana,h7,2026-07-27,27-Jul after-lunch perishable count,Potato,900,900,,,
Paxal & Sana,h7,2026-07-27,27-Jul after-lunch perishable count,Muskmelon,380,380,,,
Paxal & Sana,h7,2026-07-27,27-Jul after-lunch perishable count,Apple,308,308,,,
Paxal & Sana,h7,2026-07-27,27-Jul after-lunch perishable count,Tofu,151,151,,,
Paxal & Sana,h7,2026-07-27,27-Jul after-lunch perishable count,Amul butter,100,100,,,
Paxal & Sana,h7,2026-07-27,27-Jul after-lunch perishable count,Amul Lite butter,253,253,,,
Paxal & Sana,h7,2026-07-27,27-Jul after-lunch perishable count,Cheddar cheese block,125,125,,,
Paxal & Sana,h7,2026-07-27,27-Jul after-lunch perishable count,Paneer,250,250,,,
Paxal & Sana,h7,2026-07-27,27-Jul after-lunch perishable count,Skyr,1,1,,,
Paxal & Sana,h7,2026-07-27,27-Jul after-lunch perishable count,Goodlife slim milk,500,500,,,
Paxal & Sana,h7,2026-07-27,27-Jul after-lunch perishable count,Amul high protein dahi,288,288,,,
Paxal & Sana,h7,2026-07-27,27-Jul after-lunch perishable count,Cream,190,190,,,
Pratik & Sakshi,h8,2026-07-27,27-Jul after-lunch perishable count,Cabbage,1,1,,,
Pratik & Sakshi,h8,2026-07-27,27-Jul after-lunch perishable count,Green capsicum,120,120,,,
Pratik & Sakshi,h8,2026-07-27,27-Jul after-lunch perishable count,Thyme,50,50,,,
Pratik & Sakshi,h8,2026-07-27,27-Jul after-lunch perishable count,Tomato,160,160,,,
Pratik & Sakshi,h8,2026-07-27,27-Jul after-lunch perishable count,Beans,250,250,,,
Pratik & Sakshi,h8,2026-07-27,27-Jul after-lunch perishable count,Garlic,1,1,,,
Pratik & Sakshi,h8,2026-07-27,27-Jul after-lunch perishable count,Ginger,90,90,,,
Pratik & Sakshi,h8,2026-07-27,27-Jul after-lunch perishable count,Coriander (dhania),75,75,,,
Pratik & Sakshi,h8,2026-07-27,27-Jul after-lunch perishable count,Spring onion,100,100,,,
Pratik & Sakshi,h8,2026-07-27,27-Jul after-lunch perishable count,Green chilli,130,130,,,
Pratik & Sakshi,h8,2026-07-27,27-Jul after-lunch perishable count,Lemon,75,75,,,
Pratik & Sakshi,h8,2026-07-27,27-Jul after-lunch perishable count,Jalapeno,200,200,,,
Pratik & Sakshi,h8,2026-07-27,27-Jul after-lunch perishable count,Zucchini,1,1,,,
Pratik & Sakshi,h8,2026-07-27,27-Jul after-lunch perishable count,Curry leaves,70,70,,,
Pratik & Sakshi,h8,2026-07-27,27-Jul after-lunch perishable count,Cucumber,250,250,,,
Pratik & Sakshi,h8,2026-07-27,27-Jul after-lunch perishable count,Bhaji mirch (green chilli),250,250,,,
Pratik & Sakshi,h8,2026-07-27,27-Jul after-lunch perishable count,Bottle gourd,1,1,,,
Pratik & Sakshi,h8,2026-07-27,27-Jul after-lunch perishable count,Baby potato,10,10,,,
Pratik & Sakshi,h8,2026-07-27,27-Jul after-lunch perishable count,Potato,600,600,,,
Pratik & Sakshi,h8,2026-07-27,27-Jul after-lunch perishable count,Onion,450,450,,,
Pratik & Sakshi,h8,2026-07-27,27-Jul after-lunch perishable count,Edamame (frozen),365,365,,,
Pratik & Sakshi,h8,2026-07-27,27-Jul after-lunch perishable count,Kiwi,1,1,,,
Pratik & Sakshi,h8,2026-07-27,27-Jul after-lunch perishable count,Soft tofu,300,300,,,
Pratik & Sakshi,h8,2026-07-27,27-Jul after-lunch perishable count,Hard tofu,200,200,,,
Pratik & Sakshi,h8,2026-07-27,27-Jul after-lunch perishable count,Eggs,10,10,,,
Pratik & Sakshi,h8,2026-07-27,27-Jul after-lunch perishable count,Protein powder,365,365,,,
Pratik & Sakshi,h8,2026-07-27,27-Jul after-lunch perishable count,Wheat bread,6,6,,,
Kartik & Dhara,h4,2026-07-25,25-Jul END,Haricot beans,250,250,,,
Disha & Anirudh,h3,2026-07-25,25-Jul END (Sat close),Haricot beans,250,250,,,
Shunyam & Ishan - latest,h1b,2026-07-28,28-Jul EOD count,Green chilli,100,100,,,
Shunyam & Ishan - latest,h1b,2026-07-28,28-Jul EOD count,Onion,5,5,,,
Shunyam & Ishan - latest,h1b,2026-07-28,28-Jul EOD count,Potato,4,4,,,
Shunyam & Ishan - latest,h1b,2026-07-28,28-Jul EOD count,Tomato,500,500,,,
Shunyam & Ishan - latest,h1b,2026-07-28,28-Jul EOD count,Spring onion,100,100,,,
Shunyam & Ishan - latest,h1b,2026-07-28,28-Jul EOD count,Green capsicum,1,1,,,
Shunyam & Ishan - latest,h1b,2026-07-28,28-Jul EOD count,Garlic,125,125,,,
Shunyam & Ishan - latest,h1b,2026-07-28,28-Jul EOD count,Curd (Akshayakalpa),100,100,,,
Pratik & Sakshi,h8,2026-07-28,28-Jul after-lunch (partial mega),Tomato,1350,1350,,,
Pratik & Sakshi,h8,2026-07-28,28-Jul after-lunch (partial mega),Butter,300,300,,,
Pratik & Sakshi,h8,2026-07-28,28-Jul after-lunch (partial mega),Zero maida bread,250,250,,,
Pratik & Sakshi,h8,2026-07-28,28-Jul after-lunch (partial mega),Onion,940,940,,,
Pratik & Sakshi,h8,2026-07-28,28-Jul after-lunch (partial mega),Coriander (dhania),70,70,,,
Pratik & Sakshi,h8,2026-07-28,28-Jul after-lunch (partial mega),English cucumber,550,550,,,
Pratik & Sakshi,h8,2026-07-28,28-Jul after-lunch (partial mega),Carrot,700,700,,,
Pratik & Sakshi,h8,2026-07-28,28-Jul after-lunch (partial mega),Watermelon (cut),0.5,0.5,,,
Pratik & Sakshi,h8,2026-07-28,28-Jul after-lunch (partial mega),Rocket leaves (arugula),50,50,,,
Pratik & Sakshi,h8,2026-07-28,28-Jul after-lunch (partial mega),Orange,4,4,,,
Pratik & Sakshi,h8,2026-07-28,28-Jul after-lunch (partial mega),Mint,85,85,,,
Pratik & Sakshi,h8,2026-07-28,28-Jul after-lunch (partial mega),Spring onion,70,70,,,
Pratik & Sakshi,h8,2026-07-28,28-Jul after-lunch (partial mega),Longan,50,50,,,
Pratik & Sakshi,h8,2026-07-28,28-Jul after-lunch (partial mega),Blueberry,125,125,,,
Pratik & Sakshi,h8,2026-07-28,28-Jul after-lunch (partial mega),Strawberry,4,4,,,
Pratik & Sakshi,h8,2026-07-28,28-Jul after-lunch (partial mega),Mango,2,2,,,
Pratik & Sakshi,h8,2026-07-28,28-Jul after-lunch (partial mega),Kiwi,4,4,,,
Pratik & Sakshi,h8,2026-07-28,28-Jul after-lunch (partial mega),Apple,1,1,,,
Pratik & Sakshi,h8,2026-07-28,28-Jul after-lunch (partial mega),Pomegranate,1,1,,,
Pratik & Sakshi,h8,2026-07-28,28-Jul after-lunch (partial mega),Jalapeno,200,200,,,
Pratik & Sakshi,h8,2026-07-28,28-Jul after-lunch (partial mega),Lemon,1.5,1.5,,,
Pratik & Sakshi,h8,2026-07-28,28-Jul after-lunch (partial mega),Eggs,8,8,,,
Pratik & Sakshi,h8,2026-07-28,28-Jul after-lunch (partial mega),Bottle gourd,1,1,,,
Pratik & Sakshi,h8,2026-07-28,28-Jul after-lunch (partial mega),Zucchini,1,1,,,
Pratik & Sakshi,h8,2026-07-28,28-Jul after-lunch (partial mega),Bhaji mirch (green chilli),250,250,,,
Pratik & Sakshi,h8,2026-07-28,28-Jul after-lunch (partial mega),Iceberg lettuce,1,1,,,
Pratik & Sakshi,h8,2026-07-28,28-Jul after-lunch (partial mega),Suchali country sourdough loaf,1,1,,,
Pratik & Sakshi,h8,2026-07-28,28-Jul after-lunch (partial mega),Green capsicum,1,1,,,
Pratik & Sakshi,h8,2026-07-28,28-Jul after-lunch (partial mega),Red capsicum,1,1,,,
Pratik & Sakshi,h8,2026-07-28,28-Jul after-lunch (partial mega),Yellow capsicum,1,1,,,
Pratik & Sakshi,h8,2026-07-28,28-Jul after-lunch (partial mega),Thyme,45,45,,,
Pratik & Sakshi,h8,2026-07-28,28-Jul after-lunch (partial mega),Rosemary,50,50,,,
Pratik & Sakshi,h8,2026-07-28,28-Jul after-lunch (partial mega),Green chilli,80,80,,,
Pratik & Sakshi,h8,2026-07-28,28-Jul after-lunch (partial mega),Ginger,74,74,,,
Pratik & Sakshi,h8,2026-07-28,28-Jul after-lunch (partial mega),Potato,616,616,,,
Pratik & Sakshi,h8,2026-07-28,28-Jul after-lunch (partial mega),Baby potato,10,10,,,
Pratik & Sakshi,h8,2026-07-28,28-Jul after-lunch (partial mega),Garlic,116,116,,,
Pratik & Sakshi,h8,2026-07-28,28-Jul after-lunch (partial mega),Cherry tomato,36,36,,,
Pratik & Sakshi,h8,2026-07-28,28-Jul after-lunch (partial mega),Pumpkin,700,700,,,
Pratik & Sakshi,h8,2026-07-28,28-Jul after-lunch (partial mega),Muskmelon,600,600,,,
Pratik & Sakshi,h8,2026-07-28,28-Jul after-lunch (partial mega),Papaya,900,900,,,
Pratik & Sakshi,h8,2026-07-28,28-Jul after-lunch (partial mega),Banana (Yelakki),500,500,,,
Pratik & Sakshi,h8,2026-07-28,28-Jul after-lunch (partial mega),Frozen sweet corn,400,400,,,
Pratik & Sakshi,h8,2026-07-28,28-Jul after-lunch (partial mega),Frozen peas (Sapal Mudra),500,500,,,
Pratik & Sakshi,h8,2026-07-28,28-Jul after-lunch (partial mega),Idli/dosa batter,1000,1000,,,
Soozy & Munz,h2,2026-07-29,29-Jul after-meals count,Coconut milk (unsweetened),250,250,,,
Soozy & Munz,h2,2026-07-29,29-Jul after-meals count,Yoga Bar muesli,1000,1000,,,
Soozy & Munz,h2,2026-07-29,29-Jul after-meals count,Sardine,189,189,,,
Soozy & Munz,h2,2026-07-29,29-Jul after-meals count,Green peas,500,500,,,
Soozy & Munz,h2,2026-07-29,29-Jul after-meals count,Sweet corn,108,108,,,
Soozy & Munz,h2,2026-07-29,29-Jul after-meals count,Garlic,597,597,,,
Soozy & Munz,h2,2026-07-29,29-Jul after-meals count,Peeled garlic (pack),67,67,,,
Soozy & Munz,h2,2026-07-29,29-Jul after-meals count,Potato,1200,1200,,,
Soozy & Munz,h2,2026-07-29,29-Jul after-meals count,Sweet potato,696,696,,,
Soozy & Munz,h2,2026-07-29,29-Jul after-meals count,Ginger,322,322,,,
Soozy & Munz,h2,2026-07-29,29-Jul after-meals count,Curry leaves,195,195,,,
Soozy & Munz,h2,2026-07-29,29-Jul after-meals count,Lemon,121,121,,,
Soozy & Munz,h2,2026-07-29,29-Jul after-meals count,Green capsicum,382,382,,,
Soozy & Munz,h2,2026-07-29,29-Jul after-meals count,Tomato,220,220,,,
Soozy & Munz,h2,2026-07-29,29-Jul after-meals count,Thai basil,38,38,,,
Soozy & Munz,h2,2026-07-29,29-Jul after-meals count,Broccoli,695,695,,,
Soozy & Munz,h2,2026-07-29,29-Jul after-meals count,Cabbage,221,221,,,
Soozy & Munz,h2,2026-07-29,29-Jul after-meals count,Green chilli,104,104,,,
Soozy & Munz,h2,2026-07-29,29-Jul after-meals count,Zucchini,347,347,,,
Soozy & Munz,h2,2026-07-29,29-Jul after-meals count,Iceberg lettuce,323,323,,,
Soozy & Munz,h2,2026-07-29,29-Jul after-meals count,Spring onion,138,138,,,
Soozy & Munz,h2,2026-07-29,29-Jul after-meals count,French beans,224,224,,,
Soozy & Munz,h2,2026-07-29,29-Jul after-meals count,Coriander (dhania),53,53,,,
Soozy & Munz,h2,2026-07-29,29-Jul after-meals count,Carrot,200,200,,,
Soozy & Munz,h2,2026-07-29,29-Jul after-meals count,Table butter (Milky Mist),4,4,,,
Soozy & Munz,h2,2026-07-29,29-Jul after-meals count,Eggs,4,4,,,
Soozy & Munz,h2,2026-07-29,29-Jul after-meals count,Baby corn,194,194,,,
Soozy & Munz,h2,2026-07-29,29-Jul after-meals count,Cherry tomato,383,383,,,
Soozy & Munz,h2,2026-07-29,29-Jul after-meals count,Paneer,200,200,,,
Soozy & Munz,h2,2026-07-29,29-Jul after-meals count,Greek yogurt (Milky Mist),580,580,,,
Soozy & Munz,h2,2026-07-29,29-Jul after-meals count,Greek yogurt (Akshayakalpa plain),6,6,,,
Soozy & Munz,h2,2026-07-29,29-Jul after-meals count,Skyr (Milky Mist),1,1,,,
Soozy & Munz,h2,2026-07-29,29-Jul after-meals count,Feta cheese,100,100,,,
Soozy & Munz,h2,2026-07-29,29-Jul after-meals count,Hard cheese,100,100,,,
Soozy & Munz,h2,2026-07-29,29-Jul after-meals count,Cow milk (fresh),2500,2500,,,
Soozy & Munz,h2,2026-07-29,29-Jul after-meals count,Blue Tokai coffee (Attikan),120,120,,,
Soozy & Munz,h2,2026-07-29,29-Jul after-meals count,Banana,605,605,,,
Soozy & Munz,h2,2026-07-29,29-Jul after-meals count,Onion,869,869,,,
Soozy & Munz,h2,2026-07-29,29-Jul after-meals count,Cauliflower,288,288,,,
Soozy & Munz,h2,2026-07-29,29-Jul after-meals count,Rolled oats,587,587,,,
Soozy & Munz,h2,2026-07-29,29-Jul after-meals count,Light olive oil (Del Monte),0.5,0.5,,,
Shunyam & Ishan - latest,h1b,2026-07-29,29-Jul EOD count,Eggs,2,2,,,
Shunyam & Ishan - latest,h1b,2026-07-29,29-Jul EOD count,Milk,1000,1000,,,
Shunyam & Ishan - latest,h1b,2026-07-29,29-Jul EOD count,Curd (Akshayakalpa),200,200,,,
Shunyam & Ishan - latest,h1b,2026-07-29,29-Jul EOD count,Coriander,50,50,,,
Shunyam & Ishan - latest,h1b,2026-07-29,29-Jul EOD count,Curry leaves,100,100,,,
Shunyam & Ishan - latest,h1b,2026-07-29,29-Jul EOD count,Tomato,1000,1000,,,
Shunyam & Ishan - latest,h1b,2026-07-29,29-Jul EOD count,Spring onion,100,100,,,
Shunyam & Ishan - latest,h1b,2026-07-29,29-Jul EOD count,Carrot,500,500,,,
Shunyam & Ishan - latest,h1b,2026-07-29,29-Jul EOD count,Green capsicum,0.5,0.5,,,
Shunyam & Ishan - latest,h1b,2026-07-29,29-Jul EOD count,Haricot beans,125,125,,,
Shunyam & Ishan - latest,h1b,2026-07-29,29-Jul EOD count,Ginger,150,150,,,
Shunyam & Ishan - latest,h1b,2026-07-29,29-Jul EOD count,Green chilli,100,100,,,
Shunyam & Ishan - latest,h1b,2026-07-29,29-Jul EOD count,Zucchini,2,2,,,
Shunyam & Ishan - latest,h1b,2026-07-29,29-Jul EOD count,Protein Chef high-protein bread,2,2,,,
Shunyam & Ishan - latest,h1b,2026-07-29,29-Jul EOD count,Olive oil (Borges Extra Virgin),0,0,,,
Shunyam & Ishan - latest,h1b,2026-07-29,29-Jul EOD count,Ghee (Akshayakalpa),0,0,,,
Shunyam & Ishan - latest,h1b,2026-07-29,29-Jul EOD count,Butter (Amul),0,0,,,
Pratik & Sakshi,h8,2026-07-29,29-Jul count+order,Strawberry,3,3,,,
Pratik & Sakshi,h8,2026-07-29,29-Jul count+order,Kiwi,2,2,,,
Pratik & Sakshi,h8,2026-07-29,29-Jul count+order,Orange,4,4,,,
Pratik & Sakshi,h8,2026-07-29,29-Jul count+order,Blueberry,80,80,,,
Pratik & Sakshi,h8,2026-07-29,29-Jul count+order,Longan,80,80,,,
Pratik & Sakshi,h8,2026-07-29,29-Jul count+order,Apple,1,1,,,
Pratik & Sakshi,h8,2026-07-29,29-Jul count+order,Mango,1,1,,,
Pratik & Sakshi,h8,2026-07-29,29-Jul count+order,Pomegranate,1,1,,,
Pratik & Sakshi,h8,2026-07-29,29-Jul count+order,Mint,80,80,,,
Pratik & Sakshi,h8,2026-07-29,29-Jul count+order,Red capsicum,1,1,,,
Pratik & Sakshi,h8,2026-07-29,29-Jul count+order,Yellow capsicum,1,1,,,
Pratik & Sakshi,h8,2026-07-29,29-Jul count+order,Lemon,3,3,,,
Pratik & Sakshi,h8,2026-07-29,29-Jul count+order,Carrot,500,500,,,
Pratik & Sakshi,h8,2026-07-29,29-Jul count+order,Coriander (dhania),100,100,,,
Pratik & Sakshi,h8,2026-07-29,29-Jul count+order,Bottle gourd,0.75,0.75,,,
Pratik & Sakshi,h8,2026-07-29,29-Jul count+order,Pumpkin,330,330,,,
Pratik & Sakshi,h8,2026-07-29,29-Jul count+order,Potato,400,400,,,
Pratik & Sakshi,h8,2026-07-29,29-Jul count+order,Baby potato,8,8,,,
Pratik & Sakshi,h8,2026-07-29,29-Jul count+order,Onion,2100,2100,,,
Pratik & Sakshi,h8,2026-07-29,29-Jul count+order,Tomato,5,5,,,
Pratik & Sakshi,h8,2026-07-29,29-Jul count+order,Garlic,1,1,,,
Pratik & Sakshi,h8,2026-07-29,29-Jul count+order,Paneer,300,300,,,
Pratik & Sakshi,h8,2026-07-29,29-Jul count+order,Butter,200,200,,,
Pratik & Sakshi,h8,2026-07-29,29-Jul count+order,Ginger,274,274,,,
Pratik & Sakshi,h8,2026-07-29,29-Jul count+order,Spinach,250,250,,,
Pratik & Sakshi,h8,2026-07-29,29-Jul count+order,Italian basil,50,50,,,
Pratik & Sakshi,h8,2026-07-29,29-Jul count+order,Button mushroom,200,200,,,
Pratik & Sakshi,h8,2026-07-29,29-Jul count+order,Ooty beetroot,250,250,,,
Pratik & Sakshi,h8,2026-07-29,29-Jul count+order,Haricot beans,250,250,,,
Pratik & Sakshi,h8,2026-07-29,29-Jul count+order,Radish,250,250,,,
Pratik & Sakshi,h8,2026-07-29,29-Jul count+order,Cauliflower,1,1,,,
Pratik & Sakshi,h8,2026-07-29,29-Jul count+order,Broccoli,1,1,,,
Pratik & Sakshi,h8,2026-07-29,29-Jul count+order,Athena Greek yogurt,300,300,,,
Shunyam & Ishan - latest,h1b,2026-07-30,30-Jul EOD count,Fresh cream,250,250,,,
Shunyam & Ishan - latest,h1b,2026-07-30,30-Jul EOD count,Vaal dal,150,150,,,
Shunyam & Ishan - latest,h1b,2026-07-30,30-Jul EOD count,Spinach,200,200,,,
Shunyam & Ishan - latest,h1b,2026-07-30,30-Jul EOD count,Onion,1000,1000,,,
Shunyam & Ishan - latest,h1b,2026-07-30,30-Jul EOD count,Bottle gourd,0.5,0.5,,,
Shunyam & Ishan - latest,h1b,2026-07-30,30-Jul EOD count,Garlic,100,100,,,
Shunyam & Ishan - latest,h1b,2026-07-30,30-Jul EOD count,Potato,1000,1000,,,
Shunyam & Ishan - latest,h1b,2026-07-30,30-Jul EOD count,Green kiwi,3,3,,,
Shunyam & Ishan - latest,h1b,2026-07-30,30-Jul EOD count,Carrot,2,2,,,
Shunyam & Ishan - latest,h1b,2026-07-30,30-Jul EOD count,Green capsicum,1,1,,,
Shunyam & Ishan - latest,h1b,2026-07-30,30-Jul EOD count,Ginger,100,100,,,
Shunyam & Ishan - latest,h1b,2026-07-30,30-Jul EOD count,Lemon,150,150,,,
Shunyam & Ishan - latest,h1b,2026-07-30,30-Jul EOD count,Frozen green peas (Safal),300,300,,,
Shunyam & Ishan - latest,h1b,2026-07-30,30-Jul EOD count,Sweet corn (peeled),250,250,,,
Shunyam & Ishan - latest,h1b,2026-07-30,30-Jul EOD count,Milk,500,500,,,
Shunyam & Ishan - latest,h1b,2026-07-30,30-Jul EOD count,Curd (Akshayakalpa),300,300,,,
Shunyam & Ishan - latest,h1b,2026-07-30,30-Jul EOD count,Eggs,2,2,,,
Shunyam & Ishan - latest,h1b,2026-07-30,30-Jul EOD count,Tomato,2,2,,,
Shunyam & Ishan - latest,h1b,2026-07-30,30-Jul EOD count,Protein Chef high-protein bread,2,2,,,
Shunyam & Ishan - latest,h1b,2026-07-30,30-Jul EOD count,Amul cheese,1,1,,,
Shunyam & Ishan - latest,h1b,2026-07-31,31-Jul EOD count (after all meals),Garlic,100,300,,,
Shunyam & Ishan - latest,h1b,2026-07-31,31-Jul EOD count (after all meals),Carrot,2,3,,,
Shunyam & Ishan - latest,h1b,2026-07-31,31-Jul EOD count (after all meals),Onion,1000,2000,,,
Shunyam & Ishan - latest,h1b,2026-07-31,31-Jul EOD count (after all meals),Tomato,2,2,,,
Shunyam & Ishan - latest,h1b,2026-07-31,31-Jul EOD count (after all meals),Green capsicum,1,0.5,,,
Shunyam & Ishan - latest,h1b,2026-07-31,31-Jul EOD count (after all meals),Lemon,150,250,,,
Shunyam & Ishan - latest,h1b,2026-07-31,31-Jul EOD count (after all meals),Haricot beans,125,200,,,
Shunyam & Ishan - latest,h1b,2026-07-31,31-Jul EOD count (after all meals),Zucchini,2,2,,,
Shunyam & Ishan - latest,h1b,2026-07-31,31-Jul EOD count (after all meals),Bottle gourd,0.5,0.5,,,
Shunyam & Ishan - latest,h1b,2026-07-31,31-Jul EOD count (after all meals),Protein Chef high-protein bread,2,2,,,
Shunyam & Ishan - latest,h1b,2026-07-31,31-Jul EOD count (after all meals),Aashirvaad atta (2kg),2000,2000,,,
Shunyam & Ishan - latest,h1b,2026-07-31,31-Jul EOD count (after all meals),Spring onion,100,50,,,
Shunyam & Ishan - latest,h1b,2026-07-31,31-Jul EOD count (after all meals),Coriander,50,50,,,
Shunyam & Ishan - latest,h1b,2026-07-31,31-Jul EOD count (after all meals),Curry leaves,100,100,,,
Shunyam & Ishan - latest,h1b,2026-07-31,31-Jul EOD count (after all meals),Peanuts,200,200,,,
Shunyam & Ishan - latest,h1b,2026-07-31,31-Jul EOD count (after all meals),Tomato ketchup,1,1,,,
Shunyam & Ishan - latest,h1b,2026-07-31,31-Jul EOD count (after all meals),Vermicelli,50,1,,,
Shunyam & Ishan - latest,h1b,2026-07-31,31-Jul EOD count (after all meals),Salt,500,1,,,
Shunyam & Ishan - latest,h1b,2026-07-31,31-Jul EOD count (after all meals),Chilli powder,100,1,,,
Shunyam & Ishan - latest,h1b,2026-07-31,31-Jul EOD count (after all meals),Coriander powder,32,1,,,
Shunyam & Ishan - latest,h1b,2026-07-31,31-Jul EOD count (after all meals),Rava,,1,,,
Shunyam & Ishan - latest,h1b,2026-07-31,31-Jul EOD count (after all meals),Chicken breast (boneless),500,500,,,
Shunyam & Ishan - latest,h1b,2026-07-31,31-Jul EOD count (after all meals),Sweet corn (peeled),250,250,,,
Shunyam & Ishan - latest,h1b,2026-07-31,31-Jul EOD count (after all meals),Frozen green peas (Safal),300,300,,,
Shunyam & Ishan - latest,h1b,2026-07-31,31-Jul EOD count (after all meals),Curd (Akshayakalpa),300,300,,,
Shunyam & Ishan - latest,h1b,2026-07-31,31-Jul EOD count (after all meals),Ginger,100,100,,,
Shunyam & Ishan - latest,h1b,2026-07-31,31-Jul EOD count (after all meals),Potato,1000,1000,,,
Shunyam & Ishan - latest,h1b,2026-07-31,31-Jul EOD count (after all meals),Moong dal,400,400,,,
Shunyam & Ishan - latest,h1b,2026-07-31,31-Jul EOD count (after all meals),White dal (moong),150,150,,,
Shunyam & Ishan - latest,h1b,2026-07-31,31-Jul EOD count (after all meals),Rajma (red kidney beans),250,250,,,
Shunyam & Ishan - latest,h1b,2026-07-31,31-Jul EOD count (after all meals),Chana dal,750,750,,,
Rahul & Radhika,h5,2026-07-31,31-Jul perishable count (after all meals),Button mushroom,150,200,,,
Rahul & Radhika,h5,2026-07-31,31-Jul perishable count (after all meals),Red cabbage,0,50,,,
Rahul & Radhika,h5,2026-07-31,31-Jul perishable count (after all meals),Cabbage,550,0.5,,,
Rahul & Radhika,h5,2026-07-31,31-Jul perishable count (after all meals),Broccoli,0,0.5,,,
Rahul & Radhika,h5,2026-07-31,31-Jul perishable count (after all meals),Ginger,235,200,,,
Rahul & Radhika,h5,2026-07-31,31-Jul perishable count (after all meals),Curry leaves,45,30,,,
Rahul & Radhika,h5,2026-07-31,31-Jul perishable count (after all meals),Cherry tomato,365,100,,,
Rahul & Radhika,h5,2026-07-31,31-Jul perishable count (after all meals),Tomato,1730,1000,,,
Rahul & Radhika,h5,2026-07-31,31-Jul perishable count (after all meals),Sweet corn,1,1,,,
Rahul & Radhika,h5,2026-07-31,31-Jul perishable count (after all meals),Garlic peeled,140,100,,,
Rahul & Radhika,h5,2026-07-31,31-Jul perishable count (after all meals),Cucumber,0,6,,,
Rahul & Radhika,h5,2026-07-31,31-Jul perishable count (after all meals),Beetroot,250,2,,,
Rahul & Radhika,h5,2026-07-31,31-Jul perishable count (after all meals),Cauliflower,1,100,,,
Rahul & Radhika,h5,2026-07-31,31-Jul perishable count (after all meals),Bottle gourd,1175,0.75,,,
Rahul & Radhika,h5,2026-07-31,31-Jul perishable count (after all meals),Eggs (free-range brown),13,13,,,
Rahul & Radhika,h5,2026-07-31,31-Jul perishable count (after all meals),Potato,500,4,,,
Rahul & Radhika,h5,2026-07-31,31-Jul perishable count (after all meals),Garlic,1,1.5,,,
Rahul & Radhika,h5,2026-07-31,31-Jul perishable count (after all meals),Banana (Yellaki),540,4,,,
Rahul & Radhika,h5,2026-07-31,31-Jul perishable count (after all meals),Pomegranate,1,1,,,
Rahul & Radhika,h5,2026-07-31,31-Jul perishable count (after all meals),Apple (Granny Smith),2,1,,,
Rahul & Radhika,h5,2026-07-31,31-Jul perishable count (after all meals),Apple,2,2,,,
Rahul & Radhika,h5,2026-07-31,31-Jul perishable count (after all meals),Kiwi,1,1,,,
Rahul & Radhika,h5,2026-07-31,31-Jul perishable count (after all meals),Orange,1,1,,,
Rahul & Radhika,h5,2026-07-31,31-Jul perishable count (after all meals),Mosambi,1,1,,,
Rahul & Radhika,h5,2026-07-31,31-Jul perishable count (after all meals),Milky Mist Skyr,3.7,4,,,
Rahul & Radhika,h5,2026-07-31,31-Jul perishable count (after all meals),Epigamia Greek yogurt (mixed berries),2,2,,,
Rahul & Radhika,h5,2026-07-31,31-Jul perishable count (after all meals),Strawberry yogurt,1,1,,,
Rahul & Radhika,h5,2026-07-31,31-Jul perishable count (after all meals),Epigamia Greek yogurt (natural),0.5,1,,,
Rahul & Radhika,h5,2026-07-31,31-Jul perishable count (after all meals),Carrot,800,500,,,
Rahul & Radhika,h5,2026-07-31,31-Jul perishable count (after all meals),French beans,220,100,,,
Rahul & Radhika,h5,2026-07-31,31-Jul perishable count (after all meals),Green capsicum,162,86,,,
Rahul & Radhika,h5,2026-07-31,31-Jul perishable count (after all meals),Yellow capsicum,75,40,,,
Rahul & Radhika,h5,2026-07-31,31-Jul perishable count (after all meals),Red capsicum,45,24,,,
Rahul & Radhika,h5,2026-07-31,31-Jul perishable count (after all meals),Iceberg lettuce,275,0,,,
Rahul & Radhika,h5,2026-07-31,31-Jul perishable count (after all meals),Sambar veg combo,1,0,,,
Rahul & Radhika,h5,2026-07-31,31-Jul perishable count (after all meals),Pumpkin (cut),75,0,,,
Rahul & Radhika,h5,2026-07-31,31-Jul perishable count (after all meals),Coriander (dhania),145,80,,,
Rahul & Radhika,h5,2026-07-31,31-Jul perishable count (after all meals),Mint,65,40,,,
Rahul & Radhika,h5,2026-07-31,31-Jul perishable count (after all meals),Basil,50,40,,,
Rahul & Radhika,h5,2026-07-31,31-Jul perishable count (after all meals),Dill (sabbasige),100,80,,,
Rahul & Radhika,h5,2026-07-31,31-Jul perishable count (after all meals),Parsley,70,50,,,
Rahul & Radhika,h5,2026-07-31,31-Jul perishable count (after all meals),Fresh methi,150,150,,,
Rahul & Radhika,h5,2026-07-31,31-Jul perishable count (after all meals),Spinach,120,100,,,
Rahul & Radhika,h5,2026-07-31,31-Jul perishable count (after all meals),Onion,60,60,,,
Rahul & Radhika,h5,2026-07-31,31-Jul perishable count (after all meals),Green chilli,59,59,,,
Rahul & Radhika,h5,2026-07-31,31-Jul perishable count (after all meals),Lemon,115,1,,,
Rahul & Radhika,h5,2026-07-31,31-Jul perishable count (after all meals),Coccinia (ivy gourd),100,100,,,
Rahul & Radhika,h5,2026-07-31,31-Jul perishable count (after all meals),Jackfruit (ripe bulb),100,100,,,
Rahul & Radhika,h5,2026-07-31,31-Jul perishable count (after all meals),Cucumber,6,6,,,
Rahul & Radhika,h5,2026-07-31,31-Jul perishable count (after all meals),Green lettuce,60,0,,,
Rahul & Radhika,h5,2026-07-31,31-Jul perishable count (after all meals),Blueberry (imported),125,0,,,
Rahul & Radhika,h5,2026-07-31,31-Jul perishable count (after all meals),Watermelon,0.7,0,,,
Rahul & Radhika,h5,2026-07-31,31-Jul perishable count (after all meals),Indian plum,250,0,,,
Rahul & Radhika,h5,2026-07-31,31-Jul perishable count (after all meals),English cucumber,800,0,,,
Soozy & Munz,h2,2026-08-01,1-Aug master inventory count (after all meals),Coriander (dhania),,80,,,
Soozy & Munz,h2,2026-08-01,1-Aug master inventory count (after all meals),Cow milk (fresh),,500,,,
Soozy & Munz,h2,2026-08-01,1-Aug master inventory count (after all meals),Button mushroom,,120,,,
Soozy & Munz,h2,2026-08-01,1-Aug master inventory count (after all meals),Greek yogurt (Milky Mist),,500,,,
Soozy & Munz,h2,2026-08-01,1-Aug master inventory count (after all meals),Greek yogurt (Akshayakalpa plain),,4,,,
Soozy & Munz,h2,2026-08-01,1-Aug master inventory count (after all meals),Idli/dosa batter,,500,,,
Soozy & Munz,h2,2026-08-01,1-Aug master inventory count (after all meals),Eggs,,6,,,
Soozy & Munz,h2,2026-08-01,1-Aug master inventory count (after all meals),Peeled garlic (pack),,50,,,
Soozy & Munz,h2,2026-08-01,1-Aug master inventory count (after all meals),Coconut chunks,,100,,,
Soozy & Munz,h2,2026-08-01,1-Aug master inventory count (after all meals),Cherry tomato,,372,,,
Soozy & Munz,h2,2026-08-01,1-Aug master inventory count (after all meals),Red cabbage,,80,,,
Soozy & Munz,h2,2026-08-01,1-Aug master inventory count (after all meals),Thai basil,,34,,,
Soozy & Munz,h2,2026-08-01,1-Aug master inventory count (after all meals),Green chilli,,80,,,
Soozy & Munz,h2,2026-08-01,1-Aug master inventory count (after all meals),Tomato,,400,,,
Soozy & Munz,h2,2026-08-01,1-Aug master inventory count (after all meals),Rosemary (fresh),,13,,,
Soozy & Munz,h2,2026-08-01,1-Aug master inventory count (after all meals),Cucumber,,1000,,,
Soozy & Munz,h2,2026-08-01,1-Aug master inventory count (after all meals),French beans,,80,,,
Soozy & Munz,h2,2026-08-01,1-Aug master inventory count (after all meals),Spring onion,,137,,,
Soozy & Munz,h2,2026-08-01,1-Aug master inventory count (after all meals),Green capsicum,,370,,,
Soozy & Munz,h2,2026-08-01,1-Aug master inventory count (after all meals),Lemon,,90,,,
Soozy & Munz,h2,2026-08-01,1-Aug master inventory count (after all meals),Ginger,,200,,,
Soozy & Munz,h2,2026-08-01,1-Aug master inventory count (after all meals),Sweet potato,,240,,,
Soozy & Munz,h2,2026-08-01,1-Aug master inventory count (after all meals),Onion,,800,,,
Soozy & Munz,h2,2026-08-01,1-Aug master inventory count (after all meals),Garlic,,565,,,
Soozy & Munz,h2,2026-08-01,1-Aug master inventory count (after all meals),Potato,,1000,,,
Soozy & Munz,h2,2026-08-01,1-Aug master inventory count (after all meals),Parmesan cheese (D'lecta),,112,,,
Soozy & Munz,h2,2026-08-01,1-Aug master inventory count (after all meals),Sardine,,188,,,
Soozy & Munz,h2,2026-08-01,1-Aug master inventory count (after all meals),Frozen sweet corn,,100,,,
Soozy & Munz,h2,2026-08-01,1-Aug master inventory count (after all meals),Prawns,,163,,,
Soozy & Munz,h2,2026-08-01,1-Aug master inventory count (after all meals),Frozen green peas (Safal),,500,,,
Soozy & Munz,h2,2026-08-01,1-Aug master inventory count (after all meals),Indrayani rice,,376,,,
Soozy & Munz,h2,2026-08-01,1-Aug master inventory count (after all meals),Boiled rice,,1200,,,
Soozy & Munz,h2,2026-08-01,1-Aug master inventory count (after all meals),Brown rice (jar),,300,,,
Soozy & Munz,h2,2026-08-01,1-Aug master inventory count (after all meals),Brown rice (Organic Tattva sonamasuri),,1000,,,
Soozy & Munz,h2,2026-08-01,1-Aug master inventory count (after all meals),Rice flour (24 Mantra),,1000,,,
Soozy & Munz,h2,2026-08-01,1-Aug master inventory count (after all meals),Aashirvaad atta,,5000,,,
Soozy & Munz,h2,2026-08-01,1-Aug master inventory count (after all meals),Atta,,700,,,
Soozy & Munz,h2,2026-08-01,1-Aug master inventory count (after all meals),Besan,,500,,,
Soozy & Munz,h2,2026-08-01,1-Aug master inventory count (after all meals),Poha,,500,,,
Soozy & Munz,h2,2026-08-01,1-Aug master inventory count (after all meals),Quinoa,,500,,,
Soozy & Munz,h2,2026-08-01,1-Aug master inventory count (after all meals),Yoga Bar muesli,,681,,,
Soozy & Munz,h2,2026-08-01,1-Aug master inventory count (after all meals),Muesli,,80,,,
Soozy & Munz,h2,2026-08-01,1-Aug master inventory count (after all meals),Chana dal,,287,,,
Soozy & Munz,h2,2026-08-01,1-Aug master inventory count (after all meals),White moong dal,,128,,,
Soozy & Munz,h2,2026-08-01,1-Aug master inventory count (after all meals),Rajma,,270,,,
Soozy & Munz,h2,2026-08-01,1-Aug master inventory count (after all meals),Raisins,,150,,,
Soozy & Munz,h2,2026-08-01,1-Aug master inventory count (after all meals),Almonds,,34,,,
Soozy & Munz,h2,2026-08-01,1-Aug master inventory count (after all meals),Walnuts,,80,,,
Soozy & Munz,h2,2026-08-01,1-Aug master inventory count (after all meals),Cashews,,120,,,
Soozy & Munz,h2,2026-08-01,1-Aug master inventory count (after all meals),Peanuts,,132,,,
Soozy & Munz,h2,2026-08-01,1-Aug master inventory count (after all meals),Chia seeds,,20,,,
Soozy & Munz,h2,2026-08-01,1-Aug master inventory count (after all meals),White sesame seeds (Whole Farm),,188,,,
Soozy & Munz,h2,2026-08-01,1-Aug master inventory count (after all meals),Whey protein,,1000,,,
Soozy & Munz,h2,2026-08-01,1-Aug master inventory count (after all meals),Monk fruit sweetener (Metano),,1,,,
Soozy & Munz,h2,2026-08-01,1-Aug master inventory count (after all meals),Blue Tokai coffee (Attikan),,70,,,
Soozy & Munz,h2,2026-08-01,1-Aug master inventory count (after all meals),Coffee (ground),,200,,,
Soozy & Munz,h2,2026-08-01,1-Aug master inventory count (after all meals),Red Label tea,,700,,,
Soozy & Munz,h2,2026-08-01,1-Aug master inventory count (after all meals),Caramel syrup (Carmine zero),,50,,,
Soozy & Munz,h2,2026-08-01,1-Aug master inventory count (after all meals),Hot chocolate powder,,100,,,
Soozy & Munz,h2,2026-08-01,1-Aug master inventory count (after all meals),Peanut butter,,1,,,
Soozy & Munz,h2,2026-08-01,1-Aug master inventory count (after all meals),Peanut butter (Whole Truth),,0.25,,,
Soozy & Munz,h2,2026-08-01,1-Aug master inventory count (after all meals),Chilli oil,,1,,,
Soozy & Munz,h2,2026-08-01,1-Aug master inventory count (after all meals),Jalapeno peppers (Cornitos),,1,,,
Soozy & Munz,h2,2026-08-01,1-Aug master inventory count (after all meals),Mustard sauce,,0.5,,,
Soozy & Munz,h2,2026-08-01,1-Aug master inventory count (after all meals),Tomato ketchup (Delmonte),,0.5,,,
Soozy & Munz,h2,2026-08-01,1-Aug master inventory count (after all meals),Tamarind concentrate,,200,,,
Soozy & Munz,h2,2026-08-01,1-Aug master inventory count (after all meals),"Tamarind (seeded, Whole Farm)",,200,,,
Soozy & Munz,h2,2026-08-01,1-Aug master inventory count (after all meals),Coconut milk (unsweetened),,250,,,
Soozy & Munz,h2,2026-08-01,1-Aug master inventory count (after all meals),Fish sauce (Real Thai),,0.5,,,
Soozy & Munz,h2,2026-08-01,1-Aug master inventory count (after all meals),Apricot jam (Darbo),,0.25,,,
Soozy & Munz,h2,2026-08-01,1-Aug master inventory count (after all meals),Smokey BBQ sauce (Veeba),,50,,,
Soozy & Munz,h2,2026-08-01,1-Aug master inventory count (after all meals),Ranch dressing (Veeba),,40,,,
Soozy & Munz,h2,2026-08-01,1-Aug master inventory count (after all meals),Honey (Apis multifloral),,400,,,
Soozy & Munz,h2,2026-08-01,1-Aug master inventory count (after all meals),Vanilla extract,,100,,,
Soozy & Munz,h2,2026-08-01,1-Aug master inventory count (after all meals),Brown sugar,,400,,,
Soozy & Munz,h2,2026-08-01,1-Aug master inventory count (after all meals),Salt,,500,,,
Soozy & Munz,h2,2026-08-01,1-Aug master inventory count (after all meals),Haldi,,284,,,
Soozy & Munz,h2,2026-08-01,1-Aug master inventory count (after all meals),Turmeric powder,,412,,,
Soozy & Munz,h2,2026-08-01,1-Aug master inventory count (after all meals),Chilli powder,,217,,,
Soozy & Munz,h2,2026-08-01,1-Aug master inventory count (after all meals),Dried red chilli,,65,,,
Soozy & Munz,h2,2026-08-01,1-Aug master inventory count (after all meals),Garlic powder,,80,,,
Soozy & Munz,h2,2026-08-01,1-Aug master inventory count (after all meals),Dhaniya powder,,226,,,
Soozy & Munz,h2,2026-08-01,1-Aug master inventory count (after all meals),Coriander seeds,,86,,,
Soozy & Munz,h2,2026-08-01,1-Aug master inventory count (after all meals),Jeera,,100,,,
Soozy & Munz,h2,2026-08-01,1-Aug master inventory count (after all meals),Fennel seeds,,100,,,
Soozy & Munz,h2,2026-08-01,1-Aug master inventory count (after all meals),Kasuri methi,,50,,,
Soozy & Munz,h2,2026-08-01,1-Aug master inventory count (after all meals),Rasam powder,,100,,,
Soozy & Munz,h2,2026-08-01,1-Aug master inventory count (after all meals),Meat masala,,100,,,
Soozy & Munz,h2,2026-08-01,1-Aug master inventory count (after all meals),Garam masala,,200,,,
Soozy & Munz,h2,2026-08-01,1-Aug master inventory count (after all meals),Chaat masala,,100,,,
Soozy & Munz,h2,2026-08-01,1-Aug master inventory count (after all meals),Black pepper (whole),,100,,,
Soozy & Munz,h2,2026-08-01,1-Aug master inventory count (after all meals),Cloves,,90,,,
Soozy & Munz,h2,2026-08-01,1-Aug master inventory count (after all meals),Elaichi,,10,,,
Soozy & Munz,h2,2026-08-01,1-Aug master inventory count (after all meals),Tej patta,,100,,,
Soozy & Munz,h2,2026-08-01,1-Aug master inventory count (after all meals),Jaggery,,250,,,
Soozy & Munz,h2,2026-08-01,1-Aug master inventory count (after all meals),Spicy gherkins (Neo),,0.1,,,
Soozy & Munz,h2,2026-08-01,1-Aug master inventory count (after all meals),Ragi batter,,280,,,
Soozy & Munz,h2,2026-08-01,1-Aug master inventory count (after all meals),White puttu podi,,223,,,
Soozy & Munz,h2,2026-08-01,1-Aug master inventory count (after all meals),Sesame seeds,,100,,,
Soozy & Munz,h2,2026-08-01,1-Aug master inventory count (after all meals),Moro Kisomo coffee,,100,,,
Soozy & Munz,h2,2026-08-01,1-Aug master inventory count (after all meals),Rwanda Superior coffee,,100,,,
Soozy & Munz,h2,2026-08-01,1-Aug master inventory count (after all meals),Blue Zinubu coffee,,100,,,
Soozy & Munz,h2,2026-08-01,1-Aug master inventory count (after all meals),Kisan chilli peanut thecha chutney,,1,,,
Soozy & Munz,h2,2026-08-01,1-Aug master inventory count (after all meals),Thalassery special pickle,,1.5,,,
Soozy & Munz,h2,2026-08-01,1-Aug master inventory count (after all meals),Other pickles,,4,,,
Soozy & Munz,h2,2026-08-01,1-Aug master inventory count (after all meals),Thousand island dressing (Biba),,1,,,
Soozy & Munz,h2,2026-08-01,1-Aug master inventory count (after all meals),Open haldi powder,,100,,,
Soozy & Munz,h2,2026-08-01,1-Aug master inventory count (after all meals),Open red chilli powder,,100,,,
Soozy & Munz,h2,2026-08-01,1-Aug master inventory count (after all meals),Lal mirch,,500,,,
Soozy & Munz,h2,2026-08-01,1-Aug master inventory count (after all meals),Dried red chilli (Vedaka),,200,,,
Soozy & Munz,h2,2026-08-01,1-Aug master inventory count (after all meals),Open dhaniya powder,,100,,,
Soozy & Munz,h2,2026-08-01,1-Aug master inventory count (after all meals),Biryani khada masala,,50,,,
Soozy & Munz,h2,2026-08-01,1-Aug master inventory count (after all meals),Sumac powder,,50,,,
Soozy & Munz,h2,2026-08-01,1-Aug master inventory count (after all meals),Manjige menasu,,200,,,
Soozy & Munz,h2,2026-08-01,1-Aug master inventory count (add-ons & corrections),Feta cheese,100,45,,,
Soozy & Munz,h2,2026-08-01,1-Aug master inventory count (add-ons & corrections),Cream cheese (Dlecta),70,100,,,
Soozy & Munz,h2,2026-08-01,1-Aug master inventory count (add-ons & corrections),Sweet potato,240,405,,,
Soozy & Munz,h2,2026-08-01,1-Aug master inventory count (add-ons & corrections),Baby corn,134,189,,,
Soozy & Munz,h2,2026-08-01,1-Aug master inventory count (add-ons & corrections),Mint,70,85,,,
Soozy & Munz,h2,2026-08-01,1-Aug master inventory count (add-ons & corrections),Broccoli,395,567,,,
Soozy & Munz,h2,2026-08-01,1-Aug master inventory count (add-ons & corrections),Iceberg lettuce,123,305,,,
Soozy & Munz,h2,2026-08-01,1-Aug master inventory count (add-ons & corrections),Curry leaves,190,183,,,
Soozy & Munz,h2,2026-08-01,1-Aug master inventory count (add-ons & corrections),Dill (shepu),100,109,,,
Soozy & Munz,h2,2026-08-01,1-Aug master inventory count (add-ons & corrections),Chicken breast (Licious),950,829,,,
Soozy & Munz,h2,2026-08-01,1-Aug master inventory count (add-ons & corrections),Prawns,163,163,,,
Soozy & Munz,h2,2026-08-01,1-Aug master inventory count (add-ons & corrections),Apple cider vinegar,490,1000,,,
Soozy & Munz,h2,2026-08-01,1-Aug master inventory count (add-ons & corrections),Brown rice (Organic Tattva sonamasuri),1000,1691,,,
Soozy & Munz,h2,2026-08-01,1-Aug master inventory count (add-ons & corrections),Maida (Bhagyalakshmi),0,1000,,,
Soozy & Munz,h2,2026-08-01,1-Aug master inventory count (add-ons & corrections),Maida,1,0,,,
Soozy & Munz,h2,2026-08-01,1-Aug master inventory count (add-ons & corrections),Rolled oats,527,500,,,
Soozy & Munz,h2,2026-08-01,1-Aug master inventory count (add-ons & corrections),Green moong,500,500,,,
Soozy & Munz,h2,2026-08-01,1-Aug master inventory count (add-ons & corrections),Kala chana,315,400,,,
Soozy & Munz,h2,2026-08-01,1-Aug master inventory count (add-ons & corrections),White sesame seeds (Whole Farm),188,50,,,
Soozy & Munz,h2,2026-08-01,1-Aug master inventory count (add-ons & corrections),Sesame seeds,100,100,,,
Soozy & Munz,h2,2026-08-01,1-Aug master inventory count (add-ons & corrections),Chicken masala,1,67,,,
Soozy & Munz,h2,2026-08-01,1-Aug master inventory count (add-ons & corrections),Ginger,200,287,,,
Soozy & Munz,h2,2026-08-01,1-Aug master inventory count (add-ons & corrections),Quinoa,500,1000,,,
Soozy & Munz,h2,2026-08-01,1-Aug master inventory count (add-ons & corrections),Peanuts,132,697,,,
Soozy & Munz,h2,2026-08-01,1-Aug master inventory count (add-ons & corrections),Chana dal,287,647,,,
Soozy & Munz,h2,2026-08-01,1-Aug master inventory count (add-ons & corrections),Ragi batter,280,279,,,
Soozy & Munz,h2,2026-08-01,1-Aug master inventory count (add-ons & corrections),Cucumber,1000,331,,,
Soozy & Munz,h2,2026-08-01,1-Aug master inventory count (add-ons & corrections),Haldi,284,284,,,
Soozy & Munz,h2,2026-08-01,1-Aug master inventory count (add-ons & corrections),Cloves,90,89,,,
Soozy & Munz,h2,2026-08-01,1-Aug master inventory count (add-ons & corrections),White moong dal,128,120,,,
Soozy & Munz,h2,2026-08-01,1-Aug master inventory count (add-ons & corrections),Jaggery,250,243,,,
Soozy & Munz,h2,2026-08-01,1-Aug master inventory count (add-ons & corrections),Brown rice (jar),300,382,,,
Soozy & Munz,h2,2026-08-01,1-Aug master inventory count (add-ons & corrections),Red Label tea,700,262,,,
Soozy & Munz,h2,2026-08-01,1-Aug master inventory count (add-ons & corrections),Chilli flakes,1,20,,,
Soozy & Munz,h2,2026-08-01,1-Aug master inventory count (add-ons & corrections),Sugar,342,0,,,
Soozy & Munz,h2,2026-08-01,1-Aug master inventory count (add-ons & corrections),Oregano,1,0,,,
Soozy & Munz,h2,2026-08-01,1-Aug master inventory count (add-ons & corrections),Dhaniya powder,226,226,,,
Soozy & Munz,h2,2026-08-01,1-Aug master inventory count (add-ons & corrections),Ginger garlic paste,,20,,,
Soozy & Munz,h2,2026-08-01,1-Aug master inventory count (add-ons & corrections),Korean gochujang sauce,,100,,,
Soozy & Munz,h2,2026-08-01,1-Aug master inventory count (add-ons & corrections),"Muesli (fruits, nuts & seeds)",,653,,,
Soozy & Munz,h2,2026-08-01,1-Aug master inventory count (add-ons & corrections),Corn starch,,100,,,
Soozy & Munz,h2,2026-08-01,1-Aug master inventory count (add-ons & corrections),Dhaniya powder (pack 2),,294,,,
Soozy & Munz,h2,2026-08-01,1-Aug master inventory count (add-ons & corrections),Dhaniya powder (pack 3),,296,,,
Soozy & Munz,h2,2026-08-01,1-Aug master inventory count (add-ons & corrections),Tea powder (open),,700,,,
Shunyam & Ishan - latest,h1b,2026-08-01,1-Aug mega inventory count,Green chilli,,54,,,
Shunyam & Ishan - latest,h1b,2026-08-01,1-Aug mega inventory count,Spring onion,,72,,,
Shunyam & Ishan - latest,h1b,2026-08-01,1-Aug mega inventory count,Bottle gourd,,495,,,
Shunyam & Ishan - latest,h1b,2026-08-01,1-Aug mega inventory count,Green capsicum,,93,,,
Shunyam & Ishan - latest,h1b,2026-08-01,1-Aug mega inventory count,Curry leaves,,30,,,
Shunyam & Ishan - latest,h1b,2026-08-01,1-Aug mega inventory count,Coriander,,50,,,
Shunyam & Ishan - latest,h1b,2026-08-01,1-Aug mega inventory count,Lemon,,160,,,
Shunyam & Ishan - latest,h1b,2026-08-01,1-Aug mega inventory count,Carrot,,475,,,
Shunyam & Ishan - latest,h1b,2026-08-01,1-Aug mega inventory count,Tomato,,190,,,
Shunyam & Ishan - latest,h1b,2026-08-01,1-Aug mega inventory count,Cucumber,,196,,,
Shunyam & Ishan - latest,h1b,2026-08-01,1-Aug mega inventory count,Garlic,,180,,,
Shunyam & Ishan - latest,h1b,2026-08-01,1-Aug mega inventory count,Onion,,1000,,,
Shunyam & Ishan - latest,h1b,2026-08-01,1-Aug mega inventory count,Potato,,952,,,
Shunyam & Ishan - latest,h1b,2026-08-01,1-Aug mega inventory count,Green kiwi,,5,,,
Shunyam & Ishan - latest,h1b,2026-08-01,1-Aug mega inventory count,Fresh cream,,2,,,
Shunyam & Ishan - latest,h1b,2026-08-01,1-Aug mega inventory count,Curd (Akshayakalpa),,420,,,
Shunyam & Ishan - latest,h1b,2026-08-01,1-Aug mega inventory count,Cow milk (Akshayakalpa),,500,,,
Shunyam & Ishan - latest,h1b,2026-08-01,1-Aug mega inventory count,Milk,,1000,,,
Shunyam & Ishan - latest,h1b,2026-08-01,1-Aug mega inventory count,Cheese (Amul),,7,,,
Shunyam & Ishan - latest,h1b,2026-08-01,1-Aug mega inventory count,Chicken breast (boneless),,400,,,
Shunyam & Ishan - latest,h1b,2026-08-01,1-Aug mega inventory count,Frozen green peas (Safal),,338,,,
Shunyam & Ishan - latest,h1b,2026-08-01,1-Aug mega inventory count,Sweet corn (peeled),,160,,,
Shunyam & Ishan - latest,h1b,2026-08-01,1-Aug mega inventory count,Nilgiri red rice,,500,,,
Shunyam & Ishan - latest,h1b,2026-08-01,1-Aug mega inventory count,Basmati rice,,726,,,
Shunyam & Ishan - latest,h1b,2026-08-01,1-Aug mega inventory count,Rice (Daawat basmati),,0,,,
Shunyam & Ishan - latest,h1b,2026-08-01,1-Aug mega inventory count,Aashirvaad atta (2kg),,2000,,,
Shunyam & Ishan - latest,h1b,2026-08-01,1-Aug mega inventory count,Rava,,290,,,
Shunyam & Ishan - latest,h1b,2026-08-01,1-Aug mega inventory count,Vermicelli,,700,,,
Shunyam & Ishan - latest,h1b,2026-08-01,1-Aug mega inventory count,Chocolate oats,,152,,,
Shunyam & Ishan - latest,h1b,2026-08-01,1-Aug mega inventory count,Millet pancake mix (Slurrp Farm),,200,,,
Shunyam & Ishan - latest,h1b,2026-08-01,1-Aug mega inventory count,Multi millet noodles,,200,,,
Shunyam & Ishan - latest,h1b,2026-08-01,1-Aug mega inventory count,Wheat pasta,,200,,,
Shunyam & Ishan - latest,h1b,2026-08-01,1-Aug mega inventory count,Poha,,300,,,
Shunyam & Ishan - latest,h1b,2026-08-01,1-Aug mega inventory count,Chana dal,,500,,,
Shunyam & Ishan - latest,h1b,2026-08-01,1-Aug mega inventory count,Rajma (red kidney beans),,500,,,
Shunyam & Ishan - latest,h1b,2026-08-01,1-Aug mega inventory count,Toor dal,,200,,,
Shunyam & Ishan - latest,h1b,2026-08-01,1-Aug mega inventory count,Urad dal,,400,,,
Shunyam & Ishan - latest,h1b,2026-08-01,1-Aug mega inventory count,Moong dal,,400,,,
Shunyam & Ishan - latest,h1b,2026-08-01,1-Aug mega inventory count,Kabuli chana,,66,,,
Shunyam & Ishan - latest,h1b,2026-08-01,1-Aug mega inventory count,Mixed nuts / walnuts,,250,,,
Shunyam & Ishan - latest,h1b,2026-08-01,1-Aug mega inventory count,Makhana,,100,,,
Shunyam & Ishan - latest,h1b,2026-08-01,1-Aug mega inventory count,7-in-1 seed mix,,210,,,
Shunyam & Ishan - latest,h1b,2026-08-01,1-Aug mega inventory count,Seed mixture,,100,,,
Shunyam & Ishan - latest,h1b,2026-08-01,1-Aug mega inventory count,Roasted chana,,200,,,
Shunyam & Ishan - latest,h1b,2026-08-01,1-Aug mega inventory count,Black raisins,,300,,,
Shunyam & Ishan - latest,h1b,2026-08-01,1-Aug mega inventory count,Almond & cashew mix,,30,,,
Shunyam & Ishan - latest,h1b,2026-08-01,1-Aug mega inventory count,Manchurian sauce,,100,,,
Shunyam & Ishan - latest,h1b,2026-08-01,1-Aug mega inventory count,Veg mayonnaise (Dr Oetker FunFoods),,100,,,
Shunyam & Ishan - latest,h1b,2026-08-01,1-Aug mega inventory count,Tomato ketchup,,200,,,
Shunyam & Ishan - latest,h1b,2026-08-01,1-Aug mega inventory count,Green olives (Del Monte),,300,,,
Shunyam & Ishan - latest,h1b,2026-08-01,1-Aug mega inventory count,Vinegar,,250,,,
Shunyam & Ishan - latest,h1b,2026-08-01,1-Aug mega inventory count,Olive oil (Borges Extra Virgin),,200,,,
Shunyam & Ishan - latest,h1b,2026-08-01,1-Aug mega inventory count,Mustard oil,,100,,,
Shunyam & Ishan - latest,h1b,2026-08-01,1-Aug mega inventory count,Mustard / cooking oil,,0,,,
Shunyam & Ishan - latest,h1b,2026-08-01,1-Aug mega inventory count,Sriracha sauce,,20,,,
Shunyam & Ishan - latest,h1b,2026-08-01,1-Aug mega inventory count,Mustard sauce,,300,,,
Shunyam & Ishan - latest,h1b,2026-08-01,1-Aug mega inventory count,Peri peri sauce,,200,,,
Shunyam & Ishan - latest,h1b,2026-08-01,1-Aug mega inventory count,Dark soy sauce,,100,,,
Shunyam & Ishan - latest,h1b,2026-08-01,1-Aug mega inventory count,Rooh Afza,,500,,,
Shunyam & Ishan - latest,h1b,2026-08-01,1-Aug mega inventory count,Chocolate syrup (Hersheys),,200,,,
Shunyam & Ishan - latest,h1b,2026-08-01,1-Aug mega inventory count,"Honey (Organic India, multifloral)",,200,,,
Shunyam & Ishan - latest,h1b,2026-08-01,1-Aug mega inventory count,Honey / mango jam,,0,,,
Shunyam & Ishan - latest,h1b,2026-08-01,1-Aug mega inventory count,Honey (Last Forest wild),,0,,,
Shunyam & Ishan - latest,h1b,2026-08-01,1-Aug mega inventory count,Whey protein,,1000,,,
Shunyam & Ishan - latest,h1b,2026-08-01,1-Aug mega inventory count,Corn starch,,100,,,
Shunyam & Ishan - latest,h1b,2026-08-01,1-Aug mega inventory count,Brown sugar,,500,,,
Shunyam & Ishan - latest,h1b,2026-08-01,1-Aug mega inventory count,Sugar,,500,,,
Shunyam & Ishan - latest,h1b,2026-08-01,1-Aug mega inventory count,"Hydration/electrolyte (Fast&Up, LiquidIV)",,170,,,
Shunyam & Ishan - latest,h1b,2026-08-01,1-Aug mega inventory count,Salt,,1000,,,
Shunyam & Ishan - latest,h1b,2026-08-01,1-Aug mega inventory count,Organic besan,,305,,,
Shunyam & Ishan - latest,h1b,2026-08-01,1-Aug mega inventory count,Peanuts,,116,,,
Shunyam & Ishan - latest,h1b,2026-08-01,1-Aug mega inventory count,Chilli powder,,100,,,
Shunyam & Ishan - latest,h1b,2026-08-01,1-Aug mega inventory count,Turmeric powder,,100,,,
Shunyam & Ishan - latest,h1b,2026-08-01,1-Aug mega inventory count,Garam masala,,100,,,
Shunyam & Ishan - latest,h1b,2026-08-01,1-Aug mega inventory count,Sambar masala powder,,192,,,
Shunyam & Ishan - latest,h1b,2026-08-01,1-Aug mega inventory count,Coriander powder,,100,,,
Shunyam & Ishan - latest,h1b,2026-08-01,1-Aug mega inventory count,Jeera,,46,,,
Shunyam & Ishan - latest,h1b,2026-08-01,1-Aug mega inventory count,Pav bhaji masala,,50,,,
Shunyam & Ishan - latest,h1b,2026-08-01,1-Aug mega inventory count,Chaat masala,,64,,,
Shunyam & Ishan - latest,h1b,2026-08-01,1-Aug mega inventory count,Pizza/pasta seasoning (Keya oregano),,50,,,
Shunyam & Ishan - latest,h1b,2026-08-01,1-Aug mega inventory count,Smoked paprika,,100,,,
Shunyam & Ishan - latest,h1b,2026-08-01,1-Aug mega inventory count,Paprika powder,,0,,,
Shunyam & Ishan - latest,h1b,2026-08-01,1-Aug mega inventory count,Chilli flakes,,20,,,
Shunyam & Ishan - latest,h1b,2026-08-01,1-Aug mega inventory count,Tea (Catch chai + tea bags),,250,,,
Shunyam & Ishan - latest,h1b,2026-08-01,1-Aug mega inventory count,Elaichi (cardamom),,80,,,
Shunyam & Ishan - latest,h1b,2026-08-01,1-Aug mega inventory count,Clove (laung),,100,,,
Shunyam & Ishan - latest,h1b,2026-08-01,1-Aug mega inventory count,Cinnamon,,26,,,
Shunyam & Ishan - latest,h1b,2026-08-01,1-Aug mega inventory count,Kasuri methi,,50,,,
Shunyam & Ishan - latest,h1b,2026-08-01,1-Aug mega inventory count,"Spices (pav-bhaji, chaat, hing, coriander pwd, black pepper, turmeric)",,0,,,
Shunyam & Ishan - latest,h1b,2026-08-01,1-Aug mega inventory count,Multigrain atta,,0,,,
Shunyam & Ishan - latest,h1b,2026-08-01,1-Aug mega inventory count,Protein atta,,0,,,
Shunyam & Ishan - latest,h1b,2026-08-01,1-Aug mega inventory count,Oats (Alpino Super Oats),,0,,,
Shunyam & Ishan - latest,h1b,2026-08-01,1-Aug mega inventory count,White dal (moong),,0,,,
Shunyam & Ishan - latest,h1b,2026-08-01,1-Aug mega inventory count,Curry leaves (pack 2),,76,,,
Shunyam & Ishan - latest,h1b,2026-08-01,1-Aug mega inventory count,Red matta rice,,210,,,
Shunyam & Ishan - latest,h1b,2026-08-01,1-Aug mega inventory count,Wheat atta,,400,,,
Shunyam & Ishan - latest,h1b,2026-08-01,1-Aug mega inventory count,Stone wheat atta,,1000,,,
Shunyam & Ishan - latest,h1b,2026-08-01,1-Aug mega inventory count,Quaker oats,,581,,,
Shunyam & Ishan - latest,h1b,2026-08-01,1-Aug mega inventory count,Goat Life oats,,5,,,
Shunyam & Ishan - latest,h1b,2026-08-01,1-Aug mega inventory count,Jaggery powder,,100,,,
Shunyam & Ishan - latest,h1b,2026-08-01,1-Aug mega inventory count,Hot chocolate powder,,120,,,
Shunyam & Ishan - latest,h1b,2026-08-01,1-Aug mega inventory count,Jeera (open),,46,,,
Shunyam & Ishan - latest,h1b,2026-08-01,1-Aug mega inventory count,Hing,,50,,,
Shunyam & Ishan - latest,h1b,2026-08-01,1-Aug mega inventory count,Tea powder (pack 2),,100,,,
Kartik & Dhara,h4,2026-08-01,1-Aug perishable count,Haricot beans,200,200,,,
Kartik & Dhara,h4,2026-08-01,1-Aug perishable count,Carrot,40,2,,,
Kartik & Dhara,h4,2026-08-01,1-Aug perishable count,Spring onion,180,250,,,
Kartik & Dhara,h4,2026-08-01,1-Aug perishable count,Cabbage,700,0.75,,,
Kartik & Dhara,h4,2026-08-01,1-Aug perishable count,Coriander,115,120,,,
Kartik & Dhara,h4,2026-08-01,1-Aug perishable count,Curry leaves,45,80,,,
Kartik & Dhara,h4,2026-08-01,1-Aug perishable count,Green chilli,9,30,,,
Kartik & Dhara,h4,2026-08-01,1-Aug perishable count,Ginger,309,500,,,
Kartik & Dhara,h4,2026-08-01,1-Aug perishable count,Tomato,595,550,,,
Kartik & Dhara,h4,2026-08-01,1-Aug perishable count,Potato,770,6,,,
Kartik & Dhara,h4,2026-08-01,1-Aug perishable count,Garlic,169,200,,,
Kartik & Dhara,h4,2026-08-01,1-Aug perishable count,Onion,1430,2100,,,
Kartik & Dhara,h4,2026-08-01,1-Aug perishable count,Green capsicum,72,50,,,
Kartik & Dhara,h4,2026-08-01,1-Aug perishable count,Red capsicum,109,75,,,
Kartik & Dhara,h4,2026-08-01,1-Aug perishable count,Yellow capsicum,109,75,,,
Kartik & Dhara,h4,2026-08-01,1-Aug perishable count,Butter,215,200,,,
Kartik & Dhara,h4,2026-08-01,1-Aug perishable count,Catla head (fish),700,700,,,
Kartik & Dhara,h4,2026-08-01,1-Aug perishable count,Eggs,6,6,,,
Kartik & Dhara,h4,2026-08-01,1-Aug perishable count,Buttermilk,2,2,,,
Kartik & Dhara,h4,2026-08-01,1-Aug perishable count,Milk,0.9,0.9,,,
Kartik & Dhara,h4,2026-08-01,1-Aug perishable count,Akshaya cheese slices,0.7,0.7,,,
Kartik & Dhara,h4,2026-08-01,1-Aug perishable count,Buns,2,2,,,
Kartik & Dhara,h4,2026-08-01,1-Aug perishable count,Milk bread,0.5,0.5,,,
Kartik & Dhara,h4,2026-08-01,1-Aug perishable count,Sourdough bread,0.5,0.5,,,
Rahul & Radhika,h5,2026-08-01,1-Aug end-of-day correction,Tomato,650,5,,,
Rahul & Radhika,h5,2026-08-01,1-Aug end-of-day correction,Ginger,185,300,,,
Rahul & Radhika,h5,2026-08-01,1-Aug end-of-day correction,Broccoli,0.5,1,,,
Rahul & Radhika,h5,2026-08-01,1-Aug end-of-day correction,Fresh methi,150,0,,,
Rahul & Radhika,h5,2026-08-01,1-Aug end-of-day correction,Green capsicum,86,0,,,
Rahul & Radhika,h5,2026-08-01,1-Aug end-of-day correction,Yellow capsicum,40,0,,,
Rahul & Radhika,h5,2026-08-01,1-Aug end-of-day correction,Red capsicum,24,0,,,
Rahul & Radhika,h5,2026-08-01,1-Aug end-of-day correction,Spinach,100,0,,,
Rahul & Radhika,h5,2026-08-01,1-Aug end-of-day correction,Coccinia (ivy gourd),100,0,,,
Rahul & Radhika,h5,2026-08-01,1-Aug end-of-day correction,Carrot,100,500,,,
Rahul & Radhika,h5,2026-08-01,1-Aug end-of-day correction,Dill (sabbasige),80,0,,,
Rahul & Radhika,h5,2026-08-01,1-Aug end-of-day correction,Button mushroom,50,0,,,
Rahul & Radhika,h5,2026-08-01,1-Aug end-of-day correction,Coriander (dhania),40,100,,,
Rahul & Radhika,h5,2026-08-01,1-Aug end-of-day correction,Basil,40,0,,,
Rahul & Radhika,h5,2026-08-01,1-Aug end-of-day correction,Indian plum,0,4,,,
Rahul & Radhika,h5,2026-08-01,1-Aug end-of-day correction,Basa fish,150,0,,,
Rahul & Radhika,h5,2026-08-01,1-Aug end-of-day correction,Eggs (free-range brown),7,6,,,
Rahul & Radhika,h5,2026-08-01,1-Aug keep-as-was,Beetroot,0,2,,,
Rahul & Radhika,h5,2026-08-01,1-Aug keep-as-was,Cucumber,4,6,,,
Rahul & Radhika,h5,2026-08-01,1-Aug keep-as-was,Curry leaves,25,30,,,
Rahul & Radhika,h5,2026-08-01,1-Aug keep-as-was,Lemon,0,1,,,
Rahul & Radhika,h5,2026-08-01,1-Aug keep-as-was,Sourdough bread (Brik Oven),306,366,,,
Rahul & Radhika,h5,2026-08-01,1-Aug keep-as-was,Paneer (Sid’s Malai),20,170,,,
Rahul & Radhika,h5,2026-08-01,1-Aug keep-as-was,Rajma,570,750,,,
Rahul & Radhika,h5,2026-08-01,1-Aug keep-as-was,Toor dal,430,550,,,
Rahul & Radhika,h5,2026-08-01,1-Aug keep-as-was,Idli/dosa batter,100,500,,,
Rahul & Radhika,h5,2026-08-01,1-Aug keep-as-was,Sambar powder,85,100,,,
Rahul & Radhika,h5,2026-08-01,1-Aug keep-as-was,Turmeric powder,85,89,,,
Rahul & Radhika,h5,2026-08-01,1-Aug keep-as-was,Cherry tomato,50,100,,,
Rahul & Radhika,h5,2026-08-01,1-Aug keep-as-was,Brown rice,1450,1550,,,
Rahul & Radhika,h5,2026-08-01,1-Aug keep-as-was,French beans,0,100,,,
Rahul & Radhika,h5,2026-08-01,1-Aug keep-as-was,Onion,0,60,,,
Rahul & Radhika,h5,2026-08-01,1-Aug keep-as-was,Potato,3,4,,,
Rahul & Radhika,h5,2026-08-01,1-Aug keep-as-was,Garlic peeled,70,100,,,
Rahul & Radhika,h5,2026-08-01,1-Aug keep-as-was,Brazil nut,95,100,,,
Rahul & Radhika,h5,2026-08-01,1-Aug keep-as-was,Ghee (Akshayakalpa),255,265,,,
Rahul & Radhika,h5,2026-08-01,1-Aug keep-as-was,Borges olive oil (EV),782,827,,,
Rahul & Radhika,h5,2026-08-01,1-Aug keep-as-was,Cumin,285,289,,,
Rahul & Radhika,h5,2026-08-01,1-Aug keep-as-was,Khapli flour,605,685,,,
Rahul & Radhika,h5,2026-08-01,1-Aug keep-as-was,Red chilli powder,281,286,,,
Rahul & Radhika,h5,2026-08-01,1-Aug keep-as-was,Blueberry (imported),0,125,,,
Rahul & Radhika,h5,2026-08-01,1-Aug keep-as-was,Watermelon,0,0.7,,,
Rahul & Radhika,h5,2026-08-01,1-Aug keep-as-was,Green lettuce,0,60,,,
Rahul & Radhika,h5,2026-08-01,1-Aug end-of-day count,Ghee (Akshayakalpa),265,250,,,
Rahul & Radhika,h5,2026-08-01,1-Aug end-of-day count,Tofu (Health on Plants),0,200,,,
Rahul & Radhika,h5,2026-08-01,1-Aug end-of-day count,Chicken breast (boneless),460,450,,,
Rahul & Radhika,h5,2026-08-01,1-Aug end-of-day count,Parsley,50,30,,,
Rahul & Radhika,h5,2026-08-01,1-Aug end-of-day count,Apple,2,2,,,
Rahul & Radhika,h5,2026-08-01,1-Aug end-of-day count,Pomegranate,1,1,,,
Rahul & Radhika,h5,2026-08-01,1-Aug end-of-day count,Apple (Granny Smith),1,1,,,
Rahul & Radhika,h5,2026-08-01,1-Aug end-of-day count,Butter,,700,,,
Rahul & Radhika,h5,2026-08-01,1-Aug end-of-day count,Rosemary (fresh),,20,,,
Rahul & Radhika,h5,2026-08-01,1-Aug end-of-day count,Paneer (Sid’s Malai),170,0,,,
Rahul & Radhika,h5,2026-08-01,1-Aug end-of-day count,Watermelon,0.7,0,,,
Rahul & Radhika,h5,2026-08-01,1-Aug end-of-day count,Blueberry (imported),125,0,,,
Rahul & Radhika,h5,2026-08-01,1-Aug end-of-day count,Onion,60,0,,,
Rahul & Radhika,h5,2026-08-01,1-Aug end-of-day count,Banana (Yellaki),4,5,,,
Pratik & Sakshi,h8,2026-08-01,1-Aug perishable count (after lunch),Watermelon (cut),,0.5,,,
Pratik & Sakshi,h8,2026-08-01,1-Aug perishable count (after lunch),Green chilli,,50,,,
Pratik & Sakshi,h8,2026-08-01,1-Aug perishable count (after lunch),Mint,,50,,,
Pratik & Sakshi,h8,2026-08-01,1-Aug perishable count (after lunch),Spinach,,250,,,
Pratik & Sakshi,h8,2026-08-01,1-Aug perishable count (after lunch),Spring onion,,100,,,
Pratik & Sakshi,h8,2026-08-01,1-Aug perishable count (after lunch),Orange,,2,,,
Pratik & Sakshi,h8,2026-08-01,1-Aug perishable count (after lunch),Pear,,1,,,
Pratik & Sakshi,h8,2026-08-01,1-Aug perishable count (after lunch),Apple,,3,,,
Pratik & Sakshi,h8,2026-08-01,1-Aug perishable count (after lunch),Kiwi,,3,,,
Pratik & Sakshi,h8,2026-08-01,1-Aug perishable count (after lunch),Zucchini,,1.5,,,
Pratik & Sakshi,h8,2026-08-01,1-Aug perishable count (after lunch),Blueberry,,200,,,
Pratik & Sakshi,h8,2026-08-01,1-Aug perishable count (after lunch),Carrot,,500,,,
Pratik & Sakshi,h8,2026-08-01,1-Aug perishable count (after lunch),Zero maida bread,,4,,,
Pratik & Sakshi,h8,2026-08-01,1-Aug perishable count (after lunch),Suchali country sourdough loaf,,0.75,,,
Pratik & Sakshi,h8,2026-08-01,1-Aug perishable count (after lunch),Bottle gourd,,0.5,,,
Pratik & Sakshi,h8,2026-08-01,1-Aug perishable count (after lunch),Yellow capsicum,,1,,,
Pratik & Sakshi,h8,2026-08-01,1-Aug perishable count (after lunch),Cheese,,100,,,
Pratik & Sakshi,h8,2026-08-01,1-Aug perishable count (after lunch),Papaya,,1,,,
Pratik & Sakshi,h8,2026-08-01,1-Aug perishable count (after lunch),Thyme,,50,,,
Pratik & Sakshi,h8,2026-08-01,1-Aug perishable count (after lunch),Eggs,,4,,,
Pratik & Sakshi,h8,2026-08-01,1-Aug perishable count (after lunch),Lemon,,8,,,
Pratik & Sakshi,h8,2026-08-01,1-Aug perishable count (after lunch),Radish,,2,,,
Pratik & Sakshi,h8,2026-08-01,1-Aug perishable count (after lunch),Green capsicum,,2,,,
Pratik & Sakshi,h8,2026-08-01,1-Aug perishable count (after lunch),Beans,,150,,,
Pratik & Sakshi,h8,2026-08-01,1-Aug perishable count (after lunch),Italian basil,,50,,,
Pratik & Sakshi,h8,2026-08-01,1-Aug perishable count (after lunch),Cucumber,,1,,,
Pratik & Sakshi,h8,2026-08-01,1-Aug perishable count (after lunch),Pumpkin,,0.5,,,
Pratik & Sakshi,h8,2026-08-01,1-Aug perishable count (after lunch),Dry coconut,,0.75,,,
Pratik & Sakshi,h8,2026-08-01,1-Aug perishable count (after lunch),Broccoli,,200,,,
Pratik & Sakshi,h8,2026-08-01,1-Aug perishable count (after lunch),Sofit almond milk,,600,,,
Pratik & Sakshi,h8,2026-08-01,1-Aug perishable count (after lunch),Butter,,100,,,
Pratik & Sakshi,h8,2026-08-01,1-Aug perishable count (after lunch),Onion,,2000,,,
Pratik & Sakshi,h8,2026-08-01,1-Aug perishable count (after lunch),Ginger,,200,,,
Pratik & Sakshi,h8,2026-08-01,1-Aug perishable count (after lunch),Mango,,1,,,
Pratik & Sakshi,h8,2026-08-01,1-Aug perishable count (after lunch),Banana (Yelakki),,3,,,
Pratik & Sakshi,h8,2026-08-01,1-Aug perishable count (after lunch),Potato,,2,,,
Pratik & Sakshi,h8,2026-08-01,1-Aug perishable count (after lunch),Garlic,,1,,,
Pratik & Sakshi,h8,2026-08-01,1-Aug perishable count (after lunch),Coriander (dhania),,100,,,
Pratik & Sakshi,h8,2026-08-01,1-Aug perishable count (after lunch),Soft tofu,,400,,,
Pratik & Sakshi,h8,2026-08-01,1-Aug perishable count (after lunch),Hard tofu,,400,,,
Pratik & Sakshi,h8,2026-08-01,1-Aug perishable count (after lunch),Paneer,,200,,,
Pratik & Sakshi,h8,2026-08-01,1-Aug perishable count (after lunch),Parsley,,50,,,
Pratik & Sakshi,h8,2026-08-01,1-Aug perishable count (after lunch),Bhaji mirch (green chilli),0,200,,,
Paxal & Sana,h7,2026-08-02,2-Aug perishable count (end of day),Carrot,20,4,,,
Paxal & Sana,h7,2026-08-02,2-Aug perishable count (end of day),Green beans,160,125,,,
Paxal & Sana,h7,2026-08-02,2-Aug perishable count (end of day),English cucumber,418,2,,,
Paxal & Sana,h7,2026-08-02,2-Aug perishable count (end of day),Tomato,0,3,,,
Paxal & Sana,h7,2026-08-02,2-Aug perishable count (end of day),Beetroot,500,500,,,
Paxal & Sana,h7,2026-08-02,2-Aug perishable count (end of day),Toned milk,2000,1000,,,
Paxal & Sana,h7,2026-08-02,2-Aug perishable count (end of day),Curry leaves,60,80,,,
Paxal & Sana,h7,2026-08-02,2-Aug perishable count (end of day),Mint,85,60,,,
Paxal & Sana,h7,2026-08-02,2-Aug perishable count (end of day),Low fat paneer,100,200,,,
Paxal & Sana,h7,2026-08-02,2-Aug perishable count (end of day),Onion,0,900,,,
Paxal & Sana,h7,2026-08-02,2-Aug perishable count (end of day),Potato,450,5,,,
Paxal & Sana,h7,2026-08-02,2-Aug perishable count (end of day),Sweet potato,0,100,,,
Paxal & Sana,h7,2026-08-02,2-Aug perishable count (end of day),Amul high protein dahi,8,100,,,
Paxal & Sana,h7,2026-08-02,2-Aug perishable count (end of day),Garlic,75,8,,,
Paxal & Sana,h7,2026-08-02,2-Aug perishable count (end of day),Ginger,180,180,,,
Paxal & Sana,h7,2026-08-02,2-Aug perishable count (end of day),Ginger garlic paste (Catch),105,105,,,
Shunyam & Ishan - latest,h1b,2026-08-03,3-Aug count (after all meals),Frozen green peas (Safal),338,200,,,
Shunyam & Ishan - latest,h1b,2026-08-03,3-Aug count (after all meals),Sweet corn (peeled),160,150,,,
Shunyam & Ishan - latest,h1b,2026-08-03,3-Aug count (after all meals),Butter (Amul),0,50,,,
Shunyam & Ishan - latest,h1b,2026-08-03,3-Aug count (after all meals),Curd (Akshayakalpa),420,50,,,
Shunyam & Ishan - latest,h1b,2026-08-03,3-Aug count (after all meals),Beans (French),0,250,,,
Shunyam & Ishan - latest,h1b,2026-08-03,3-Aug count (after all meals),Tomato,190,500,,,
Shunyam & Ishan - latest,h1b,2026-08-03,3-Aug count (after all meals),Carrot,475,2,,,
Shunyam & Ishan - latest,h1b,2026-08-03,3-Aug count (after all meals),Ginger,0,100,,,
Shunyam & Ishan - latest,h1b,2026-08-03,3-Aug count (after all meals),Green chilli,54,100,,,
Shunyam & Ishan - latest,h1b,2026-08-03,3-Aug count (after all meals),Zucchini,0,2,,,
Shunyam & Ishan - latest,h1b,2026-08-03,3-Aug count (after all meals),Fresh methi,0,100,,,
Shunyam & Ishan - latest,h1b,2026-08-03,3-Aug count (after all meals),Broccoli,0,0.5,,,
Shunyam & Ishan - latest,h1b,2026-08-03,3-Aug count (after all meals),Curry leaves,30,30,,,
Shunyam & Ishan - latest,h1b,2026-08-03,3-Aug count (after all meals),Curry leaves (pack 2),76,76,,,
Shunyam & Ishan - latest,h1b,2026-08-03,3-Aug count (after all meals),Coriander,50,50,,,
Shunyam & Ishan - latest,h1b,2026-08-03,3-Aug count (after all meals),Lemon,160,160,,,
Shunyam & Ishan - latest,h1b,2026-08-03,3-Aug count (after all meals),Bottle gourd,495,0.5,,,
Shunyam & Ishan - latest,h1b,2026-08-03,3-Aug count (after all meals),Fresh cream,2,2,,,
Shunyam & Ishan - latest,h1b,2026-08-03,3-Aug count (after all meals),Garam masala,100,1,,,
Shunyam & Ishan - latest,h1b,2026-08-03,3-Aug count (after all meals),Kasuri methi,50,1,,,
Shunyam & Ishan - latest,h1b,2026-08-03,3-Aug count (after all meals),Cheese (Amul),7,6,,,
Shunyam & Ishan - latest,h1b,2026-08-03,3-Aug count (after all meals),Chaat masala,64,0.5,,,
Shunyam & Ishan - latest,h1b,2026-08-03,3-Aug count (after all meals),Dark soy sauce,100,1,,,
Shunyam & Ishan - latest,h1b,2026-08-03,3-Aug count (after all meals),Vinegar,250,1.5,,,
Shunyam & Ishan - latest,h1b,2026-08-03,3-Aug count (after all meals),Cow milk (Akshayakalpa),500,500,,,
Shunyam & Ishan - latest,h1b,2026-08-03,3-Aug count (after all meals),Eggs,0,5,,,
Shunyam & Ishan - latest,h1b,2026-08-03,3-Aug count (after all meals),Rajma (red kidney beans),500,500,,,
Shunyam & Ishan - latest,h1b,2026-08-03,3-Aug count (after all meals),Toor dal,200,200,,,
Shunyam & Ishan - latest,h1b,2026-08-03,3-Aug count (after all meals),Moong dal,400,400,,,
Shunyam & Ishan - latest,h1b,2026-08-03,3-Aug count (after all meals),Sugar,500,500,,,
Shunyam & Ishan - latest,h1b,2026-08-03,3-Aug count (after all meals),Almonds,0,0,,,
Shunyam & Ishan - latest,h1b,2026-08-03,3-Aug count (after all meals),Chilli flakes,20,20,,,
Shunyam & Ishan - latest,h1b,2026-08-03,3-Aug count (after all meals),Quaker oats,581,581,,,
Shunyam & Ishan - latest,h1b,2026-08-03,3-Aug count (after all meals),Garlic,180,3,,,
Shunyam & Ishan - latest,h1b,2026-08-03,3-Aug count (after all meals),Potato,952,750,,,
Shunyam & Ishan - latest,h1b,2026-08-03,3-Aug count (after all meals),Onion,1000,600,,,
Shunyam & Ishan - latest,h1b,2026-08-03,3-Aug count (after all meals),Rava,290,290,,,
Shunyam & Ishan - latest,h1b,2026-08-03,3-Aug count (after all meals),Basmati rice,726,500,,,
Shunyam & Ishan - latest,h1b,2026-08-03,3-Aug count (after all meals),Aashirvaad atta (2kg),2000,2000,,,
Shunyam & Ishan - latest,h1b,2026-08-03,3-Aug count (after all meals),Wheat atta,400,200,,,
Shunyam & Ishan - latest,h1b,2026-08-03,3-Aug count (after all meals),Stone wheat atta,1000,500,,,
Shunyam & Ishan - latest,h1b,2026-08-03,3-Aug count (after all meals),Organic besan,305,152.5,,,
Disha & Anirudh,h3,2026-08-03,3-Aug count (after all meals),Garlic (fresh),105,4,,,
Disha & Anirudh,h3,2026-08-03,3-Aug count (after all meals),Green chilli,90,50,,,
Disha & Anirudh,h3,2026-08-03,3-Aug count (after all meals),Olive oil,0,300,,,
Disha & Anirudh,h3,2026-08-03,3-Aug count (after all meals),Zero maida protein bread,0.7,0.5,,,
Disha & Anirudh,h3,2026-08-03,3-Aug count (after all meals),Rocket leaves (arugula),0,50,,,
Disha & Anirudh,h3,2026-08-03,3-Aug count (after all meals),Chopped coriander,60,100,,,
Disha & Anirudh,h3,2026-08-03,3-Aug count (after all meals),Chicken,0,300,,,
Disha & Anirudh,h3,2026-08-03,3-Aug count (after all meals),Banana,3,3,,,
Disha & Anirudh,h3,2026-08-03,3-Aug count (after all meals),Apple,2,1,,,
Disha & Anirudh,h3,2026-08-03,3-Aug count (after all meals),Tomato,6,1500,,,
Disha & Anirudh,h3,2026-08-03,3-Aug count (after all meals),English cucumber,400,1,,,
Disha & Anirudh,h3,2026-08-03,3-Aug count (after all meals),Feta cheese,1,100,,,
Disha & Anirudh,h3,2026-08-03,3-Aug count (after all meals),Curry leaves,121,50,,,
Disha & Anirudh,h3,2026-08-03,3-Aug count (after all meals),Ginger,145,150,,,
Disha & Anirudh,h3,2026-08-03,3-Aug count (after all meals),Zucchini,2,4,,,
Disha & Anirudh,h3,2026-08-03,3-Aug count (after all meals),Yellow sweet corn,0,1,,,
Disha & Anirudh,h3,2026-08-03,3-Aug count (after all meals),Haricot beans,250,250,,,
Disha & Anirudh,h3,2026-08-03,3-Aug count (after all meals),Green capsicum,2,2,,,
Disha & Anirudh,h3,2026-08-03,3-Aug count (after all meals),Red capsicum,1,1,,,
Disha & Anirudh,h3,2026-08-03,3-Aug count (after all meals),Yellow capsicum,1,1,,,
Disha & Anirudh,h3,2026-08-03,3-Aug count (after all meals),Spring onion,100,200,,,
Disha & Anirudh,h3,2026-08-03,3-Aug count (after all meals),Carrot,310,500,,,
Disha & Anirudh,h3,2026-08-03,3-Aug count (after all meals),Lemon,230,5,,,
Disha & Anirudh,h3,2026-08-03,3-Aug count (after all meals),Malai paneer,270,50,,,
Disha & Anirudh,h3,2026-08-03,3-Aug count (after all meals),Fresh cream,0.1,1,,,
Disha & Anirudh,h3,2026-08-03,3-Aug count (after all meals),Coconut milk,0.75,1,,,
Disha & Anirudh,h3,2026-08-03,3-Aug count (after all meals),Coconut cream,250,1,,,
Disha & Anirudh,h3,2026-08-03,3-Aug count (after all meals),Greek yogurt (Milky Mist),7,2,,,
Disha & Anirudh,h3,2026-08-03,3-Aug count (after all meals),Cheese slices,3,3,,,
Disha & Anirudh,h3,2026-08-03,3-Aug count (after all meals),Lactose-free Amul milk,2.4,3,,,
Disha & Anirudh,h3,2026-08-03,3-Aug count (after all meals),Organic sesame cooking oil,1,200,,,
Disha & Anirudh,h3,2026-08-03,3-Aug count (after all meals),Extra virgin olive oil,2,200,,,
Disha & Anirudh,h3,2026-08-03,3-Aug count (after all meals),Rice bran oil (A),0.75,200,,,
Disha & Anirudh,h3,2026-08-03,3-Aug count (after all meals),Rice bran oil (B),1,200,,,
Disha & Anirudh,h3,2026-08-03,3-Aug count (after all meals),Peanut oil,0.4,200,,,
Disha & Anirudh,h3,2026-08-03,3-Aug count (after all meals),Mustard oil,0.5,200,,,
Disha & Anirudh,h3,2026-08-03,3-Aug count (after all meals),Parachute coconut oil,1,200,,,
Disha & Anirudh,h3,2026-08-03,3-Aug count (after all meals),Toasted sesame oil,0.5,200,,,
Disha & Anirudh,h3,2026-08-03,3-Aug count (after all meals),Sourdough bread,,6,,,
Disha & Anirudh,h3,2026-08-03,3-Aug count (after all meals),Guava,,1,,,
Disha & Anirudh,h3,2026-08-03,3-Aug count (after all meals),Tzatziki,,150,,,
Disha & Anirudh,h3,2026-08-03,3-Aug count (after all meals),Green chutney,,150,,,
Disha & Anirudh,h3,2026-08-03,3-Aug count (after all meals),Tamarind chutney,,100,,,
Disha & Anirudh,h3,2026-08-03,3-Aug count (after all meals),Knorr chicken cube,,8,,,
Disha & Anirudh,h3,2026-08-03,3-Aug count (after all meals),Sweet corn kernels,,100,,,
Disha & Anirudh,h3,2026-08-03,3-Aug count (after all meals),Romaine lettuce,,,,,
Disha & Anirudh,h3,2026-08-03,3-Aug restore,Curd,0,1000,,,
Disha & Anirudh,h3,2026-08-03,3-Aug correction,Zucchini,4,0,,,
Disha & Anirudh,h3,2026-08-03,3-Aug correction,English cucumber,1,4,,,
Disha & Anirudh,h3,2026-08-03,3-Aug correction,Sweet corn kernels,100,50,,,
Disha & Anirudh,h3,2026-08-03,3-Aug correction,Haricot beans,250,125,,,
Disha & Anirudh,h3,2026-08-03,3-Aug correction,Chopped coriander,100,50,,,
Disha & Anirudh,h3,2026-08-03,3-Aug correction,Rocket leaves (arugula),50,30,,,
Disha & Anirudh,h3,2026-08-03,3-Aug correction,Iceberg lettuce,0,1,,,
Disha & Anirudh,h3,2026-08-03,3-Aug correction,Spinach,0,80,,,
Disha & Anirudh,h3,2026-08-03,3-Aug correction,Butterhead lettuce,,100,,,
Disha & Anirudh,h3,2026-08-03,3-Aug correction,Pork (packet),,1,,,
Disha & Anirudh,h3,2026-08-03,3-Aug correction,English cucumber,4,5,,,
Pratik & Sakshi,h8,2026-08-03,3-Aug count (after lunch),Coriander (dhania),100,100,,,
Pratik & Sakshi,h8,2026-08-03,3-Aug count (after lunch),Green chilli,50,80,,,
Pratik & Sakshi,h8,2026-08-03,3-Aug count (after lunch),Zero maida bread,4,1,,,
Pratik & Sakshi,h8,2026-08-03,3-Aug count (after lunch),Cabbage,0,1,,,
Pratik & Sakshi,h8,2026-08-03,3-Aug count (after lunch),Eggs,4,27,,,
Pratik & Sakshi,h8,2026-08-03,3-Aug count (after lunch),Butter,100,50,,,
Pratik & Sakshi,h8,2026-08-03,3-Aug count (after lunch),Papaya,1,1,,,
Pratik & Sakshi,h8,2026-08-03,3-Aug count (after lunch),Basil,0,40,,,
Pratik & Sakshi,h8,2026-08-03,3-Aug count (after lunch),Spinach/Palak,0,350,,,
Pratik & Sakshi,h8,2026-08-03,3-Aug count (after lunch),Watermelon (cut),0.5,0.25,,,
Pratik & Sakshi,h8,2026-08-03,3-Aug count (after lunch),Sourdough bread,0,1,,,
Pratik & Sakshi,h8,2026-08-03,3-Aug count (after lunch),Apple,3,3,,,
Pratik & Sakshi,h8,2026-08-03,3-Aug count (after lunch),Kiwi,3,1,,,
Pratik & Sakshi,h8,2026-08-03,3-Aug count (after lunch),Orange,2,3,,,
Pratik & Sakshi,h8,2026-08-03,3-Aug count (after lunch),Pear,1,1,,,
Pratik & Sakshi,h8,2026-08-03,3-Aug count (after lunch),Blackberry,0,200,,,
Pratik & Sakshi,h8,2026-08-03,3-Aug count (after lunch),Blueberry,200,50,,,
Pratik & Sakshi,h8,2026-08-03,3-Aug count (after lunch),Carrot,500,500,,,
Pratik & Sakshi,h8,2026-08-03,3-Aug count (after lunch),Beans,150,125,,,
Pratik & Sakshi,h8,2026-08-03,3-Aug count (after lunch),Tomato,0,4,,,
Pratik & Sakshi,h8,2026-08-03,3-Aug count (after lunch),Cauliflower,0,1,,,
Pratik & Sakshi,h8,2026-08-03,3-Aug count (after lunch),Dry coconut,0.75,0.5,,,
Pratik & Sakshi,h8,2026-08-03,3-Aug count (after lunch),Radish,2,2,,,
Pratik & Sakshi,h8,2026-08-03,3-Aug count (after lunch),Bhaji mirch (green chilli),200,200,,,
Pratik & Sakshi,h8,2026-08-03,3-Aug count (after lunch),Zucchini,1.5,0.5,,,
Pratik & Sakshi,h8,2026-08-03,3-Aug count (after lunch),Green capsicum,2,1,,,
Pratik & Sakshi,h8,2026-08-03,3-Aug count (after lunch),Onion,2000,8,,,
Pratik & Sakshi,h8,2026-08-03,3-Aug count (after lunch),Garlic,1,5,,,
Pratik & Sakshi,h8,2026-08-03,3-Aug count (after lunch),Potato,2,2,,,
Pratik & Sakshi,h8,2026-08-03,3-Aug count (after lunch),Ginger,200,100,,,
Pratik & Sakshi,h8,2026-08-03,3-Aug count (after lunch),Baby potato,0,10,,,
Pratik & Sakshi,h8,2026-08-03,3-Aug count (after lunch),Banana (Yelakki),3,300,,,
Pratik & Sakshi,h8,2026-08-03,3-Aug count (after lunch),Frozen sweet corn,400,300,,,
Pratik & Sakshi,h8,2026-08-03,3-Aug count (after lunch),Frozen peas (Sapal Mudra),500,400,,,
Shunyam & Ishan - latest,h1b,2026-08-04,4-Aug inventory check,Carrot,2,1,,,
Shunyam & Ishan - latest,h1b,2026-08-04,4-Aug inventory check,Tomato,500,3,,,
Shunyam & Ishan - latest,h1b,2026-08-04,4-Aug inventory check,Beans (French),250,150,,,
Shunyam & Ishan - latest,h1b,2026-08-04,4-Aug inventory check,Lemon,160,3,,,
Shunyam & Ishan - latest,h1b,2026-08-04,4-Aug inventory check,Green chilli,100,50,,,
Shunyam & Ishan - latest,h1b,2026-08-04,4-Aug inventory check,Ginger,100,100,,,
Shunyam & Ishan - latest,h1b,2026-08-04,4-Aug inventory check,Bottle gourd,0.5,0.5,,,
Shunyam & Ishan - latest,h1b,2026-08-04,4-Aug inventory check,Amul cheese,0,1,,,
Shunyam & Ishan - latest,h1b,2026-08-04,4-Aug inventory check,Veg mayonnaise (Dr Oetker FunFoods),100,1,,,
Shunyam & Ishan - latest,h1b,2026-08-04,4-Aug inventory check,Fresh cream,2,2,,,
Shunyam & Ishan - latest,h1b,2026-08-04,4-Aug inventory check,Chaat masala,0.5,1,,,
Shunyam & Ishan - latest,h1b,2026-08-04,4-Aug inventory check,Mustard sauce,300,1,,,
Shunyam & Ishan - latest,h1b,2026-08-04,4-Aug inventory check,Vinegar,1.5,1,,,
Shunyam & Ishan - latest,h1b,2026-08-04,4-Aug inventory check,Dark soy sauce,1,1,,,
Shunyam & Ishan - latest,h1b,2026-08-04,4-Aug inventory check,Everbest Kori Mint masala,,1,,,
Shunyam & Ishan - latest,h1b,2026-08-04,4-Aug inventory check,Everest Kitchen King masala,,1,,,
Shunyam & Ishan - latest,h1b,2026-08-04,4-Aug inventory check,Black pepper grinder,,1,,,
Shunyam & Ishan - latest,h1b,2026-08-04,4-Aug inventory check,Piri piri sauce,,1,,,
Shunyam & Ishan - latest,h1b,2026-08-04,4-Aug inventory check,Fresh methi,1,180,,,
Shunyam & Ishan - latest,h1b,2026-08-04,4-Aug inventory check,Curry leaves,1,80,,,
Shunyam & Ishan - latest,h1b,2026-08-04,4-Aug inventory check,Curry leaves,80,50,,,
Pratik & Sakshi,h8,2026-08-04,4-Aug mega inventory (after lunch),Toor dal,,1500,,,
Pratik & Sakshi,h8,2026-08-04,4-Aug mega inventory (after lunch),Yellow moong dal,,2100,,,
Pratik & Sakshi,h8,2026-08-04,4-Aug mega inventory (after lunch),Green moong,,1500,,,
Pratik & Sakshi,h8,2026-08-04,4-Aug mega inventory (after lunch),Black moong,,800,,,
Pratik & Sakshi,h8,2026-08-04,4-Aug mega inventory (after lunch),Moong chilka dal,,50,,,
Pratik & Sakshi,h8,2026-08-04,4-Aug mega inventory (after lunch),Masoor dal (open),,100,,,
Pratik & Sakshi,h8,2026-08-04,4-Aug mega inventory (after lunch),Red masoor dal,,1000,,,
Pratik & Sakshi,h8,2026-08-04,4-Aug mega inventory (after lunch),Chana dal,,1000,,,
Pratik & Sakshi,h8,2026-08-04,4-Aug mega inventory (after lunch),Urad black whole,,1000,,,
Pratik & Sakshi,h8,2026-08-04,4-Aug mega inventory (after lunch),Whole urad (open),,271,,,
Pratik & Sakshi,h8,2026-08-04,4-Aug mega inventory (after lunch),Chitra rajma,,160,,,
Pratik & Sakshi,h8,2026-08-04,4-Aug mega inventory (after lunch),Chickpeas (open),,100,,,
Pratik & Sakshi,h8,2026-08-04,4-Aug mega inventory (after lunch),White chole,,500,,,
Pratik & Sakshi,h8,2026-08-04,4-Aug mega inventory (after lunch),Kala chana,,470,,,
Pratik & Sakshi,h8,2026-08-04,4-Aug mega inventory (after lunch),Lobia (black-eyed peas),,100,,,
Pratik & Sakshi,h8,2026-08-04,4-Aug mega inventory (after lunch),Organic Sattu,,541,,,
Pratik & Sakshi,h8,2026-08-04,4-Aug mega inventory (after lunch),Sattu,,55,,,
Pratik & Sakshi,h8,2026-08-04,4-Aug mega inventory (after lunch),Brown rice,,340,,,
Pratik & Sakshi,h8,2026-08-04,4-Aug mega inventory (after lunch),Dawat brown basmati rice,,626,,,
Pratik & Sakshi,h8,2026-08-04,4-Aug mega inventory (after lunch),Basmati rice,,100,,,
Pratik & Sakshi,h8,2026-08-04,4-Aug mega inventory (after lunch),Basmati rice (Daawat),,2000,,,
Pratik & Sakshi,h8,2026-08-04,4-Aug mega inventory (after lunch),Foxtail millet,,460,,,
Pratik & Sakshi,h8,2026-08-04,4-Aug mega inventory (after lunch),Barnyard millet,,1000,,,
Pratik & Sakshi,h8,2026-08-04,4-Aug mega inventory (after lunch),Millet,,210,,,
Pratik & Sakshi,h8,2026-08-04,4-Aug mega inventory (after lunch),Bajra daliya,,705,,,
Pratik & Sakshi,h8,2026-08-04,4-Aug mega inventory (after lunch),Dalia khichdi,,500,,,
Pratik & Sakshi,h8,2026-08-04,4-Aug mega inventory (after lunch),Quinoa,,250,,,
Pratik & Sakshi,h8,2026-08-04,4-Aug mega inventory (after lunch),Poha,,225,,,
Pratik & Sakshi,h8,2026-08-04,4-Aug mega inventory (after lunch),Puffed rice,,152,,,
Pratik & Sakshi,h8,2026-08-04,4-Aug mega inventory (after lunch),Whole wheat noodles,,200,,,
Pratik & Sakshi,h8,2026-08-04,4-Aug mega inventory (after lunch),Quaker oats,,520,,,
Pratik & Sakshi,h8,2026-08-04,4-Aug mega inventory (after lunch),Shiitake mushroom,,200,,,
Pratik & Sakshi,h8,2026-08-04,4-Aug mega inventory (after lunch),High protein atta,,752,,,
Pratik & Sakshi,h8,2026-08-04,4-Aug mega inventory (after lunch),Aashirwad atta,,1000,,,
Pratik & Sakshi,h8,2026-08-04,4-Aug mega inventory (after lunch),Sharbati atta,,500,,,
Pratik & Sakshi,h8,2026-08-04,4-Aug mega inventory (after lunch),Khapli emmer wheat,,434,,,
Pratik & Sakshi,h8,2026-08-04,4-Aug mega inventory (after lunch),Bajra atta,,221,,,
Pratik & Sakshi,h8,2026-08-04,4-Aug mega inventory (after lunch),Jowar atta,,518,,,
Pratik & Sakshi,h8,2026-08-04,4-Aug mega inventory (after lunch),Makka atta,,518,,,
Pratik & Sakshi,h8,2026-08-04,4-Aug mega inventory (after lunch),Sprouted ragi flour,,500,,,
Pratik & Sakshi,h8,2026-08-04,4-Aug mega inventory (after lunch),Slurrp Farm Ragi,,100,,,
Pratik & Sakshi,h8,2026-08-04,4-Aug mega inventory (after lunch),Besan,,250,,,
Pratik & Sakshi,h8,2026-08-04,4-Aug mega inventory (after lunch),Maida,,1931,,,
Pratik & Sakshi,h8,2026-08-04,4-Aug mega inventory (after lunch),Suji (rava),,1000,,,
Pratik & Sakshi,h8,2026-08-04,4-Aug mega inventory (after lunch),Bread crumbs,,900,,,
Pratik & Sakshi,h8,2026-08-04,4-Aug mega inventory (after lunch),Corn flour,,183,,,
Pratik & Sakshi,h8,2026-08-04,4-Aug mega inventory (after lunch),Baking powder,,100,,,
Pratik & Sakshi,h8,2026-08-04,4-Aug mega inventory (after lunch),Baking soda,,250,,,
Pratik & Sakshi,h8,2026-08-04,4-Aug mega inventory (after lunch),Penne pasta,,250,,,
Pratik & Sakshi,h8,2026-08-04,4-Aug mega inventory (after lunch),Borges penne pasta,,250,,,
Pratik & Sakshi,h8,2026-08-04,4-Aug mega inventory (after lunch),Bread crisps,,1,,,
Pratik & Sakshi,h8,2026-08-04,4-Aug mega inventory (after lunch),Borges mini penne pasta,,50,,,
Pratik & Sakshi,h8,2026-08-04,4-Aug mega inventory (after lunch),Bruschetta loaf,,1,,,
Pratik & Sakshi,h8,2026-08-04,4-Aug mega inventory (after lunch),Millet pancake mix,,222,,,
Pratik & Sakshi,h8,2026-08-04,4-Aug mega inventory (after lunch),Cashews,,330,,,
Pratik & Sakshi,h8,2026-08-04,4-Aug mega inventory (after lunch),Pistachios,,600,,,
Pratik & Sakshi,h8,2026-08-04,4-Aug mega inventory (after lunch),Almond butter,,300,,,
Pratik & Sakshi,h8,2026-08-04,4-Aug mega inventory (after lunch),Peanut butter,,200,,,
Pratik & Sakshi,h8,2026-08-04,4-Aug mega inventory (after lunch),Pecan nuts,,500,,,
Pratik & Sakshi,h8,2026-08-04,4-Aug mega inventory (after lunch),Walnuts,,200,,,
Pratik & Sakshi,h8,2026-08-04,4-Aug mega inventory (after lunch),Raisins,,100,,,
Pratik & Sakshi,h8,2026-08-04,4-Aug mega inventory (after lunch),Black raisins,,500,,,
Pratik & Sakshi,h8,2026-08-04,4-Aug mega inventory (after lunch),Prunes,,100,,,
Pratik & Sakshi,h8,2026-08-04,4-Aug mega inventory (after lunch),Omani dates,,130,,,
Pratik & Sakshi,h8,2026-08-04,4-Aug mega inventory (after lunch),Chia seeds,,325,,,
Pratik & Sakshi,h8,2026-08-04,4-Aug mega inventory (after lunch),Flax seeds,,220,,,
Pratik & Sakshi,h8,2026-08-04,4-Aug mega inventory (after lunch),Pumpkin seeds,,158,,,
Pratik & Sakshi,h8,2026-08-04,4-Aug mega inventory (after lunch),Sunflower seeds,,370,,,
Pratik & Sakshi,h8,2026-08-04,4-Aug mega inventory (after lunch),Watermelon seeds (raw),,125,,,
Pratik & Sakshi,h8,2026-08-04,4-Aug mega inventory (after lunch),Sugar,,800,,,
Pratik & Sakshi,h8,2026-08-04,4-Aug mega inventory (after lunch),Powdered sugar,,270,,,
Pratik & Sakshi,h8,2026-08-04,4-Aug mega inventory (after lunch),Brown sugar,,346,,,
Pratik & Sakshi,h8,2026-08-04,4-Aug mega inventory (after lunch),Jaggery powder,,309,,,
Pratik & Sakshi,h8,2026-08-04,4-Aug mega inventory (after lunch),Himalayan multiflora honey,,200,,,
Pratik & Sakshi,h8,2026-08-04,4-Aug mega inventory (after lunch),Honey,,150,,,
Pratik & Sakshi,h8,2026-08-04,4-Aug mega inventory (after lunch),Corn syrup,,700,,,
Pratik & Sakshi,h8,2026-08-04,4-Aug mega inventory (after lunch),Strawberry jam,,50,,,
Pratik & Sakshi,h8,2026-08-04,4-Aug mega inventory (after lunch),Strawberry fruit spread,,200,,,
Pratik & Sakshi,h8,2026-08-04,4-Aug mega inventory (after lunch),Jeera,,1950,,,
Pratik & Sakshi,h8,2026-08-04,4-Aug mega inventory (after lunch),Coriander powder,,170,,,
Pratik & Sakshi,h8,2026-08-04,4-Aug mega inventory (after lunch),Turmeric powder,,100,,,
Pratik & Sakshi,h8,2026-08-04,4-Aug mega inventory (after lunch),Red chilli powder,,225,,,
Pratik & Sakshi,h8,2026-08-04,4-Aug mega inventory (after lunch),MTR Kashmiri chilli powder,,91,,,
Pratik & Sakshi,h8,2026-08-04,4-Aug mega inventory (after lunch),Dried red chilli,,65,,,
Pratik & Sakshi,h8,2026-08-04,4-Aug mega inventory (after lunch),Chili flakes,,25,,,
Pratik & Sakshi,h8,2026-08-04,4-Aug mega inventory (after lunch),Garlic powder,,25,,,
Pratik & Sakshi,h8,2026-08-04,4-Aug mega inventory (after lunch),Amchur powder,,100,,,
Pratik & Sakshi,h8,2026-08-04,4-Aug mega inventory (after lunch),Everest garam masala,,120,,,
Pratik & Sakshi,h8,2026-08-04,4-Aug mega inventory (after lunch),Rajma masala (Catch),,100,,,
Pratik & Sakshi,h8,2026-08-04,4-Aug mega inventory (after lunch),Chaat masala,,100,,,
Pratik & Sakshi,h8,2026-08-04,4-Aug mega inventory (after lunch),Pav bhaji masala,,91,,,
Pratik & Sakshi,h8,2026-08-04,4-Aug mega inventory (after lunch),Korma masala,,58,,,
Pratik & Sakshi,h8,2026-08-04,4-Aug mega inventory (after lunch),Kasuri methi,,44,,,
Pratik & Sakshi,h8,2026-08-04,4-Aug mega inventory (after lunch),Mustard seeds (yellow),,55,,,
Pratik & Sakshi,h8,2026-08-04,4-Aug mega inventory (after lunch),Cloves,,100,,,
Pratik & Sakshi,h8,2026-08-04,4-Aug mega inventory (after lunch),Tej patta,,55,,,
Pratik & Sakshi,h8,2026-08-04,4-Aug mega inventory (after lunch),Zaatar seasoning,,50,,,
Pratik & Sakshi,h8,2026-08-04,4-Aug mega inventory (after lunch),Sweet paprika,,50,,,
Pratik & Sakshi,h8,2026-08-04,4-Aug mega inventory (after lunch),Smoked paprika,,50,,,
Pratik & Sakshi,h8,2026-08-04,4-Aug mega inventory (after lunch),Sumac powder,,100,,,
Pratik & Sakshi,h8,2026-08-04,4-Aug mega inventory (after lunch),Oregano seasoning,,25,,,
Pratik & Sakshi,h8,2026-08-04,4-Aug mega inventory (after lunch),Curry leaves,,100,,,
Pratik & Sakshi,h8,2026-08-04,4-Aug mega inventory (after lunch),Bourbon vanilla,,100,,,
Pratik & Sakshi,h8,2026-08-04,4-Aug mega inventory (after lunch),Sesame oil,,1000,,,
Pratik & Sakshi,h8,2026-08-04,4-Aug mega inventory (after lunch),Groundnut oil (Saffola),,250,,,
Pratik & Sakshi,h8,2026-08-04,4-Aug mega inventory (after lunch),Borges olive oil,,2000,,,
Pratik & Sakshi,h8,2026-08-04,4-Aug mega inventory (after lunch),Extra virgin olive oil,,500,,,
Pratik & Sakshi,h8,2026-08-04,4-Aug mega inventory (after lunch),Akshayakalpa ghee,,50,,,
Pratik & Sakshi,h8,2026-08-04,4-Aug mega inventory (after lunch),Synthetic vinegar,,100,,,
Pratik & Sakshi,h8,2026-08-04,4-Aug mega inventory (after lunch),Apple cider vinegar,,1500,,,
Pratik & Sakshi,h8,2026-08-04,4-Aug mega inventory (after lunch),Chinese rice wine,,1000,,,
Pratik & Sakshi,h8,2026-08-04,4-Aug mega inventory (after lunch),Coconut aminos umami sauce,,100,,,
Pratik & Sakshi,h8,2026-08-04,4-Aug mega inventory (after lunch),Soy sauce,,100,,,
Pratik & Sakshi,h8,2026-08-04,4-Aug mega inventory (after lunch),Premium dark soy sauce,,80,,,
Pratik & Sakshi,h8,2026-08-04,4-Aug mega inventory (after lunch),Tomato ketchup (Kissan),,50,,,
Pratik & Sakshi,h8,2026-08-04,4-Aug mega inventory (after lunch),Mustard sauce,,200,,,
Pratik & Sakshi,h8,2026-08-04,4-Aug mega inventory (after lunch),Hellmann's mayonnaise,,100,,,
Pratik & Sakshi,h8,2026-08-04,4-Aug mega inventory (after lunch),Sriracha,,100,,,
Pratik & Sakshi,h8,2026-08-04,4-Aug mega inventory (after lunch),Crunchy chili garlic oil,,100,,,
Pratik & Sakshi,h8,2026-08-04,4-Aug mega inventory (after lunch),Green olives,,200,,,
Pratik & Sakshi,h8,2026-08-04,4-Aug mega inventory (after lunch),Black olives,,300,,,
Pratik & Sakshi,h8,2026-08-04,4-Aug mega inventory (after lunch),Sundried tomatoes,,300,,,
Pratik & Sakshi,h8,2026-08-04,4-Aug mega inventory (after lunch),Protein powder,,300,,,
Pratik & Sakshi,h8,2026-08-04,4-Aug mega inventory (after lunch),Athena Greek yogurt,,1,,,
Pratik & Sakshi,h8,2026-08-04,4-Aug mega inventory (after lunch),Paneer,,200,,,
Pratik & Sakshi,h8,2026-08-04,4-Aug mega inventory (after lunch),Butter,,500,,,
Pratik & Sakshi,h8,2026-08-04,4-Aug mega inventory (after lunch),Cheese,,20,,,
Pratik & Sakshi,h8,2026-08-04,4-Aug mega inventory (after lunch),Eggs,,27,,,
Pratik & Sakshi,h8,2026-08-04,4-Aug mega inventory (after lunch),Milk,,300,,,
Pratik & Sakshi,h8,2026-08-04,4-Aug mega inventory (after lunch),Drinking chocolate,,100,,,
Pratik & Sakshi,h8,2026-08-04,4-Aug mega inventory (after lunch),Cocoa powder,,100,,,
Pratik & Sakshi,h8,2026-08-04,4-Aug mega inventory (after lunch),Custard powder,,85,,,
Pratik & Sakshi,h8,2026-08-04,4-Aug mega inventory (after lunch),Kids power shake,,520,,,
Pratik & Sakshi,h8,2026-08-04,4-Aug mega inventory (after lunch),ORS,,1,,,
Pratik & Sakshi,h8,2026-08-04,4-Aug mega inventory (after lunch),Sofit almond milk,,600,,,
Pratik & Sakshi,h8,2026-08-04,4-Aug mega inventory (after lunch),Frozen peas,,866,,,
Pratik & Sakshi,h8,2026-08-04,4-Aug mega inventory (after lunch),Frozen sweet corn,,409,,,
Pratik & Sakshi,h8,2026-08-04,4-Aug mega inventory (after lunch),Edamame (frozen),,260,,,
Pratik & Sakshi,h8,2026-08-04,4-Aug mega inventory (after lunch),Potato,,2,,,
Pratik & Sakshi,h8,2026-08-04,4-Aug mega inventory (after lunch),Baby potato,,10,,,
Pratik & Sakshi,h8,2026-08-04,4-Aug mega inventory (after lunch),Onion,,500,,,
Pratik & Sakshi,h8,2026-08-04,4-Aug mega inventory (after lunch),Garlic,,4,,,
Pratik & Sakshi,h8,2026-08-04,4-Aug mega inventory (after lunch),Tomato,,4,,,
Pratik & Sakshi,h8,2026-08-04,4-Aug mega inventory (after lunch),Green chilli,,50,,,
Pratik & Sakshi,h8,2026-08-04,4-Aug mega inventory (after lunch),Bhaji mirch (green chilli),,200,,,
Pratik & Sakshi,h8,2026-08-04,4-Aug mega inventory (after lunch),Coriander (dhania),,100,,,
Pratik & Sakshi,h8,2026-08-04,4-Aug mega inventory (after lunch),Spinach/Palak,,400,,,
Pratik & Sakshi,h8,2026-08-04,4-Aug mega inventory (after lunch),Cauliflower,,2,,,
Pratik & Sakshi,h8,2026-08-04,4-Aug mega inventory (after lunch),Radish,,2,,,
Pratik & Sakshi,h8,2026-08-04,4-Aug mega inventory (after lunch),Green capsicum,,2,,,
Pratik & Sakshi,h8,2026-08-04,4-Aug mega inventory (after lunch),Zucchini,,0.5,,,
Pratik & Sakshi,h8,2026-08-04,4-Aug mega inventory (after lunch),Carrot,,500,,,
Pratik & Sakshi,h8,2026-08-04,4-Aug mega inventory (after lunch),Beans,,200,,,
Pratik & Sakshi,h8,2026-08-04,4-Aug mega inventory (after lunch),Cabbage,,1,,,
Pratik & Sakshi,h8,2026-08-04,4-Aug mega inventory (after lunch),Basil,,40,,,
Pratik & Sakshi,h8,2026-08-04,4-Aug mega inventory (after lunch),Dry coconut,,1.5,,,
Pratik & Sakshi,h8,2026-08-04,4-Aug mega inventory (after lunch),Onion petals,,100,,,
Pratik & Sakshi,h8,2026-08-04,4-Aug mega inventory (after lunch),Tamarind,,100,,,
Pratik & Sakshi,h8,2026-08-04,4-Aug mega inventory (after lunch),Apple,,2,,,
Pratik & Sakshi,h8,2026-08-04,4-Aug mega inventory (after lunch),Kiwi,,3,,,
Pratik & Sakshi,h8,2026-08-04,4-Aug mega inventory (after lunch),Pear,,1,,,
Pratik & Sakshi,h8,2026-08-04,4-Aug mega inventory (after lunch),Orange,,2,,,
Pratik & Sakshi,h8,2026-08-04,4-Aug mega inventory (after lunch),Blueberry,,50,,,
Pratik & Sakshi,h8,2026-08-04,4-Aug mega inventory (after lunch),Blackberry,,200,,,
Pratik & Sakshi,h8,2026-08-04,4-Aug mega inventory (after lunch),Banana (Yelakki),,200,,,
Pratik & Sakshi,h8,2026-08-04,4-Aug mega inventory (after lunch),Papaya,,1,,,
Pratik & Sakshi,h8,2026-08-04,4-Aug mega inventory (after lunch),Watermelon (cut),,0.25,,,
Pratik & Sakshi,h8,2026-08-04,4-Aug mega inventory (after lunch),Sourdough bread,,1,,,
Pratik & Sakshi,h8,2026-08-04,4-Aug mega inventory (after lunch),Gobblerite beetroot quinoa wraps,,2,,,
Pratik & Sakshi,h8,2026-08-04,4-Aug mega inventory (after lunch),Gobblerite spinach quinoa wraps,,1,,,
Pratik & Sakshi,h8,2026-08-04,4-Aug mega inventory (after lunch),Mangodi,,800,,,
Pratik & Sakshi,h8,2026-08-04,4-Aug mega inventory (after lunch),Lemon,,8,,,
Pratik & Sakshi,h8,2026-08-04,4-Aug mega inventory (after lunch),Organic Cowpea (white),,340,,,
Pratik & Sakshi,h8,2026-08-04,4-Aug mega inventory (after lunch),White sesame seeds,,100,,,
Pratik & Sakshi,h8,2026-08-04,4-Aug mega inventory (after lunch),Food colours (Blue/Yellow/Green),,3,,,
Pratik & Sakshi,h8,2026-08-04,4-Aug mega inventory (after lunch),Chole masala,,47,,,
Pratik & Sakshi,h8,2026-08-04,4-Aug mega inventory (after lunch),Ajwain,,50,,,
Pratik & Sakshi,h8,2026-08-04,4-Aug mega inventory (after lunch),Cardamom powder,,25,,,
Pratik & Sakshi,h8,2026-08-04,4-Aug mega inventory (after lunch),Cinnamon powder,,60,,,
Pratik & Sakshi,h8,2026-08-04,4-Aug mega inventory (after lunch),Whole black pepper,,100,,,
Pratik & Sakshi,h8,2026-08-04,4-Aug mega inventory (after lunch),Hing powder,,99,,,
Pratik & Sakshi,h8,2026-08-04,4-Aug mega inventory (after lunch),Kalonji,,400,,,
Pratik & Sakshi,h8,2026-08-04,4-Aug mega inventory (after lunch),Tata salt,,1000,,,
Pratik & Sakshi,h8,2026-08-04,4-Aug mega inventory (after lunch),Roasted chana dal (Pro Nature),,500,,,
Shunyam & Ishan - latest,h1b,2026-08-05,5-Aug inventory check (after meals),Frozen green peas (Safal),200,200,,,
Shunyam & Ishan - latest,h1b,2026-08-05,5-Aug inventory check (after meals),Bread,0,270,,,
Shunyam & Ishan - latest,h1b,2026-08-05,5-Aug inventory check (after meals),Curd (Akshayakalpa),50,500,,,
Shunyam & Ishan - latest,h1b,2026-08-05,5-Aug inventory check (after meals),Ginger garlic paste,0,50,,,
Shunyam & Ishan - latest,h1b,2026-08-05,5-Aug inventory check (after meals),Fresh methi,180,180,,,
Shunyam & Ishan - latest,h1b,2026-08-05,5-Aug inventory check (after meals),Curry leaves,50,70,,,
Shunyam & Ishan - latest,h1b,2026-08-05,5-Aug inventory check (after meals),Green chilli,50,100,,,
Shunyam & Ishan - latest,h1b,2026-08-05,5-Aug inventory check (after meals),Ginger,100,100,,,
Shunyam & Ishan - latest,h1b,2026-08-05,5-Aug inventory check (after meals),Carrot,1,1,,,
Shunyam & Ishan - latest,h1b,2026-08-05,5-Aug inventory check (after meals),Tomato,3,3,,,
Shunyam & Ishan - latest,h1b,2026-08-05,5-Aug inventory check (after meals),Beans (French),150,150,,,
Shunyam & Ishan - latest,h1b,2026-08-05,5-Aug inventory check (after meals),Green capsicum,1,0.5,,,
Shunyam & Ishan - latest,h1b,2026-08-05,5-Aug inventory check (after meals),Red capsicum,1,0.5,,,
Shunyam & Ishan - latest,h1b,2026-08-05,5-Aug inventory check (after meals),Yellow capsicum,1,0.5,,,
Shunyam & Ishan - latest,h1b,2026-08-05,5-Aug inventory check (after meals),Fresh cream (Amul),0,400,,,
Shunyam & Ishan - latest,h1b,2026-08-05,5-Aug inventory check (after meals),Chaat masala,1,1,,,
Shunyam & Ishan - latest,h1b,2026-08-05,5-Aug inventory check (after meals),Garam masala,1,1,,,
Shunyam & Ishan - latest,h1b,2026-08-05,5-Aug inventory check (after meals),Veg mayonnaise (Dr Oetker FunFoods),1,1,,,
Shunyam & Ishan - latest,h1b,2026-08-05,5-Aug inventory check (after meals),Mustard sauce,1,1,,,
Shunyam & Ishan - latest,h1b,2026-08-05,5-Aug inventory check (after meals),Vinegar,1,1,,,
Shunyam & Ishan - latest,h1b,2026-08-05,5-Aug inventory check (after meals),Dark soy sauce,1,1,,,
Shunyam & Ishan - latest,h1b,2026-08-05,5-Aug inventory check (after meals),Eggs,8,8,,,
Shunyam & Ishan - latest,h1b,2026-08-05,5-Aug inventory check (after meals),Garlic,3,2,,,
Shunyam & Ishan - latest,h1b,2026-08-05,5-Aug inventory check (after meals),Potato,750,1000,,,
Shunyam & Ishan - latest,h1b,2026-08-05,5-Aug inventory check (after meals),Onion,600,6,,,
Shunyam & Ishan - latest,h1b,2026-08-05,5-Aug inventory check (after meals),Aashirvaad atta (2kg),1580,1580,,,
Shunyam & Ishan - latest,h1b,2026-08-05,5-Aug inventory check (after meals),Rava,290,290,,,
Shunyam & Ishan - latest,h1b,2026-08-05,5-Aug inventory check (after meals),Chana dal,500,500,,,
Shunyam & Ishan - latest,h1b,2026-08-05,5-Aug inventory check (after meals),Rajma (red kidney beans),500,500,,,
Shunyam & Ishan - latest,h1b,2026-08-05,5-Aug inventory check (after meals),Toor dal,200,200,,,
Shunyam & Ishan - latest,h1b,2026-08-05,5-Aug inventory check (after meals),Moong dal,400,400,,,
Shunyam & Ishan - latest,h1b,2026-08-05,5-Aug inventory check (after meals),Peanuts,116,200,,,
Shunyam & Ishan - latest,h1b,2026-08-05,5-Aug inventory check (after meals),Basmati rice,425,500,,,
Shunyam & Ishan - latest,h1b,2026-08-05,5-Aug inventory check (after meals),Cheese (Amul),6,6,,,
Shunyam & Ishan - latest,h1b,2026-08-05,5-Aug inventory check (after meals),Sambar masala powder,192,192,,,
Shunyam & Ishan - latest,h1b,2026-08-05,5-Aug inventory check (after meals),Pav bhaji masala,50,50,,,
Shunyam & Ishan - latest,h1b,2026-08-05,5-Aug inventory check (after meals),Kasuri methi,1,1,,,
Shunyam & Ishan - latest,h1b,2026-08-05,5-Aug inventory check (after meals),Turmeric powder,95,95,,,
Shunyam & Ishan - latest,h1b,2026-08-05,5-Aug inventory check (after meals),Green kiwi,5,6,,,
Shunyam & Ishan - latest,h1b,2026-08-05,5-Aug inventory check (after meals),Red matta rice,210,300,,,
Shunyam & Ishan - latest,h1b,2026-08-05,5-Aug inventory check (after meals),Turmeric whole,,70,,,
Shunyam & Ishan - latest,h1b,2026-08-05,5-Aug inventory check (after meals),Provilac cacao,,250,,,
Disha & Anirudh,h3,2026-08-05,5-Aug inventory check (after meals),Blueberry (imported),125,1,,,
Disha & Anirudh,h3,2026-08-05,5-Aug inventory check (after meals),Cherry (imported),40,1,,,
Disha & Anirudh,h3,2026-08-05,5-Aug inventory check (after meals),Malai paneer,0,100,,,
Disha & Anirudh,h3,2026-08-05,5-Aug inventory check (after meals),Eggs,8,4,,,
Disha & Anirudh,h3,2026-08-05,5-Aug inventory check (after meals),Sourdough bread,6,4,,,
Disha & Anirudh,h3,2026-08-05,5-Aug inventory check (after meals),English cucumber,5,4,,,
Disha & Anirudh,h3,2026-08-05,5-Aug inventory check (after meals),Yellow sweet corn,1,1,,,
Disha & Anirudh,h3,2026-08-05,5-Aug inventory check (after meals),Haricot beans,125,250,,,
Disha & Anirudh,h3,2026-08-05,5-Aug inventory check (after meals),Cabbage,0,1,,,
Disha & Anirudh,h3,2026-08-05,5-Aug inventory check (after meals),Yellow capsicum,1,1,,,
Disha & Anirudh,h3,2026-08-05,5-Aug inventory check (after meals),Red capsicum,1,1,,,
Disha & Anirudh,h3,2026-08-05,5-Aug inventory check (after meals),Green capsicum,2,2,,,
Disha & Anirudh,h3,2026-08-05,5-Aug inventory check (after meals),Carrot,500,1000,,,
Disha & Anirudh,h3,2026-08-05,5-Aug inventory check (after meals),Spring onion,200,200,,,
Disha & Anirudh,h3,2026-08-05,5-Aug inventory check (after meals),Chopped coriander,30,100,,,
Disha & Anirudh,h3,2026-08-05,5-Aug inventory check (after meals),Curry leaves,45,100,,,
Disha & Anirudh,h3,2026-08-05,5-Aug inventory check (after meals),Greek yogurt (Milky Mist),1,2,,,
Disha & Anirudh,h3,2026-08-05,5-Aug inventory check (after meals),Lactose-free Amul milk,2.5,3,,,
Disha & Anirudh,h3,2026-08-05,5-Aug inventory check (after meals),Fresh cream,1,1,,,
Disha & Anirudh,h3,2026-08-05,5-Aug inventory check (after meals),Coconut cream,1,1,,,
Disha & Anirudh,h3,2026-08-05,5-Aug inventory check (after meals),Coconut milk,0.5,1,,,
Disha & Anirudh,h3,2026-08-05,5-Aug inventory check (after meals),Butter,0,1,,,
Disha & Anirudh,h3,2026-08-05,5-Aug inventory check (after meals),Cheese slices,3,1,,,
Disha & Anirudh,h3,2026-08-05,5-Aug inventory check (after meals),Lemon,5,2.5,,,
Disha & Anirudh,h3,2026-08-05,5-Aug inventory check (after meals),Olive oil,275,400,,,
Disha & Anirudh,h3,2026-08-05,5-Aug inventory check (after meals),Banana,2,2,,,
Disha & Anirudh,h3,2026-08-05,5-Aug inventory check (after meals),Apple,0,1,,,
Disha & Anirudh,h3,2026-08-05,5-Aug inventory check (after meals),Guava,1,1,,,
Disha & Anirudh,h3,2026-08-05,5-Aug inventory check (after meals),Tomato,1400,1000,,,
Disha & Anirudh,h3,2026-08-05,5-Aug inventory check (after meals),Onion,0,5,,,
Disha & Anirudh,h3,2026-08-05,5-Aug inventory check (after meals),Chicken,500,500,,,
Disha & Anirudh,h3,2026-08-05,5-Aug inventory check (after meals),Hung curd,0,350,,,
Disha & Anirudh,h3,2026-08-05,5-Aug inventory check (after meals),Indian cucumber,,1,,,
Disha & Anirudh,h3,2026-08-05,5-Aug inventory check (after meals),Godrej Jersey Slim skimmed milk,,1,,,
Soozy & Munz,h2,2026-08-05,5-Aug perishable overwrite (end of day),Frozen green peas (Safal),500,500,,,
Soozy & Munz,h2,2026-08-05,5-Aug perishable overwrite (end of day),Frozen sweet corn,100,107,,,
Soozy & Munz,h2,2026-08-05,5-Aug perishable overwrite (end of day),Chicken breast (Licious),629,118,,,
Soozy & Munz,h2,2026-08-05,5-Aug perishable overwrite (end of day),Prawns (FreshToHome),500,250,,,
Soozy & Munz,h2,2026-08-05,5-Aug perishable overwrite (end of day),Curry leaves,183,178,,,
Soozy & Munz,h2,2026-08-05,5-Aug perishable overwrite (end of day),Green capsicum,370,208,,,
Soozy & Munz,h2,2026-08-05,5-Aug perishable overwrite (end of day),Red capsicum,1,361,,,
Soozy & Munz,h2,2026-08-05,5-Aug perishable overwrite (end of day),Yellow capsicum,1,0,,,
Soozy & Munz,h2,2026-08-05,5-Aug perishable overwrite (end of day),French beans,330,238,,,
Soozy & Munz,h2,2026-08-05,5-Aug perishable overwrite (end of day),Green beans,0,110,,,
Soozy & Munz,h2,2026-08-05,5-Aug perishable overwrite (end of day),Red cabbage,430,638,,,
Soozy & Munz,h2,2026-08-05,5-Aug perishable overwrite (end of day),Dill (shepu),109,92,,,
Soozy & Munz,h2,2026-08-05,5-Aug perishable overwrite (end of day),Carrot,170,135,,,
Soozy & Munz,h2,2026-08-05,5-Aug perishable overwrite (end of day),Rosemary (fresh),13,10,,,
Soozy & Munz,h2,2026-08-05,5-Aug perishable overwrite (end of day),Spring onion,137,100,,,
Soozy & Munz,h2,2026-08-05,5-Aug perishable overwrite (end of day),Green chilli,72,70,,,
Soozy & Munz,h2,2026-08-05,5-Aug perishable overwrite (end of day),Iceberg lettuce,125,156,,,
Soozy & Munz,h2,2026-08-05,5-Aug perishable overwrite (end of day),Cucumber,81,112,,,
Soozy & Munz,h2,2026-08-05,5-Aug perishable overwrite (end of day),Tomato,400,401,,,
Soozy & Munz,h2,2026-08-05,5-Aug perishable overwrite (end of day),Mint,70,77,,,
Soozy & Munz,h2,2026-08-05,5-Aug perishable overwrite (end of day),Ginger,232,80,,,
Soozy & Munz,h2,2026-08-05,5-Aug perishable overwrite (end of day),Banana,0,300,,,
Soozy & Munz,h2,2026-08-05,5-Aug perishable overwrite (end of day),Eggs,20,8,,,
Soozy & Munz,h2,2026-08-05,5-Aug perishable overwrite (end of day),Peeled garlic (pack),50,34,,,
Soozy & Munz,h2,2026-08-05,5-Aug perishable overwrite (end of day),Butter (Milky Mist),0,10,,,
Soozy & Munz,h2,2026-08-05,5-Aug perishable overwrite (end of day),Baby corn,189,100,,,
Soozy & Munz,h2,2026-08-05,5-Aug perishable overwrite (end of day),Cherry tomato,172,100,,,
Soozy & Munz,h2,2026-08-05,5-Aug perishable overwrite (end of day),Apple,0,1,,,
Soozy & Munz,h2,2026-08-05,5-Aug perishable overwrite (end of day),Kiwi (Zespri SunGold),2,3,,,
Soozy & Munz,h2,2026-08-05,5-Aug perishable overwrite (end of day),Greek yogurt (Akshayakalpa plain),0,3,,,
Soozy & Munz,h2,2026-08-05,5-Aug perishable overwrite (end of day),Cream cheese (Dlecta),100,112,,,
Soozy & Munz,h2,2026-08-05,5-Aug perishable overwrite (end of day),Oranges / pomegranate,0,250,,,
Soozy & Munz,h2,2026-08-05,5-Aug perishable overwrite (end of day),Dry coconut,0,1,,,
Soozy & Munz,h2,2026-08-05,5-Aug perishable overwrite (end of day),Idli/dosa batter (iD),0,400,,,
Soozy & Munz,h2,2026-08-05,5-Aug perishable overwrite (end of day),Avocado,1,1,,,
Soozy & Munz,h2,2026-08-05,5-Aug perishable overwrite (end of day),Parmesan cheese (D'lecta),112,112,,,
Soozy & Munz,h2,2026-08-05,5-Aug perishable overwrite (end of day),Greek yogurt (Milky Mist),380,450,,,
Soozy & Munz,h2,2026-08-05,5-Aug perishable overwrite (end of day),Feta cheese,0,44,,,
Soozy & Munz,h2,2026-08-05,5-Aug perishable overwrite (end of day),Blue Tokai coffee (choco-nutty),0,178,,,
Soozy & Munz,h2,2026-08-05,5-Aug perishable overwrite (end of day),Ragi batter,,280,,,
Soozy & Munz,h2,2026-08-05,5-Aug perishable overwrite (end of day),Prawns (older lot),,163,,,
Soozy & Munz,h2,2026-08-05,5-Aug perishable overwrite (end of day),Chicken breast (older lot),,400,,,
Soozy & Munz,h2,2026-08-05,5-Aug perishable overwrite (end of day),Cucumber,112,1077,,,
Pratik & Sakshi,h8,2026-08-05,5-Aug count (after lunch),Green chilli,40,50,,,
Pratik & Sakshi,h8,2026-08-05,5-Aug count (after lunch),Curry leaves,100,100,,,
Pratik & Sakshi,h8,2026-08-05,5-Aug count (after lunch),Coriander (dhania),80,100,,,
Pratik & Sakshi,h8,2026-08-05,5-Aug count (after lunch),Dry coconut,1.5,1,,,
Pratik & Sakshi,h8,2026-08-05,5-Aug count (after lunch),Spring onion,0,250,,,
Pratik & Sakshi,h8,2026-08-05,5-Aug count (after lunch),Radish,2,2,,,
Pratik & Sakshi,h8,2026-08-05,5-Aug count (after lunch),Cauliflower,2,200,,,
Pratik & Sakshi,h8,2026-08-05,5-Aug count (after lunch),Tomato,3,4,,,
Pratik & Sakshi,h8,2026-08-05,5-Aug count (after lunch),Carrot,500,500,,,
Pratik & Sakshi,h8,2026-08-05,5-Aug count (after lunch),Spinach/Palak,150,250,,,
Pratik & Sakshi,h8,2026-08-05,5-Aug count (after lunch),Jalapeno,0,250,,,
Pratik & Sakshi,h8,2026-08-05,5-Aug count (after lunch),Button mushroom,0,200,,,
Pratik & Sakshi,h8,2026-08-05,5-Aug count (after lunch),Eggs,27,15,,,
Pratik & Sakshi,h8,2026-08-05,5-Aug count (after lunch),Hard tofu,0,300,,,
Pratik & Sakshi,h8,2026-08-05,5-Aug count (after lunch),Tahini paste (white),0,400,,,
Pratik & Sakshi,h8,2026-08-05,5-Aug count (after lunch),Athena Greek yogurt,1,2,,,
Pratik & Sakshi,h8,2026-08-05,5-Aug count (after lunch),Blueberry,50,1,,,
Pratik & Sakshi,h8,2026-08-05,5-Aug count (after lunch),Butter,500,400,,,
Pratik & Sakshi,h8,2026-08-05,5-Aug count (after lunch),Zero maida bread,0,1,,,
Pratik & Sakshi,h8,2026-08-05,5-Aug count (after lunch),Apple,2,2,,,
Pratik & Sakshi,h8,2026-08-05,5-Aug count (after lunch),Kiwi,3,2,,,
Pratik & Sakshi,h8,2026-08-05,5-Aug count (after lunch),Orange,2,2,,,
Pratik & Sakshi,h8,2026-08-05,5-Aug count (after lunch),Pear,1,1,,,
Pratik & Sakshi,h8,2026-08-05,5-Aug count (after lunch),Idli/dosa batter,0,1000,,,
Pratik & Sakshi,h8,2026-08-05,5-Aug count (after lunch),Onion,420,1000,,,
Pratik & Sakshi,h8,2026-08-05,5-Aug count (after lunch),Ginger,185,200,,,
Pratik & Sakshi,h8,2026-08-05,5-Aug count (after lunch),Garlic,4,5,,,
Pratik & Sakshi,h8,2026-08-05,5-Aug count (after lunch),Cabbage,1,1,,,
Soozy & Munz,h2,2026-08-05,5-Aug condiment & pantry count,Sun-dried tomatoes,0,300,,,
Soozy & Munz,h2,2026-08-05,5-Aug condiment & pantry count,Sliced black olives,0,300,,,
Soozy & Munz,h2,2026-08-05,5-Aug condiment & pantry count,Fish sauce (Real Thai),0.5,100,,,
Soozy & Munz,h2,2026-08-05,5-Aug condiment & pantry count,Dark soy sauce,0,150,,,
Soozy & Munz,h2,2026-08-05,5-Aug condiment & pantry count,Aka miso (Urban Platter),0,100,,,
Soozy & Munz,h2,2026-08-05,5-Aug condiment & pantry count,White tahini paste,0,100,,,
Soozy & Munz,h2,2026-08-05,5-Aug condiment & pantry count,Vanilla extract,100,100,,,
Soozy & Munz,h2,2026-08-05,5-Aug condiment & pantry count,Korean gochujang sauce,100,100,,,
Soozy & Munz,h2,2026-08-05,5-Aug condiment & pantry count,Peanut butter,1,100,,,
Soozy & Munz,h2,2026-08-05,5-Aug condiment & pantry count,Peanut butter (Whole Truth),0.25,50,,,
Soozy & Munz,h2,2026-08-05,5-Aug condiment & pantry count,Kisan chilli peanut thecha chutney,1,50,,,
Soozy & Munz,h2,2026-08-05,5-Aug condiment & pantry count,Tomato ketchup (Delmonte),0.5,400,,,
Soozy & Munz,h2,2026-08-05,5-Aug condiment & pantry count,Tabasco,0,50,,,
Soozy & Munz,h2,2026-08-05,5-Aug condiment & pantry count,Mustard sauce,0.5,5,,,
Soozy & Munz,h2,2026-08-05,5-Aug condiment & pantry count,Garlic powder,80,40,,,
Soozy & Munz,h2,2026-08-05,5-Aug condiment & pantry count,Coconut milk (unsweetened),250,125,,,
Soozy & Munz,h2,2026-08-05,5-Aug condiment & pantry count,Vinegar,0,100,,,
Soozy & Munz,h2,2026-08-05,5-Aug condiment & pantry count,Ginger garlic paste,20,30,,,
Soozy & Munz,h2,2026-08-05,5-Aug condiment & pantry count,Tamarind concentrate,200,113,,,
Soozy & Munz,h2,2026-08-05,5-Aug condiment & pantry count,Chaat masala,100,50,,,
Soozy & Munz,h2,2026-08-05,5-Aug condiment & pantry count,Smokey BBQ sauce (Veeba),50,50,,,
Soozy & Munz,h2,2026-08-05,5-Aug condiment & pantry count,Apricot jam (Darbo),0.25,60,,,
Soozy & Munz,h2,2026-08-05,5-Aug condiment & pantry count,Jalapeno peppers (Cornitos),1,400,,,
Soozy & Munz,h2,2026-08-05,5-Aug condiment & pantry count,Ranch dressing (Veeba),40,0,,,
Soozy & Munz,h2,2026-08-05,5-Aug condiment & pantry count,Sichuan chilli oil (MasterChow),0,200,,,
Soozy & Munz,h2,2026-08-05,5-Aug condiment & pantry count,Chilli oil,1,0,,,
Soozy & Munz,h2,2026-08-05,5-Aug condiment & pantry count,Thousand island dressing (Biba),1,80,,,
Soozy & Munz,h2,2026-08-05,5-Aug condiment & pantry count,Mayonnaise,,150,,,
Disha & Anirudh,h3,2026-08-05,5-Aug perishable overwrite (end of day),Blueberry (imported),1,100,,,
Disha & Anirudh,h3,2026-08-05,5-Aug perishable overwrite (end of day),Cherry (imported),1,50,,,
Disha & Anirudh,h3,2026-08-05,5-Aug perishable overwrite (end of day),Chicken,500,225,,,
Disha & Anirudh,h3,2026-08-05,5-Aug perishable overwrite (end of day),Malai paneer,100,100,,,
Disha & Anirudh,h3,2026-08-05,5-Aug perishable overwrite (end of day),Eggs,4,4,,,
Disha & Anirudh,h3,2026-08-05,5-Aug perishable overwrite (end of day),Sourdough bread,4,4,,,
Disha & Anirudh,h3,2026-08-05,5-Aug perishable overwrite (end of day),English cucumber,4,5,,,
Disha & Anirudh,h3,2026-08-05,5-Aug perishable overwrite (end of day),Haricot beans,250,100,,,
Disha & Anirudh,h3,2026-08-05,5-Aug perishable overwrite (end of day),Yellow sweet corn,1,1,,,
Disha & Anirudh,h3,2026-08-05,5-Aug perishable overwrite (end of day),Green capsicum,2,2,,,
Disha & Anirudh,h3,2026-08-05,5-Aug perishable overwrite (end of day),Red capsicum,1,1,,,
Disha & Anirudh,h3,2026-08-05,5-Aug perishable overwrite (end of day),Yellow capsicum,1,0.5,,,
Disha & Anirudh,h3,2026-08-05,5-Aug perishable overwrite (end of day),Iceberg lettuce,1,1,,,
Disha & Anirudh,h3,2026-08-05,5-Aug perishable overwrite (end of day),Carrot,1000,9,,,
Disha & Anirudh,h3,2026-08-05,5-Aug perishable overwrite (end of day),Spring onion,200,150,,,
Disha & Anirudh,h3,2026-08-05,5-Aug perishable overwrite (end of day),Butterhead lettuce,100,70,,,
Disha & Anirudh,h3,2026-08-05,5-Aug perishable overwrite (end of day),Rocket leaves (arugula),30,30,,,
Disha & Anirudh,h3,2026-08-05,5-Aug perishable overwrite (end of day),Chopped coriander,100,90,,,
Disha & Anirudh,h3,2026-08-05,5-Aug perishable overwrite (end of day),Greek yogurt (Milky Mist),2,2,,,
Disha & Anirudh,h3,2026-08-05,5-Aug perishable overwrite (end of day),Fresh cream,1,250,,,
Disha & Anirudh,h3,2026-08-05,5-Aug perishable overwrite (end of day),Coconut cream,1,200,,,
Disha & Anirudh,h3,2026-08-05,5-Aug perishable overwrite (end of day),Lactose-free Amul milk,3,3,,,
Disha & Anirudh,h3,2026-08-05,5-Aug perishable overwrite (end of day),Pork (packet),1,1,,,
Disha & Anirudh,h3,2026-08-05,5-Aug perishable overwrite (end of day),Godrej Jersey Slim skimmed milk,1,1000,,,
Disha & Anirudh,h3,2026-08-05,5-Aug perishable overwrite (end of day),Coconut milk,1,70,,,
Disha & Anirudh,h3,2026-08-05,5-Aug perishable overwrite (end of day),Lemon,2.5,3,,,
Disha & Anirudh,h3,2026-08-05,5-Aug perishable overwrite (end of day),Cheese slices,1,2,,,
Disha & Anirudh,h3,2026-08-05,5-Aug perishable overwrite (end of day),Sriracha hot chilli sauce,1,30,,,
Disha & Anirudh,h3,2026-08-05,5-Aug perishable overwrite (end of day),Green chilli,40,40,,,
Disha & Anirudh,h3,2026-08-05,5-Aug perishable overwrite (end of day),Banana,2,2,,,
Disha & Anirudh,h3,2026-08-05,5-Aug perishable overwrite (end of day),Apple,1,1,,,
Disha & Anirudh,h3,2026-08-05,5-Aug perishable overwrite (end of day),Guava,1,1,,,
Disha & Anirudh,h3,2026-08-05,5-Aug perishable overwrite (end of day),Tomato,1000,10,,,
Disha & Anirudh,h3,2026-08-05,5-Aug perishable overwrite (end of day),Onion,5,5,,,
Disha & Anirudh,h3,2026-08-05,5-Aug perishable overwrite (end of day),Peanut oil,200,200,,,
Disha & Anirudh,h3,2026-08-05,5-Aug perishable overwrite (end of day),Buttermilk (tetra pack),,1,,,
Disha & Anirudh,h3,2026-08-05,5-Aug perishable overwrite (end of day),Curry leaves,0,100,,,
Disha & Anirudh,h3,2026-08-05,5-Aug perishable overwrite (end of day),Curd,0,1000,,,
Disha & Anirudh,h3,2026-08-05,5-Aug perishable overwrite (end of day),Hung curd,0,100,,,
Disha & Anirudh,h3,2026-08-05,5-Aug perishable overwrite (end of day),Feta cheese,0,100,,,
Disha & Anirudh,h3,2026-08-05,5-Aug perishable overwrite (end of day),Butter,0,1,,,
Disha & Anirudh,h3,2026-08-05,5-Aug perishable overwrite (end of day),Ginger,0,130,,,
Disha & Anirudh,h3,2026-08-05,5-Aug perishable overwrite (end of day),Garlic (fresh),0,3.7,,,
Shunyam & Ishan - latest,h1b,2026-08-06,6-Aug inventory check (after meals),Beans (French),150,150,,,
Shunyam & Ishan - latest,h1b,2026-08-06,6-Aug inventory check (after meals),Coriander,100,50,,,
Shunyam & Ishan - latest,h1b,2026-08-06,6-Aug inventory check (after meals),Green chilli,100,100,,,
Shunyam & Ishan - latest,h1b,2026-08-06,6-Aug inventory check (after meals),Ginger,100,100,,,
Shunyam & Ishan - latest,h1b,2026-08-06,6-Aug inventory check (after meals),Fresh methi,180,130,,,
Shunyam & Ishan - latest,h1b,2026-08-06,6-Aug inventory check (after meals),Red capsicum,0.5,0.5,,,
Shunyam & Ishan - latest,h1b,2026-08-06,6-Aug inventory check (after meals),Yellow capsicum,0.5,0.5,,,
Shunyam & Ishan - latest,h1b,2026-08-06,6-Aug inventory check (after meals),Green capsicum,0.5,0,,,
Shunyam & Ishan - latest,h1b,2026-08-06,6-Aug inventory check (after meals),Lemon,3,3,,,
Shunyam & Ishan - latest,h1b,2026-08-06,6-Aug inventory check (after meals),Carrot,1,1,,,
Shunyam & Ishan - latest,h1b,2026-08-06,6-Aug inventory check (after meals),Tomato,3,3,,,
Shunyam & Ishan - latest,h1b,2026-08-06,6-Aug inventory check (after meals),Frozen green peas (Safal),200,200,,,
Shunyam & Ishan - latest,h1b,2026-08-06,6-Aug inventory check (after meals),Bread,270,4,,,
Shunyam & Ishan - latest,h1b,2026-08-06,6-Aug inventory check (after meals),Butter (Amul),50,50,,,
Shunyam & Ishan - latest,h1b,2026-08-06,6-Aug inventory check (after meals),Curd (Akshayakalpa),500,500,,,
Shunyam & Ishan - latest,h1b,2026-08-06,6-Aug inventory check (after meals),Fresh cream (Amul),400,400,,,
Shunyam & Ishan - latest,h1b,2026-08-06,6-Aug inventory check (after meals),Chaat masala,1,1,,,
Shunyam & Ishan - latest,h1b,2026-08-06,6-Aug inventory check (after meals),Garam masala,1,1,,,
Shunyam & Ishan - latest,h1b,2026-08-06,6-Aug inventory check (after meals),Ginger garlic paste,50,1,,,
Shunyam & Ishan - latest,h1b,2026-08-06,6-Aug inventory check (after meals),Veg mayonnaise (Dr Oetker FunFoods),1,1,,,
Shunyam & Ishan - latest,h1b,2026-08-06,6-Aug inventory check (after meals),Mustard sauce,1,1,,,
Shunyam & Ishan - latest,h1b,2026-08-06,6-Aug inventory check (after meals),Vinegar,1,1,,,
Shunyam & Ishan - latest,h1b,2026-08-06,6-Aug inventory check (after meals),Dark soy sauce,1,1,,,
Shunyam & Ishan - latest,h1b,2026-08-06,6-Aug inventory check (after meals),Potato,1000,1000,,,
Shunyam & Ishan - latest,h1b,2026-08-06,6-Aug inventory check (after meals),Garlic,2,1,,,
Shunyam & Ishan - latest,h1b,2026-08-06,6-Aug inventory check (after meals),Onion,6,10,,,
Shunyam & Ishan - latest,h1b,2026-08-06,6-Aug inventory check (after meals),Chicken breast (boneless),400,200,,,
Shunyam & Ishan - latest,h1b,2026-08-06,6-Aug inventory check (after meals),English cucumber,3,3,,,
Shunyam & Ishan - latest,h1b,2026-08-06,6-Aug inventory check (after meals),Green kiwi,6,6,,,
Pratik & Sakshi,h8,2026-08-06,6-Aug count (after lunch),Frozen sweet corn,409,200,,,
Pratik & Sakshi,h8,2026-08-06,6-Aug count (after lunch),Edamame (frozen),260,300,,,
Pratik & Sakshi,h8,2026-08-06,6-Aug count (after lunch),Frozen peas,866,500,,,
Pratik & Sakshi,h8,2026-08-06,6-Aug count (after lunch),Butter,400,300,,,
Pratik & Sakshi,h8,2026-08-06,6-Aug count (after lunch),Eggs,15,21,,,
Pratik & Sakshi,h8,2026-08-06,6-Aug count (after lunch),Idli/dosa batter,1000,1000,,,
Pratik & Sakshi,h8,2026-08-06,6-Aug count (after lunch),Athena Greek yogurt,2,2,,,
Pratik & Sakshi,h8,2026-08-06,6-Aug count (after lunch),Apple,2,2,,,
Pratik & Sakshi,h8,2026-08-06,6-Aug count (after lunch),Pear,1,1,,,
Pratik & Sakshi,h8,2026-08-06,6-Aug count (after lunch),Orange,2,1,,,
Pratik & Sakshi,h8,2026-08-06,6-Aug count (after lunch),Kiwi,2,1,,,
Pratik & Sakshi,h8,2026-08-06,6-Aug count (after lunch),Blackberry,200,50,,,
Pratik & Sakshi,h8,2026-08-06,6-Aug count (after lunch),Lemon,8,3,,,
Pratik & Sakshi,h8,2026-08-06,6-Aug count (after lunch),Tomato,9,3,,,
Pratik & Sakshi,h8,2026-08-06,6-Aug count (after lunch),Zucchini,0.5,0.5,,,
Pratik & Sakshi,h8,2026-08-06,6-Aug count (after lunch),Broccoli,350,300,,,
Pratik & Sakshi,h8,2026-08-06,6-Aug count (after lunch),Radish,2,2,,,
Pratik & Sakshi,h8,2026-08-06,6-Aug count (after lunch),Spinach/Palak,250,250,,,
Pratik & Sakshi,h8,2026-08-06,6-Aug count (after lunch),Red capsicum,1,1,,,
Pratik & Sakshi,h8,2026-08-06,6-Aug count (after lunch),Yellow capsicum,1,0.5,,,
Pratik & Sakshi,h8,2026-08-06,6-Aug count (after lunch),Carrot,300,4,,,
Pratik & Sakshi,h8,2026-08-06,6-Aug count (after lunch),Curly parsley,50,45,,,
Pratik & Sakshi,h8,2026-08-06,6-Aug count (after lunch),Green capsicum,2,1,,,
Pratik & Sakshi,h8,2026-08-06,6-Aug count (after lunch),Beans,50,175,,,
Pratik & Sakshi,h8,2026-08-06,6-Aug count (after lunch),Spring onion,190,250,,,
Pratik & Sakshi,h8,2026-08-06,6-Aug count (after lunch),Celery,100,100,,,
Pratik & Sakshi,h8,2026-08-06,6-Aug count (after lunch),Haricot beans,100,175,,,
Pratik & Sakshi,h8,2026-08-06,6-Aug count (after lunch),Button mushroom,200,200,,,
Pratik & Sakshi,h8,2026-08-06,6-Aug count (after lunch),Cabbage,0.5,0.5,,,
Pratik & Sakshi,h8,2026-08-06,6-Aug count (after lunch),Garlic,6,250,,,
Pratik & Sakshi,h8,2026-08-06,6-Aug count (after lunch),Ginger,370,150,,,
Pratik & Sakshi,h8,2026-08-06,6-Aug count (after lunch),Potato,2,1,,,
Pratik & Sakshi,h8,2026-08-06,6-Aug count (after lunch),Baby potato,10,2,,,
Pratik & Sakshi,h8,2026-08-06,6-Aug count (after lunch),Onion,850,1500,,,
Pratik & Sakshi,h8,2026-08-06,6-Aug count (after lunch),Muskmelon,1,1,,,
Pratik & Sakshi,h8,2026-08-06,6-Aug count (after lunch),Lobia (black-eyed peas),100,20,,,
Pratik & Sakshi,h8,2026-08-06,6-Aug count (after lunch),Protein powder,300,1000,,,
Pratik & Sakshi,h8,2026-08-06,6-Aug count (after lunch),Hard tofu,0,200,,,
Pratik & Sakshi,h8,2026-08-06,6-Aug count (after lunch),Soft tofu,0,200,,,
Pratik & Sakshi,h8,2026-08-06,6-Aug count (after lunch),Green chilli,40,40,,,
Pratik & Sakshi,h8,2026-08-06,6-Aug count (after lunch),Coriander (dhania),200,80,,,
Pratik & Sakshi,h8,2026-08-06,6-Aug count (after lunch),Curry leaves,100,100,,,
Pratik & Sakshi,h8,2026-08-06,6-Aug count (after lunch),Zero maida bread,1,1,,,
Pratik & Sakshi,h8,2026-08-06,6-Aug count (after lunch),Groundnut oil (Saffola),190,50,,,
Pratik & Sakshi,h8,2026-08-06,6-Aug count (after lunch),Tender coconut,,1,,,
Shunyam & Ishan - latest,h1b,2026-08-07,7-Aug inventory check (after all meals),Coriander,50,50,,,
Shunyam & Ishan - latest,h1b,2026-08-07,7-Aug inventory check (after all meals),Tomato,3,3,,,
Shunyam & Ishan - latest,h1b,2026-08-07,7-Aug inventory check (after all meals),Beans (French),150,150,,,
Shunyam & Ishan - latest,h1b,2026-08-07,7-Aug inventory check (after all meals),Lemon,3,3,,,
Shunyam & Ishan - latest,h1b,2026-08-07,7-Aug inventory check (after all meals),Green chilli,100,50,,,
Shunyam & Ishan - latest,h1b,2026-08-07,7-Aug inventory check (after all meals),Ginger,100,100,,,
Shunyam & Ishan - latest,h1b,2026-08-07,7-Aug inventory check (after all meals),Bottle gourd,0.5,0.5,,,
Shunyam & Ishan - latest,h1b,2026-08-07,7-Aug inventory check (after all meals),Curry leaves,70,70,,,
Shunyam & Ishan - latest,h1b,2026-08-07,7-Aug inventory check (after all meals),Fresh methi,130,130,,,
Shunyam & Ishan - latest,h1b,2026-08-07,7-Aug inventory check (after all meals),Eggs,4,6,,,
Shunyam & Ishan - latest,h1b,2026-08-07,7-Aug inventory check (after all meals),Chicken breast (boneless),200,300,,,
Shunyam & Ishan - latest,h1b,2026-08-07,7-Aug inventory check (after all meals),Bread,4,4,,,
Shunyam & Ishan - latest,h1b,2026-08-07,7-Aug inventory check (after all meals),Green kiwi,6,3,,,
Shunyam & Ishan - latest,h1b,2026-08-07,7-Aug inventory check (after all meals),Butter (Amul),50,30,,,
Shunyam & Ishan - latest,h1b,2026-08-07,7-Aug inventory check (after all meals),Curd (Akshayakalpa),500,100,,,
Shunyam & Ishan - latest,h1b,2026-08-07,7-Aug inventory check (after all meals),Chaat masala,1,1,,,
Shunyam & Ishan - latest,h1b,2026-08-07,7-Aug inventory check (after all meals),Garam masala,1,1,,,
Shunyam & Ishan - latest,h1b,2026-08-07,7-Aug inventory check (after all meals),Ginger garlic paste,1,1,,,
Shunyam & Ishan - latest,h1b,2026-08-07,7-Aug inventory check (after all meals),Mustard sauce,1,1,,,
Shunyam & Ishan - latest,h1b,2026-08-07,7-Aug inventory check (after all meals),Vinegar,1,1,,,
Shunyam & Ishan - latest,h1b,2026-08-07,7-Aug inventory check (after all meals),Dark soy sauce,1,1,,,
Shunyam & Ishan - latest,h1b,2026-08-07,7-Aug inventory check (after all meals),Rava,290,290,,,
Shunyam & Ishan - latest,h1b,2026-08-07,7-Aug inventory check (after all meals),Toor dal,200,200,,,
Shunyam & Ishan - latest,h1b,2026-08-07,7-Aug inventory check (after all meals),Moong dal,400,400,,,
Shunyam & Ishan - latest,h1b,2026-08-07,7-Aug inventory check (after all meals),Frozen green peas (Safal),200,200,,,
Shunyam & Ishan - latest,h1b,2026-08-07,7-Aug inventory check (after all meals),Fresh cream,2,400,,,
Shunyam & Ishan - latest,h1b,2026-08-07,7-Aug inventory check (after all meals),Veg mayonnaise (Dr Oetker FunFoods),1,1,,,
Shunyam & Ishan - latest,h1b,2026-08-07,7-Aug inventory check (after all meals),Rajma (red kidney beans),500,500,,,
Kartik & Dhara,h4,2026-08-07,7-Aug correction,Tomato,70,0,,,
Kartik & Dhara,h4,2026-08-07,7-Aug correction,Coriander,20,0,,,
Paxal & Sana,h7,2026-08-07,7-Aug correction,Green chilli,6,0,,,
Paxal & Sana,h7,2026-08-07,7-Aug correction,Haldi (turmeric),1,0,,,
Soozy & Munz,h2,2026-08-07,7-Aug inventory check (after all meals),Garlic,0,400,,,
Soozy & Munz,h2,2026-08-07,7-Aug inventory check (after all meals),Ginger,80,250,,,
Soozy & Munz,h2,2026-08-07,7-Aug inventory check (after all meals),Potato,0,1100,,,
Soozy & Munz,h2,2026-08-07,7-Aug inventory check (after all meals),Onion,0,1000,,,
Soozy & Munz,h2,2026-08-07,7-Aug inventory check (after all meals),Carrot,135,12,,,
Soozy & Munz,h2,2026-08-07,7-Aug inventory check (after all meals),Lemon,0,7,,,
Soozy & Munz,h2,2026-08-07,7-Aug inventory check (after all meals),Coriander (dhania),0,100,,,
Soozy & Munz,h2,2026-08-07,7-Aug inventory check (after all meals),Coconut milk (unsweetened),125,0.75,,,
Soozy & Munz,h2,2026-08-07,7-Aug inventory check (after all meals),Peeled garlic (pack),34,30,,,
Soozy & Munz,h2,2026-08-07,7-Aug inventory check (after all meals),Spring onion,100,100,,,
Soozy & Munz,h2,2026-08-07,7-Aug inventory check (after all meals),Greek yogurt (Akshayakalpa plain),4,3,,,
Soozy & Munz,h2,2026-08-07,7-Aug inventory check (after all meals),Eggs,8,11,,,
Soozy & Munz,h2,2026-08-07,7-Aug inventory check (after all meals),Apple,1,1,,,
Soozy & Munz,h2,2026-08-07,7-Aug inventory check (after all meals),Red cabbage,638,0.5,,,
Soozy & Munz,h2,2026-08-07,7-Aug inventory check (after all meals),Light olive oil (Del Monte),0,200,,,
Soozy & Munz,h2,2026-08-07,7-Aug inventory check (after all meals),Sichuan chilli oil (MasterChow),200,250,,,
Soozy & Munz,h2,2026-08-07,7-Aug inventory check (after all meals),Dhaniya powder,226,50,,,
Soozy & Munz,h2,2026-08-07,7-Aug inventory check (after all meals),Apple cider vinegar,980,750,,,
Soozy & Munz,h2,2026-08-07,7-Aug inventory check (after all meals),Greek yogurt (Milky Mist),450,200,,,
Soozy & Munz,h2,2026-08-07,7-Aug inventory check (after all meals),Butter (Milky Mist),10,1,,,
Soozy & Munz,h2,2026-08-07,7-Aug inventory check (after all meals),Ginger garlic paste,30,20,,,
Soozy & Munz,h2,2026-08-07,7-Aug inventory check (after all meals),Chicken breast (Licious),118,900,,,
Soozy & Munz,h2,2026-08-07,7-Aug inventory check (after all meals),Ghee,,50,,,
Soozy & Munz,h2,2026-08-07,7-Aug inventory check (after all meals),Corn starch,,100,,,
Soozy & Munz,h2,2026-08-07,7-Aug inventory check (after all meals),Eggs,11,31,,,
Pratik & Sakshi,h8,2026-08-07,7-Aug after-lunch count (nothing cooked 7-Aug — this IS the 7-Aug close),Quinoa,50,150,,,
Pratik & Sakshi,h8,2026-08-07,7-Aug after-lunch count (nothing cooked 7-Aug — this IS the 7-Aug close),Kala chana,470,300,,,
Pratik & Sakshi,h8,2026-08-07,7-Aug after-lunch count (nothing cooked 7-Aug — this IS the 7-Aug close),Whole black pepper,100,70,,,
Pratik & Sakshi,h8,2026-08-07,7-Aug after-lunch count (nothing cooked 7-Aug — this IS the 7-Aug close),Onion,1300,1000,,,
Pratik & Sakshi,h8,2026-08-07,7-Aug after-lunch count (nothing cooked 7-Aug — this IS the 7-Aug close),Garlic,230,300,,,
Pratik & Sakshi,h8,2026-08-07,7-Aug after-lunch count (nothing cooked 7-Aug — this IS the 7-Aug close),Ginger,150,400,,,
Pratik & Sakshi,h8,2026-08-07,7-Aug after-lunch count (nothing cooked 7-Aug — this IS the 7-Aug close),Butter,300,250,,,
Pratik & Sakshi,h8,2026-08-07,7-Aug after-lunch count (nothing cooked 7-Aug — this IS the 7-Aug close),Apple,4,4,,,
Pratik & Sakshi,h8,2026-08-07,7-Aug after-lunch count (nothing cooked 7-Aug — this IS the 7-Aug close),Blueberry,1,220,,,
Pratik & Sakshi,h8,2026-08-07,7-Aug after-lunch count (nothing cooked 7-Aug — this IS the 7-Aug close),Pear,1,1,,,
Pratik & Sakshi,h8,2026-08-07,7-Aug after-lunch count (nothing cooked 7-Aug — this IS the 7-Aug close),Kiwi,4,4,,,
Pratik & Sakshi,h8,2026-08-07,7-Aug after-lunch count (nothing cooked 7-Aug — this IS the 7-Aug close),Paneer (Akshayakalpa),400,400,,,
Pratik & Sakshi,h8,2026-08-07,7-Aug after-lunch count (nothing cooked 7-Aug — this IS the 7-Aug close),Homemade paneer,0,500,,,
Pratik & Sakshi,h8,2026-08-07,7-Aug after-lunch count (nothing cooked 7-Aug — this IS the 7-Aug close),Hard tofu,200,200,,,
Pratik & Sakshi,h8,2026-08-07,7-Aug after-lunch count (nothing cooked 7-Aug — this IS the 7-Aug close),Eggs,21,3,,,
Pratik & Sakshi,h8,2026-08-07,7-Aug after-lunch count (nothing cooked 7-Aug — this IS the 7-Aug close),Sourdough bread,0,1,,,
Pratik & Sakshi,h8,2026-08-07,7-Aug after-lunch count (nothing cooked 7-Aug — this IS the 7-Aug close),Zero maida bread,1,0.5,,,
Pratik & Sakshi,h8,2026-08-07,7-Aug after-lunch count (nothing cooked 7-Aug — this IS the 7-Aug close),Idli/dosa batter,1000,1000,,,
Pratik & Sakshi,h8,2026-08-07,7-Aug after-lunch count (nothing cooked 7-Aug — this IS the 7-Aug close),Athena Greek yogurt,4,4,,,
Pratik & Sakshi,h8,2026-08-07,7-Aug after-lunch count (nothing cooked 7-Aug — this IS the 7-Aug close),Radish,2,2,,,
Pratik & Sakshi,h8,2026-08-07,7-Aug after-lunch count (nothing cooked 7-Aug — this IS the 7-Aug close),Red capsicum,1,1,,,
Pratik & Sakshi,h8,2026-08-07,7-Aug after-lunch count (nothing cooked 7-Aug — this IS the 7-Aug close),Thyme,0,30,,,
Pratik & Sakshi,h8,2026-08-07,7-Aug after-lunch count (nothing cooked 7-Aug — this IS the 7-Aug close),Beans,175,125,,,
Pratik & Sakshi,h8,2026-08-07,7-Aug after-lunch count (nothing cooked 7-Aug — this IS the 7-Aug close),Button mushroom,200,200,,,
Pratik & Sakshi,h8,2026-08-07,7-Aug after-lunch count (nothing cooked 7-Aug — this IS the 7-Aug close),Broccoli,300,1,,,
Pratik & Sakshi,h8,2026-08-07,7-Aug after-lunch count (nothing cooked 7-Aug — this IS the 7-Aug close),Bhindi,500,400,,,
Pratik & Sakshi,h8,2026-08-07,7-Aug after-lunch count (nothing cooked 7-Aug — this IS the 7-Aug close),Cucumber,0,1,,,
Pratik & Sakshi,h8,2026-08-07,7-Aug after-lunch count (nothing cooked 7-Aug — this IS the 7-Aug close),Carrot,3,400,,,
Pratik & Sakshi,h8,2026-08-07,7-Aug after-lunch count (nothing cooked 7-Aug — this IS the 7-Aug close),Brinjal,0,3,,,
Pratik & Sakshi,h8,2026-08-07,7-Aug after-lunch count (nothing cooked 7-Aug — this IS the 7-Aug close),Spring onion,250,100,,,
Pratik & Sakshi,h8,2026-08-07,7-Aug after-lunch count (nothing cooked 7-Aug — this IS the 7-Aug close),Lemon,3,12,,,
Pratik & Sakshi,h8,2026-08-07,7-Aug after-lunch count (nothing cooked 7-Aug — this IS the 7-Aug close),Cauliflower,0,1.5,,,
Pratik & Sakshi,h8,2026-08-07,7-Aug after-lunch count (nothing cooked 7-Aug — this IS the 7-Aug close),Coriander (dhania),80,50,,,
Pratik & Sakshi,h8,2026-08-07,7-Aug after-lunch count (nothing cooked 7-Aug — this IS the 7-Aug close),Mint,0,40,,,
Pratik & Sakshi,h8,2026-08-07,7-Aug after-lunch count (nothing cooked 7-Aug — this IS the 7-Aug close),Green chilli,40,35,,,
Pratik & Sakshi,h8,2026-08-07,7-Aug after-lunch count (nothing cooked 7-Aug — this IS the 7-Aug close),Curry leaves,100,70,,,
Pratik & Sakshi,h8,2026-08-07,7-Aug after-lunch count (nothing cooked 7-Aug — this IS the 7-Aug close),Tomato,2,7,,,
Pratik & Sakshi,h8,2026-08-07,7-Aug after-lunch count (nothing cooked 7-Aug — this IS the 7-Aug close),Spinach/Palak,250,250,,,
Pratik & Sakshi,h8,2026-08-07,7-Aug overwrite count,Baby potato,2,0,,,
Pratik & Sakshi,h8,2026-08-07,7-Aug overwrite count,Potato,1,0,,,
Pratik & Sakshi,h8,2026-08-07,7-Aug overwrite count,Pomegranate,2,0,,,
Pratik & Sakshi,h8,2026-08-07,7-Aug overwrite count,Guava,300,0,,,
Pratik & Sakshi,h8,2026-08-07,7-Aug overwrite count,Orange,1,0,,,
Pratik & Sakshi,h8,2026-08-07,7-Aug overwrite count,Green capsicum,0.5,0,,,
Pratik & Sakshi,h8,2026-08-07,7-Aug overwrite count,Yellow capsicum,0.5,0,,,
Pratik & Sakshi,h8,2026-08-07,7-Aug overwrite count,Zucchini,0.5,0,,,
Pratik & Sakshi,h8,2026-08-07,7-Aug overwrite count,Cabbage,0.5,0,,,
Pratik & Sakshi,h8,2026-08-07,7-Aug overwrite count,Milk,3000,0,,,
Pratik & Sakshi,h8,2026-08-07,7-Aug overwrite count,Edamame (frozen),300,0,,,
Pratik & Sakshi,h8,2026-08-07,7-Aug overwrite count,Shiitake mushroom,200,0,,,
Pratik & Sakshi,h8,2026-08-07,7-Aug overwrite count,Beetroot,250,0,,,
Pratik & Sakshi,h8,2026-08-07,7-Aug overwrite count,Soft tofu,200,0,,,
Pratik & Sakshi,h8,2026-08-07,7-Aug overwrite count,Muskmelon,1,0,,,
Pratik & Sakshi,h8,2026-08-07,7-Aug overwrite count,Blackberry,50,0,,,
Pratik & Sakshi,h8,2026-08-07,7-Aug overwrite count,Banana (Yelakki),500,0,,,
Pratik & Sakshi,h8,2026-08-07,7-Aug overwrite count,English cucumber,250,0,,,
Pratik & Sakshi,h8,2026-08-07,7-Aug overwrite count,Haricot beans,175,0,,,
Pratik & Sakshi,h8,2026-08-07,7-Aug overwrite count,Dragon fruit,1,0,,,
Pratik & Sakshi,h8,2026-08-07,7-Aug overwrite count,Celery,20,0,,,
Pratik & Sakshi,h8,2026-08-07,7-Aug overwrite count,Tender coconut,1,0,,,
Pratik & Sakshi,h8,2026-08-07,7-Aug overwrite count,Akshayakalpa A2 cow milk,500,0,,,
Rahul & Radhika,h5,2026-08-07,7-Aug meat correction,"Chicken (fresh, 3 packs)",2.5,0,,,
Rahul & Radhika,h5,2026-08-07,7-Aug meat correction,Catla fish,500,0,,,
Soozy & Munz,h2,2026-08-08,8-Aug after-prep check,Chicken breast (Licious) — expired portion,900,729,,,
Soozy & Munz,h2,2026-08-08,"8-Aug after-prep check — expired/discard per Pragna: poha, maida, dosa batter out; opened coconut-milk packs discarded",Poha,500,0,,,
Soozy & Munz,h2,2026-08-08,"8-Aug after-prep check — expired/discard per Pragna: poha, maida, dosa batter out; opened coconut-milk packs discarded",Maida,0,0,,,
Soozy & Munz,h2,2026-08-08,"8-Aug after-prep check — expired/discard per Pragna: poha, maida, dosa batter out; opened coconut-milk packs discarded",Idli/dosa batter,0,0,,,
Soozy & Munz,h2,2026-08-08,"8-Aug after-prep check — expired/discard per Pragna: poha, maida, dosa batter out; opened coconut-milk packs discarded",Coconut milk (unsweetened),0.75,0,,,
