Household,id,Date,Dish,People,"Lines (JSON [name,grams])"
Shunyam & Ishan — latest,h1b,2026-06-01,Baingan bharta,,"[[""Brinjal"", 300], [""Onion"", 110], [""Green chilli"", 5]]"
Shunyam & Ishan — latest,h1b,2026-06-01,Cucumber raita,,"[[""Cucumber"", 90]]"
Shunyam & Ishan — latest,h1b,2026-06-02,Paneer gravy,,"[[""Onion"", 110], [""Tomato"", 0], [""Ginger"", 0], [""Garlic"", 0], [""Green chilli"", 5]]"
Shunyam & Ishan — latest,h1b,2026-06-02,Aloo parwal sabzi,,"[[""Parwal"", 170], [""Potato"", 170], [""Onion"", 110], [""Tomato"", 0]]"
Shunyam & Ishan — latest,h1b,2026-06-03,Lauki methi paratha,,"[[""Bottle gourd"", 170], [""Methi (fenugreek)"", 110], [""Green chilli"", 10]]"
Shunyam & Ishan — latest,h1b,2026-06-03,Fish curry,,"[[""Onion"", 100], [""Tomato"", 110], [""Ginger"", 10], [""Garlic"", 20], [""Green chilli"", 10]]"
Shunyam & Ishan — latest,h1b,2026-06-03,Parwal gobi masala,,"[[""Parwal"", 80], [""Cauliflower"", 170], [""Onion"", 100], [""Tomato"", 110], [""Ginger"", 10], [""Garlic"", 20], [""Green chilli"", 10]]"
Shunyam & Ishan — latest,h1b,2026-06-05,Vegetable khichdi,,"[[""Potato"", 130], [""Carrot"", 110], [""Green beans"", 110], [""Onion"", 100], [""Tomato"", 110], [""Ginger"", 10], [""Green chilli"", 10]]"
Shunyam & Ishan — latest,h1b,2026-06-06,Brinjal curry,,"[[""Brinjal"", 280], [""Onion"", 100], [""Tomato"", 110], [""Ginger"", 15], [""Green chilli"", 10]]"
Shunyam & Ishan — latest,h1b,2026-06-08,Gobi masala,,"[[""Cauliflower"", 300], [""Onion"", 100], [""Tomato"", 110], [""Garlic"", 10], [""Ginger"", 15], [""Green chilli"", 10]]"
Shunyam & Ishan — latest,h1b,2026-06-09,Fish curry,,"[[""Onion"", 100], [""Tomato"", 110], [""Ginger"", 15], [""Garlic"", 10], [""Green chilli"", 10]]"
Shunyam & Ishan — latest,h1b,2026-06-09,Lauki kofta,,"[[""Bottle gourd"", 400], [""Onion"", 100], [""Tomato"", 110], [""Ginger"", 15], [""Garlic"", 10]]"
Shunyam & Ishan — latest,h1b,2026-06-09,Garden salad,,"[[""Cucumber"", 100], [""Tomato"", 100], [""Carrot"", 90], [""Onion"", 90], [""Lemon"", 0.5]]"
Shunyam & Ishan — latest,h1b,2026-06-10,Chilli paneer,,"[[""Onion"", 155], [""Red capsicum"", 170], [""Garlic"", 10], [""Ginger"", 15], [""Green chilli"", 10]]"
Shunyam & Ishan — latest,h1b,2026-06-11,Methi paratha,,"[[""Methi (fenugreek)"", 170]]"
Shunyam & Ishan — latest,h1b,2026-06-11,Chicken curry,,"[[""Onion"", 100], [""Tomato"", 90], [""Garlic"", 10], [""Ginger"", 10], [""Green chilli"", 5]]"
Shunyam & Ishan — latest,h1b,2026-06-11,Pumpkin kumro,,"[[""Pumpkin"", 300], [""Onion"", 100], [""Ginger"", 10], [""Green chilli"", 5]]"
Shunyam & Ishan — latest,h1b,2026-06-12,Mashed potato,,"[[""Potato"", 215]]"
Shunyam & Ishan — latest,h1b,2026-06-12,Sauteed veggies,,"[[""Broccoli"", 170], [""Green capsicum"", 170], [""Zucchini"", 110], [""Carrot"", 105], [""Garlic"", 10]]"
Shunyam & Ishan — latest,h1b,2026-06-13,Egg bhurji,,"[[""Onion"", 100], [""Tomato"", 90], [""Green chilli"", 5]]"
Shunyam & Ishan — latest,h1b,2026-06-13,Methi thepla,,"[[""Methi (fenugreek)"", 80]]"
Shunyam & Ishan — latest,h1b,2026-06-13,Creamy pumpkin pasta,,"[[""Pumpkin"", 200], [""Onion"", 100], [""Garlic"", 10]]"
Shunyam & Ishan — latest,h1b,2026-06-13,Beetroot carrot salad,,"[[""Beetroot"", 0], [""Carrot"", 95]]"
Shunyam & Ishan — latest,h1b,2026-06-13,Sat dinner — Stuffed bhindi + 6 rotis + cucumber raita (2),,"[[""Lady's finger"", 250], [""Cucumber"", 100], [""Onion"", 110], [""Tomato"", 110]]"
Shunyam & Ishan — latest,h1b,2026-06-15,Mon breakfast — spicy egg sandwiches (2),,"[[""Onion"", 30], [""Tomato"", 30], [""Green chilli"", 5]]"
Shunyam & Ishan — latest,h1b,2026-06-15,"Mon lunch — dal palak, aloo, gobi-matar subzi & rice (2)",,"[[""Spinach/Palak"", 200], [""Potato"", 150], [""Cauliflower"", 250], [""Onion"", 120], [""Tomato"", 120], [""Ginger"", 15], [""Garlic"", 15], [""Green chilli"", 10], [""Coriander (dhania)"", 20]]"
Shunyam & Ishan — latest,h1b,2026-06-15,"Mon dinner — kadai paneer, methi rotis & kachumber salad (2) — NOT MADE (items restocked)",,[]
Shunyam & Ishan — latest,h1b,2026-06-16,Tue breakfast — overnight oats / oats with brown sugar (2),,[]
Shunyam & Ishan — latest,h1b,2026-06-16,Tue lunch — Fish curry & rice (2),,"[[""Onion"", 100], [""Tomato"", 110], [""Ginger"", 15], [""Garlic"", 10], [""Green chilli"", 10]]"
Shunyam & Ishan — latest,h1b,2026-06-17,Breakfast — scrambled eggs with toast (2),,"[[""Onion"", 20], [""Green chilli"", 3]]"
Shunyam & Ishan — latest,h1b,2026-06-17,"Lunch — honey-garlic grilled chicken, sauteed vegetables & boiled potato (2)",,"[[""Potato"", 300], [""Garlic"", 15], [""Onion"", 30], [""Green capsicum"", 60], [""Carrot"", 80], [""Baby corn"", 60]]"
Shunyam & Ishan — latest,h1b,2026-06-18,"Breakfast — cheese, tomato & lettuce sandwich + greek yoghurt with fruit (soak rajma) (2)",,"[[""Tomato"", 60], [""Lettuce"", 40]]"
Shunyam & Ishan — latest,h1b,2026-06-18,Lunch — Indo-Chinese paneer fried rice + babycorn & peppers stir fry (2),,"[[""Baby corn"", 120], [""Green capsicum"", 60], [""Red capsicum"", 60], [""Yellow capsicum"", 50], [""Onion"", 60], [""Carrot"", 60], [""Garlic"", 10], [""Ginger"", 10]]"
Shunyam & Ishan — latest,h1b,2026-06-18,"Dinner — rajma masala, rotis & cucumber raita (soak sabudana) (2)",,"[[""Onion"", 80], [""Tomato"", 80], [""Ginger"", 10], [""Garlic"", 10], [""Green chilli"", 5], [""Cucumber"", 100]]"
Shunyam & Ishan — latest,h1b,2026-06-19,Breakfast — rajma parantha & curd (2),,"[[""Onion"", 30], [""Coriander (dhania)"", 10], [""Green chilli"", 5]]"
Shunyam & Ishan — latest,h1b,2026-06-19,Lunch — chicken curry & rice (2),,"[[""Onion"", 80], [""Tomato"", 80], [""Ginger"", 6], [""Garlic"", 10], [""Green chilli"", 5], [""Coriander (dhania)"", 10]]"
Shunyam & Ishan — latest,h1b,2026-06-19,Dinner — NOT cooked (kadai mixed vegetable / rotis / kachumbar was skipped); all that veg stays in stock (2),,[]
Shunyam & Ishan — latest,h1b,2026-06-20,Sat breakfast — methi theplas (pancake mix was finished on the 14th) (2),,"[[""Methi (fenugreek)"", 50]]"
Shunyam & Ishan — latest,h1b,2026-06-20,Sat lunch — rice & shahi paneer (2),,"[[""Onion"", 80], [""Tomato"", 60], [""Ginger"", 8], [""Garlic"", 8], [""Green chilli"", 3]]"
Shunyam & Ishan — latest,h1b,2026-06-20,"Sat dinner — pumpkin bharta, dal tadka & roti (2)",,"[[""Pumpkin"", 100], [""Onion"", 70], [""Tomato"", 70], [""Garlic"", 10], [""Ginger"", 5], [""Green chilli"", 6]]"
Shunyam & Ishan — latest,h1b,2026-06-22,"Mon B — Quaker oats with milk & brown sugar (1; ½ the usual batch) (oats/milk pantry-dairy, no FnV)",,[]
Shunyam & Ishan — latest,h1b,2026-06-22,"Mon L — egg fried rice + sauteed veggies (1; ~2 eggs, rice pantry)",,"[[""Broccoli"", 60], [""Zucchini"", 60], [""Onion"", 25], [""Carrot"", 30]]"
Shunyam & Ishan — latest,h1b,2026-06-22,Mon D — aloo gobi + 2 rotis + kachumbar salad (1; soak chola for Tue),,"[[""Potato"", 120], [""Cauliflower"", 100], [""Onion"", 50], [""Tomato"", 60], [""Cucumber"", 50], [""Ginger"", 5], [""Garlic"", 5], [""Green chilli"", 3]]"
Shunyam & Ishan — latest,h1b,2026-06-23,"Tue B — masala omelette (1 egg, 2 bread) (1)",,"[[""Onion"", 20], [""Tomato"", 20], [""Green chilli"", 3]]"
Shunyam & Ishan — latest,h1b,2026-06-23,Tue L — chole masala & rice (chola soaked from Mon) (1),,"[[""Onion"", 40], [""Tomato"", 40], [""Ginger"", 8], [""Garlic"", 7], [""Green chilli"", 3]]"
Shunyam & Ishan — latest,h1b,2026-06-23,Tue D — palak paneer + 2 rotis + dahi boondi (1; soak sabudana for Wed),,"[[""Spinach/Palak"", 50], [""Onion"", 30], [""Tomato"", 20], [""Ginger"", 5], [""Garlic"", 0]]"
Shunyam & Ishan — latest,h1b,2026-06-24,Wed B — sabudana khichdi (1),,"[[""Potato"", 150], [""Green chilli"", 3], [""Curry leaves"", 0], [""Lemon"", 1]]"
Shunyam & Ishan — latest,h1b,2026-06-24,Wed L — street-style vegetable noodles (1),,"[[""Carrot"", 60], [""Cabbage"", 80], [""Green capsicum"", 30], [""Onion"", 40], [""Spring onion"", 0], [""Garlic"", 5]]"
Shunyam & Ishan — latest,h1b,2026-06-24,"Wed D — mix veg subzi (beans, carrot, potato) + 2 rotis + cucumber raita (1)",,"[[""Green beans"", 80], [""Carrot"", 20], [""Potato"", 100], [""Cucumber"", 50]]"
Shunyam & Ishan — latest,h1b,2026-06-25,Thu B (1) — broccoli & bell-peppers omelette,,"[[""Broccoli"", 60], [""Red capsicum"", 40]]"
Shunyam & Ishan — latest,h1b,2026-06-25,Thu L (1) — cauliflower-chickpea curry + rice + lettuce-cabbage-zucchini salad [chickpea + rice = pantry],,"[[""Cauliflower"", 100], [""Onion"", 40], [""Tomato"", 40], [""Ginger"", 8], [""Garlic"", 8], [""Lettuce"", 40], [""Cabbage"", 50], [""Zucchini"", 50]]"
Shunyam & Ishan — latest,h1b,2026-06-25,Thu D (1) — palak & tomato curry + 2 rotis + kachumbar salad [rotis = atta pantry],,"[[""Spinach/Palak"", 150], [""Onion"", 60], [""Tomato"", 80], [""Ginger"", 5], [""Garlic"", 5], [""Green chilli"", 3], [""Cucumber"", 50], [""Coriander (dhania)"", 10]]"
Soozy & Munz,h2,2026-06-03,U&A egg curry,,"[[""Onion"", 220], [""Tomato"", 220], [""Ginger"", 5], [""Green chilli"", 0]]"
Soozy & Munz,h2,2026-06-03,Beetroot thoran,,"[[""Beetroot"", 150]]"
Soozy & Munz,h2,2026-06-03,Chicken roast base,,"[[""Onion"", 330], [""Tomato"", 180]]"
Soozy & Munz,h2,2026-06-03,Lunch salad,,"[[""Cucumber"", 60], [""Tomato"", 0], [""Onion"", 200]]"
Soozy & Munz,h2,2026-06-04,Beans thoran,,"[[""Green beans"", 0]]"
Soozy & Munz,h2,2026-06-04,U&A prawn curry,,"[[""Onion"", 220], [""Tomato"", 0], [""Ginger"", 5], [""Garlic"", 5], [""Green chilli"", 0]]"
Soozy & Munz,h2,2026-06-04,Bang-bang salad,,"[[""Cucumber"", 60], [""Garlic"", 5]]"
Soozy & Munz,h2,2026-06-05,Cabbage coleslaw,,"[[""Cabbage"", 210], [""Carrot"", 270], [""Onion"", 220], [""Garlic"", 5]]"
Soozy & Munz,h2,2026-06-05,Beetroot thoran,,"[[""Beetroot"", 150]]"
Soozy & Munz,h2,2026-06-05,U&A sambar,,"[[""Ash gourd"", 170], [""Carrot"", 175]]"
Soozy & Munz,h2,2026-06-05,Egg roast (guests),,"[[""Onion"", 660], [""Tomato"", 660], [""Ginger"", 10], [""Green chilli"", 5]]"
Soozy & Munz,h2,2026-06-06,Avial,,"[[""Ash gourd"", 135], [""Carrot"", 250], [""Green beans"", 170]]"
Soozy & Munz,h2,2026-06-06,Chicken curry (guests),,"[[""Onion"", 660], [""Tomato"", 465], [""Ginger"", 10], [""Garlic"", 15], [""Green chilli"", 35]]"
Soozy & Munz,h2,2026-06-06,Sauteed veg,,"[[""Carrot"", 0], [""Green beans"", 55], [""Broccoli"", 100]]"
Soozy & Munz,h2,2026-06-08,Sauteed veg,,"[[""Carrot"", 220], [""Green beans"", 55], [""Broccoli"", 100]]"
Soozy & Munz,h2,2026-06-08,Teriyaki chicken,,"[[""Onion"", 220], [""Garlic"", 5]]"
Soozy & Munz,h2,2026-06-09,Sauteed veg,,"[[""Carrot"", 220], [""Green beans"", 55], [""Broccoli"", 100], [""Cucumber"", 60]]"
Soozy & Munz,h2,2026-06-09,Mixed veg salad,,"[[""Cucumber"", 60], [""Carrot"", 200], [""Tomato"", 140]]"
Soozy & Munz,h2,2026-06-10,Sauteed veg,,"[[""Carrot"", 70], [""Green beans"", 30], [""Broccoli"", 20]]"
Soozy & Munz,h2,2026-06-10,Chicken tikka salad,,"[[""Onion"", 90], [""Tomato"", 100], [""Cabbage"", 130]]"
Soozy & Munz,h2,2026-06-11,Cabbage coleslaw,,"[[""Cabbage"", 220], [""Carrot"", 105], [""Onion"", 100], [""Garlic"", 5], [""Coriander (dhania)"", 5]]"
Soozy & Munz,h2,2026-06-12,Cabbage stir-fry,,"[[""Cabbage"", 0]]"
Soozy & Munz,h2,2026-06-12,Brinjal side,,"[[""Brinjal"", 90], [""Garlic"", 5]]"
Soozy & Munz,h2,2026-06-12,Avocado shrimp salad,,"[[""Tomato"", 100], [""Onion"", 100], [""Garlic"", 5], [""Coriander (dhania)"", 5], [""Lemon"", 0]]"
Soozy & Munz,h2,2026-06-13,Yogurt pepper chicken salad,,"[[""Lettuce"", 100], [""Tomato"", 150], [""Onion"", 180], [""Green chilli"", 10]]"
Soozy & Munz,h2,2026-06-13,Ginger steamed chicken (Munz),,"[[""Ginger"", 10]]"
Soozy & Munz,h2,2026-06-13,Mixed veggie salad (Munz),,"[[""Lettuce"", 50], [""Tomato"", 0], [""Carrot"", 35]]"
Soozy & Munz,h2,2026-06-13,Marinated chicken (Soozy),,"[[""Garlic"", 10]]"
Soozy & Munz,h2,2026-06-15,Mon B — Munz oatmeal + 5 soaked almonds + 5 whole eggs + 2 whites; Soozy 1 whole egg + 5 whites [pre-17-count — already absorbed in the 17-Jun count],,[]
Soozy & Munz,h2,2026-06-15,Mon L — Mediterranean grill chicken (Munz rice bowl / Soozy salad + 200g rice) + sauteed vegetables + tzatziki [pre-17-count — already absorbed in the 17-Jun count],,[]
Soozy & Munz,h2,2026-06-15,Mon D — Munz Kerala pan-fry fish + mixed green salad (prawns used); Soozy marinated chicken [pre-17-count — already absorbed in the 17-Jun count],,[]
Soozy & Munz,h2,2026-06-16,Tue B — eggs + oatmeal + almonds (as Mon) [pre-17-count — already absorbed in the 17-Jun count],,[]
Soozy & Munz,h2,2026-06-16,Tue L — grilled fish + rice/quinoa + sauteed vegetables + soy-ginger sauce [pre-17-count — already absorbed in the 17-Jun count],,[]
Soozy & Munz,h2,2026-06-16,Tue D — Munz herb grilled chicken + stir-fried carrot & beans; Soozy marinated chicken [pre-17-count — already absorbed in the 17-Jun count],,[]
Soozy & Munz,h2,2026-06-17,Wed L — Tandoori chicken salad (Munz rice bowl / Soozy +200g rice) + sauteed vegetables + yogurt dip [veg vague — not deducted],,"[[""Green capsicum"", 60], [""Carrot"", 45], [""Broccoli"", 45]]"
Soozy & Munz,h2,2026-06-17,Wed D — Asian prawn stir-fry (fewer prawns) + mixed green salad; Soozy marinated chicken [greens vague — not deducted],,"[[""Cucumber"", 60], [""Tomato"", 60]]"
Soozy & Munz,h2,2026-06-18,Thu L — chicken stew + rice + sauteed veggies (Munz) / herbed chicken salad + 200g quinoa (Soozy) [veg vague — not deducted],,"[[""Green capsicum"", 60], [""Carrot"", 45], [""Broccoli"", 45], [""Cucumber"", 50], [""Tomato"", 50]]"
Soozy & Munz,h2,2026-06-18,Thu D — Thai basil chicken (air-fried) + pan-fried broccoli & carrots (Munz); Soozy marinated chicken,,"[[""Broccoli"", 70], [""Carrot"", 280]]"
Soozy & Munz,h2,2026-06-19,Fri L — Shrimp-avocado salad + sauteed vegetables (Munz) / no-corn + 200g rice (Soozy) [avocado untracked; veg vague — not deducted],,"[[""Green capsicum"", 60], [""Carrot"", 45], [""Broccoli"", 45]]"
Soozy & Munz,h2,2026-06-19,Fri D — air-fried chicken + mixed greens salad w/ yogurt dressing; Soozy marinated chicken [greens vague — not deducted],,"[[""Cucumber"", 60], [""Tomato"", 60]]"
Soozy & Munz,h2,2026-06-22,"Mon B — high-protein oatmeal + 5 soaked almonds; boiled eggs (Munz 5 whole + 2 whites, Soozy 1 whole + 4 whites ≈ 12 eggs) [oats/almonds pantry; eggs drawn on the board]",,[]
Soozy & Munz,h2,2026-06-22,Mon L — bang bang chicken + salad rice bowl + hung curd dip (2; chicken & curd off the board),,"[[""Cucumber"", 190], [""Carrot"", 280], [""Lettuce"", 70]]"
Soozy & Munz,h2,2026-06-22,Mon D — broccoli chicken salad (Munz) / marinated chicken (Soozy),,"[[""Broccoli"", 60]]"
Soozy & Munz,h2,2026-06-23,B (4) — Munz: 5 almonds + high-protein oatmeal bowl + 5 boiled eggs + 2 egg whites; Soozy: 1 egg + 4 whites; Uncle & Aunty: dosa & coconut chutney + boiled eggs,,[]
Soozy & Munz,h2,2026-06-23,L (2) — Mediterranean shrimp salad (Munz/Soozy),,"[[""Cucumber"", 115], [""Lettuce"", 40], [""Tomato"", 190], [""Onion"", 50]]"
Soozy & Munz,h2,2026-06-23,L (2) — chicken curry (Uncle & Aunty),,"[[""Onion"", 55], [""Tomato"", 210], [""Ginger"", 10], [""Garlic"", 20], [""Green chilli"", 10]]"
Soozy & Munz,h2,2026-06-23,L (2) — carrot-beans thoran (Uncle & Aunty),,"[[""Carrot"", 495], [""Green beans"", 125]]"
Soozy & Munz,h2,2026-06-23,D (1) — BBQ chicken salad + bbq-ranch (Munz),,"[[""Lettuce"", 20], [""Cucumber"", 55], [""Tomato"", 95], [""Onion"", 25]]"
Soozy & Munz,h2,2026-06-23,D (2) — carrot-beans thoran (Uncle & Aunty),,"[[""Carrot"", 92], [""Green beans"", 125]]"
Soozy & Munz,h2,2026-06-23,D (4) — Munz: BBQ chicken salad + bbq-ranch; Soozy: marinated chicken; Uncle & Aunty: rice + chicken curry + carrot-beans thoran,,[]
Soozy & Munz,h2,2026-06-24,B (4) — high-protein oatmeal + boiled eggs; idli & peanut chutney (Uncle & Aunty),,[]
Soozy & Munz,h2,2026-06-24,L (4) — lemon-cilantro chicken + salad + tzatziki; rice + moru + cabbage thoran (Uncle & Aunty),,"[[""Lemon"", 2], [""Coriander (dhania)"", 30], [""Cucumber"", 120], [""Lettuce"", 60], [""Tomato"", 80], [""Onion"", 80], [""Garlic"", 12], [""Ginger"", 10], [""Green chilli"", 5], [""Cabbage"", 200]]"
Soozy & Munz,h2,2026-06-24,D (4) — Indian chicken salad + mix-veg curd dip; 10 rotis + chicken fry (Uncle & Aunty),,"[[""Cucumber"", 60], [""Onion"", 80], [""Tomato"", 60], [""Carrot"", 60]]"
Soozy & Munz,h2,2026-06-25,B (3) — Soozy: 1 whole egg + 4 egg whites; Uncle & Aunty: vegetable upma + 2 half-boiled eggs,,"[[""Onion"", 40], [""Carrot"", 40], [""Green chilli"", 3], [""Curry leaves"", 3], [""Ginger"", 5]]"
Soozy & Munz,h2,2026-06-25,L (3) — Soozy: Thai basil chicken + salad + hung-curd dip + 100g quinoa; Uncle & Aunty: rice sambar + chicken roast + brinjal tawa fry,,"[[""Onion"", 80], [""Garlic"", 10], [""Green chilli"", 5], [""Lettuce"", 30], [""Cucumber"", 40], [""Tomato"", 80], [""Carrot"", 50], [""Brinjal"", 150], [""Drumstick (cut)"", 125], [""Coriander (dhania)"", 10]]"
Soozy & Munz,h2,2026-06-25,D (3) — Soozy: marinated chicken; Uncle & Aunty: 6 rotis + chicken roast,,"[[""Onion"", 30], [""Garlic"", 10], [""Ginger"", 5]]"
Disha & Anirudh,h3,2026-06-08,Mon B — palak & cremini mushroom omelette (Disha 2 eggs; Anirudh 2 eggs + 2 slices sourdough) [pre-anchor — already in 13-Jun count],2,[]
Disha & Anirudh,h3,2026-06-08,"Mon L — sauteed chicken in herbs + sauteed veg (baby corn, beans, carrot, onion, capsicum, broccoli) + hung-curd dip w/ rocket, garlic, salt & pepper + cut fruit [pre-anchor — already in 13-Jun count]",2,[]
Disha & Anirudh,h3,2026-06-08,Mon D — overnight oats w/ protein powder + psyllium in milk & cut fruit [pre-anchor — already in 13-Jun count],2,[]
Disha & Anirudh,h3,2026-06-09,Tue B — devilled-egg sandwiches (Disha 2 eggs; Anirudh 2 eggs) [pre-anchor — already in 13-Jun count],2,[]
Disha & Anirudh,h3,2026-06-09,"Tue L — Asian chicken salad w/ spring onions + chopped salad (carrot, tomato, cucumber, bell peppers) + cut fruit [pre-anchor — already in 13-Jun count]",2,[]
Disha & Anirudh,h3,2026-06-09,Tue D — overnight oats w/ protein powder + psyllium in milk & cut fruit [pre-anchor — already in 13-Jun count],2,[]
Disha & Anirudh,h3,2026-06-10,Wed B — extra-veggie masala omelette (Disha extra chilli; Anirudh + 2 slices toast) [pre-anchor — already in 13-Jun count],2,[]
Disha & Anirudh,h3,2026-06-10,"Wed L — honey lemon-pepper chicken skewers + sauteed veg (baby corn, beans, carrot, onion, capsicum, broccoli) + hung-curd garlic & cucumber dip + cut fruit [pre-anchor — already in 13-Jun count]",2,[]
Disha & Anirudh,h3,2026-06-10,Wed D — overnight oats w/ protein powder + psyllium in milk & cut fruit [pre-anchor — already in 13-Jun count],2,[]
Disha & Anirudh,h3,2026-06-12,Fri B — mushroom & spring-onion masala omelette (Disha; Anirudh + 2 slices toast) [pre-anchor — already in 13-Jun count],2,[]
Disha & Anirudh,h3,2026-06-12,"Fri L — chicken burger (cucumber, tomato, lettuce) + cucumber-carrot salad + hung-curd dip + cut fruit [pre-anchor — already in 13-Jun count]",2,[]
Disha & Anirudh,h3,2026-06-12,Fri D — protein powder w/ psyllium in milk & cut fruit [pre-anchor — already in 13-Jun count],2,[]
Disha & Anirudh,h3,2026-06-13,"Sat breakfast — scrambled eggs, sauteed spinach & cherry tomatoes (2)",2,"[[""Spinach/Palak"", 81], [""Tomato"", 66]]"
Disha & Anirudh,h3,2026-06-13,Sat lunch — minced chicken burger cutlets + chopped salad (cucumber/cherry tomato/rocket/lemon) (2),2,"[[""Cucumber"", 104], [""Tomato"", 66], [""Onion"", 36], [""Lemon"", 10]]"
Disha & Anirudh,h3,2026-06-13,Sat dinner — protein powder with psyllium husk in milk & cut fruit (2),2,[]
Disha & Anirudh,h3,2026-06-15,Mon breakfast — palak mushroom omelette (2),2,"[[""Spinach/Palak"", 12]]"
Disha & Anirudh,h3,2026-06-15,Mon lunch — cajun chicken + avocado-mango-tomato salsa + hung curd + cut fruit (2),2,"[[""Tomato"", 88]]"
Disha & Anirudh,h3,2026-06-15,Mon dinner — protein powder with psyllium husk in milk & cut fruit (2),2,[]
Disha & Anirudh,h3,2026-06-16,Tue breakfast — scrambled eggs & toast (2),2,[]
Disha & Anirudh,h3,2026-06-16,Tue lunch — chettinad chicken + sauteed baby corn & carrot + cucumber/tomato/spring-onion salad + lemon + hung curd + cut fruit (2),2,"[[""Baby corn"", 150], [""Carrot"", 108], [""Cucumber"", 104], [""Tomato"", 66], [""Spring onion"", 30], [""Lemon"", 10]]"
Disha & Anirudh,h3,2026-06-16,Tue dinner — protein powder with psyllium husk in milk & cut fruit (2),2,[]
Disha & Anirudh,h3,2026-06-17,"Wed breakfast — Disha egg bhurji; Anirudh egg bhurji + 2 toast (2; eggs/toast not tracked, bread shows out)",2,"[[""Onion"", 48], [""Tomato"", 44], [""Green chilli"", 5]]"
Disha & Anirudh,h3,2026-06-17,"Wed lunch — McSpicy chicken salad + cut fruit (2; McSpicy ordered out, salad veg assumed)",2,"[[""Cucumber"", 65], [""Tomato"", 55]]"
Disha & Anirudh,h3,2026-06-17,Wed dinner — protein powder + psyllium husk in milk + cut fruits (2; protein/psyllium/milk not tracked),2,[]
Disha & Anirudh,h3,2026-06-18,"Thu breakfast — egg club sandwich x2 (2; sandwich veg assumed, eggs/bread not tracked)",2,"[[""Tomato"", 33], [""Cucumber"", 39]]"
Disha & Anirudh,h3,2026-06-18,"Thu lunch — chicken roti wrap (masala chicken, onion, coriander, jalapeno, hung curd) + chopped carrot/cucumber/tomato salad + cut mangoes (2)",2,"[[""Onion"", 48], [""Coriander (dhania)"", 10], [""Green chilli"", 10], [""Carrot"", 54], [""Cucumber"", 78], [""Tomato"", 66]]"
Disha & Anirudh,h3,2026-06-18,Thu dinner — protein powder + psyllium husk in milk + pear (2),2,[]
Disha & Anirudh,h3,2026-06-19,Fri breakfast — Disha palak mushroom omelette; Anirudh + 2 toast (2; mushroom/eggs not tracked),2,"[[""Spinach/Palak"", 81]]"
Disha & Anirudh,h3,2026-06-19,Fri lunch — palak chicken gravy + roti + salad + cucumber-tomato-onion kachumber + plum (2),2,"[[""Spinach/Palak"", 69], [""Cucumber"", 65], [""Tomato"", 55], [""Onion"", 48]]"
Disha & Anirudh,h3,2026-06-19,"Fri dinner — green (raw) papaya salad, parts kept separately (2)",2,"[[""Papaya"", 0.5]]"
Disha & Anirudh,h3,2026-06-22,"Mon B — broccoli feta frittata + 2 toast for Anirudh (eggs ~4, feta ~50g)",2,"[[""Broccoli"", 80]]"
Disha & Anirudh,h3,2026-06-22,Mon L — chicken rice-paper steamed dumplings + sesame cucumber salad + oyster-sauce sesame dip + pear (minced chicken ~150g),2,"[[""Cucumber"", 120], [""Spring onion"", 20]]"
Disha & Anirudh,h3,2026-06-22,Mon D — protein powder + psyllium husk in milk & cherry (cherry ~80g; milk & psyllium used),2,[]
Disha & Anirudh,h3,2026-06-23,Tue B — 3 half-boiled eggs & skyr (2),2,[]
Disha & Anirudh,h3,2026-06-23,"Tue L — curd rice with tadka (less mustard, extra curd, little rice) (2)",2,"[[""Curry leaves"", 5], [""Green chilli"", 3], [""Ginger"", 5]]"
Disha & Anirudh,h3,2026-06-23,"Tue D — curd rice with tadka (less mustard, extra curd, little rice) (2)",2,"[[""Curry leaves"", 5], [""Green chilli"", 3], [""Ginger"", 5]]"
Disha & Anirudh,h3,2026-06-24,B (2) — egg bhurji + 2 pita toast (Anirudh),2,"[[""Onion"", 40], [""Tomato"", 40], [""Green chilli"", 5], [""Coriander (dhania)"", 10]]"
Disha & Anirudh,h3,2026-06-24,L (2) — za’atar chicken + fattoush salad + hung-yoghurt dip; cherry,2,"[[""Cucumber"", 100], [""Tomato"", 80], [""Lettuce"", 80], [""Onion"", 40], [""Mint"", 15]]"
Disha & Anirudh,h3,2026-06-24,D (2) — protein powder + psyllium husk in milk & peach,2,[]
Disha & Anirudh,h3,2026-06-25,B (2) — palak mushroom omelette + 2 toast (Anirudh),2,"[[""Spinach/Palak"", 87]]"
Disha & Anirudh,h3,2026-06-25,L (2) — chicken keema & eggs quesadilla + cabbage-carrot slaw + guacamole + peeled pomegranate,2,"[[""Cabbage"", 80], [""Carrot"", 60], [""Onion"", 40]]"
Disha & Anirudh,h3,2026-06-25,D (2) — protein powder + psyllium husk in milk & kiwi,2,[]
Kartik & Dhara,h4,2026-06-11,"Thu breakfast — dill-leaf idli, chutney & sambar (2)",2,"[[""Dill"", 0], [""Coriander (dhania)"", 0], [""Tomato"", 0], [""Ginger"", 0]]"
Kartik & Dhara,h4,2026-06-11,"Thu lunch — mutton kebabs, raw-banana sukkha & ragi thaalipeeth (2)",2,"[[""Onion"", 0], [""Ginger"", 0], [""Green chilli"", 0]]"
Kartik & Dhara,h4,2026-06-11,Thu dinner — chilly garlic prawns (2),2,"[[""Garlic"", 0], [""Green chilli"", 0], [""Onion"", 0]]"
Kartik & Dhara,h4,2026-06-12,Fri breakfast — amaranth porridge bowl & boiled eggs (2),2,[]
Kartik & Dhara,h4,2026-06-12,Fri lunch — pappu dal with moringa leaves & rice (chicken marinated) (2),2,"[[""Tomato"", 0], [""Onion"", 0], [""Green chilli"", 0], [""Ginger"", 0]]"
Kartik & Dhara,h4,2026-06-12,Fri dinner — pan-tossed paneer salad (2),2,"[[""Tomato"", 0], [""Onion"", 0], [""Cucumber"", 0]]"
Kartik & Dhara,h4,2026-06-13,Sat breakfast — raw banana & paneer tikka (2),2,"[[""Ginger"", 0], [""Garlic"", 0]]"
Kartik & Dhara,h4,2026-06-13,"Sat lunch — kadgi upkari, roti & cucumber kosambari + grilled paneer (2)",2,"[[""Cucumber"", 0], [""Lemon"", 0], [""Coriander (dhania)"", 0]]"
Kartik & Dhara,h4,2026-06-13,Sat dinner — chicken with black sesame (kalo til) (2),2,"[[""Garlic"", 0], [""Ginger"", 0]]"
Kartik & Dhara,h4,2026-06-15,"Mon breakfast — ragi uttapam w/ onion & tomato, tomato chutney & 2 boiled eggs (2)",2,"[[""Onion"", 70], [""Tomato"", 130]]"
Kartik & Dhara,h4,2026-06-15,Mon lunch — gobi paratha (with dill leaves) & mutton kakori kebab (2),2,"[[""Cauliflower"", 200], [""Dill"", 30], [""Onion"", 50], [""Ginger"", 10], [""Garlic"", 10]]"
Kartik & Dhara,h4,2026-06-15,"Mon dinner — chicken broth with moringa leaves, KILRR marinated chicken breast & broccoli (2)",2,"[[""Broccoli"", 150], [""Onion"", 60], [""Ginger"", 10], [""Garlic"", 10]]"
Kartik & Dhara,h4,2026-06-16,Tue breakfast — scrambled eggs with mushrooms & bell peppers + minced jackfruit stir-fry (2),2,"[[""Green capsicum"", 80], [""Onion"", 40], [""Tomato"", 40]]"
Kartik & Dhara,h4,2026-06-16,"Tue lunch — grilled fish, rice & dalma with raw banana & baingan (2)",2,"[[""Brinjal"", 150], [""Tomato"", 90], [""Onion"", 60], [""Ginger"", 15], [""Green chilli"", 5]]"
Kartik & Dhara,h4,2026-06-16,Tue dinner — KILRR marinated prawns with baby corn (2),2,"[[""Baby corn"", 100], [""Onion"", 50], [""Garlic"", 10], [""Ginger"", 10], [""Green chilli"", 5], [""Tomato"", 30]]"
Kartik & Dhara,h4,2026-06-17,Breakfast — milk-bread toast w/ spicy toppings & 2 boiled eggs (2),2,"[[""Onion"", 40], [""Tomato"", 40], [""Green chilli"", 5]]"
Kartik & Dhara,h4,2026-06-17,"Lunch — rice, rajma masala & grilled cauliflower (no dill roti — rice made instead) (2)",2,"[[""Cauliflower"", 250], [""Onion"", 110], [""Tomato"", 80], [""Ginger"", 10], [""Garlic"", 10], [""Green chilli"", 10], [""Coriander (dhania)"", 15]]"
Kartik & Dhara,h4,2026-06-17,"Dinner — seaweed-sardine lettuce wraps, charred broccoli, caramelised leek & bell peppers (2)",2,"[[""Lettuce"", 100], [""Broccoli"", 100], [""Green capsicum"", 20], [""Red capsicum"", 50], [""Yellow capsicum"", 50], [""Onion"", 20]]"
Kartik & Dhara,h4,2026-06-18,"Breakfast — dosa, drumstick & carrot sambar & 2 boiled eggs (2)",2,"[[""Drumstick (pods)"", 2], [""Carrot"", 80], [""Onion"", 40], [""Tomato"", 50], [""Curry leaves"", 0]]"
Kartik & Dhara,h4,2026-06-18,Lunch — ruhi fish besara & beetroot pachadi; panoli with dill leaves (2),2,"[[""Beetroot"", 150], [""Dill"", 30], [""Onion"", 40], [""Tomato"", 40]]"
Kartik & Dhara,h4,2026-06-18,Dinner — chicken soup (existing broth) with tofu & veggies; chatpate green moong (2),2,"[[""Carrot"", 60], [""Onion"", 50], [""Tomato"", 40], [""Green chilli"", 10]]"
Kartik & Dhara,h4,2026-06-19,Breakfast — stuffed paneer besan cheela (2),2,"[[""Onion"", 40], [""Coriander (dhania)"", 15], [""Green chilli"", 5], [""Paneer"", 50]]"
Kartik & Dhara,h4,2026-06-19,Dinner — miso-glazed eggplant & cucumber tzatziki (soak white peas) (2),2,"[[""Brinjal"", 370], [""Cucumber"", 150], [""Garlic"", 10], [""Mint"", 20]]"
Kartik & Dhara,h4,2026-06-20,"Sat breakfast — sewaiyan upma (carrot, peas & the last cauliflower floret) (2; peas not tracked)",2,"[[""Carrot"", 40], [""Cauliflower"", 50]]"
Kartik & Dhara,h4,2026-06-20,"Sat lunch — horsegram dal, jowar roti, roasted carrots & lime yogurt (2)",2,"[[""Carrot"", 120], [""Lemon"", 1]]"
Kartik & Dhara,h4,2026-06-20,Sat dinner — Greek herb chicken & tuscan white peas stew (2; white peas pantry),2,"[[""Onion"", 60], [""Tomato"", 80], [""Carrot"", 40], [""Garlic"", 10], [""Lemon"", 1]]"
Kartik & Dhara,h4,2026-06-22,Mon 22 breakfast — egg toasties + pan-fried bellpeppers (2),2,"[[""Red capsicum"", 50], [""Yellow capsicum"", 50]]"
Kartik & Dhara,h4,2026-06-22,Mon 22 lunch — dhingri dolma (button-mushroom box) + rotis + FISH FRY [fish OUT — needs a fish order],2,"[[""Button mushroom"", 100], [""Paneer"", 150], [""Onion"", 80], [""Tomato"", 80], [""Ginger"", 15], [""Garlic"", 10], [""Green chilli"", 5]]"
Kartik & Dhara,h4,2026-06-22,Mon 22 dinner — chicken congee (curry-cut broth + sona masoori rice) + lettuce-garlic stir fry (2). Soak rajma; marinate chicken.,2,"[[""Lettuce"", 50], [""Garlic"", 15]]"
Kartik & Dhara,h4,2026-06-23,Tue B — Parsuram: ragi dhokla (existing batter) + kadhi (2),2,"[[""Ginger"", 10], [""Green chilli"", 5], [""Curry leaves"", 0], [""Onion"", 30]]"
Kartik & Dhara,h4,2026-06-23,Tue L — Ahalya: coconut-pineapple black-bean curry + dhingri dolma + rice (2),2,"[[""Onion"", 200], [""Tomato"", 100], [""Ginger"", 20], [""Garlic"", 14], [""Coriander (dhania)"", 10], [""Green capsicum"", 0]]"
Kartik & Dhara,h4,2026-06-23,Tue D — Parsuram: black sesame chicken + pan-fried okra (2; soak horsegram for Wed),2,"[[""Lady's finger"", 200], [""Onion"", 40], [""Garlic"", 6]]"
Kartik & Dhara,h4,2026-06-24,B (2) — Konkani horsegram pancakes (soaked Tue) + beetroot koshimbir,2,"[[""Beetroot"", 150], [""Green chilli"", 5], [""Coriander (dhania)"", 10], [""Curry leaves"", 0], [""Lemon"", 1]]"
Kartik & Dhara,h4,2026-06-24,L (2) — Ahalya: rajma-paneer tikki + coriander chutney + pan-fried baby corn chilli + ginger-pudina pani (ferment ragi flour),2,"[[""Onion"", 40], [""Coriander (dhania)"", 20], [""Baby corn"", 100], [""Ginger"", 15], [""Mint"", 15], [""Green chilli"", 5]]"
Kartik & Dhara,h4,2026-06-24,D (2) — Parsuram: black sesame chicken + chaat-masala cucumber rounds,2,"[[""Cucumber"", 150]]"
Kartik & Dhara,h4,2026-06-25,"B (1) — Parsuram: turmeric savoury masala oats [oats pantry; small onion-tomato-chilli masala, est]",1,"[[""Onion"", 20], [""Tomato"", 20], [""Green chilli"", 3]]"
Kartik & Dhara,h4,2026-06-25,L (1) — Ahalya: rice & stuffed bhindi [rice pantry; besan-spice stuffing],1,"[[""Lady's finger"", 50], [""Onion"", 50], [""Tomato"", 50], [""Ginger"", 10], [""Garlic"", 0], [""Coriander (dhania)"", 10]]"
Kartik & Dhara,h4,2026-06-25,D (1) — Parsuram: chicken with KILLR marinade + pan-roasted broccoli [chicken in stock; KILLR marinade condiment],1,"[[""Broccoli"", 100]]"
Rahul & Radhika,h5,2026-06-01,Breakfast (3) — Rahul 2 eggs+2 whites+mushroom-spinach stir fry; Radhika 1 egg+2 whites+stir fry+1/2 sourdough; Sky overnight oats+chia+almond milk+banana+nuts / egg+fruit,,"[[""Spinach/Palak"", 60], [""Banana"", 2]]"
Rahul & Radhika,h5,2026-06-01,Lunch (1) — Radhika almond wrap+80g minced-chicken sukha+lettuce+shredded carrots+peppers+onions+mint chutney. RAHUL LUNCH=OFFICE,,"[[""Lettuce"", 40], [""Carrot"", 30], [""Green capsicum"", 20], [""Onion"", 20], [""Mint"", 10]]"
Rahul & Radhika,h5,2026-06-01,"Dinner (2) — Garden salad, clear mixed-veg soup, baked pumpkin cubes, grilled lemon-coriander fish",,"[[""Pumpkin"", 120], [""Cucumber"", 50], [""Tomato"", 50], [""Carrot"", 30]]"
Rahul & Radhika,h5,2026-06-02,Breakfast (3) — Rahul bell-pepper+onion egg bhurji+cucumber slices; Radhika oats+skyr+chia+flax+almond milk+berries+pumpkin seeds; Sky oats/egg+fruit,,"[[""Green capsicum"", 30], [""Cucumber"", 50], [""Onion"", 20]]"
Rahul & Radhika,h5,2026-06-02,Lunch (1) — Radhika almond wrap+egg-white bhurji+mushrooms+capsicum+onion stir fry+arugula. RAHUL LUNCH=OFFICE,,"[[""Green capsicum"", 30], [""Onion"", 20]]"
Rahul & Radhika,h5,2026-06-02,Dinner (2) — Cucumber-onion-tomato salad+light butter-chicken bowl+sauteed spinach+roasted cauliflower+small matta rice,,"[[""Cucumber"", 80], [""Tomato"", 100], [""Onion"", 30], [""Spinach/Palak"", 60], [""Cauliflower"", 120]]"
Rahul & Radhika,h5,2026-06-03,Breakfast (3) — Rahul 2 eggs+2 whites+mushroom-spinach; Radhika 1 egg+2 whites+stir fry+1/2 sourdough; coffee; Sky oats/egg+fruit,,"[[""Spinach/Palak"", 60]]"
Rahul & Radhika,h5,2026-06-03,Lunch (1) — Radhika almond wrap+minced-chicken sukha+lettuce+carrots+onions+mint chutney. RAHUL LUNCH=OFFICE,,"[[""Lettuce"", 40], [""Carrot"", 30], [""Onion"", 20], [""Mint"", 10]]"
Rahul & Radhika,h5,2026-06-03,Dinner (2) — Shredded zucchini+carrot salad+mediterranean baked fish with tomatoes+brown rice,,"[[""Tomato"", 100], [""Carrot"", 40]]"
Rahul & Radhika,h5,2026-06-04,Breakfast (3) — Rahul bell-pepper+onion egg bhurji+cucumber slices; Radhika oats+skyr+chia+berries; Sky oats/egg+fruit,,"[[""Green capsicum"", 30], [""Cucumber"", 50], [""Onion"", 20]]"
Rahul & Radhika,h5,2026-06-04,Lunch (1) — Radhika almond wrap+egg-white bhurji/mushroom+capsicum+onion+arugula. RAHUL LUNCH=OFFICE,,"[[""Green capsicum"", 30]]"
Rahul & Radhika,h5,2026-06-04,"Dinner (2) — Garden salad, lauki green-moong dal chilla stuffed with ground chicken+mixed veg (beans/carrot/onion), hung-curd chutney",,"[[""Bottle gourd"", 200], [""Carrot"", 40], [""Onion"", 30]]"
Rahul & Radhika,h5,2026-06-05,Breakfast (3) — Rahul 2 eggs+2 whites+mushroom-spinach; Radhika 1 egg+2 whites+stir fry+1/2 sourdough; Sky oats/egg+fruit,,"[[""Spinach/Palak"", 60]]"
Rahul & Radhika,h5,2026-06-05,Lunch (2) — Rahul+Radhika almond wrap+100g tofu bhurji+sauteed peppers & cabbage+coriander-mint chutney+greek-yoghurt chaas,,"[[""Green capsicum"", 40], [""Cabbage"", 100], [""Coriander (dhania)"", 20]]"
Rahul & Radhika,h5,2026-06-05,"Dinner (2) — Chicken+capsicum roasted salad, roasted broccoli, quinoa-beetroot wrap, kaju red-pepper dip",,"[[""Red capsicum"", 40], [""Broccoli"", 100]]"
Rahul & Radhika,h5,2026-06-06,Breakfast (3) — Rahul pessarattu dosa+masala omelette+mint chutney+sauteed spinach; Radhika dosa+omelette+spinach; Sky dosa+egg+veg+fruit,,"[[""Spinach/Palak"", 60], [""Mint"", 10]]"
Rahul & Radhika,h5,2026-06-06,"Lunch (2) — All: loaded veg sambhar (carrot, pumpkin, beans, drumstick, tindli, onion), mixed-dal idli, skyr, radish+carrot slices, lots of lemon",,"[[""Pumpkin"", 150], [""Carrot"", 50], [""Onion"", 30], [""Lemon"", 1]]"
Rahul & Radhika,h5,2026-06-06,"Dinner (2) — Cucumber salad, stir-fried tofu with capsicum/onion/carrot+coconut aminos, brown rice with shredded cabbage",,"[[""Cucumber"", 80], [""Red cabbage"", 150], [""Onion"", 20], [""Carrot"", 30]]"
Rahul & Radhika,h5,2026-06-08,Breakfast (3) — Rahul 2 eggs+2 whites+mushroom-spinach; Radhika 1 egg+2 whites+stir fry+1/2 sourdough; Sky oats/egg+fruit,,"[[""Spinach/Palak"", 60]]"
Rahul & Radhika,h5,2026-06-08,Lunch (1) — Radhika almond wrap+minced-chicken sukha+lettuce+carrots+peppers+onions+mint chutney. RAHUL LUNCH=OFFICE,,"[[""Lettuce"", 40], [""Carrot"", 30], [""Green capsicum"", 20], [""Onion"", 20], [""Mint"", 10]]"
Rahul & Radhika,h5,2026-06-08,Dinner (2) — Garden salad+herb-lemon fish filet+baked sweet potato+capsicum & green beans,,"[[""Green capsicum"", 20], [""Lemon"", 1]]"
Rahul & Radhika,h5,2026-06-09,Breakfast (3) — Rahul bell-pepper+onion egg bhurji+cucumber slices; Radhika oats+skyr+chia+berries; Sky oats/egg+fruit,,"[[""Green capsicum"", 20], [""Cucumber"", 50], [""Onion"", 20]]"
Rahul & Radhika,h5,2026-06-09,Lunch (1) — Radhika almond wrap+egg-white bhurji+mushroom+capsicum+onion+arugula. RAHUL LUNCH=OFFICE,,"[[""Green capsicum"", 20]]"
Rahul & Radhika,h5,2026-06-09,Dinner (2) — Chicken keema kebabs+quinoa-beet wrap+mint chutney+roasted cauliflower & zucchini,,"[[""Cauliflower"", 120], [""Mint"", 10]]"
Rahul & Radhika,h5,2026-06-10,Breakfast (3) — Rahul 2 eggs+2 whites+mushroom-spinach; Radhika 1 egg+2 whites+stir fry+1/2 sourdough; Sky oats/egg+fruit,,"[[""Spinach/Palak"", 60]]"
Rahul & Radhika,h5,2026-06-10,Lunch (1) — Radhika almond wrap+minced-chicken sukha+lettuce+carrots+onions+mint chutney. RAHUL LUNCH=OFFICE,,"[[""Lettuce"", 40], [""Carrot"", 30], [""Onion"", 20], [""Mint"", 10]]"
Rahul & Radhika,h5,2026-06-10,Dinner (3) — Pessarattu dosa+tofu curry+coriander-mint chutney+cucumber-carrot salad; Sky 2 parathas+mixed veg,,"[[""Cucumber"", 80], [""Carrot"", 40], [""Coriander (dhania)"", 20]]"
Rahul & Radhika,h5,2026-06-11,Breakfast (2) — Rahul bell-pepper+onion egg bhurji+cucumber slices; Radhika oats+skyr+chia+berries; Sky oats/egg+fruit,,"[[""Green capsicum"", 30], [""Cucumber"", 50], [""Onion"", 20]]"
Rahul & Radhika,h5,2026-06-11,Lunch (1) — Radhika almond wrap+egg bhurji+mushroom+capsicum+onion+arugula; snack fruit+brazil nut. RAHUL LUNCH=OFFICE (salad bowl listed but office-provided),,"[[""Green capsicum"", 30]]"
Rahul & Radhika,h5,2026-06-11,"Dinner (3) — Rajma vegetable salad, cilantro-lime fish (no mirchi), boiled beetroot+roasted carrots",,"[[""Cucumber"", 50], [""Tomato"", 50], [""Carrot"", 40]]"
Rahul & Radhika,h5,2026-06-12,Breakfast (2) — Rahul 2 eggs+2 whites+mushroom-spinach; Radhika 1 egg+2 whites+mushroom-spinach+1/2 sourdough+coffee; Sky oats/egg+fruit. Guests: Aloo Poha,,"[[""Spinach/Palak"", 60]]"
Rahul & Radhika,h5,2026-06-12,Lunch (2) — Rahul+Radhika quinoa-beet wrap+100gx2 tofu bhurji+sauteed peppers & cabbage+coriander-mint chutney+greek-yoghurt buttermilk. Guests: Kadai paneer+5 rotis,,"[[""Green capsicum"", 40], [""Cabbage"", 100], [""Coriander (dhania)"", 20]]"
Rahul & Radhika,h5,2026-06-12,"Dinner (3) — Clear lemon-coriander soup, chinese ground-chicken mince with broccoli/carrots/snap-peas/red capsicum+brown rice. Guests: Veg Pulao with cucumber raita",,"[[""Broccoli"", 100], [""Carrot"", 40], [""Red capsicum"", 40], [""Cucumber"", 50], [""Lemon"", 1]]"
Rahul & Radhika,h5,2026-06-13,Breakfast (2) — All: pessarattu dosa+masala omelette+green mint chutney+sauteed spinach. Guests: Pessaruttu with peanut chutney,,"[[""Spinach/Palak"", 60], [""Mint"", 10]]"
Rahul & Radhika,h5,2026-06-13,"Lunch (2) — South Indian veg & chicken stew (chicken, no potato, added zucchini)+appam/rice-flour roti+radish & cucumber slices. Guests: Rajma chawal with raita",,"[[""Cucumber"", 60]]"
Rahul & Radhika,h5,2026-06-13,"Dinner (3) — Edamame & coriander kebabs, grilled mixed vegetables, beetroot wrap, greek-yoghurt dahi chutney. Guests: Bhindi Masala+5 rotis",,"[[""Green capsicum"", 20], [""Coriander (dhania)"", 15]]"
Rahul & Radhika,h5,2026-06-15,"Breakfast (3) — Rahul 2 eggs+2 whites+mushroom-spinach; Radhika 1 egg+2 whites+mushroom-spinach+1/2 sourdough, coffee; Sky overnight oats+banana+nuts / egg+fruit",,"[[""Spinach/Palak"", 60], [""Banana"", 2]]"
Rahul & Radhika,h5,2026-06-15,Lunch (1) — Radhika palak chicken (1.5 cups)+zucchini sabzi+quinoa; snack fruit+brazil nut. RAHUL LUNCH=OFFICE (green salad+paneer/moong+grilled chicken listed but office-provided),,"[[""Spinach/Palak"", 60], [""Zucchini"", 100]]"
Rahul & Radhika,h5,2026-06-15,Dinner (3) — No-masala light coriander chicken curry+matta rice+cauliflower & bhindi sabzi+mint-coriander chutney,,"[[""Cauliflower"", 150], [""Lady's finger"", 150], [""Coriander (dhania)"", 15]]"
Rahul & Radhika,h5,2026-06-16,Dinner — lauki moong dal + matta rice + herb grilled fish + red-cabbage sabzi (3),3,"[[""Bottle gourd"", 163], [""Red cabbage"", 0], [""Green capsicum"", 0], [""Tomato"", 80]]"
Rahul & Radhika,h5,2026-06-17,Breakfast (3) — mushroom-spinach omelettes (Rahul & Radhika) + Skye oats/chia/banana/nuts (12 eggs across the three; mushroom not tracked),,"[[""Spinach/Palak"", 80], [""Banana"", 1]]"
Rahul & Radhika,h5,2026-06-17,Lunch (2) — Rahul green salad + paneer/moong + grilled chicken; Radhika egg bhurji + coriander-mint chutney + capsicum/onion stir-fry,,"[[""Lettuce"", 30], [""Cucumber"", 40], [""Tomato"", 40], [""Green capsicum"", 40], [""Onion"", 40], [""Coriander (dhania)"", 10], [""Mint"", 5]]"
Rahul & Radhika,h5,2026-06-17,Dinner (3) — Greek chicken bowl (greek-yogurt marinade) + roast potatoes + roasted mediterranean veggies + tzatziki,,"[[""Potato"", 250], [""Zucchini"", 100], [""Green capsicum"", 60], [""Onion"", 60], [""Brinjal"", 60], [""Cucumber"", 60]]"
Rahul & Radhika,h5,2026-06-18,Breakfast (2) — Rahul bell-pepper & onion egg bhurji + cucumber; Skye oats/chia/banana/nuts,,"[[""Green capsicum"", 40], [""Onion"", 30], [""Cucumber"", 50], [""Banana"", 1]]"
Rahul & Radhika,h5,2026-06-18,Lunch (2) — Rahul green salad + paneer/moong/legumes + grilled chicken,,"[[""Lettuce"", 15], [""Tomato"", 40], [""Cucumber"", 30]]"
Rahul & Radhika,h5,2026-06-18,Dinner (2) — shredded zucchini & carrot salad + mediterranean baked fish (bassa) with tomatoes + brown rice,,"[[""Zucchini"", 100], [""Carrot"", 80], [""Tomato"", 120]]"
Rahul & Radhika,h5,2026-06-19,Breakfast (2) — Rahul mushroom-spinach stir fry + eggs; Skye oats/chia/banana/nuts,,"[[""Spinach/Palak"", 80], [""Banana"", 1]]"
Rahul & Radhika,h5,2026-06-19,Lunch (2) — Vietnamese summer rolls with chicken + peanut sauce + steamed edamame (edamame & rice-paper pantry),,"[[""Carrot"", 60], [""Cucumber"", 60], [""Lettuce"", 15], [""Mint"", 5], [""Coriander (dhania)"", 10]]"
Rahul & Radhika,h5,2026-06-19,Dinner (2) — spinach toor & moong dal + haldi chicken + cooked lemon quinoa + beans sabzi,,"[[""Spinach/Palak"", 80], [""Green beans"", 90], [""Lemon"", 1], [""Onion"", 40], [""Tomato"", 40]]"
Rahul & Radhika,h5,2026-06-20,Breakfast (2) — Rahul pessarattu dosa + masala omelette (1 egg+2 whites) + mint chutney + sauteed spinach; Skye dosa+egg+veggies+fruit,,"[[""Spinach/Palak"", 80], [""Mint"", 15], [""Coriander (dhania)"", 10]]"
Rahul & Radhika,h5,2026-06-20,Lunch (4) — Mustard-honey glazed salmon + green beans stir fry + herbed brown rice + watermelon-feta salad,,"[[""Green beans"", 300]]"
Rahul & Radhika,h5,2026-06-20,Dinner (4) — Healthy lentil pasta + creamy high-protein sauce + little veggies + italian roasted veg,,"[[""Zucchini"", 150], [""Green capsicum"", 100], [""Onion"", 80], [""Tomato"", 80]]"
Rahul & Radhika,h5,2026-06-21,"Breakfast (4) — Veg uttapam + coconut chutney + bell-pepper & onion egg bhurji (incl 2 guests, 4 whole+4 white)",,"[[""Green capsicum"", 120], [""Onion"", 120], [""Coriander (dhania)"", 15]]"
Rahul & Radhika,h5,2026-06-21,Lunch (4) — Cilantro-lime chicken breast + roasted veggies + pumpkin mash + garlic brown rice,,"[[""Carrot"", 150], [""Green capsicum"", 100], [""Zucchini"", 100], [""Pumpkin"", 500], [""Garlic"", 20], [""Coriander (dhania)"", 15]]"
Rahul & Radhika,h5,2026-06-21,Dinner (2) — Vegetable bhaji with chickpea + sourdough + chopped cucumber & carrots with lime,,"[[""Onion"", 100], [""Tomato"", 100], [""Potato"", 150], [""Cucumber"", 100], [""Carrot"", 80], [""Lemon"", 1]]"
Rahul & Radhika,h5,2026-06-22,Breakfast (2) — Rahul 2 eggs+2 whites+mushroom-spinach; Skye oats/egg+fruit,,"[[""Spinach/Palak"", 80], [""Banana"", 1]]"
Rahul & Radhika,h5,2026-06-22,Dinner (2) — Chimichurri chicken + roasted baby potatoes + red-pepper cashew sauce + roasted green beans; Skye chopped cucumber & cherry tomatoes,,"[[""Potato"", 250], [""Red capsicum"", 80], [""Green beans"", 200], [""Cucumber"", 80], [""Coriander (dhania)"", 20]]"
Rahul & Radhika,h5,2026-06-23,Breakfast (3) — Rahul: bell-pepper & onion egg bhurji (2 whole + 2 whites) + cucumber slices; Radhika: oats + skyr + chia + flax + almond milk + berries + pumpkin seeds; Skye: overnight oats + chia + almond/oat milk + banana + nuts / egg + fruit,,"[[""Green capsicum"", 40], [""Onion"", 40], [""Cucumber"", 60], [""Banana"", 1]]"
Rahul & Radhika,h5,2026-06-23,Lunch (1) — Radhika: tomato edamame curry + cabbage & carrot sabzi + cooked quinoa; snack: fruit + 1 brazil nut,,"[[""Tomato"", 120], [""Cabbage"", 120], [""Carrot"", 80]]"
Rahul & Radhika,h5,2026-06-23,Dinner (3) — Garden salad + no-oil mutton curry + cabbage stir-fry + bhindi sabzi + millet rice; post-dinner fruit-juice/soda; Radhika spearmint tea,,"[[""Lettuce"", 60], [""Cucumber"", 60], [""Tomato"", 100], [""Onion"", 120], [""Carrot"", 60], [""Cabbage"", 150], [""Lady's finger"", 200]]"
Rahul & Radhika,h5,2026-06-24,Breakfast (3) — Rahul 2 poached eggs + avo + sourdough + mushroom-spinach; Radhika 1 egg+2 whites + avo + mushroom-spinach; Skye oats/egg + fruit,,"[[""Spinach/Palak"", 120], [""Banana"", 1]]"
Rahul & Radhika,h5,2026-06-24,Lunch (1) — Radhika: Gobbleright quinoa-beet wrap + egg-white bhurji + dahi chutney + mushrooms + cabbage-onion stir fry,,"[[""Cabbage"", 150], [""Onion"", 60]]"
Rahul & Radhika,h5,2026-06-24,Dinner (2) — Chaat-masala salad + palak chicken + zucchini & red-onion sabzi + jeera brown rice,,"[[""Spinach/Palak"", 150], [""Zucchini"", 150], [""Onion"", 100], [""Cucumber"", 80], [""Tomato"", 80]]"
Rahul & Radhika,h5,2026-06-25,Breakfast (4) — Dosa with coconut chutney (4),,"[[""Coriander (dhania)"", 10], [""Curry leaves"", 5], [""Ginger"", 5]]"
Rahul & Radhika,h5,2026-06-25,Lunch (3) — Beetroot-tofu kebabs (oat-coated) + shirazi salad + greek-yogurt garlic dip + hummus + Gobbleright beet-quinoa wrap; snack fruit + 1 brazil nut (3),,"[[""Beetroot"", 300], [""Cucumber"", 150], [""Tomato"", 100], [""Onion"", 60], [""Garlic"", 10]]"
Rahul & Radhika,h5,2026-06-25,Dinner (4) — Brown rice + rajma + tomato-paneer + cut cucumber + carrot sticks + whole cherry tomatoes (4),,"[[""Tomato"", 200], [""Onion"", 80], [""Cucumber"", 150], [""Carrot"", 120], [""Garlic"", 10], [""Ginger"", 5]]"
Shunyam & Ishan — latest,h1b,2026-06-30,B (2) — Spicy egg sandwiches [30-Jun plan],2,"[[""Eggs"", 4], [""Onion"", 40], [""Tomato"", 40], [""Green chilli"", 6], [""Coriander (dhania)"", 10]]"
Shunyam & Ishan — latest,h1b,2026-06-30,L (2) — Paneer fried rice & veg manchurian [30-Jun plan],2,"[[""Paneer"", 200], [""Carrot"", 150], [""Spring onion"", 80], [""Onion"", 60], [""Garlic"", 15], [""Ginger"", 15], [""Cabbage"", 150], [""Green beans"", 80], [""Red capsicum"", 60], [""Green chilli"", 5]]"
Shunyam & Ishan — latest,h1b,2026-06-30,D (2) — Dahi bhindi + 2 rotis + cucumber raita [30-Jun plan],2,"[[""Cucumber"", 100], [""Onion"", 30]]"
Kartik & Dhara,h4,2026-06-30,B(1) — Stuffed paneer besan chilla + muskmelon juice [30-Jun plan],1,"[[""Paneer"", 100], [""Muskmelon"", 200]]"
Kartik & Dhara,h4,2026-06-30,L(1) — Carrot-beetroot paratha + horsegram curry + curd [30-Jun plan],1,"[[""Carrot"", 100], [""Beetroot"", 80], [""Curd/yogurt"", 100]]"
Kartik & Dhara,h4,2026-06-30,D(1) — No meal set [30-Jun],1,[]
Soozy & Munz,h2,2026-06-30,B(4) — Munz oatmeal+almonds+7 eggs; Soozy 5 eggs; U&A rava idli+sambar+chutney+2 eggs [30-Jun plan],4,"[[""Eggs"", 14], [""Almonds"", 5], [""Oats"", 80]]"
Soozy & Munz,h2,2026-06-30,L(4) — Thai basil chicken x2 (Munz+Soozy)+rice; U&A rice+malabar prawn roast+carrot-beans thoran [30-Jun plan],4,"[[""Prawns"", 200], [""Carrot"", 100], [""Green beans"", 80], [""Chicken breast (Licious)"", 2]]"
Soozy & Munz,h2,2026-06-30,D(4) — Munz Indian chicken salad+curd dip; Soozy marinated chicken; U&A wheat dosa+malabar prawn roast [30-Jun plan],4,"[[""Prawns"", 200], [""Greek yogurt / curd"", 100], [""Lettuce"", 50]]"
Paxal & Sana,h7,2026-06-30,B(2) — Moong dal cheela + dosa chutney,2,"[[""Onion"", 20], [""Ginger"", 5]]"
Paxal & Sana,h7,2026-06-30,L(2) — Ajwain parathas + jain paneer butter + green moong sprouts; Paxal snack: kala chana & veggie salad,2,"[[""Paneer"", 100], [""Sprouts (box)"", 1], [""Cucumber"", 50], [""Tomato"", 50], [""Onion"", 20]]"
Paxal & Sana,h7,2026-06-30,D(3) — Dal dhokli + cut cucumber & tomato; Paxal snack: boiled chana,2,"[[""Cucumber"", 100], [""Tomato"", 80], [""Onion"", 30], [""Dahi (curd) pack"", 1]]"
Disha & Anirudh,h3,2026-06-30,B(1) Disha — Skyr 150g + 2 chilli-garlic scrambled eggs,2,"[[""Milky Mist skyr"", 150], [""Eggs"", 2], [""Green chilli"", 5], [""Garlic"", 5]]"
Disha & Anirudh,h3,2026-06-30,L(2) Anirudh 2 chicken sandwiches; Disha hariyali chicken + baby corn & broccoli chaat + mint hung curd dip,2,"[[""Chicken"", 300], [""Bread"", 4], [""Cheese slices"", 30], [""Baby corn"", 20], [""Broccoli"", 70], [""Yogurt"", 80], [""Mint"", 10]]"
Disha & Anirudh,h3,2026-06-30,D(1) Disha — protein powder + psyllium husk in milk + mango & plum,2,"[[""Milk (Amul)"", 1], [""Mango"", 1], [""Psyllium husk"", 1]]"
Shunyam & Ishan — latest,h1b,2026-06-29,Mon B(2) — French toast,,"[[""Eggs"", 4]]"
Shunyam & Ishan — latest,h1b,2026-06-29,Mon L(2) — Chicken curry + steamed rice + cucumber raita [rice=pantry],,"[[""Chicken curry-cut"", 300], [""Cucumber"", 80], [""Curd"", 150]]"
Shunyam & Ishan — latest,h1b,2026-06-29,Mon D(2) — Malai paneer + roti + kachumber salad [roti=pantry],,"[[""Paneer"", 200], [""Onion"", 40], [""Tomato"", 50], [""Cucumber"", 80]]"
Soozy & Munz,h2,2026-06-26,Fri B(4) — Soozy egg+whites; U&A egg curry + dosas,,"[[""Eggs"", 9], [""Onion"", 80], [""Tomato"", 80], [""Green chilli"", 5], [""Curry leaves"", 5], [""Ginger"", 5], [""Garlic"", 5]]"
Soozy & Munz,h2,2026-06-26,Fri L(4) — guac chicken salad + mexican salad; U&A rice + prawn curry + beans thoran,,"[[""Avocado"", 2], [""Chicken breast"", 200], [""Prawns"", 150], [""Green beans"", 150], [""Lettuce"", 40], [""Tomato"", 120], [""Cucumber"", 80], [""Green capsicum"", 60], [""Onion"", 100], [""Green chilli"", 5], [""Curry leaves"", 3], [""Ginger"", 5], [""Garlic"", 5], [""Lemon"", 1], [""Greek yogurt"", 60]]"
Soozy & Munz,h2,2026-06-26,Fri D(4) — marinated chicken; U&A rotis + prawn curry,,"[[""Chicken breast"", 200], [""Greek yogurt"", 60], [""Prawns"", 100], [""Onion"", 60], [""Tomato"", 60], [""Green chilli"", 5], [""Curry leaves"", 3], [""Ginger"", 5], [""Garlic"", 10], [""Lemon"", 1]]"
Soozy & Munz,h2,2026-06-27,Sat B(4) — Soozy egg+whites; U&A idli + chutney + sambar + boiled eggs,,"[[""Eggs"", 7]]"
Soozy & Munz,h2,2026-06-27,Sat L(4) — shrimp-avocado salad + tzatziki; U&A ghee rice + chicken roast + beetroot thoran,,"[[""Prawns"", 200], [""Avocado"", 1], [""Greek yogurt"", 60], [""Cucumber"", 60], [""Garlic"", 10], [""Chicken breast"", 250], [""Beetroot"", 150], [""Onion"", 120], [""Tomato"", 100]]"
Soozy & Munz,h2,2026-06-27,Sat D(4) — marinated chicken; U&A rotis + chicken roast,,"[[""Chicken breast"", 250], [""Chicken curry-cut"", 300], [""Onion"", 80], [""Green chilli"", 10], [""Ginger"", 10], [""Garlic"", 10]]"
Soozy & Munz,h2,2026-06-29,Mon B(4) — Munz oatmeal+eggs; Soozy eggs; U&A appam + veg stew + eggs,,"[[""Eggs"", 14], [""Carrot"", 80], [""Onion"", 50]]"
Soozy & Munz,h2,2026-06-29,Mon L(4) — Mediterranean shrimp salad x2; U&A rice + chicken curry + cabbage thoran,,"[[""Prawns"", 50], [""Chicken curry-cut"", 300], [""Cabbage"", 100], [""Cucumber"", 100], [""Tomato"", 80], [""Lettuce"", 40], [""Carrot"", 50]]"
Soozy & Munz,h2,2026-06-29,Mon D(4) — Munz BBQ chicken salad; Soozy marinated chicken; U&A rotis + chicken curry,,"[[""Boneless chicken"", 500], [""Cucumber"", 100], [""Tomato"", 80], [""Lettuce"", 40]]"
Disha & Anirudh,h3,2026-06-26,"Fri B(2) — breakfast burrito (eggs, cheese, spinach)",,"[[""Eggs"", 4], [""Spinach/Palak"", 80], [""Onion"", 40], [""Tomato"", 40]]"
Disha & Anirudh,h3,2026-06-26,Fri L(2) — Vietnamese chicken rice-paper rolls + dip; grapes [canh chua NOT made],,"[[""Carrot"", 80], [""Cucumber"", 100], [""Lettuce"", 50], [""Mint"", 10], [""Coriander (dhania)"", 10], [""Green chilli"", 10], [""Basil"", 15], [""Chicken (minced)"", 100]]"
Disha & Anirudh,h3,2026-06-26,"Fri D(2) — protein + psyllium shake (milk) w/ mango & pear [mango,pear ordered]",,"[[""Milk"", 1]]"
Disha & Anirudh,h3,2026-06-27,Sat B(2) — shakshuka + pita,,"[[""Eggs"", 5], [""Tomato"", 250], [""Onion"", 80], [""Red capsicum"", 80], [""Garlic"", 10], [""Green chilli"", 5]]"
Disha & Anirudh,h3,2026-06-27,Sat L(2) — Chettinad chicken + laccha paratha + takkali salad + hung yoghurt + apple,,"[[""Chicken breast"", 350], [""Onion"", 150], [""Tomato"", 180], [""Ginger"", 10], [""Garlic"", 10], [""Green chilli"", 5], [""Curry leaves"", 5], [""Skyr (hung yoghurt)"", 150]]"
Disha & Anirudh,h3,2026-06-27,Sat D(2) — protein + psyllium shake (milk) w/ litchi & mango,,"[[""Milk"", 1]]"
Disha & Anirudh,h3,2026-06-29,Mon B(2) — broccoli & mushroom omelette + toast,,"[[""Eggs"", 3], [""Broccoli"", 80], [""Button mushroom"", 30]]"
Disha & Anirudh,h3,2026-06-29,Mon L(2) — hariyali chicken + baby corn chaat salad + hung-curd dip; peach,,"[[""Chicken breast"", 100], [""Baby corn"", 80], [""Coriander (dhania)"", 20], [""Mint"", 15], [""Skyr"", 50]]"
Disha & Anirudh,h3,2026-06-29,Mon D(2) — protein + psyllium shake w/ mango purée & cut plum,,"[[""Mango"", 1], [""Milk"", 0.5]]"
Kartik & Dhara,h4,2026-06-26,Fri B(2) — urad dal chilla + tomato chutney,,"[[""Onion"", 70], [""Tomato"", 120], [""Green chilli"", 8], [""Coriander (dhania)"", 5]]"
Kartik & Dhara,h4,2026-06-26,Fri L(2) — 3 rotis [atta=pantry],,[]
Kartik & Dhara,h4,2026-06-27,Sat B(2) — aloo-mint-sattu parathas,,"[[""Potato"", 150], [""Mint"", 20]]"
Kartik & Dhara,h4,2026-06-27,Sat L(2) — chicken massaman curry + spring-onion-basil-mushroom fried rice,,"[[""Onion"", 150], [""Potato"", 200], [""Green chilli"", 10], [""Spring onion"", 80], [""Button mushroom"", 100]]"
Kartik & Dhara,h4,2026-06-27,Sat D(2) — makhana kheer [milk from board; makhana/nuts=pantry],,[]
Kartik & Dhara,h4,2026-06-27,Sat Extra — lemon-ginger juice (all leftover lemons),,"[[""Lemon"", 4], [""Ginger"", 15]]"
Kartik & Dhara,h4,2026-06-29,Mon B(1) — coriander omelette & toasted sourdough,,"[[""Eggs"", 2], [""Coriander (dhania)"", 10]]"
Kartik & Dhara,h4,2026-06-29,Mon L(1) — chicken moong dal + rice + bhindi poda + cucumber-mint cooler,,"[[""Chicken breast"", 120], [""Cucumber"", 50], [""Mint"", 10]]"
Kartik & Dhara,h4,2026-06-29,Mon D(1) — creamy lemon salmon & sesame-garlic bok choy [salmon/lemon/bok choy ordered],,"[[""Garlic"", 20], [""Bok choy"", 100]]"
Rahul & Radhika,h5,2026-06-26,Fri B(4) — watermelon + boiled eggs + brinjal chutney w/ idli [L & D not made],,"[[""Watermelon (cut)"", 600], [""Eggs"", 8], [""Brinjal"", 150], [""Onion"", 30], [""Garlic"", 5], [""Curry leaves"", 5]]"
Rahul & Radhika,h5,2026-06-29,Mon B(3) — eggs + mushroom-spinach stir fry; Skye overnight oats + egg/fruit,,"[[""Eggs"", 8], [""Button mushroom"", 150], [""Spinach/Palak"", 100], [""Banana"", 130]]"
Rahul & Radhika,h5,2026-06-29,Mon L(2) — Greek chicken bowl + salad + roasted potatoes,,"[[""Chicken breast"", 180], [""Cucumber"", 80], [""Tomato"", 80], [""Potato"", 100]]"
Rahul & Radhika,h5,2026-06-29,Mon D(3) — herb & lemon fish + broccoli mash + asparagus; Skye carrots+tomatoes+rice,,"[[""Fish (pangasius)"", 350], [""Broccoli"", 250], [""Asparagus"", 100], [""Carrot"", 80], [""Tomato"", 60], [""Lemon"", 1], [""Parsley"", 10], [""Dill"", 10]]"
Paxal & Sana,h7,2026-06-26,Fri D(2) — pumpkin & carrot soup + grilled paneer cubes [B & L not made; paneer flagged],,"[[""Pumpkin"", 200], [""Carrot"", 150], [""Onion"", 40], [""Garlic"", 10], [""Ginger"", 10]]"
Paxal & Sana,h7,2026-06-29,Mon B(1) — palak poha tikki,,"[[""Spinach/Palak"", 50]]"
Paxal & Sana,h7,2026-06-29,Mon L(2) — lauki dal sabzi + roti + moong sprouts + cucumber & tomato,,"[[""Bottle gourd"", 300], [""Onion"", 40], [""Tomato"", 130], [""Cucumber"", 100], [""Coriander (dhania)"", 10]]"
Paxal & Sana,h7,2026-06-29,Mon D(3) — green moong millet khichdi w/ kadhi [all pantry],,[]
Soozy & Munz,h2,2026-07-01,Wed B(4) — Munz oatmeal+5 almonds+7 boiled eggs; Soozy 5 boiled eggs; U&A appam+kadala curry+2 boiled eggs [appam from batter — not gram-deducted],4,"[[""Eggs"", 14], [""Rolled oats"", 60], [""Almonds"", 15], [""Milk"", 150], [""Kala chana"", 100], [""Fresh coconut"", 20]]"
Soozy & Munz,h2,2026-07-01,Wed L(4) — Munz & Soozy guacamole chicken + green goddess salad (Soozy +200g rice); U&A rice + cherupayar curry + bhindi masala [bhindi w/o onion/tomato — none in count],4,"[[""Chicken breast (boneless)"", 300], [""Avocado"", 1], [""Lettuce"", 20], [""Cucumber"", 150], [""Coriander (dhania)"", 15], [""Lemon"", 0.5], [""Rice (sonamasuri)"", 350], [""Green moong"", 150], [""Lady's finger"", 200], [""Fresh coconut"", 20]]"
Soozy & Munz,h2,2026-07-01,Wed D(4) — Munz guacamole chicken; Soozy marinated chicken; U&A cherupayar curry + bhindi masala [marinated=curry-cut est],4,"[[""Chicken breast (boneless)"", 150], [""Avocado"", 1], [""Chicken curry cut"", 200], [""Green moong"", 150], [""Lady's finger"", 200], [""Fresh coconut"", 20]]"
Rahul & Radhika,h5,2026-07-01,"Wed B(3) — Rahul: 2 poached eggs+1/3 avocado+sourdough+mushroom-spinach stir fry; Radhika: 1 egg+2 whites+1/4 avocado+stir fry+1/2 sourdough (post: coffee); Skye: overnight oats+chia+oat/almond milk+banana+nuts, +egg & fruit [after-meal count — consumption already reflected]",3,[]
Rahul & Radhika,h5,2026-07-01,Wed L(1) — Radhika: almond wrap + egg & 2-white bhurji + mushrooms + long-cut cucumber & cherry tomatoes (1–1.5 cups cooked); snack: fruit + 1 brazil nut [after-meal count],1,[]
Rahul & Radhika,h5,2026-07-01,Wed D(3) — Tandoori salmon + dahi chutney + carrot–green bean poriyal (no coconut) + boiled jeera quinoa + cucumber-tomato-carrot kachumbar; drinks: fruit juice+soda; Radhika spearmint tea [after-meal count],3,[]
Paxal & Sana,h7,2026-07-01,Wed B(2) — Sevai with veggies [after-B&L count — consumption already reflected],2,[]
Paxal & Sana,h7,2026-07-01,Wed L(2) — Lobia sabzi (no onion/garlic) + 4 roti + green moong sprouts; Paxal snack: cucumber & onion salad [after-B&L count],2,[]
Paxal & Sana,h7,2026-07-01,Wed D(3) — Amritsari chole with ghee rice + cut cucumber & carrot; Paxal next-day: sprout chaat (soak rajma) [chana/rice/ghee untracked; cucumber not in count],3,"[[""Onion"", 150], [""Tomato"", 150], [""Ginger"", 15], [""Garlic"", 15], [""Carrot"", 150]]"
Kartik & Dhara,h4,2026-07-01,"Wed B(1) — Parsuram: vegetable ragi porridge (carrot, peas & capsicum) + rice [ragi flour & peas untracked]",1,"[[""Carrot"", 50], [""Green capsicum"", 40], [""Rice (Bhoomi Farms)"", 60]]"
Kartik & Dhara,h4,2026-07-01,Wed L(1) — Ahalya: Thai green prawns + veg noodles + ginger-lemon water [prawns untracked],1,"[[""Whole wheat atta noodles (yu)"", 80], [""Carrot"", 20], [""Ginger"", 5], [""Lemon"", 0.5]]"
Kartik & Dhara,h4,2026-07-01,Wed D(1) — Parsuram: rava-fry kohlrabi + cut kiwi (fridge) [rava untracked],1,"[[""Knol khol (kohlrabi)"", 150], [""Kiwi (green)"", 1]]"
Disha & Anirudh,h3,2026-07-01,Wed B(1) — Disha: Skyr 150g + soft scrambled eggs with herb mushrooms [Skyr not tracked],1,"[[""Eggs"", 2], [""Button mushroom"", 40], [""Mint"", 5]]"
Disha & Anirudh,h3,2026-07-01,Wed L(2) — Anirudh: 2 chicken sandwiches; Disha: Chettinad chicken dry roast + garlic baby corn & green beans + hung curd dip [chicken short: 150g on hand vs ~250g needed],2,"[[""Bread"", 4], [""Chicken"", 150], [""Onion"", 60], [""Curry leaves"", 10], [""Green chilli"", 10], [""Baby corn"", 80], [""Green beans"", 100], [""Garlic"", 15], [""Yogurt"", 50]]"
Disha & Anirudh,h3,2026-07-01,Wed D(1) — Disha: protein powder + psyllium husk in milk with litchi & peach [psyllium & peach not tracked],1,"[[""Protein powder"", 30], [""Litchi"", 60]]"
Disha & Anirudh,h3,2026-07-02,Thu B(2) — Anirudh: 1 banana + 2 scoops whey; Disha: Skyr 150g + spinach & feta omelette [captured by 3-Jul after-brekki count],2,[]
Disha & Anirudh,h3,2026-07-02,Thu L(2) — Anirudh: 2 chicken sandwiches; Disha: Tuscan herb chicken + garlic sauteed vegetables + lemon yogurt dip [captured by count],2,[]
Disha & Anirudh,h3,2026-07-02,Thu D(1) — Disha: protein powder + psyllium husk in milk with fruit [captured by count],1,[]
Disha & Anirudh,h3,2026-07-03,Fri B(2) — Anirudh: 1 banana + 2 scoops whey; Disha: Skyr 150g + appam with stew [before check — captured],2,[]
Disha & Anirudh,h3,2026-07-03,Fri L(2) — Anirudh: 2 chicken sandwiches; Disha: Punjabi dhaba-style chicken (low oil) + 2 phulkas + mint hung curd dip [planned; after check],2,[]
Disha & Anirudh,h3,2026-07-03,Fri D(1) — Disha: protein powder + psyllium husk in milk with fruit [planned; after check],1,[]
Kartik & Dhara,h4,2026-07-02,Thu B(1) — Oatmeal with egg & avocado (soak grains) [oats untracked; avocado pc—partial],1,"[[""Eggs"", 1]]"
Kartik & Dhara,h4,2026-07-02,"Thu L(1) — Badi phula, rice & spine gourd fry [badi phula untracked]",1,"[[""Rice (Bhoomi Farms)"", 60], [""Spine gourd"", 150]]"
Kartik & Dhara,h4,2026-07-02,Thu D(1) — Paneer steak (mint marinade) (soak chickpeas),1,"[[""Paneer"", 100], [""Mint"", 10]]"
Kartik & Dhara,h4,2026-07-03,"Fri B(1) — Green moong uttapam (onion, carrot, capsicum, coriander) & coconut chutney [green moong untracked]",1,"[[""Onion"", 30], [""Carrot"", 30], [""Green capsicum"", 30], [""Coriander (dhania)"", 10], [""Dry coconut"", 30]]"
Kartik & Dhara,h4,2026-07-03,"Fri L(1) — Gongura fish curry, rice, knol khol fry & gondhoraj ghol [fish from 2-Jul receipt]",1,"[[""Fish"", 150], [""Gongura leaves"", 100], [""Rice (Bhoomi Farms)"", 60], [""Knol khol (kohlrabi)"", 80], [""Gondhoraj lemon"", 1], [""Curd/yogurt"", 50]]"
Kartik & Dhara,h4,2026-07-03,Fri D(1) — KILLR marinated tofu & charred zucchini,1,"[[""Tofu"", 150], [""Zucchini"", 200]]"
Disha & Anirudh,h3,2026-07-04,Sat B(2) — Anirudh: 1 banana + 2 scoops whey; Disha: Skyr 150g,2,"[[""Banana"", 1], [""Protein powder"", 60], [""Milky Mist skyr"", 1]]"
Disha & Anirudh,h3,2026-07-04,"Sat L(2) — Anirudh: 2 chicken sandwiches (4 bread, 100g chicken, 2 egg, 2 cheese, 8 brined jalapeño, arugula); Disha: Appam + Punjabi dhaba chicken + side salad",2,"[[""Chicken"", 300], [""Bread"", 4], [""Eggs"", 2], [""Cheese slices"", 2], [""Brined jalape\u00f1os (jar)"", 8], [""Arugula"", 20], [""Rice"", 120], [""Coconut milk"", 0.25], [""Instant dry yeast (Select Aisle)"", 2], [""Onion"", 100], [""Tomato"", 150], [""Ginger"", 15], [""Garlic"", 15], [""Green chilli"", 15], [""Coriander (dhania)"", 15], [""Cucumber"", 80], [""Romaine lettuce"", 80], [""Radish"", 40], [""Cabbage"", 60], [""Lemon"", 10], [""Spring onion"", 30]]"
Disha & Anirudh,h3,2026-07-04,Sat D(1) — Disha: Mom's vegetable pulao & raita [peas not in stock],1,"[[""Rice"", 100], [""Carrot"", 60], [""Onion"", 50], [""Potato"", 50], [""Green chilli"", 5], [""Yogurt"", 50], [""Cucumber"", 20]]"
Kartik & Dhara,h4,2026-07-04,Sat B(1) — Amaranth masala upma (soak horsegram for sprouting) [amaranth untracked],1,"[[""Onion"", 30], [""Carrot"", 30], [""Green chilli"", 5]]"
Kartik & Dhara,h4,2026-07-04,Sat L(1) — Peas & tofu kebab & pilaf (cooked in chicken broth) [peas: frozen peas; broth untracked],1,"[[""Tofu"", 80], [""Rice (Bhoomi Farms)"", 80], [""Onion"", 30], [""Carrot"", 30]]"
Kartik & Dhara,h4,2026-07-04,"Sat D(1) — Chicken curry, 3 rotis & stir-fried carrot, zucchini & bok choy [NOT COOKED — items restocked]",1,[]
Soozy & Munz,h2,2026-07-02,Thu B(4) — Munz oatmeal+5 almonds+7 eggs; Soozy 5 eggs; U&A egg curry (4 eggs) + 4 dosas [dosa from batter],4,"[[""Eggs"", 16], [""Rolled oats"", 60], [""Almonds"", 15], [""Milk"", 150], [""Onion"", 60], [""Tomato"", 50]]"
Soozy & Munz,h2,2026-07-02,Thu L(4) — Munz & Soozy bang bang chicken + salad rice bowl + hung curd (Soozy +200g rice); U&A rice + chicken curry,4,"[[""Chicken breast (boneless)"", 300], [""Rice (sonamasuri)"", 400], [""Greek yogurt (Milky Mist)"", 100], [""Chicken curry cut"", 250], [""Onion"", 80], [""Tomato"", 50], [""Cucumber"", 60]]"
Soozy & Munz,h2,2026-07-02,Thu D(4) — Munz bang bang chicken + hung curd; Soozy marinated chicken; U&A rice + chicken curry,4,"[[""Chicken breast (boneless)"", 300], [""Chicken curry cut"", 200], [""Rice (sonamasuri)"", 150], [""Greek yogurt (Milky Mist)"", 50]]"
Soozy & Munz,h2,2026-07-03,Fri B(4) — Munz oatmeal+7 eggs; Soozy 5 eggs; U&A rava idli + coconut chutney + 2 eggs,4,"[[""Eggs"", 14], [""Rolled oats"", 60], [""Almonds"", 15], [""Milk"", 150], [""Sooji/rava (Aashirvaad)"", 150], [""Grated coconut"", 50]]"
Soozy & Munz,h2,2026-07-03,Fri L(4) — Munz & Soozy lemon cilantro chicken rice bowl + green salad + tzatziki (Soozy +200g rice); U&A rice + sambar (pumpkin) + chicken fry,4,"[[""Chicken breast (boneless)"", 300], [""Rice (sonamasuri)"", 400], [""Coriander (dhania)"", 30], [""Lemon"", 0.5], [""Cucumber"", 100], [""Greek yogurt (Milky Mist)"", 100], [""Toor dal (Tata Sampann)"", 60], [""Pumpkin"", 100], [""Chicken curry cut"", 250], [""Onion"", 80]]"
Soozy & Munz,h2,2026-07-03,Fri D(4) — Munz lemon cilantro chicken + tzatziki; Soozy marinated chicken; U&A rice + sambar + chicken fry,4,"[[""Chicken breast (boneless)"", 300], [""Chicken curry cut"", 200], [""Rice (sonamasuri)"", 150], [""Toor dal (Tata Sampann)"", 60], [""Greek yogurt (Milky Mist)"", 50]]"
Soozy & Munz,h2,2026-07-04,Sat B(4) — Munz oatmeal+7 eggs; Soozy 5 eggs; U&A 4 dosa + onion-tomato chutney + 2 eggs [dosa from batter],4,"[[""Eggs"", 14], [""Rolled oats"", 60], [""Almonds"", 15], [""Milk"", 150], [""Onion"", 80], [""Tomato"", 60]]"
Soozy & Munz,h2,2026-07-04,Sat L(4) — Munz & Soozy shrimp avocado salad + hung curd + 200g rice each; U&A rice + chicken roast + cabbage kootu,4,"[[""Prawns (FreshToHome)"", 300], [""Avocado"", 2], [""Greek yogurt (Milky Mist)"", 100], [""Rice (sonamasuri)"", 400], [""Chicken curry cut"", 300], [""Cabbage"", 200], [""Toor dal (Tata Sampann)"", 60], [""Grated coconut"", 50]]"
Soozy & Munz,h2,2026-07-04,Sat D(4) — Munz shrimp avocado salad + hung curd; Soozy marinated chicken; U&A rice + chicken roast,4,"[[""Prawns (FreshToHome)"", 150], [""Avocado"", 1], [""Chicken breast (boneless)"", 150], [""Chicken curry cut"", 200], [""Rice (sonamasuri)"", 150], [""Greek yogurt (Milky Mist)"", 50]]"
Kartik & Dhara,h4,2026-07-05,Sun D(2) — Veg Vietnamese rolls; spaghetti w/ chicken meatballs (200g of 3-Jul chicken mince); egg puff [B/L none],2,"[[""Carrot"", 60], [""Coriander (dhania)"", 15], [""Garlic"", 15], [""Ginger"", 10], [""Whole wheat spaghetti (yu)"", 200], [""Tomato"", 150], [""Onion"", 100], [""Eggs"", 3], [""Tofu"", 100], [""Cucumber"", 150], [""Lettuce"", 50], [""Peanut butter"", 30], [""Hoisin sauce"", 20], [""Sriracha sauce"", 15], [""Honey"", 10], [""Tomato paste"", 30], [""Frozen puff pastry"", 1], [""Bread slices"", 2], [""Chicken mince"", 200]]"
Kartik & Dhara,h4,2026-07-06,B(1) — Parsuram: Spinach shakshuka & toasted bread,1,"[[""Eggs"", 2], [""Spinach/Palak"", 80], [""Onion"", 40], [""Tomato"", 60], [""Sourdough (olive & rosemary)"", 2]]"
Kartik & Dhara,h4,2026-07-06,L(1) — Parsuram: Kokkum drink & rice (soak rice for Tue) [kokum=pantry],1,"[[""Rice (Bhoomi Farms)"", 60]]"
Kartik & Dhara,h4,2026-07-06,"D(1) — Grilled chicken & stir-fried carrot, zucchini, bok choy & noodles [NOT COOKED — items restocked]",1,[]
Paxal & Sana,h7,2026-07-02,"B(2) — Veggie sourdough sandwich (broccoli, capsicum, baby corn, tomato, cheese, paneer)",2,"[[""Broccoli"", 50], [""Green capsicum"", 40], [""Baby corn"", 30], [""Tomato"", 50], [""Paneer"", 60]]"
Paxal & Sana,h7,2026-07-02,L(2) — Gatte ki sabzi + bajra roti + kachumber; Paxal: peanut chaat [besan/bajra/peanut=pantry],2,"[[""Onion"", 60], [""Tomato"", 70], [""Ginger"", 5], [""Garlic"", 5], [""Cucumber"", 50], [""Green chilli"", 5]]"
Paxal & Sana,h7,2026-07-02,D(3) — Rajma chawal + papad + grilled paneer [rajma/rice/papad=pantry],3,"[[""Paneer"", 100], [""Onion"", 60], [""Tomato"", 80], [""Ginger"", 10], [""Garlic"", 10]]"
Paxal & Sana,h7,2026-07-03,B(2) — Sooji cheela with veggies + mint chutney [sooji=pantry],2,"[[""Onion"", 30], [""Tomato"", 30], [""Green capsicum"", 20], [""Carrot"", 20], [""Coriander (dhania)"", 10], [""Mint"", 15]]"
Paxal & Sana,h7,2026-07-03,L(2) — Paneer makhani + roti + chopped cucumber; Paxal: roasted chana [roti/chana=pantry],2,"[[""Paneer"", 120], [""Tomato"", 150], [""Onion"", 40], [""Ginger"", 10], [""Garlic"", 10], [""Fresh cream"", 50], [""Cucumber"", 80]]"
Paxal & Sana,h7,2026-07-03,D(3) — Shirataki noodles; Paxal next-day: boiled sweet potato [shirataki=pantry],3,"[[""Green capsicum"", 40], [""Carrot"", 40], [""Cabbage"", 50], [""Spring onion"", 20], [""Onion"", 20], [""Sweet potato"", 150]]"
Paxal & Sana,h7,2026-07-04,B(2) — Paneer paratha w/ curd; Sana: veg club sandwich (soak millet) [atta/bread/cheese=pantry],2,"[[""Paneer"", 80], [""Curd"", 80], [""Cucumber"", 30], [""Tomato"", 30], [""Green capsicum"", 20]]"
Paxal & Sana,h7,2026-07-04,L(2) — Panchmel dal + besan capsicum + roti + carrot/cucumber; Paxal: sprouted moong chaat [dal/besan=pantry],2,"[[""Onion"", 40], [""Tomato"", 40], [""Ginger"", 10], [""Garlic"", 10], [""Green capsicum"", 100], [""Carrot"", 50], [""Cucumber"", 50]]"
Paxal & Sana,h7,2026-07-04,D(3) — Rainbow millet bowl,3,"[[""Whole millet"", 100], [""Green capsicum"", 40], [""Carrot"", 40], [""Cucumber"", 30], [""Tomato"", 30], [""Cabbage"", 40], [""Onion"", 20], [""Sweet corn"", 30]]"
Paxal & Sana,h7,2026-07-06,B(2) — Vegetable & paneer sourdough sandwich [bread/cheese=pantry],2,"[[""Paneer"", 60], [""Green capsicum"", 30], [""Tomato"", 40], [""Cucumber"", 30], [""Onion"", 20]]"
Paxal & Sana,h7,2026-07-06,L(2) — Paneer tava masala + rotis + chopped carrot/tomato + green moong sprouts; Paxal: roasted makhana [makhana/sprouts untracked],2,"[[""Paneer"", 120], [""Tomato"", 160], [""Onion"", 60], [""Green capsicum"", 50], [""Ginger"", 10], [""Garlic"", 10], [""Carrot"", 50]]"
Paxal & Sana,h7,2026-07-06,D(2) — Sweet potato chaat (soak moong dal & kala channa) [dal/channa=pantry],2,"[[""Sweet potato"", 200], [""Onion"", 30], [""Tomato"", 30], [""Coriander (dhania)"", 10], [""Lemon"", 4]]"
Soozy & Munz,h2,2026-07-06,B(6) — Munz: almonds+oatmeal bowl+5 eggs+2 whites; Soozy: 1 egg+5 whites; U&A&Guests: rava idli+peanut chutney+6 eggs,6,"[[""Eggs"", 19], [""Rolled oats"", 50], [""Milk"", 150], [""Rava idli mix (MTR)"", 200], [""Coconut chunks"", 30]]"
Soozy & Munz,h2,2026-07-06,L(6) — Munz/Soozy: lemon pepper chicken + lettuce-cucumber-capsicum salad + (Munz yogurt dill dip) + 200g rice; U&A&G: chicken curry + beans thoran + rice [rice=pantry],6,"[[""Chicken breast (boneless)"", 300], [""Chicken curry cut"", 600], [""Lettuce"", 100], [""Cucumber"", 80], [""Green capsicum"", 50], [""Green beans"", 90], [""Greek yogurt / curd"", 50], [""Dill"", 10], [""Grated coconut"", 40], [""Lemon"", 1]]"
Soozy & Munz,h2,2026-07-06,D(6) — Munz: lemon pepper chicken + salad; Soozy: marinated chicken; U&A&G: chicken curry + beans thoran + rice [rice=pantry],6,"[[""Chicken breast (boneless)"", 300], [""Chicken curry cut"", 600], [""Lettuce"", 60], [""Cucumber"", 50], [""Green capsicum"", 40], [""Green beans"", 90], [""Grated coconut"", 40]]"
Shunyam & Ishan — latest,h1b,2026-07-03,B(2) — Methi thepla with curd,2,"[[""Methi (fenugreek)"", 50], [""Curd (Akshayakalpa)"", 60]]"
Shunyam & Ishan — latest,h1b,2026-07-03,L(2) — Mixed veg with 4 rotis [atta=pantry],2,"[[""Onion"", 40], [""Tomato"", 40], [""Carrot"", 50], [""Cauliflower"", 80], [""Green beans"", 50], [""Green capsicum"", 40], [""Potato"", 60]]"
Shunyam & Ishan — latest,h1b,2026-07-03,"D(2) — Baingan curry, 3 rotis & tomato raita",2,"[[""Brinjal"", 200], [""Onion"", 40], [""Tomato"", 110], [""Set curd (Akshayakalpa)"", 60]]"
Shunyam & Ishan — latest,h1b,2026-07-04,B(2) — French toast & fruit,2,"[[""Eggs"", 3], [""Cow milk pouch (Akshayakalpa)"", 50], [""Banana"", 1], [""Multigrain bread (Health Factory)"", 60]]"
Shunyam & Ishan — latest,h1b,2026-07-04,"L(2) — Paprika peri-peri chicken, rice & cucumber-carrot slaw [rice=pantry]",2,"[[""Chicken"", 300], [""Cucumber"", 80], [""Carrot"", 60]]"
Shunyam & Ishan — latest,h1b,2026-07-04,"D(2) — Kadai mixed veg (capsicum,carrot,beans,peas), 3 rotis & cucumber raita",2,"[[""Green capsicum"", 80], [""Carrot"", 60], [""Green beans"", 80], [""Frozen green peas (Safal)"", 80], [""Onion"", 40], [""Tomato"", 40], [""Cucumber"", 50], [""Set curd (Akshayakalpa)"", 60]]"
Shunyam & Ishan — latest,h1b,2026-07-06,B(2) — Moong dal chilla & mint-coriander chutney [moong dal=pantry],2,"[[""Mint"", 15], [""Coriander (dhania)"", 15], [""Green chilli"", 5]]"
Shunyam & Ishan — latest,h1b,2026-07-06,"L(2) — Honey garlic grilled chicken breast, sauteed veg & rice [rice/honey=pantry]",2,"[[""Chicken"", 300], [""Garlic"", 15], [""Green capsicum"", 50], [""Carrot"", 50], [""Green beans"", 50], [""Onion"", 40]]"
Shunyam & Ishan — latest,h1b,2026-07-06,"D(2) — Palak paneer, 4 rotis & beetroot raita (soak rajma) [beetroot OUT]",2,"[[""Spinach/Palak"", 200], [""Paneer"", 150], [""Onion"", 40], [""Tomato"", 40], [""Garlic"", 10], [""Ginger"", 10], [""Set curd (Akshayakalpa)"", 60]]"
Shunyam & Ishan — latest,h1b,2026-07-07,B(2) — Scrambled eggs with toast (3 eggs),2,"[[""Eggs"", 3], [""Multigrain bread (Health Factory)"", 60], [""Butter (Amul)"", 10]]"
Shunyam & Ishan — latest,h1b,2026-07-07,"L(2) — Rajma masala, rotis & kachumbar [rajma/atta=pantry]",2,"[[""Onion"", 50], [""Tomato"", 60], [""Ginger"", 10], [""Garlic"", 10], [""Cucumber"", 50], [""Lemon"", 5]]"
Shunyam & Ishan — latest,h1b,2026-07-07,"D(2) — Stuffed baingan, 4 rotis, kachumbar [atta=pantry]",2,"[[""Brinjal"", 250], [""Onion"", 40], [""Tomato"", 40], [""Cucumber"", 50], [""Lemon"", 5]]"
Kartik & Dhara,h4,2026-07-07,B(1) — Jowar & besan carrot cheela [Parsuram; jowar/besan=pantry],1,"[[""Carrot"", 50]]"
Kartik & Dhara,h4,2026-07-07,"L(1) — Pakhala, tomato poda, boiled potato & badi fry + watermelon juice [rice/badi=pantry]",1,"[[""Tomato"", 60], [""Potato"", 120], [""Watermelon (cut)"", 250], [""Onion"", 30], [""Green chilli"", 3]]"
Soozy & Munz,h2,2026-07-07,B(2) — Munz: almonds+oatmeal+5 whole eggs+2 whites; Soozy: 1 egg+5 whites [oats=pantry],2,"[[""Eggs"", 13], [""Almonds"", 5]]"
Soozy & Munz,h2,2026-07-07,L(2) — Thai basil chicken (Munz 200g/Soozy 150g) + asian cucumber-lettuce salad + rice [rice=pantry],2,"[[""Chicken breast (boneless)"", 350], [""Cucumber"", 100], [""Lettuce"", 40], [""Basil"", 10]]"
Soozy & Munz,h2,2026-07-07,D(2) — Marinated chicken (Munz 200g + Soozy 150g),2,"[[""Chicken breast (boneless)"", 350]]"
Paxal & Sana,h7,2026-07-07,B(2) — Moong dal idli & peanut chutney [moong dal/peanut=pantry],2,"[[""Curry leaves"", 3]]"
Paxal & Sana,h7,2026-07-07,"L(2) — Kadai paneer, rotis, cucumber-carrot, moong sprouts + Paxal: kala channa chaat [atta/channa=pantry]",2,"[[""Paneer"", 200], [""Onion"", 120], [""Tomato"", 130], [""Green capsicum"", 60], [""Ginger"", 10], [""Garlic"", 10], [""Cucumber"", 80], [""Carrot"", 60], [""Sprouts (green moong)"", 70]]"
Paxal & Sana,h7,2026-07-07,D(1) — Paneer kathi roll & green salad + mint juice [CHANGED 2->1 person; atta=pantry],1,"[[""Paneer"", 120], [""Onion"", 30], [""Green capsicum"", 30], [""Cucumber"", 50], [""Carrot"", 30], [""Mint"", 30]]"
Disha & Anirudh,h3,2026-07-06,B(2) — Anirudh: banana + 2 scoops whey; Disha: Skyr 100g + broccoli omelette [whey=pantry],2,"[[""Banana"", 1], [""Milky Mist skyr"", 1], [""Broccoli"", 50], [""Eggs"", 2]]"
Disha & Anirudh,h3,2026-07-06,L(2) — Anirudh: 2 chicken sandwiches; Disha: Mediterranean chicken + green beans + bell pepper-cucumber salad [bread~est],2,"[[""Chicken"", 250], [""Bread"", 200], [""Eggs"", 1], [""Green beans"", 80], [""Green capsicum"", 40], [""Red capsicum"", 20], [""Yellow capsicum"", 20], [""Cucumber"", 80], [""Lettuce"", 20]]"
Disha & Anirudh,h3,2026-07-06,D(1) — Disha: protein powder + psyllium in milk with apple & cherries [protein/psyllium=pantry],1,"[[""Apple"", 1], [""Cherry"", 25], [""Lactose-free milk"", 1], [""Protein powder"", 30], [""Psyllium husk"", 10]]"
Disha & Anirudh,h3,2026-07-07,B(2) — Anirudh: banana + 2 scoops whey; Disha: Skyr 100g + spring-onion paneer bhurji [whey=pantry],2,"[[""Banana"", 1], [""Milky Mist skyr"", 1], [""Spring onion"", 30], [""Paneer"", 80], [""Onion"", 20], [""Tomato"", 30]]"
Disha & Anirudh,h3,2026-07-07,L(2) — Anirudh: 2 chicken sandwiches; Disha: lemongrass chicken & radish Thai salad [bread~est; lemongrass=pantry],2,"[[""Chicken"", 250], [""Bread"", 200], [""Eggs"", 1], [""Radish"", 60], [""Cucumber"", 40]]"
Disha & Anirudh,h3,2026-07-07,D(1) — Disha: protein powder + psyllium in milk with litchi & plum [protein/psyllium=pantry],1,"[[""Litchi"", 60], [""Plum"", 1], [""Lactose-free milk"", 1], [""Protein powder"", 30], [""Psyllium husk"", 10]]"
Pratik & Sakshi,h8,2026-07-07,"B(1) — Sourdough, 1 egg+3 whites omelette, protein shake+coconut water, berries [already in after-breakfast count]",1,[]
Pratik & Sakshi,h8,2026-07-07,"L(2) — Baked kofta paneer in masala tomato gravy, matta rice, chaat masala veggies + snack edamame & kiwi [rice=pantry]",2,"[[""Paneer"", 200], [""Tomato"", 240], [""Onion"", 130], [""Ginger"", 10], [""Garlic"", 10], [""Green chilli"", 5], [""Carrot"", 80], [""Edamame (frozen)"", 40], [""Kiwi"", 1]]"
Pratik & Sakshi,h8,2026-07-07,"D(2) — Lobia curry, jowar-quinoa roti, mushroom capsicum masala, haldi tofu [lobia/dals/flour=pantry]",2,"[[""Shiitake mushroom"", 100], [""Green capsicum"", 80], [""Red capsicum"", 40], [""Onion"", 100], [""Tomato"", 120], [""Tofu"", 200], [""Ginger"", 5], [""Garlic"", 5]]"
Kartik & Dhara,h4,2026-07-08,"B(1) — Dhokla, imli chutney & spine-gourd subzi [Parsuram; besan/tamarind=pantry]",1,"[[""Spine gourd"", 60], [""Onion"", 15], [""Tomato"", 15]]"
Kartik & Dhara,h4,2026-07-08,L(1) — Chicken broth vegetable soup with rice & grilled fish [rice=pantry; FISH not in stock-flag],1,"[[""Chicken mince"", 150], [""Carrot"", 40], [""Onion"", 30], [""Bottle gourd"", 80], [""Tomato"", 30]]"
Kartik & Dhara,h4,2026-07-08,D(1) — Rainbow Meal: NOT COOKED (nothing made),1,[]
Rahul & Radhika,h5,2026-07-07,B(3) — Rahul: bell pepper-onion egg bhurji + cucumber; Radhika: oats+skyr+chia/flax+almond milk+berries+seeds; Skye: overnight oats / egg & fruit [eggs/capsicum/berries/seeds not in 6-Jul baseline],3,"[[""Onion"", 40], [""Cucumber"", 60], [""Skyr"", 100], [""Banana"", 1], [""Green chilli"", 5]]"
Rahul & Radhika,h5,2026-07-07,L — NOT MADE (7-Jul lunch not cooked),2,[]
Rahul & Radhika,h5,2026-07-07,D(3) — Carrot & cherry-tomato salad; lentil pasta w/ creamy protein sauce & veggies; Italian roasted veg; post-drinks; pre-prep soak rajma [pasta/lentil/paneer-sauce not in 6-Jul baseline; rajma=pantry],3,"[[""Carrot"", 100], [""Cherry tomato"", 150], [""Zucchini"", 200], [""Button mushroom"", 80], [""Cauliflower"", 150], [""Onion"", 60]]"
Disha & Anirudh,h3,2026-07-08,B(2) — Anirudh: banana + 2 scoops whey; Disha: Skyr 100g + spinach-cremini mushroom omelette [whey=pantry],2,"[[""Banana"", 1], [""Milky Mist skyr"", 1], [""Eggs"", 3], [""Spinach/Palak"", 40], [""Button mushroom"", 50]]"
Disha & Anirudh,h3,2026-07-08,L(2) — Anirudh: 2 chicken sandwiches; Disha: chicken broccoli stir fry + hung yoghurt dip [bread~est],2,"[[""Chicken"", 250], [""Bread"", 200], [""Eggs"", 1], [""Lettuce"", 20], [""Broccoli"", 120], [""Yogurt"", 100]]"
Disha & Anirudh,h3,2026-07-08,D(1) — Disha: protein powder + psyllium in milk with apple & guava [protein/psyllium=pantry],1,"[[""Apple"", 1], [""Pink guava"", 1], [""Lactose-free milk"", 1], [""Protein powder"", 30], [""Psyllium husk"", 10]]"
Soozy & Munz,h2,2026-07-08,"B(4: Munz,Soozy,Uncle,Aunty) — Munz almonds+oatmeal+5 eggs+2 whites; Soozy 1 egg+5 whites; U&A rava dosa, tomato-coconut chutney + 2 boiled eggs [oats/rava=pantry]",4,"[[""Eggs"", 15], [""Almonds"", 5], [""Tomato"", 50], [""Grated coconut"", 30]]"
Soozy & Munz,h2,2026-07-08,L(4) — Munz & Soozy: tandoori chicken salad (+Munz cabbage-yogurt coleslaw) + rice; Uncle & Aunty: Nadan Meen Mulakittathu + rice [rice=pantry; NO onion in count],4,"[[""Chicken breast (boneless)"", 230], [""Cabbage"", 100], [""Cucumber"", 60], [""Iceberg lettuce"", 30], [""Carrot"", 40], [""Sardine"", 100], [""Tomato"", 60], [""Ginger"", 10], [""Garlic"", 10], [""Green chilli"", 10], [""Coconut milk"", 1]]"
Soozy & Munz,h2,2026-07-08,D(4) — Munz: tandoori chicken salad + cabbage-yogurt coleslaw; Soozy: marinated chicken; Uncle & Aunty: Nadan Meen Mulakittathu + rice [rice=pantry],4,"[[""Chicken breast (boneless)"", 220], [""Cabbage"", 100], [""Sardine"", 100], [""Tomato"", 40], [""Ginger"", 10], [""Garlic"", 10], [""Green chilli"", 10], [""Coconut milk"", 1]]"
Kartik & Dhara,h4,2026-07-09,B(1) Parsuram — Lettuce masala oats [oats/masala=pantry],1,"[[""Lettuce"", 50], [""Onion"", 20], [""Tomato"", 20]]"
Kartik & Dhara,h4,2026-07-09,L(1) Parsuram — Lauki parathas (3) + lauki kabab + curd [atta=pantry],1,"[[""Bottle gourd"", 250], [""Set curd"", 50], [""Onion"", 30], [""Ginger"", 10], [""Garlic"", 10], [""Green chilli"", 5]]"
Kartik & Dhara,h4,2026-07-09,D(1) Nilam — Kerala chicken curry + 3 jowar roti [jowar=pantry; used chicken breast ~150g; no curry leaves],1,"[[""Chicken breast (boneless)"", 150], [""Onion"", 60], [""Tomato"", 80], [""Ginger"", 15], [""Garlic"", 15], [""Green chilli"", 10], [""Coriander hybrid"", 5]]"
Disha & Anirudh,h3,2026-07-09,B(2) — Anirudh: banana + 2 scoops whey; Disha: Skyr 100g + cabbage pancakes [whey/besan=pantry],2,"[[""Banana"", 1], [""Milky Mist skyr"", 1], [""Cabbage"", 100]]"
Disha & Anirudh,h3,2026-07-09,L(2) — Anirudh: 2 chicken sandwiches; Disha: chicken carrot soup + bell pepper salad + hung curd dip,2,"[[""Chicken"", 220], [""Bread"", 200], [""Eggs"", 1], [""Lettuce"", 20], [""Carrot"", 80], [""Green capsicum"", 40], [""Cucumber"", 30], [""Yogurt"", 100]]"
Disha & Anirudh,h3,2026-07-09,D — Disha: protein powder + psyllium in milk with cherries & apple [protein/psyllium=pantry],1,"[[""Cherry"", 25], [""Apple"", 1], [""Lactose-free milk"", 1], [""Protein powder"", 30], [""Psyllium husk"", 10]]"
Soozy & Munz,h2,2026-07-09,B(2) — Munz: 5 almonds+oatmeal+5 eggs+2 whites; Soozy: 1 egg+5 whites [oats=pantry],2,"[[""Eggs"", 13], [""Almonds"", 5]]"
Soozy & Munz,h2,2026-07-09,L(2) — Mediterranean shrimp salad (Munz 200g/Soozy 150g) + hummus + rice [hummus/rice=pantry; NO shrimp in stock],2,"[[""Shrimp"", 350], [""Cucumber"", 60], [""Tomato"", 60], [""Iceberg lettuce"", 40], [""Onion"", 30], [""Lemon"", 20]]"
Soozy & Munz,h2,2026-07-09,D(2) — Marinated chicken (Munz 200g/Soozy 150g),2,"[[""Chicken breast (boneless)"", 350], [""Onion"", 30], [""Lemon"", 10]]"
Shunyam & Ishan - latest,h1b,2026-07-08,B(2) — Soaked oats [oats/milk],2,"[[""Oats (Alpino Super Oats)"", 60], [""Cow milk pouch (Akshayakalpa)"", 100]]"
Shunyam & Ishan - latest,h1b,2026-07-08,L(2) — Rice & chicken Asian gravy [rice/sauce=pantry],2,"[[""Chicken"", 250], [""Onion"", 50], [""Tomato"", 40], [""Ginger"", 10], [""Garlic"", 10], [""Green chilli"", 5]]"
Shunyam & Ishan - latest,h1b,2026-07-08,D(2) — Vegetable bhuna handi + 4 rotis + beetroot raita [atta=pantry; NO beetroot in stock],2,"[[""Potato"", 100], [""Green beans"", 60], [""Frozen green peas (Safal)"", 60], [""Onion"", 60], [""Tomato"", 60], [""Curd (Akshayakalpa)"", 100]]"
Shunyam & Ishan - latest,h1b,2026-07-09,B(2) — Poha & fruit [poha=pantry base],2,"[[""Poha"", 80], [""Onion"", 20], [""Peanuts"", 20], [""Apple (Royal Gala)"", 1]]"
Shunyam & Ishan - latest,h1b,2026-07-09,L(2) — Khichdi with cut cucumber [rice/dal=pantry],2,"[[""Cucumber"", 100], [""Onion"", 20], [""Ghee (Akshayakalpa)"", 15]]"
Shunyam & Ishan - latest,h1b,2026-07-09,D(2) — Malai paneer + 4 rotis + cucumber raita [atta=pantry],2,"[[""Paneer"", 200], [""Onion"", 40], [""Tomato"", 50], [""Cow milk pouch (Akshayakalpa)"", 50], [""Cucumber"", 80], [""Curd (Akshayakalpa)"", 100], [""Ginger"", 10], [""Garlic"", 10]]"
Paxal & Sana,h7,2026-07-09,B(2) — Rava dosa with peanut chutney [rava/peanut/chana dal/coconut=pantry],2,[]
Paxal & Sana,h7,2026-07-09,L(2) — Schezwan paneer + hakka noodles (low spice) + green moong sprouts; Snack(Paxal): masala corn [noodles/sauce=pantry],2,"[[""Paneer"", 200], [""Green capsicum"", 60], [""Cabbage"", 60], [""Spring onion"", 20], [""Carrot"", 40], [""Garlic"", 10], [""Onion"", 40], [""Sprouts (green moong)"", 100], [""Sweet corn"", 100]]"
Paxal & Sana,h7,2026-07-09,D(1) Sana — Chilli-garlic tofu wrap [wrap=pantry; pre-prep soak chickpeas],1,"[[""Tofu"", 150], [""Garlic"", 10], [""Onion"", 20], [""Green capsicum"", 30]]"
Pratik & Sakshi,h8,2026-06-22,"B(2) — Pesarattu dosa + 2 egg whites, coconut chutney, sattu chaas (¼ cup greek yoghurt)",2,[]
Pratik & Sakshi,h8,2026-06-22,"L(2) — Jowar roti wrap + black chana hummus spread, air-fry tandoori veggies + edamame, dahi chutney (greek yoghurt)",2,[]
Pratik & Sakshi,h8,2026-06-22,"D(2) — Fat-loss matar paneer, matta rice (small), zucchini & eggplant sabzi, kachumber salad",2,[]
Pratik & Sakshi,h8,2026-06-23,"B(2) — Cabbage cheese sandwich, 1 scoop protein in water + coconut water + ¼ cup berries",2,[]
Pratik & Sakshi,h8,2026-06-23,"L(2) — Lebanese crispy tofu, brown rice tabbouleh, parsley mint sauce",2,[]
Pratik & Sakshi,h8,2026-06-23,"D(2) — Dry butternut squash sabzi, sattu tikkis, greek yoghurt dahi chutney, chaat masala vegetables",2,[]
Pratik & Sakshi,h8,2026-06-24,"B(2) — Large moong dal chilla w/ stuffed veggies, coriander-mint chutney, greek yoghurt+protein+banana smoothie",2,[]
Pratik & Sakshi,h8,2026-06-24,"L(2) — Paneer tikkis (low-fat), sweet potato palak, grilled tandoori veg (babycorn/cauliflower/red onion), quinoa beet roti (S)",2,[]
Pratik & Sakshi,h8,2026-06-24,"D(2) — Chaat masala salad, spinach toor & moong dal, haldi tofu + beans sabzi, cooked lemon quinoa",2,[]
Pratik & Sakshi,h8,2026-06-25,"B(2) — Veg upma/poha, 1 egg+2 whites mushroom/spinach omelet, sattu chaas w/ greek yoghurt",2,[]
Pratik & Sakshi,h8,2026-06-25,"L(2) — Tofu quinoa patties, red capsicum sauce (less cashew), stir-fry veg, quinoa beet roti (S)",2,[]
Pratik & Sakshi,h8,2026-06-25,"D(2) — Lauki moong dal chilla, mint chutney, boiled beetroot/carrot/cucumber plate, low-fat haldi paneer cubes",2,[]
Pratik & Sakshi,h8,2026-06-26,"B(2) — ¼ cup oats + 1 scoop protein, high-protein milk + cinnamon, chia + banana",2,[]
Pratik & Sakshi,h8,2026-06-26,"L(2) — Paneer chana chaat (low-fat), mixed veg soup, roasted shakarkandi w/ green chutney",2,[]
Pratik & Sakshi,h8,2026-06-26,"D(2) — Gongura leaves curry, millet veg pulao, onion greek yoghurt raita, edamame stir-fry w/ sambhar masala",2,[]
Pratik & Sakshi,h8,2026-06-27,"B(2) — Medium dosa + 2 egg whites, coconut+green chutney, protein + greek yoghurt + berries",2,[]
Pratik & Sakshi,h8,2026-06-27,L(2) — Guests: dal batti + side salad,2,[]
Pratik & Sakshi,h8,2026-06-27,"D(2) — Coconut aminos tofu, mushroom & broccoli stir fry, brown rice/carrot/green-bean sesame stir-fry (less rice)",2,[]
Pratik & Sakshi,h8,2026-06-29,"B(2) — Pesarattu dosa + 2 egg whites, coconut chutney, sattu chaas w/ greek yoghurt",2,[]
Pratik & Sakshi,h8,2026-06-29,"L(2) — Carrot & paneer shake-shake salad, crunchy roasted quinoa, roasted broccoli",2,[]
Pratik & Sakshi,h8,2026-06-29,"D(2) — Kala chana curry, masala roasted edamame, jowar-quinoa roti, roasted carrots & beans sabzi",2,[]
Pratik & Sakshi,h8,2026-06-30,"B(2) — Sourdough slice, 1 egg+3 whites omelette, protein shake w/ coconut water & berries",2,[]
Pratik & Sakshi,h8,2026-06-30,"L(2) — Chaat masala salad, mixed veg pulao, tofu curry",2,[]
Pratik & Sakshi,h8,2026-06-30,"D(2) — Sattu chilla w/ roasted veg, greek yoghurt raita, green chutney",2,[]
Pratik & Sakshi,h8,2026-07-01,"B(2) — Large moong dal chilla w/ stuffed veggies, coriander-mint chutney, greek yoghurt+protein+banana smoothie",2,[]
Pratik & Sakshi,h8,2026-07-01,"L(2) — Moong dal spinach idlis, veggie-loaded sambar, low-fat paneer pan-fried w/ sambar masala, green chutney",2,[]
Pratik & Sakshi,h8,2026-07-01,"D(2) — Khapli atta tofu roti, lauki chana dal, beetroot poriyal, asparagus/broccoli & edamame stir fry",2,[]
Pratik & Sakshi,h8,2026-07-02,"B(2) — Veg upma/poha, 1 egg+2 whites mushroom/spinach omelet, sattu chaas w/ greek yoghurt",2,[]
Pratik & Sakshi,h8,2026-07-02,"L(2) — Black chana/sweet potato/beetroot salad w/ greek yoghurt dressing, spinach soup, Sakshi: sourdough toast; snack: makhana + pumpkin seeds",2,[]
Pratik & Sakshi,h8,2026-07-02,D(2) — Parwal and mushroom sabzi,2,[]
Pratik & Sakshi,h8,2026-07-03,"B(2) — ¼ cup oats + 1 scoop protein, high-protein milk + cinnamon, chia + banana",2,[]
Pratik & Sakshi,h8,2026-07-03,"L(2) — Mango chickpea kachumbar salad, tawa tofu, green chutney, little quinoa; snack: ½ scoop protein + almond milk + nut-seed ladoo",2,[]
Pratik & Sakshi,h8,2026-07-04,"B(2) — Medium dosa + 2 egg whites, coconut+green chutney, protein + greek yoghurt + berries",2,[]
Pratik & Sakshi,h8,2026-07-04,"L(2) — Coconut aminos tofu & broccoli, quinoa gobblelight wrap, mushroom clear soup; snack: apple + 5 almonds + flax",2,[]
Pratik & Sakshi,h8,2026-07-04,D(2) — Baked falafel,2,[]
Pratik & Sakshi,h8,2026-07-06,"B(1) — Pesarattu dosa + 2 egg whites, coconut chutney, sattu chaas w/ greek yoghurt",1,[]
Pratik & Sakshi,h8,2026-07-06,"L(2) — High-protein little millet pulao (tofu, more veg less millet), loaded cucumber & carrot greek yoghurt raita; snack: nut-seed ladoo + mandarin",2,[]
Pratik & Sakshi,h8,2026-07-06,"D(2) — Palak low-fat paneer curry, jowar+quinoa soft rotis, red cabbage sabzi (less oil), mixed cherry tomato salad",2,[]
Pratik & Sakshi,h8,2026-07-08,"B(1) — Large moong dal chilla w/ stuffed veggies, coriander-mint chutney, greek yoghurt+protein+banana smoothie",1,[]
Pratik & Sakshi,h8,2026-07-08,"L(1) — Beetroot tofu tikkis, masala baked broccoli, oven-roasted potatoes (very less) w/ greek yoghurt chutney; snack: berries + sunflower seeds + ½ scoop protein",1,[]
Pratik & Sakshi,h8,2026-07-08,"D(1) — Veg bhaji w/ chickpea (shredded low-fat paneer on bhaji), sourdough bread, chopped cucumber & carrot w/ lime",1,[]
Pratik & Sakshi,h8,2026-07-09,"B(2) — Veg upma/poha, 1 egg+2 whites mushroom/spinach omelet, sattu chaas w/ greek yoghurt",2,[]
Pratik & Sakshi,h8,2026-07-09,"L(2) — Mung sprout fritter falafels w/ tahini-lime, gobbleright beet quinoa wrap, moroccan eggplant, moroccan carrot",2,[]
Pratik & Sakshi,h8,2026-07-09,"D(2) — Light dudhi kadhi, quinoa-edamame pulao, easy beetroot stir fry, kachumbar salad",2,[]
Pratik & Sakshi,h8,2026-07-10,"B(1) — Oats + 1 scoop protein, high-protein milk + cinnamon, chia + elaichi banana",1,[]
Pratik & Sakshi,h8,2026-07-10,"L(3) — Edamame & coriander kebabs, mint chutney, grilled pan mixed veg, gobbleright beetroot roti",3,[]
Pratik & Sakshi,h8,2026-07-10,"D(3) — Gongura pappu dal (skip peanuts), haldi cauliflower rice, grilled low-fat paneer, masala cucumber salad",3,[]
Pratik & Sakshi,h8,2026-07-11,"B(1) — Medium dosa + 2 egg whites, coconut+green chutney, protein powder, greek yoghurt, ¼ cup berries",1,[]
Pratik & Sakshi,h8,2026-07-11,"L(3) — Spicy Turkish chickpea salad, greek yoghurt + za'atar roasted mediterranean veggies",3,[]
Pratik & Sakshi,h8,2026-07-11,"D(3) — Low-fat paneer burrito bowl (low-fat paneer, no corn, very little rice), coriander-lime tahini dressing",3,[]
Rahul & Radhika,h5,2026-07-09,B(3) — Rahul shakshuka(5 eggs)+sourdough; Radhika shakshuka(3)+sourdough+coffee; Skye oats+egg&fruit,3,"[[""Eggs (free-range brown)"", 9], [""Sourdough bread (Brik Oven)"", 2], [""Banana"", 1]]"
Rahul & Radhika,h5,2026-07-09,L(1) — Radhika: dudhi chana dal + low-fat paneer stir fry(50) + cauliflower sabzi + matta rice; snack fruit+brazil,1,"[[""Bottle gourd"", 150], [""Paneer"", 50], [""Cauliflower"", 150], [""Banana"", 1]]"
Rahul & Radhika,h5,2026-07-09,D(3) — Palak chicken curry + jowar/quinoa rotis + red cabbage sabzi; Skye carrots+cherry tomato,3,"[[""Spinach/Palak"", 200], [""Chicken thigh (boneless)"", 300], [""Onion"", 80], [""Tomato"", 100], [""Ginger"", 15], [""Garlic"", 15], [""Red cabbage"", 150], [""Carrot"", 40], [""Cherry tomato"", 40], [""Coriander (dhania)"", 10]]"
Rahul & Radhika,h5,2026-07-10,B(3) — Rahul pessarattu+spinach omelette(3); Radhika pessarattu+omelette(3 whites)+sauteed spinach; Skye oats+egg&fruit,3,"[[""Eggs (free-range brown)"", 7], [""Spinach/Palak"", 120], [""Mint"", 20], [""Green chilli"", 10], [""Coriander (dhania)"", 10], [""Banana"", 1]]"
Rahul & Radhika,h5,2026-07-10,L(2) — Radhika almond wrap + egg bhurji(4) + dahi chutney; mushroom/cabbage/onion stir fry; snack fruit+brazil,2,"[[""GobbleRight almond wrap"", 1], [""Eggs (free-range brown)"", 4], [""Curd (Sid's Farm)"", 50], [""Button mushroom"", 80], [""Cabbage"", 60], [""Onion"", 40], [""Coriander (dhania)"", 5], [""Banana"", 1]]"
Rahul & Radhika,h5,2026-07-10,D(3) — Chicken lentil dal soup + millet pulao + broccoli & carrot sabzi (skip capsicum); Skye cherry tomato,3,"[[""Chicken thigh (boneless)"", 300], [""Onion"", 60], [""Tomato"", 80], [""Carrot"", 80], [""Broccoli"", 150], [""Ginger"", 10], [""Garlic"", 10], [""Cherry tomato"", 40], [""Coriander (dhania)"", 10]]"
Paxal & Sana,h7,2026-07-10,B(2) — Overnight oats with fresh fruits,2,"[[""Oats"", 80], [""Curd"", 100], [""Apple"", 1]]"
Paxal & Sana,h7,2026-07-10,L(2) — Paneer dish (cook omitted palak; served as plain paneer) + rotis + cucumber & carrot + green moong sprouts; Snack(Paxal): roasted chickpeas,2,"[[""Paneer"", 200], [""Onion"", 40], [""Tomato"", 40], [""Ginger"", 10], [""Garlic"", 10], [""Green chilli"", 5], [""Cucumber"", 60], [""Carrot"", 50], [""Sprouts (green moong)"", 80], [""Coriander (dhania)"", 10]]"
Paxal & Sana,h7,2026-07-10,D(1) — Sana: Tawa roti pizza,1,"[[""Onion"", 30], [""Tomato"", 40], [""Red capsicum"", 40], [""Mozzarella cheese"", 60]]"
Soozy & Munz,h2,2026-07-10,B(2) — Munz: 5 almonds+oatmeal+5 eggs+2 whites; Soozy: 1 egg+5 whites (boiled),2,"[[""Eggs"", 13], [""Almonds"", 30], [""Rolled oats"", 60]]"
Soozy & Munz,h2,2026-07-10,L(2) — Broccoli chicken salad (Munz 200/Soozy 150) + rice,2,"[[""Chicken breast (boneless)"", 350], [""Broccoli"", 150], [""Iceberg lettuce"", 40], [""Cucumber"", 40]]"
Soozy & Munz,h2,2026-07-10,D(2) — Marinated chicken (Munz 200/Soozy 150),2,"[[""Chicken breast (boneless)"", 350], [""Onion"", 40]]"
Disha & Anirudh,h3,2026-07-10,B(2) — Anirudh: banana + 2 scoops whey; Disha: Skyr 100g + spring-onion paneer bhurji,2,"[[""Banana"", 1], [""Milky Mist skyr"", 1], [""Paneer"", 100], [""Spring onion"", 40], [""Onion"", 20], [""Tomato"", 30], [""Green chilli"", 5], [""Coriander (dhania)"", 5]]"
Disha & Anirudh,h3,2026-07-10,L(2) — Anirudh: 2 chicken sandwiches; Disha: honey lemon pepper chicken + sautéed veg + hung curd dip,2,"[[""Bread"", 120], [""Chicken"", 250], [""Lettuce"", 40], [""Jalapeno chilli"", 10], [""Lemon"", 10], [""Green capsicum"", 40], [""Carrot"", 50], [""Green beans"", 40], [""Yogurt"", 100]]"
Disha & Anirudh,h3,2026-07-10,"D(1) — Disha: Tomato rasam (spicy, less dal) & rice",1,"[[""Tomato"", 150], [""Curry leaves"", 10], [""Coriander (dhania)"", 5], [""Green chilli"", 5]]"
Shunyam & Ishan - latest,h1b,2026-07-10,"B(2) — Dosa, sambhar & coconut chutney",2,"[[""Dosa batter"", 200], [""Coconut chunks"", 30], [""Drumstick (pods)"", 1], [""Tomato"", 50], [""Onion"", 40], [""Curry leaves"", 5]]"
Shunyam & Ishan - latest,h1b,2026-07-10,L(2) — Street-style chicken hakka noodles,2,"[[""Multi millet noodles"", 150], [""Chicken"", 200], [""Cabbage"", 100], [""Carrot"", 60], [""Red capsicum"", 40], [""Spring onion"", 40], [""Onion"", 40], [""Garlic"", 10], [""Ginger"", 10]]"
Shunyam & Ishan - latest,h1b,2026-07-10,D(2) — Creamy broccoli pasta,2,"[[""Wheat pasta"", 150], [""Broccoli"", 200], [""Fresh cream (Amul)"", 50], [""Cow milk pouch (Akshayakalpa)"", 100], [""Garlic"", 10], [""Onion"", 30], [""Cheese (Amul)"", 30]]"
Shunyam & Ishan - latest,h1b,2026-07-11,B(2) — Egg bhurji (3 eggs) + 4 toast,2,"[[""Eggs"", 3], [""Onion"", 30], [""Tomato"", 40], [""Green chilli"", 5], [""Coriander (dhania)"", 5], [""Multigrain bread (Health Factory)"", 30]]"
Shunyam & Ishan - latest,h1b,2026-07-11,L(2) — Chicken biryani + mix-veg raita,2,"[[""Chicken"", 300], [""Onion"", 100], [""Tomato"", 80], [""Mint"", 10], [""Curd (Akshayakalpa)"", 150], [""Cucumber"", 40], [""Carrot"", 30], [""Ginger"", 10], [""Garlic"", 10], [""Green chilli"", 5], [""Coriander (dhania)"", 10]]"
Shunyam & Ishan - latest,h1b,2026-07-11,D(2) — Mushroom masala + 4 rotis + kachumber salad,2,"[[""Button mushroom"", 200], [""Onion"", 90], [""Tomato"", 120], [""Ginger"", 10], [""Garlic"", 10], [""Green chilli"", 5], [""Coriander (dhania)"", 10], [""Cucumber"", 60], [""Lemon"", 15]]"
Paxal & Sana,h7,2026-07-11,B(2) — Moong palak cheela + curry leaves chutney,2,"[[""Spinach/Palak"", 100], [""Onion"", 20], [""Green chilli"", 5], [""Curry leaves"", 10], [""Ginger"", 5], [""Coriander (dhania)"", 5]]"
Paxal & Sana,h7,2026-07-11,L(2) — Paneer herbed rice bowl,2,"[[""Paneer"", 200], [""Onion"", 30], [""Tomato"", 40], [""Red capsicum"", 10], [""Yellow capsicum"", 25], [""Lemon"", 10], [""Coriander (dhania)"", 10]]"
Kartik & Dhara,h4,2026-07-11,"B(3) — Bok choy-tomato omelette, sourdough, avocado, horsegram sundal, lemon-ginger drink, rambutan, sewaiyan kheer",3,"[[""Eggs"", 4], [""Bok choy"", 50], [""Tomato"", 60], [""Onion"", 20], [""Sourdough (olive & rosemary)"", 150], [""Avocado"", 1], [""Dry coconut"", 20], [""Lemon"", 20], [""Ginger"", 10], [""Coconut milk"", 100]]"
Rahul & Radhika,h5,2026-07-11,B(3) — Rahul poached eggs+avo+sourdough+mushroom-onion; Radhika similar+coffee; Skye oats+egg&fruit,3,"[[""Eggs (free-range brown)"", 6], [""Avocado"", 0.6], [""Sourdough bread (Brik Oven)"", 2], [""Button mushroom"", 100], [""Onion"", 60], [""Banana"", 1], [""Almond/Oat beverage (Alt Co)"", 100]]"
Rahul & Radhika,h5,2026-07-11,"L(3) — S.Indian veg & chicken stew (omit potato, add zucchini); Radhika rice-flour roti+carrot/cucumber; Skye beetroot stir fry",3,"[[""Chicken thigh (boneless)"", 300], [""Zucchini"", 100], [""Carrot"", 110], [""Onion"", 60], [""Coconut milk (unsweetened)"", 100], [""Curry leaves"", 5], [""Ginger"", 10], [""Garlic"", 15], [""Green beans"", 40], [""Cucumber"", 40], [""Beetroot"", 80], [""Banana"", 1]]"
Rahul & Radhika,h5,2026-07-11,D(3) — Lemon garlic salmon + greek yoghurt tzatziki + moroccan carrots; side cherry tomato & cucumber; Skye brown rice,3,"[[""Salmon (Atlantic fillet)"", 450], [""Lemon"", 30], [""Garlic"", 15], [""Curd (Sid's Farm)"", 100], [""Cucumber"", 100], [""Dill"", 10], [""Carrot"", 200], [""Cherry tomato"", 100]]"
Kartik & Dhara,h4,2026-07-10,B(1) — Parsuram: Savoury ragi porridge & grilled zucchini,1,"[[""Zucchini"", 100]]"
Kartik & Dhara,h4,2026-07-10,L(3) — Parsuram: Veg hakka noodles + gobi manchurian + nannari sharbat,3,"[[""Whole wheat atta noodles (yu)"", 200], [""Cauliflower"", 250], [""Cabbage"", 80], [""Carrot"", 80], [""Green capsicum"", 60], [""Spring onion"", 40], [""Onion"", 60], [""Garlic"", 15], [""Ginger"", 15]]"
Kartik & Dhara,h4,2026-07-12,"B(1) — Parsuram: Kerala-style prawns curry, rice, cabbage thoran & gondhoraj lemonade",1,"[[""Onion"", 40], [""Tomato"", 30], [""Green chilli"", 7], [""Dry coconut"", 10], [""Gondhoraj lemon"", 1]]"
Kartik & Dhara,h4,2026-07-12,"L(1) — Sprouted horsegram cutlets, jeera rice & cucumber raita",1,"[[""Potato"", 50], [""Onion"", 20], [""Cucumber"", 50], [""Curd/yogurt"", 50]]"
Kartik & Dhara,h4,2026-07-13,Grilled fish (mackerel) [L],1,"[[""Mackerel"", 180]]"
Kartik & Dhara,h4,2026-07-13,Lauki dalma [L],1,"[[""Bottle gourd"", 120]]"
Kartik & Dhara,h4,2026-07-13,Thecha [L],1,"[[""Green chilli"", 15], [""Garlic"", 5], [""Coriander hybrid"", 5]]"
Kartik & Dhara,h4,2026-07-13,Masala paneer bowl [D],1,"[[""Paneer"", 120], [""Onion"", 20], [""Tomato"", 40], [""Ginger"", 5], [""Garlic"", 5]]"
Kartik & Dhara,h4,2026-07-13,Quinoa bowl base [D],1,"[[""Quinoa"", 65]]"
Kartik & Dhara,h4,2026-07-13,Dry-roast/soak dal mix + rice [D],1,[]
Pratik & Sakshi,h8,2026-07-13,[B] Bagel; Boiled eggs; Greek yoghurt,2,[]
Pratik & Sakshi,h8,2026-07-13,"[L] Chaat masala salad (no tofu); Mixed veg pulao (more veg, less rice); Tofu curry; Snack: nut-seed ladoo + mandarin orange",2,[]
Pratik & Sakshi,h8,2026-07-13,[D] Moong dal/lauki chilla wraps (veg + low-fat paneer); Green chutney; Tomato soup,2,[]
Pratik & Sakshi,h8,2026-07-14,[B] Pesarattu dosa + 2 egg whites; Coconut chutney; Sattu chaas (greek yoghurt),2,[]
Pratik & Sakshi,h8,2026-07-14,[L] Carrot cabbage edamame palya; Gobbleright beet-quinoa wraps; Greek yoghurt dahi chutney spread; Snack: edamame + kiwi,2,[]
Pratik & Sakshi,h8,2026-07-14,[D] Spinach bajra parantha (little ghee); Baingan bharta; Low-fat paneer capsicum sabzi (+ leftover spring onion); Kachumbar salad,2,[]
Pratik & Sakshi,h8,2026-07-15,[B] Pesarattu dosa + 2 egg whites; Coconut chutney; Sattu chaas,2,[]
Pratik & Sakshi,h8,2026-07-15,[L] Coconut aminos tofu + broccoli; Brown rice (small); Mushroom clear soup; Snack: berries + sunflower seed + protein,2,[]
Pratik & Sakshi,h8,2026-07-15,[D] Tuvar (pigeon peas) lilva sabzi; Carrot greek yoghurt raita; Gobhi sabzi; Jowar-quinoa flour roti (GF),2,[]
Pratik & Sakshi,h8,2026-07-16,[B] Veg upma/poha; Whole egg + 2 egg whites mushroom/spinach omelet; Sattu chaas + greek yoghurt,2,[]
Pratik & Sakshi,h8,2026-07-16,[L] One-pot light masala quinoa & tofu; Beans ki sabji; Masala cucumber salad; Snack: roasted makhana + pumpkin seeds,2,[]
Pratik & Sakshi,h8,2026-07-16,[D] Veg bhaji with chickpea; Shredded low-fat paneer on bhaji; GF sourdough bread; Chopped cucumber & carrot with lime,2,[]
Pratik & Sakshi,h8,2026-07-17,[B] Oats + protein; High-protein milk + cinnamon; Chia seeds + elaichi banana,2,[]
Pratik & Sakshi,h8,2026-07-17,[L] Vegan chickpea & edamame curry; Cauliflower rice + little basmati (S only); Snack: protein + almond milk + nut-seed ladoo,2,[]
Pratik & Sakshi,h8,2026-07-17,[D] Gujarati dal (monk fruit not jaggery); Matta rice; Cabbage & beans sabzi; Low-fat paneer,2,[]
Pratik & Sakshi,h8,2026-07-18,[B] 1 medium dosa + 2 egg whites; Coconut + green chutney; Protein powder + greek yoghurt + berries,2,[]
Pratik & Sakshi,h8,2026-07-18,[L] Weight-loss rajma tikki chaat; Little greek yoghurt base; Spinach soup; Snack: apple + almonds + flax,2,[]
Pratik & Sakshi,h8,2026-07-18,"[D] Tofu fajitas (onion, capsicum, mushroom); Gobbleright quinoa-beet tortilla; Parsley sauce (little olive oil)",2,[]
Rahul & Radhika,h5,2026-07-13,[B] Omelets (Rahul+Radhika) + Skye oats/egg,3,"[[""Eggs (free-range brown)"", 9], [""Button mushroom"", 60], [""Spinach/Palak"", 80], [""Banana"", 1]]"
Rahul & Radhika,h5,2026-07-13,[L] Sprouts pulao + veg raita + zucchini sabzi (Radhika),1,"[[""Zucchini"", 120], [""Strawberry yogurt"", 80], [""Carrot"", 15]]"
Rahul & Radhika,h5,2026-07-13,[D] Chicken & quinoa power bowl + kale + cherry tomato,3,"[[""Chicken thigh (boneless)"", 300], [""Coriander (dhania)"", 5]]"
Rahul & Radhika,h5,2026-07-14,[B] Egg bhurji (Rahul) + skyr-oats (Radhika) + Skye oats/egg,3,"[[""Eggs (free-range brown)"", 3], [""Green capsicum"", 40], [""Milky Mist Skyr"", 1], [""Mixed berries (Nutty Gritties)"", 0.2], [""Banana"", 1]]"
Rahul & Radhika,h5,2026-07-14,[L] Carrot-cabbage-edamame palya + gobbleright wrap + dahi chutney (Radhika),1,"[[""Carrot"", 60], [""Cabbage"", 80], [""GobbleRight beetroot & quinoa wrap"", 1], [""Strawberry yogurt"", 50]]"
Rahul & Radhika,h5,2026-07-14,[D] Oil-free fish curry + beetroot-greenbean sabzi + Skye carrots,3,"[[""Salmon (Atlantic fillet)"", 250], [""Beetroot"", 150], [""Carrot"", 40], [""Coriander (dhania)"", 5]]"
Kartik & Dhara,h4,2026-07-14,[B] High-protein pongal + carrot-peas poriyal,1,"[[""Ginger"", 5], [""Carrot"", 50], [""Frozen peas"", 0.1], [""Dry coconut"", 15]]"
Kartik & Dhara,h4,2026-07-14,[L] Tempeh pulao + cucumber-mint raita,1,"[[""Tempeh"", 120], [""Onion"", 30], [""Carrot"", 30], [""Mint"", 10], [""Ginger"", 5], [""Garlic"", 5], [""Cucumber"", 80], [""Curd/yogurt"", 80]]"
Kartik & Dhara,h4,2026-07-14,[D] KILRR prawn tacos + baby corn fry,1,"[[""Prawns (large)"", 150], [""Onion"", 30], [""Tomato"", 30], [""Lemon"", 10], [""Coriander hybrid"", 5], [""Baby corn"", 100], [""Garlic"", 5]]"
Pratik & Sakshi,h8,2026-07-14,[D] Spinach bajra parantha + baingan bharta + paneer capsicum + kachumbar,2,"[[""Brinjal"", 240], [""Onion"", 110], [""Tomato"", 100], [""Paneer"", 150], [""Green capsicum"", 100], [""Cucumber"", 60], [""Spinach/Palak"", 80], [""Garlic"", 10], [""Lemon"", 0.2]]"
Soozy & Munz,h2,2026-07-14,[B] Munz oatmeal+eggs / Soozy boiled eggs (13 eggs total),2,"[[""Eggs"", 13]]"
Soozy & Munz,h2,2026-07-14,[L] 2x chipotle burrito bowl,2,"[[""Rajma"", 160], [""Romaine lettuce"", 50], [""Avocado"", 1], [""Onion"", 60], [""Tomato"", 80], [""Green capsicum"", 60], [""Greek yogurt (Akshayakalpa plain)"", 60], [""Coriander (dhania)"", 10]]"
Soozy & Munz,h2,2026-07-14,[D] Marinated chicken (Munz 200g + Soozy 150g),2,"[[""Chicken breast (boneless)"", 350], [""Greek yogurt (Akshayakalpa plain)"", 50], [""Garlic paste (Mothers Recipe)"", 10]]"
Shunyam & Ishan - latest,h1b,2026-07-14,[D] Mushroom zucchini stir fry + 4 rotis (soak green moong + rajma for Wed),2,"[[""Zucchini"", 400], [""Garlic"", 10], [""Green chilli"", 5]]"
Paxal & Sana,h7,2026-07-13,[B] Dhokla + coriander-mint chutney,2,"[[""Coriander (dhania)"", 10], [""Mint"", 5], [""Green chilli"", 5], [""Ginger"", 5]]"
Paxal & Sana,h7,2026-07-13,[L] Achari paneer + rotis + cut cucumber + moong sprouts,2,"[[""Paneer"", 200], [""Cucumber"", 100], [""Onion"", 40], [""Tomato"", 30], [""Ginger"", 5]]"
Paxal & Sana,h7,2026-07-13,[Snack-Paxal] Hara bhara kebab + chutney,1,"[[""Spinach/Palak"", 50], [""Coriander (dhania)"", 5], [""Mint"", 5]]"
Paxal & Sana,h7,2026-07-14,[B] Paneer paratha + curd,2,"[[""Paneer"", 200], [""Curd"", 100]]"
Paxal & Sana,h7,2026-07-14,[L] Cabbage manchurian + fried rice + cut carrots + sprouts,2,"[[""Cabbage"", 300], [""Carrot"", 100], [""Onion"", 40], [""Green capsicum"", 50], [""Spring onion"", 20], [""Garlic"", 5]]"
Paxal & Sana,h7,2026-07-14,[Snack-Paxal] Corn chaat,1,"[[""Sweet corn"", 100], [""Onion"", 20], [""Tomato"", 30], [""Lemon"", 10]]"
Paxal & Sana,h7,2026-07-14,[D-Sana] Palak soup + grilled tofu,1,"[[""Spinach/Palak"", 150], [""Tofu"", 150], [""Onion"", 20], [""Garlic"", 10]]"
Kartik & Dhara,h4,2026-07-15,[B-Parshuram] Sattu methi paratha + mint chutney + curd,1,"[[""Methi (fenugreek)"", 30], [""Mint"", 15], [""Green chilli"", 5], [""Coriander hybrid"", 10], [""Garlic"", 5], [""Curd/yogurt"", 70]]"
Kartik & Dhara,h4,2026-07-15,[L-Ahalya] Rajma masala + rice + tomato poda + cut onion/chilli + variyali sharbat,1,"[[""Rajma"", 200], [""Onion"", 120], [""Tomato"", 80], [""Green tomato"", 100], [""Garlic"", 15], [""Ginger"", 10], [""Green chilli"", 15], [""Coriander hybrid"", 5]]"
Kartik & Dhara,h4,2026-07-15,[D-Parshuram] Grilled prawns (half) + stir-fried babycorn & carrots,1,"[[""Prawns (large)"", 175], [""Baby corn"", 80], [""Carrot"", 80], [""Garlic"", 10], [""Ginger"", 5]]"
Paxal & Sana,h7,2026-07-15,[B] Besan vegetable chilla + tomato chutney,2,"[[""Onion"", 40], [""Tomato"", 90], [""Carrot"", 30], [""Green chilli"", 10], [""Coriander (dhania)"", 10], [""Garlic"", 5]]"
Paxal & Sana,h7,2026-07-15,[L] Chana masala + ajwain paratha + tomato-cucumber raita + green moong sprouts,2,"[[""Onion"", 80], [""Tomato"", 130], [""Garlic"", 10], [""Ginger"", 10], [""Green chilli"", 5], [""Coriander (dhania)"", 15], [""Cucumber"", 80], [""Curd"", 100], [""Sprouts (green moong)"", 50]]"
Paxal & Sana,h7,2026-07-15,[Snack-Paxal] Sweet potato dahi chaat,1,"[[""Sweet potato"", 100], [""Curd"", 80], [""Onion"", 20], [""Coriander (dhania)"", 5]]"
Paxal & Sana,h7,2026-07-15,[D-Sana] Peri-peri paneer green wrap,1,"[[""Paneer"", 120], [""Onion"", 20], [""Green capsicum"", 30], [""Lettuce"", 30]]"
Disha & Anirudh,h3,2026-07-14,[B] Anirudh banana+whey / Disha skyr + cabbage-spring onion-egg bhurji,2,"[[""Banana"", 1], [""Protein powder"", 60], [""Milky Mist skyr"", 1], [""Cabbage"", 50], [""Spring onion"", 20], [""Eggs"", 2]]"
Disha & Anirudh,h3,2026-07-14,[L] Anirudh 2 chicken sandwiches / Disha palak chicken + rotis + kachumbar + hung curd,2,"[[""Chicken"", 300], [""Cheese slices"", 0.2], [""Spinach/Palak"", 150], [""Cucumber"", 50], [""Onion"", 30], [""Tomato"", 50], [""Lemon"", 10], [""Yogurt"", 100]]"
Disha & Anirudh,h3,2026-07-14,[D-Disha] Protein powder + psyllium in milk with apple & kiwi,1,"[[""Protein powder"", 30], [""Psyllium husk"", 5], [""Lactose-free milk"", 0.4], [""Apple"", 1], [""Kiwi"", 1]]"
Disha & Anirudh,h3,2026-07-15,[B] Anirudh banana+whey / Disha skyr + masala omelette,2,"[[""Banana"", 1], [""Protein powder"", 60], [""Milky Mist skyr"", 1], [""Eggs"", 3], [""Onion"", 20], [""Tomato"", 30], [""Green chilli"", 5]]"
Disha & Anirudh,h3,2026-07-15,[L] Anirudh TBD / Disha chicken majestic + veggie salad,2,"[[""Chicken"", 200], [""Onion"", 30], [""Green capsicum"", 50], [""Spring onion"", 15], [""Garlic"", 10], [""Ginger"", 10], [""Romaine lettuce"", 50], [""Cucumber"", 50], [""Tomato"", 50]]"
Disha & Anirudh,h3,2026-07-15,[D-Disha] Protein powder + psyllium in milk with plum & blueberries,1,"[[""Protein powder"", 30], [""Psyllium husk"", 5], [""Lactose-free milk"", 0.4], [""Plum"", 1], [""Blueberry"", 40]]"
Pratik & Sakshi,h8,2026-07-16,"[D] Veg bhaji + chickpea, shredded low-fat paneer, GF sourdough, chopped cucumber+carrot+lime",2,"[[""Potato"", 150], [""Onion"", 40], [""Tomato"", 40], [""Green capsicum"", 40], [""Carrot"", 110], [""Chole"", 80], [""Ginger"", 10], [""Garlic"", 10], [""Green chilli"", 5], [""Butter"", 20], [""Coriander (dhania)"", 5], [""Paneer"", 50], [""Green cucumber"", 100], [""Lemon"", 10]]"
Kartik & Dhara,h4,2026-07-16,"[L-Ahalya] Bisibelle baath (rice + readymade paste only), grilled sardines, badi phula, aloo methi",1,"[[""Sardines"", 200], [""Potato"", 100], [""Methi (fenugreek)"", 50], [""Onion"", 40], [""Garlic"", 10], [""Green chilli"", 5], [""Curry leaves"", 3]]"
Kartik & Dhara,h4,2026-07-16,"[D] soak only (white peas, urad dal, rice, chickpeas) - no dish cooked",1,[]
Shunyam & Ishan - latest,h1b,2026-07-16,[B] Cheese carrot omelet,2,"[[""Eggs"", 4], [""Cheese"", 30], [""Carrot"", 40], [""Onion"", 30], [""Green chilli"", 5]]"
Shunyam & Ishan - latest,h1b,2026-07-16,[L] Honey garlic grilled chicken + sautéed zucchini & broccoli + curry leaves rice,2,"[[""Chicken"", 300], [""Garlic"", 20], [""Curry leaves"", 5], [""Ginger"", 15]]"
Shunyam & Ishan - latest,h1b,2026-07-16,[D] Dahi bhindi masala + 4 rotis + cut cucumber (soak chole),2,"[[""Bhindi (okra)"", 250], [""Curd"", 150], [""Onion"", 40], [""Tomato"", 40], [""Cucumber"", 100]]"
Shunyam & Ishan - latest,h1b,2026-07-17,[B] Methi missi parantha + curd + green chutney,2,"[[""Curd"", 100], [""Coriander"", 20], [""Mint"", 10], [""Green chilli"", 5]]"
Shunyam & Ishan - latest,h1b,2026-07-17,[L] Chole masala + 4 rotis + carrot salad,2,"[[""Onion"", 50], [""Tomato"", 60], [""Garlic"", 20], [""Carrot"", 80]]"
Shunyam & Ishan - latest,h1b,2026-07-17,[D] Paneer mushroom capsicum masala gravy + 4 chapatis,2,"[[""Paneer"", 200], [""Button mushroom"", 100], [""Green capsicum"", 100]]"
Soozy & Munz,h2,2026-07-16,[B] Munz: 5 almonds + oatmeal (30g) + 2 eggs + 5 whites / Soozy: 1 egg + 5 whites (boiled),2,"[[""Almonds"", 5], [""Oats"", 60], [""Eggs"", 13]]"
Soozy & Munz,h2,2026-07-16,[L] Munz: tandoori chicken salad + cabbage-yogurt coleslaw + rice / Soozy: tandoori chicken salad + rice,2,"[[""Chicken breast"", 350], [""Cabbage"", 100], [""Yogurt"", 50], [""Cucumber"", 80], [""Tomato"", 60], [""Lemon"", 20]]"
Soozy & Munz,h2,2026-07-16,[D] Munz: marinated chicken 200g / Soozy: 150g + veg salad,2,"[[""Chicken breast"", 350]]"
Soozy & Munz,h2,2026-07-17,[B] Munz: 5 almonds + oatmeal (30g) + 2 eggs + 5 whites / Soozy: 1 egg + 5 whites (boiled),2,"[[""Almonds"", 5], [""Oats"", 60], [""Eggs"", 13]]"
Soozy & Munz,h2,2026-07-17,[L] Chicken caesar salad + yoghurt dill dip + rice (both),2,"[[""Chicken breast"", 350], [""Romaine lettuce"", 80], [""Yogurt"", 50], [""Lemon"", 20]]"
Soozy & Munz,h2,2026-07-17,[D] Munz: marinated chicken 200g / Soozy: 150g + veg salad,2,"[[""Chicken breast"", 350]]"
Disha & Anirudh,h3,2026-07-16,[B] Anirudh: banana + whey / Disha: skyr + mint egg fry,2,"[[""Banana"", 1], [""Protein powder"", 60], [""Milky Mist skyr"", 1], [""Mint"", 10], [""Eggs"", 3]]"
Disha & Anirudh,h3,2026-07-16,[L] Anirudh: creamy garlic chicken mushroom spinach pasta x2 / Disha: chimichurri chicken + coleslaw,2,"[[""Chicken breast"", 400], [""Button mushroom"", 100], [""Spinach/Palak"", 100], [""Garlic"", 20], [""Amul fresh cream"", 0.5], [""Cabbage"", 100], [""Carrot"", 50]]"
Disha & Anirudh,h3,2026-07-16,[D-Disha] Protein powder + psyllium in milk with blueberries & kiwi,1,"[[""Protein powder"", 30], [""Psyllium husk"", 5], [""Lactose-free milk"", 0.4], [""Blueberry"", 40], [""Kiwi"", 1]]"
Disha & Anirudh,h3,2026-07-17,[B] Anirudh: banana + whey / Disha: skyr + spinach pancakes with honey & bananas,2,"[[""Banana"", 2], [""Protein powder"", 60], [""Milky Mist skyr"", 1], [""Spinach/Palak"", 100], [""Eggs"", 2]]"
Disha & Anirudh,h3,2026-07-17,[L] Anirudh: pasta from yesterday / Disha: chicken lettuce wraps + sweet corn salad,2,"[[""Chicken breast"", 150], [""Romaine lettuce"", 50], [""Sweet corn"", 150], [""Cucumber"", 50], [""Tomato"", 30]]"
Disha & Anirudh,h3,2026-07-17,[D-Disha] Protein powder + psyllium in milk with pear & cherries,1,"[[""Protein powder"", 30], [""Psyllium husk"", 5], [""Lactose-free milk"", 0.4], [""Pear"", 2], [""Cherries"", 100]]"
Kartik & Dhara,h4,2026-07-17,[B-Parsuram] Ghugni & chakuli pitha,1,"[[""Onion"", 40], [""Tomato"", 40], [""Ginger"", 10], [""Garlic"", 10], [""Green chilli"", 5]]"
Kartik & Dhara,h4,2026-07-17,[L-Ahalya] Thai red curry (homemade coconut milk) + rice + mint-lemon sharbat,1,"[[""Onion"", 60], [""Tomato"", 60], [""Ginger"", 15], [""Garlic"", 15], [""Green chilli"", 8], [""Mint"", 10], [""Lemon"", 20]]"
Kartik & Dhara,h4,2026-07-17,[D-Trial Cook] Chicken momos + garlic stir-fried carrot & lettuce,1,"[[""Minced chicken"", 150], [""Cabbage"", 100], [""Carrot"", 80], [""Lettuce"", 50]]"
Paxal & Sana,h7,2026-07-16,[B] Bombay sandwich (soak kala chana),2,"[[""Bread"", 80], [""Potato"", 150], [""Onion"", 60], [""Tomato"", 60], [""Cucumber"", 100], [""Coriander"", 20], [""Mint"", 10]]"
Paxal & Sana,h7,2026-07-16,[L] Rotis + cabbage subzi + cucumber + green moong sprouts; snack: roasted makhana,2,"[[""Cabbage"", 150], [""Moong sprouts"", 100], [""Green capsicum"", 60], [""Garlic"", 15]]"
Paxal & Sana,h7,2026-07-16,[D] Red sauce pasta,2,"[[""Tomato"", 200], [""Onion"", 40], [""Garlic"", 15]]"
Paxal & Sana,h7,2026-07-17,[B] Sweet potato tikki,2,"[[""Sweet potato"", 300]]"
Paxal & Sana,h7,2026-07-17,[L] Paneer stuffed capsicum + roti + cut cucumber + green moong sprouts; snack: coleslaw with curd,2,"[[""Paneer"", 200], [""Green capsicum"", 250], [""Cucumber"", 100], [""Moong sprouts"", 100], [""Cabbage"", 100], [""Curd"", 80], [""Carrot"", 60]]"
Paxal & Sana,h7,2026-07-17,[D] Khichdi kadhi; Sana: grilled masala tofu,2,"[[""Tofu"", 150]]"
Shunyam & Ishan - latest,h1b,2026-07-18,[B] French toast with fruit,2,"[[""Bread"", 120], [""Eggs"", 4], [""Cow milk (Akshayakalpa)"", 0.3], [""Cinnamon"", 2], [""Yellaki banana"", 150], [""Butter (Amul)"", 20]]"
Shunyam & Ishan - latest,h1b,2026-07-18,"[L] Paprika peri-peri chicken, rice & cucumber-broccoli slaw",2,"[[""Chicken breast"", 300], [""Cucumber"", 100], [""Broccoli"", 150], [""Basmati rice"", 150], [""Veg mayonnaise"", 30]]"
Shunyam & Ishan - latest,h1b,2026-07-18,[D] Starters: Watermelon feta salad + masala baby potatoes | Main: Dum aloo biryani + cucumber raita | Dessert: Seviyan kheer | Bev: mango-coconut kombucha (4 pax),4,"[[""Watermelon"", 1000], [""Feta cheese (Delecta)"", 150], [""Mint"", 20], [""Baby potato"", 250], [""Onion"", 200], [""Coriander"", 30], [""Basmati rice"", 400], [""Tomato"", 150], [""Set curd (Akshayakalpa)"", 250], [""Cucumber"", 150], [""Ginger garlic paste"", 20], [""Green chilli"", 15], [""Garlic"", 15], [""Vermicelli"", 150], [""Cow milk (Akshayakalpa)"", 1], [""Sugar"", 60], [""Cashews"", 30]]"
Disha & Anirudh,h3,2026-07-18,[B] Anirudh: 1 banana & 2 scoops whey protein (~422 kcal) | Disha: Skyr 100g & avocado omelette (~350-450 kcal),2,[]
Disha & Anirudh,h3,2026-07-18,"[L] Anirudh: 2 chicken sandwiches (~450 kcal) | Disha: Thai green curry, rice & cucumber salad",2,[]
Disha & Anirudh,h3,2026-07-18,[D] Disha: Protein powder with psyllium husk in milk with cherries & kiwi (~375 kcal),1,[]
Shunyam & Ishan,h1b,2026-07-20,[B] Scrambled eggs with toast,2,"[[""Eggs"", 3], [""Bread"", 4], [""Butter (Amul)"", 15]]"
Shunyam & Ishan,h1b,2026-07-20,[L] Roasted chicken breast + dal tadka (toor absent → moong),2,"[[""Chicken breast (boneless)"", 400], [""Moong dal"", 100], [""Onion"", 30], [""Tomato"", 40], [""Ginger garlic paste"", 10]]"
Shunyam & Ishan,h1b,2026-07-20,"[D] Mixed veg kurma (beans/broccoli/carrot/peas) + 4 methi-rotis + cucumber raita (soak rajma, overnight oats)",2,"[[""Beans (French)"", 90], [""Broccoli"", 120], [""Carrot"", 70], [""Frozen green peas (Safal)"", 60], [""Onion"", 50], [""Tomato"", 60], [""Cashews"", 30], [""Ginger garlic paste"", 10], [""Multigrain atta"", 120], [""Kasuri methi"", 5], [""Cucumber"", 100], [""Set curd (Akshayakalpa)"", 100]]"
Shunyam & Ishan,h1b,2026-07-21,[B] Poha with peanuts & cut fruit,2,"[[""Poha"", 120], [""Peanuts"", 30], [""Yellaki banana"", 100], [""Onion"", 30], [""Curry leaves"", 5], [""Lemon"", 10]]"
Shunyam & Ishan,h1b,2026-07-21,[L] Kadhai paneer + jeera rice + kachumber salad,2,"[[""Paneer"", 200], [""Onion"", 60], [""Tomato"", 80], [""Green capsicum"", 60], [""Ginger garlic paste"", 15], [""Basmati rice"", 150], [""Jeera"", 5], [""Cucumber"", 100], [""Lemon"", 10]]"
Shunyam & Ishan,h1b,2026-07-21,"[D] Baingan bharta + 4 rotis + tomato raita (marinate chicken, soak overnight oats)",2,"[[""Brinjal"", 400], [""Onion"", 60], [""Tomato"", 140], [""Garlic"", 15], [""Multigrain atta"", 150], [""Curd (Akshayakalpa)"", 150], [""Ginger garlic paste"", 10]]"
Soozy & Munz,h2,2026-07-21,[B] Munz: 5 almonds + oatmeal (30g) + 2 eggs + 5 whites / Soozy: 1 egg + 5 whites (boiled) [eggs SHORT: 3 of ~13],2,"[[""Almonds"", 5], [""Rolled oats"", 30], [""Eggs"", 3], [""Whey protein"", 30], [""Milk"", 150]]"
Soozy & Munz,h2,2026-07-21,[L] Creamy garlic yogurt chicken salad + herb rice (both),2,"[[""Chicken breast (Licious)"", 350], [""Garlic"", 20], [""Curd/Yogurt"", ""used; pots kept 5 end/Tue""], [""Coriander (dhania)"", 20], [""Lemon"", 30], [""Cherry tomato"", 80], [""Onion"", 150], [""Iceberg lettuce"", 50], [""Sona masoori rice"", 200], [""Cucumber"", ""ABSENT""]]"
Soozy & Munz,h2,2026-07-21,[D] Munz: grilled chicken 200g / Soozy: 150g + mexican salad + citrus tahini,2,"[[""Chicken breast (Licious)"", 350], [""Broccoli"", 150], [""Cabbage"", 100], [""Cherry tomato"", 80], [""Iceberg lettuce"", 50], [""Green capsicum"", 150], [""Rajma"", 80], [""Sweet corn"", 100], [""White tahini paste"", 30], [""Jalapeno"", ""nominal""]]"
Disha & Anirudh,h3,2026-07-21,[B] Anirudh: 1 banana & 2 scoops whey / Disha: Skyr 100g & masala omelette [banana 0 - not ordered],2,"[[""Protein powder"", 60], [""Banana"", 0], [""Milky Mist skyr"", 0.5], [""Eggs"", 2], [""Onion"", 30], [""Tomato"", 30], [""Green chilli"", 5], [""Coriander (dhania)"", 5]]"
Disha & Anirudh,h3,2026-07-21,"[L] Anirudh: creamy garlic chicken, mushroom & spinach pasta [PASTA absent] / Disha: chicken kathi roll + hung curd dip",2,"[[""Chicken breast"", 270], [""Cremini mushroom"", 100], [""Baby spinach (hydroponic)"", 80], [""Garlic"", 10], [""Amul fresh cream"", 0.3], [""Onion"", 60], [""Green capsicum"", 50], [""Yogurt"", 50], [""Tomato"", 30], [""Khapli atta (Organic farms)"", 80]]"
Disha & Anirudh,h3,2026-07-21,[D-Disha] Protein powder + psyllium husk in milk with apple & orange,1,"[[""Protein powder"", 30], [""Psyllium husk"", 5], [""Lactose-free milk"", 0.4], [""Apple"", 1], [""Orange"", 130]]"
Kartik & Dhara,h4,2026-07-21,[B-Parsuram] Boil potato & bhindi,1,"[[""Potato"", 150], [""Lady's finger (okra)"", 100]]"
Kartik & Dhara,h4,2026-07-21,[L-Ahalya] Chole masala gravy + green tomato choka + hummus (chole & hummus absent),1,"[[""Green tomato"", 100], [""Onion"", 40], [""Tomato"", 40], [""Ginger"", 10], [""Garlic"", 10], [""Green chilli"", 5]]"
Kartik & Dhara,h4,2026-07-21,[D-Parsuram] Low spiced odia sardine curry (soak chana dal),1,"[[""Sardines"", 200], [""Onion"", 40], [""Tomato"", 40], [""Garlic"", 10], [""Ginger"", 10], [""Green chilli"", 5]]"
Rahul & Radhika,h5,2026-07-21,"[B] Radhika: oats+skyr+chia+flax+almond milk+cinnamon+berries+pumpkin seeds / Skye: overnight oats (chia/oatmilk/banana/nuts) + egg & fruit [chia,flax,pumpkin seeds,nuts absent]",2,"[[""Rolled oats (Quaker high-protein)"", 65], [""Milky Mist Skyr"", 1], [""Almond drink (Alt Co)"", 60], [""Cinnamon (Organic Tattva)"", 2], [""Blueberry (imported)"", 40], [""Oat drink (Alt Co)"", 100], [""Banana (Yellaki)"", 50], [""Eggs (free-range brown)"", 1], [""Apple (Royal Gala)"", 1]]"
Rahul & Radhika,h5,2026-07-21,[L-Radhika] Omelette in gobbleright almond wrap + cut carrots & cucumber / Snack: fruit + brazil nut [almond wrap & brazil nut absent],1,"[[""Eggs (free-range brown)"", 2], [""Carrot"", 50], [""Cucumber"", 50], [""Kiwi"", 1]]"
Rahul & Radhika,h5,2026-07-21,[D] Oil-free fish fry (banana leaf) + greek yoghurt chutney + asparagus masala + quinoa + cherry tomatoes + carrots (soak chana & moong) [FISH absent; soda/juice/spearmint absent],2,"[[""Banana leaf"", 2], [""Epigamia Greek yogurt (natural)"", 1], [""Asparagus"", 100], [""Quinoa (Organeekz organic)"", 100], [""Cherry tomato"", 100], [""Carrot"", 80]]"
Paxal & Sana,h7,2026-07-21,[B] Vegetable & cheese whole wheat sandwich (bread & cheese absent),2,"[[""Cucumber"", 50], [""Tomato"", 30], [""Onion"", 20], [""Bread"", 120], [""Cheddar cheese block"", 40]]"
Paxal & Sana,h7,2026-07-21,[L] Paneer bhurji + rotis + kachumbar + green moong sprouts; Paxal snack: coriander lime corn (sprouts/capsicum/lime absent; atta verify),2,"[[""Paneer"", 200], [""Onion"", 50], [""Tomato"", 40], [""Coriander (dhania)"", 15], [""Cucumber"", 50], [""Sweet corn"", 80], [""Lemon"", 10], [""Green moong sprouts"", ""ABSENT""], [""Atta/roti"", ""VERIFY""]]"
Paxal & Sana,h7,2026-07-21,[D] Paneer tikka wrap (paneer used at lunch → 0; capsicum absent; wrap/atta verify),2,"[[""Paneer"", 200], [""Green capsicum"", 100], [""Curd"", 100], [""Onion"", 30], [""Garam masala"", 5], [""Wrap/atta"", ""VERIFY""]]"
Pratik & Sakshi,h8,2026-07-21,[B] 1 slice sourdough + 1 whole egg & 3 whites omelette + 1 scoop protein in water + coconut water + ¼ cup berries [sourdough/coconut water/berries absent],1,"[[""Eggs"", 4], [""Protein powder"", 35]]"
Pratik & Sakshi,h8,2026-07-21,"[L] Black chana, sweet potato & beetroot salad + greek yoghurt dressing + sourdough toast (Sakshi) + spinach soup; snack: edamame & kiwi [kala chana/greek yoghurt/sourdough absent; spinach short]",2,"[[""Sweet potato"", 200], [""Beetroot"", 150], [""Spinach/Palak"", 200], [""Garlic"", 25], [""Butter"", 15], [""Milk"", 150], [""Lemon"", 30], [""Edamame (frozen)"", 80], [""Kiwi"", 100], [""Mint"", 20], [""Jeera (cumin)"", 6], [""Chaat masala"", 6]]"
Pratik & Sakshi,h8,2026-07-21,[D] Parwal & mushroom sabzi + palak low-fat paneer + kachumbar + gobbleright quinoa-beetroot roti (soak moong) [parwal/garam masala absent; palak short],2,"[[""Button mushroom"", 200], [""Onion"", 300], [""Tomato"", 150], [""Ginger"", 25], [""Garlic"", 25], [""Green chilli"", 30], [""Homemade paneer"", 200], [""Cashews"", 20], [""Cucumber"", 100], [""Coriander (dhania)"", 20], [""Curry leaves"", 5], [""Turmeric powder"", 5], [""Mustard (yellow)"", 5], [""Coriander powder (Double Parrot)"", 8], [""Gobbleright quinoa beetroot"", 0.33]]"
Soozy & Munz,h2,2026-07-20,[B] Munz+Soozy breakfast [Eggs 10],2,"[[""Eggs"", 10], [""Almonds"", 5], [""Rolled oats"", 30], [""Whey protein"", 30], [""Milk"", 150], [""Yoga Bar muesli"", ""pack""]]"
Soozy & Munz,h2,2026-07-20,[L] Mediterranean shrimp salad + rice(100g) + hummus / quinoa(200g),2,"[[""Prawns (FreshToHome)"", 250], [""Sona masoori rice"", 100], [""Quinoa"", 200], [""Hummus (NOICE Lebanese)"", 60], [""Cherry tomato"", 100], [""Green capsicum"", 150], [""Onion"", 150], [""Mint"", 20], [""Lemon"", 30], [""Garlic"", 20], [""Cucumber"", ""ABSENT""], [""Feta"", ""ABSENT""]]"
Soozy & Munz,h2,2026-07-20,[D] grilled chicken + air-fried veg salad + caesar (Soak Rajma),2,"[[""Chicken breast (Licious)"", 350], [""Broccoli"", 150], [""Cabbage"", 100], [""Cherry tomato"", 80], [""Iceberg lettuce"", 50], [""Green capsicum"", 150], [""Jalapeno"", ""nominal""], [""Caesar dressing"", ""ABSENT""]]"
Disha & Anirudh,h3,2026-07-21,"[B] Anirudh: 1 banana + 2 scoops whey (~422) / Disha: Skyr 100g + masala omelette (~250) [PRE-COUNT, not deducted]",2,"[[""Banana"", 1, ""pre-count""], [""Whey concentrate"", 60, ""pre-count""], [""Eggs"", 3, ""pre-count""], [""Onion"", 20, ""pre-count""]]"
Disha & Anirudh,h3,2026-07-21,"[L] Anirudh: creamy garlic chicken, mushroom & spinach pasta (~600) / Disha: chicken kathi roll + hung curd dip (~460) [PRE-COUNT, not deducted]",2,"[[""Chicken"", 300, ""pre-count""], [""Pasta"", 120, ""pre-count""], [""Hung curd"", 80, ""pre-count""], [""Onion"", 60, ""pre-count""]]"
Disha & Anirudh,h3,2026-07-21,[D] Disha: protein powder + psyllium husk in milk + apple & orange (~375),1,"[[""Protein powder (A)"", 30], [""Psyllium husk"", 8], [""Lactose-free Amul milk"", ""~200ml""], [""Apple"", 1], [""Orange"", 1]]"
Pratik & Sakshi,h8,2026-07-21,[D] Parwal & mushroom sabzi / palak low-fat paneer / kachumbar / Gobbleright quinoa-beetroot roti (soak moong dal),2,"[[""Homemade paneer"", 200], [""Spinach/Palak"", ""ABSENT""], [""Button mushroom"", ""ABSENT""], [""Onion"", 150], [""Tomato"", 150], [""Cucumber"", 100], [""Lemon"", 15], [""Coriander"", 15], [""Gobbleright quinoa beetroot"", ""2 wraps""]]"
Pratik & Sakshi,h8,2026-07-22,[B] Cabbage cheese sandwich (1 pax),1,"[[""Cabbage"", 100], [""Cheese"", ""ABSENT""], [""Zero maida bread"", ""2 slices""], [""Butter"", 10]]"
Pratik & Sakshi,h8,2026-07-22,[L] Edamame madras curry / garam-masala baked cauliflower w/ olives / jowar-quinoa roti / cucumber salad masala / snack berries+sunflower+protein,2,"[[""Edamame (frozen)"", 160], [""Onion"", 150], [""Tomato"", 150], [""Coconut milk"", 200], [""Cauliflower"", 400], [""Jowar flour"", 60], [""Quinoa (open)"", 30], [""Cucumber (pool)"", 150], [""Chaat masala"", 6], [""Berries"", 90], [""Sunflower seeds"", 15], [""Protein powder"", 15], [""Garam masala"", ""ABSENT""]]"
Pratik & Sakshi,h8,2026-07-22,[D] One-pot palak dal khichdi / greek-yoghurt green raita / green beans sabzi (soak rajma),2,"[[""Spinach/Palak"", ""ABSENT""], [""Moong dal"", 180], [""Basmati rice"", 80], [""Onion"", 100], [""Tomato"", 100], [""Homemade curd"", 150], [""Cucumber"", 50], [""Beans"", ""ABSENT""], [""Dry coconut"", 30], [""Garam masala"", ""ABSENT""]]"
Kartik & Dhara,h4,2026-07-22,[B] Parsuram: avocado mash & scrambled eggs (1 pax),1,"[[""Avocado"", ""ABSENT""], [""Eggs"", 3], [""Butter"", 10], [""Coriander"", 5]]"
Kartik & Dhara,h4,2026-07-22,[L] Ahalya: chana dal + lauki kofta + ginger-ajwain khichdi + sattu drink (1 pax),1,"[[""Chana dal"", 60], [""Bottle gourd"", 150], [""Besan"", ""ABSENT""], [""Onion"", 80], [""Ginger"", 15], [""Garlic"", 10], [""Green chilli"", 10], [""Rice"", 60], [""Green moong"", 50], [""Groundnut oil"", 10], [""Sattu"", ""ABSENT""], [""Lemon"", ""ABSENT""], [""Turmeric/ajwain"", ""VERIFY""]]"
Kartik & Dhara,h4,2026-07-22,[D] Parsuram: grilled mackerel + santula mixed veg (less spice/more liquid) (1 pax),1,"[[""Mackerel"", 200], [""Brinjal"", 80], [""Lady's finger"", 50], [""Amaranth leaves"", 60], [""Carrot"", 40], [""Tomato"", 60], [""Potato"", ""ABSENT""], [""Onion"", 40], [""Garlic"", 10], [""Mustard seeds"", 3], [""Mustard oil"", 10], [""Panch phoron/turmeric"", ""VERIFY""]]"
Paxal & Sana,h7,2026-07-22,[B] Cabbage pancakes + mint-coriander chutney,2,"[[""Cabbage"", 150], [""Onion"", 50], [""Green chilli"", 10], [""Ginger"", 10], [""Coriander"", 15], [""Mint"", 20], [""Lemon"", 15], [""Ghee"", 15], [""Besan"", ""VERIFY""]]"
Paxal & Sana,h7,2026-07-22,[L] Panchmel dal + veg jalfrezi + rotis + cucumber-tomato salad + green moong sprouts; snack peanut masala,2,"[[""Green capsicum"", 100], [""Onion"", 110], [""Tomato"", 100], [""Carrot"", 60], [""Cabbage"", 50], [""Cucumber"", 100], [""Lemon"", 25], [""Coriander"", 15], [""Green chilli"", 15], [""Ginger"", 10], [""Garlic"", 10], [""Panchmel dal"", ""VERIFY""], [""Green moong sprouts"", ""ABSENT""], [""Peanuts"", ""VERIFY""], [""Atta"", ""VERIFY""]]"
Paxal & Sana,h7,2026-07-22,[D] Green moong sprouts curry + parathas,2,"[[""Green moong sprouts"", ""ABSENT""], [""Onion"", 80], [""Tomato"", 80], [""Ginger"", 10], [""Garlic"", 10], [""Green chilli"", 10], [""Coriander"", 10], [""Garam masala"", 5], [""Ghee"", 15], [""Atta"", ""VERIFY""]]"
Disha & Anirudh,h3,2026-07-22,"[L] Anirudh: creamy garlic chicken, mushroom & spinach pasta (2 portions)",2,"[[""Chicken"", 200], [""Pasta"", 100], [""Cremini mushroom"", 200], [""Spinach"", 80], [""Fresh cream"", 60], [""Del Monte black olives"", 40], [""Olive oil"", 10], [""Fresh garlic"", ""ABSENT (powder only)""], [""Parmesan"", ""ABSENT 20g""]]"
Rahul & Radhika,h5,2026-07-22,"[B] Radhika: shakshuka (1 egg+2 whites)+1/2 sourdough+coffee / Skye: overnight oats (chia,almond milk,banana,nuts)",2,"[[""Eggs"", 3], [""Tomato"", 100], [""Onion"", 1], [""Red capsicum"", 40], [""Sourdough"", 30], [""Rolled oats"", 40], [""Almond drink"", 150], [""Banana"", 50], [""Chia seeds"", ""ABSENT""], [""Nuts"", ""ABSENT""]]"
Rahul & Radhika,h5,2026-07-22,[L] Radhika: moth black dal & tofu curry + matta rice + long-cut cucumber; snack fruit+brazil nut,1,"[[""Moth matki"", 100], [""Tofu"", 100], [""Sona masoori (matta sub)"", 50], [""Cucumber"", 100], [""Banana"", 50], [""Urad black dal"", ""ABSENT""], [""Matta rice"", ""ABSENT->sona sub""], [""Brazil nut"", ""ABSENT""]]"
Rahul & Radhika,h5,2026-07-22,[D] Dry mutton curry+roti + mixed veg curry (coconut milk) + cherry tomato & carrot; spearmint tea (soak rajma),2,"[[""Onion"", 1], [""Tomato"", 80], [""Carrot"", 110], [""French beans"", 50], [""Cauliflower"", 100], [""Green capsicum"", 40], [""Potato"", 100], [""Coconut milk"", 75], [""Cherry tomato"", 75], [""Mint"", 5], [""Mutton"", ""ABSENT""], [""Atta/roti"", ""VERIFY""]]"
Soozy & Munz,h2,2026-07-22,[B] Munz: 5 almonds+oatmeal(30g)+2 eggs+5 whites / Soozy: 1 egg+5 whites,2,"[[""Almonds"", 5], [""Rolled oats"", 30], [""Whey protein"", 30], [""Milk"", 150], [""Eggs"", 13]]"
Soozy & Munz,h2,2026-07-22,[L] Shrimp avocado salad — Munz +rice(100g) / Soozy +quinoa(200g),2,"[[""Prawns"", ""topped up & finished""], [""Avocado"", 100], [""Cucumber"", 100], [""Tomato"", 80], [""Onion"", 50], [""Lemon"", 30], [""Coriander"", 15], [""Sona masoori rice"", 100], [""Quinoa"", 200]]"
Soozy & Munz,h2,2026-07-22,[D] Marinated grilled chicken (Munz 200/Soozy 150) + steamed veg salad + mustard vinaigrette,2,"[[""Chicken breast (Licious)"", 350], [""Broccoli"", 50], [""Cabbage"", 100], [""Green capsicum"", 30], [""Cherry tomato"", 60], [""Onion"", 50], [""Mustard sauce"", 20], [""Apple cider vinegar"", 10], [""Carrot"", ""ABSENT""], [""Cauliflower"", ""ABSENT""], [""Green beans"", ""ABSENT""]]"
Pratik & Sakshi,h8,2026-07-22,[D] Palak dal khichdi + greek-yoghurt raita + green beans sabzi (soak rajma),2,"[[""Moong dal"", 180], [""Basmati rice"", 80], [""Onion"", 100], [""Tomato"", 100], [""Ginger"", 15], [""Homemade curd"", 150], [""Cucumber"", 50], [""Coriander"", 15], [""Mint"", 10], [""Dry coconut"", 30], [""Spinach/Palak"", ""ABSENT""], [""Green beans"", ""ABSENT""], [""Fresh garlic"", ""ABSENT""]]"
Rahul & Radhika,h5,2026-07-23,[B] Rahul: bell pepper-onion egg bhurji+cucumber / Radhika: oats+skyr+chia+flax+almond milk+berries+pumpkin seeds / Skye: overnight oats+banana+nuts,3,"[[""Eggs"", 4], [""Green capsicum"", 60], [""Onion"", 60], [""Cucumber"", 100], [""Rolled oats"", 70], [""Skyr"", 1], [""Almond drink"", 60], [""Oat drink"", 150], [""Banana"", 50], [""Dried berries"", 30], [""Chia"", ""ABSENT""], [""Flax"", ""ABSENT""], [""Pumpkin seeds"", ""ABSENT""], [""Nuts"", ""ABSENT""]]"
Rahul & Radhika,h5,2026-07-23,[L] Radhika: gobbleright almond wrap + egg-white bhurji + dahi chutney + mushroom-cabbage-onion stir fry; snack fruit+brazil nut,1,"[[""Eggs"", 4], [""Curd"", 50], [""Button mushroom"", 100], [""Red cabbage"", 0.3], [""Onion"", 50], [""Banana"", 50], [""Brazil nut"", 5], [""Gobbleright almond wrap"", ""ABSENT""]]"
Rahul & Radhika,h5,2026-07-23,"[D] Mexican chicken burrito bowl (chicken,lettuce,salad,coriander rice,greek yoghurt sauce,rajma) + salsa; Skye: cucumber+cherry tomato",3,"[[""Chicken thighs"", 350], [""Iceberg lettuce"", 150], [""Cucumber"", 200], [""Tomato"", 200], [""Onion"", 100], [""Green capsicum"", 50], [""Sona masoori (brown-rice sub)"", 150], [""Coriander"", 45], [""Greek yogurt"", 1], [""Lemon"", 30], [""Cherry tomato"", 100], [""Rajma beans"", ""ABSENT""]]"
Shunyam & Ishan - latest,h1b,2026-07-23,[B] Overnight oats,2,"[[""Oats"", 0.2], [""Cow milk"", 0.3], [""7-in-1 seed mix"", 15], [""Almonds"", 15], [""Cashews"", 15], [""Honey"", 0.1], [""Banana"", ""ABSENT""]]"
Shunyam & Ishan - latest,h1b,2026-07-23,[L] Dal & rice,2,"[[""Moong dal"", 120], [""Rice (basmati)"", 150], [""Onion"", 100], [""Ginger garlic paste"", 15], [""Jeera"", 5], [""Turmeric"", 5], [""Ghee"", 0.05], [""Green chilli"", 10], [""Tomato"", ""ABSENT""]]"
Shunyam & Ishan - latest,h1b,2026-07-23,[D] Beans & potato curry (soak whole moong),1,"[[""Potato"", 150], [""Onion"", 50], [""Ginger garlic paste"", 10], [""Jeera"", 3], [""Green chilli"", 5], [""Green beans"", ""ABSENT""], [""Tomato"", ""ABSENT""]]"
Pratik & Sakshi,h8,2026-07-23,"[D] Lobia, rice & tofu broccoli subzi (soak chickpeas)",2,"[[""Organic Cowpea (lobia)"", 160], [""Basmati rice"", 80], [""Hard tofu"", 200], [""Broccoli"", 250], [""Onion"", 100], [""Tomato"", 100], [""Ginger"", 15], [""Garam masala"", 5], [""Coriander pwd"", 8], [""Sesame oil"", 20], [""Curry leaves"", 3]]"
Kartik & Dhara,h4,2026-07-23,[B] Parsuram: oats & amaranth leaves chilla with cut cucumber & rice (1 pax),1,"[[""Oats"", ""chilla""], [""Amaranth leaves"", ""chilla""], [""Besan"", ""chilla""], [""Cucumber"", ""cut""], [""Rice"", ""side""]]"
Disha & Anirudh,h3,2026-07-23,[B] Anirudh: 1 banana + 2 scoops whey / Disha: skyr + tomato-basil omelette,2,"[[""Banana"", 1], [""Whey/Protein"", 60], [""Eggs"", 3], [""Tomato"", 1], [""Thai basil"", 10], [""Skyr"", ""ABSENT->greek yogurt""]]"
Disha & Anirudh,h3,2026-07-23,[L] Anirudh: creamy garlic chicken mushroom spinach pasta / Disha: tandoori chicken salad,2,"[[""Chicken"", 200], [""Pasta"", 50], [""Cremini mushroom"", 50], [""Spinach"", 40], [""Fresh cream"", 30], [""Black olives"", 20], [""Curd"", 50], [""Iceberg lettuce"", 80], [""Tomato"", 1], [""Onion"", 50], [""Chicken"", ""ABSENT (both lunches)""]]"
Disha & Anirudh,h3,2026-07-23,[D] Disha: protein powder + psyllium husk in milk with pear & kiwi,1,"[[""Protein powder"", 30], [""Psyllium husk"", 5], [""Milk"", 0.2], [""Pear"", 1], [""Kiwi"", 1]]"
Soozy & Munz,h2,2026-07-23,[B] Munz: 5 almonds+oatmeal(30g)+2 eggs+5 whites / Soozy: 1 egg+5 whites,2,"[[""Almonds"", 5], [""Rolled oats"", 30], [""Milk"", 150], [""Eggs"", 13], [""Whey"", ""ABSENT""]]"
Soozy & Munz,h2,2026-07-23,[L] Grilled chicken (200/150) + mexican salad + citrus tahini dressing + boiled sweet potato,2,"[[""Chicken"", 350], [""Iceberg"", 150], [""Tomato"", 80], [""Cherry tomato"", 60], [""Green capsicum"", 60], [""Cucumber"", 80], [""Sweet corn"", 60], [""Green beans"", 50], [""Avocado"", 60], [""Tahini"", 30], [""Lemon"", 30], [""Sweet potato"", 250], [""Onion"", ""ABSENT""]]"
Soozy & Munz,h2,2026-07-23,[D] Grilled chicken (200/150) + air-fried veg salad + peanut garlic dressing (soak rajma),2,"[[""Chicken"", 350], [""Broccoli"", 200], [""Baby corn"", 100], [""Green capsicum"", 60], [""Green beans"", 60], [""Carrot"", 60], [""Sweet potato"", 100], [""Garlic"", 10], [""Peanut butter"", ""ABSENT""]]"
Paxal & Sana,h7,2026-07-23,[B] Dal parantha,2,"[[""Onion"", 60], [""Ginger"", 10], [""Green chilli"", 10], [""Coriander"", 10], [""Ghee"", 15], [""Dal"", ""VERIFY""], [""Atta"", ""VERIFY""]]"
Paxal & Sana,h7,2026-07-23,[L] Paneer makhani + rotis + carrot-tomato salad + green moong sprouts; snack lemon-pudina roasted chana,2,"[[""Paneer"", 200], [""Tomato"", 230], [""Onion"", 80], [""Garlic"", 15], [""Ginger"", 15], [""Carrot"", 100], [""Cucumber"", 100], [""Lemon"", 30], [""Mint"", 10], [""Green moong sprouts"", ""ABSENT (arrived after meals)""], [""Atta"", ""VERIFY""], [""Roasted chana"", ""VERIFY""]]"
Paxal & Sana,h7,2026-07-23,[D] Tawa roti pizza,2,"[[""Bread"", 60], [""Tomato"", 60], [""Green capsicum"", 60], [""Onion"", 50], [""Cheddar"", 40], [""Cabbage"", 30]]"
Shunyam & Ishan - latest,h1b,2026-07-24,[B] French toast,2,"[[""Bread"", ""used (270g order)""], [""Eggs"", ""-""], [""Milk"", ""-""]]"
Shunyam & Ishan - latest,h1b,2026-07-24,[L] Moong dal tadka + curry leaves rice + bhindi sabzi,2,"[[""Rice"", 150], [""Curry leaves"", 3], [""Onion"", 80], [""Ginger"", 10], [""Green chilli"", 10], [""Moong dal"", ""OVER""], [""Bhindi"", ""OVER""], [""Tomato"", ""NONE""]]"
Shunyam & Ishan - latest,h1b,2026-07-24,"[D] Mixed veg (carrot,peas,potato) + 4 rotis + cucumber-tomato raita (soak moong dal)",2,"[[""Carrot"", 150], [""Green peas"", 60], [""Potato"", 150], [""Atta"", 120], [""Cucumber"", 100], [""Curd"", 100], [""Onion"", 50], [""Tomato"", ""NONE""]]"
Kartik & Dhara,h4,2026-07-24,[B] Parsuram: chana dal dosa + amaranth chutney + 3 boiled eggs; roasted makhana,1,"[[""Chana dal"", 60], [""Rice"", 40], [""Amaranth leaves"", 40], [""Coconut"", 0.1], [""Eggs"", 3], [""Onion"", 20], [""Green chilli"", 8], [""Makhana"", ""ABSENT""], [""Ghee"", ""ABSENT""]]"
Kartik & Dhara,h4,2026-07-24,[L] Ahalya: chicken keema curry (low spice) + rice + jhuri aloo bhaja,1,"[[""Chicken breast"", 150], [""Onion"", 60], [""Tomato"", 60], [""Ginger"", 8], [""Garlic"", 8], [""Frozen peas"", 0.1], [""Rice"", 80], [""Potato"", 100], [""Mustard oil"", 15]]"
Paxal & Sana,h7,2026-07-24,[B] Paneer paratha + pickle + curd (soak mixed dal for dosa),1,"[[""Paneer"", 80], [""Onion"", 20], [""Green chilli"", 5], [""Ghee"", 10], [""Curd"", 50], [""Atta"", ""VERIFY""], [""Pickle"", ""VERIFY""]]"
Paxal & Sana,h7,2026-07-24,[L] Curry leaves rice + yellow moong dal + sliced cucumber + green moong sprouts,2,"[[""Onion"", 80], [""Tomato"", 60], [""Ginger"", 10], [""Garlic"", 10], [""Cucumber"", 100], [""Green moong sprouts"", 150], [""Rice"", ""VERIFY""], [""Curry leaves"", ""VERIFY""], [""Yellow moong dal"", ""VERIFY""]]"
Paxal & Sana,h7,2026-07-24,[D] Schezwan veggie stir-fry bowl + paneer chilli (grind mixed dal for dosa),2,"[[""Green capsicum"", 100], [""Onion"", 60], [""Carrot"", 80], [""Spring onion"", 30], [""Paneer"", 200], [""Garlic"", 15], [""Ginger"", 10], [""Schezwan sauce"", ""VERIFY""], [""Soy sauce"", ""VERIFY""], [""Cornflour"", ""VERIFY""]]"
Soozy & Munz,h2,2026-07-24,[B] Egg dosa + onion tomato chutney,3,"[[""Idli/dosa batter"", 250], [""Eggs"", 6], [""Onion"", 80], [""Tomato"", 80], [""Green chilli"", 10], [""Curry leaves"", 5], [""Coconut chunks"", 20]]"
Soozy & Munz,h2,2026-07-24,[L] Rice + chicken stew + cabbage kootu,3,"[[""Sona masoori"", 200], [""Chicken"", 350], [""Coconut milk"", 200], [""Onion"", 60], [""Potato"", 150], [""Carrot"", 80], [""Green beans"", 60], [""Cabbage"", 200], [""Chana dal"", 60]]"
Soozy & Munz,h2,2026-07-24,[D] Roti + chicken roast,3,"[[""Chicken"", 350], [""Onion"", 100], [""Tomato"", 100], [""Ginger"", 15], [""Garlic"", 15], [""Atta"", ""VERIFY""]]"
Disha & Anirudh,h3,2026-07-24,[B] Anirudh: banana+2 scoops whey / Disha: skyr + sweet corn paneer cutlets + coriander chutney,2,"[[""Banana"", 1], [""Protein"", 60], [""Greek yogurt(skyr sub)"", 1], [""Sweet corn"", 1], [""Malai paneer"", 100], [""Besan"", 20], [""Breadcrumbs"", 20], [""Onion"", 20], [""Coriander"", 15]]"
Disha & Anirudh,h3,2026-07-24,[L] Anirudh: creamy garlic chicken mushroom spinach pasta / Disha: orange grilled chicken + cabbage-peas subzi,2,"[[""Chicken"", 200], [""Pasta"", 50], [""Cremini mushroom"", 100], [""Spinach"", 40], [""Cream"", 0.2], [""Garlic"", 10], [""Cheese block"", 20], [""Orange"", 100], [""Cabbage"", 100], [""Frozen peas"", 60], [""Onion"", 30]]"
Disha & Anirudh,h3,2026-07-24,[D] Disha: protein powder + psyllium husk in milk with apple & cherries,1,"[[""Protein powder"", 30], [""Psyllium husk"", 5], [""Milk"", 0.2], [""Apple"", 1], [""Cherries"", 0.3]]"
Rahul & Radhika,h5,2026-07-24,[B] Rahul/Radhika: pessarattu dosa + masala spinach omelette + coconut chutney (+sauteed spinach) / Skye: overnight oats+banana+nuts+egg+fruit,3,"[[""Moong dal"", 200], [""Eggs"", 7], [""Spinach"", 160], [""Onion"", 40], [""Coconut chunks"", 60], [""Oats"", 40], [""Oat drink"", 150], [""Banana"", 50], [""Chia"", ""ABSENT""]]"
Rahul & Radhika,h5,2026-07-24,[L] Radhika: mexican chicken burrito bowl + salsa; snack fruit+brazil nut,2,"[[""Brown rice"", 150], [""Cucumber"", 80], [""Tomato"", 140], [""Onion"", 60], [""Greek yogurt"", 1], [""Lemon"", 25], [""Chicken"", ""ABSENT""], [""Lettuce"", ""ABSENT""], [""Rajma"", ""ABSENT""]]"
Rahul & Radhika,h5,2026-07-24,"[D] Coriander lime fish + quinoa + mixed veg (peas,carrot,beans; skip cauliflower); Skye cucumber+cherry tomato; spearmint tea",3,"[[""Basa fish"", 300], [""Coriander"", 20], [""Lemon"", 30], [""Quinoa"", 150], [""Frozen peas"", 100], [""Carrot"", 60], [""French beans"", 100], [""Onion"", 40], [""Cucumber"", 100], [""Mint"", 10], [""Cherry tomato"", ""ABSENT""]]"
Disha & Anirudh,h3,2026-07-25,[B] Anirudh: banana+whey / Disha: skyr + masala French toast,2,"[[""Banana"", 1], [""Protein"", 60], [""Bread"", 0.3], [""Eggs"", 2], [""Onion"", 20], [""Skyr"", ""greek yogurt sub""]]"
Disha & Anirudh,h3,2026-07-25,[L] Anirudh: creamy garlic chicken mushroom spinach pasta / Disha: Punjabi dhaba chicken + 2 phulkas + kachumber,2,"[[""Chicken"", 200], [""Pasta"", 48], [""Cremini"", 100], [""Spinach"", 40], [""Atta"", 100], [""Onion"", 40], [""Tomato"", 1], [""Cucumber"", ""ABSENT""]]"
Disha & Anirudh,h3,2026-07-25,[D] Disha: protein + psyllium in milk with blueberries & kiwi,1,"[[""Protein"", 30], [""Psyllium"", 5], [""Milk"", 0.2], [""Blueberries"", 0.3], [""Kiwi"", 1]]"
Paxal & Sana,h7,2026-07-25,[B] Mixed dal dosa & mint chutney,2,"[[""Onion"", 40], [""Green chilli"", 5], [""Mint"", 20], [""Coconut"", 0.2], [""Ginger"", 10], [""Mixed dal"", ""VERIFY""]]"
Kartik & Dhara,h4,2026-07-25,[B] Parsuram: eggplant shakshuka,1,"[[""Brinjal"", 150], [""Eggs"", 2], [""Onion"", 40], [""Tomato"", 80]]"
Kartik & Dhara,h4,2026-07-25,[L] Ahalya: Mangalorean prawns gassi + rice + bhindi upkari + cucumber lemonade,1,"[[""Prawns"", ""ABSENT (night order)""], [""Coconut"", 0.2], [""Rice"", 80], [""Lady finger"", 75], [""Cucumber"", 100], [""Lemon"", 20]]"
Kartik & Dhara,h4,2026-07-25,[D] Parsuram: coriander tilapia (only marination) — used; night order tilapia250+prawns250,1,"[[""Tilapia"", ""used (prior stock)""], [""Coriander"", 20], [""Lemon"", 15]]"
Shunyam & Ishan - latest,h1b,2026-07-25,[B] Masala omelette with vegetables,2,"[[""Eggs"", 4], [""Onion"", 40], [""Tomato"", 60], [""Green capsicum"", 40], [""Spring onion"", 20]]"
Shunyam & Ishan - latest,h1b,2026-07-25,[L] Asian black pepper chicken + veg + herbed peas rice,2,"[[""Chicken"", 200], [""Green capsicum"", 60], [""Red capsicum"", 60], [""Onion"", 40], [""Basmati rice"", 150], [""Frozen peas"", 60], [""Soy sauce"", 15]]"
Shunyam & Ishan - latest,h1b,2026-07-25,[D] Achari paneer + 4 rotis + cucumber raita,2,"[[""Paneer"", 200], [""Onion"", 60], [""Tomato"", 80], [""Atta"", 150], [""Curd"", 100], [""Cucumber"", 100], [""Cream"", 50]]"
Rahul & Radhika,h5,2026-07-25,[B] Rahul/Radhika: poached eggs+avocado+sourdough+mushroom onion stir fry / Skye: pessarattu dosa+egg+veggies+fruit,3,"[[""Eggs"", 5], [""Avocado"", 95], [""Sourdough"", 2], [""Mushroom"", 120], [""Onion"", 60], [""Moong dal"", 100]]"
Rahul & Radhika,h5,2026-07-25,"[L] Loaded veg sambhar + mixed dal idli + skyr-greek(paprika,salt) + beetroot kachumbar; snack fruit+brazil nut",3,"[[""Carrot"", 60], [""Pumpkin"", 100], [""Beans"", 60], [""Drumstick"", 2], [""Coccinia"", 100], [""Onion"", 90], [""Skyr"", 1], [""Greek yogurt"", 1], [""Beetroot"", 150], [""Cucumber"", 100], [""Toor dal"", ""VERIFY""]]"
Rahul & Radhika,h5,2026-07-25,[D] Herb & lemon fish fillet + garlic sesame broccoli + cucumber-carrot salad + brown rice(less),3,"[[""Salmon"", 350], [""Parsley"", 30], [""Lemon"", 30], [""Broccoli"", 300], [""Garlic"", 20], [""Cucumber"", 150], [""Carrot"", 60], [""Brown rice"", 100]]"
Soozy & Munz,h2,2026-07-25,[B] Idli + peanut chutney + boiled eggs (pre-count),3,"[[""reflected in count"", ""-""]]"
Soozy & Munz,h2,2026-07-25,[L] Chicken curry + rice + carrot beans thoran (pre-count),3,"[[""reflected in count"", ""-""]]"
Soozy & Munz,h2,2026-07-25,[D] Fish curry with rice,3,"[[""Mackerel"", 180], [""Tomato"", 60], [""Coconut chunks"", 30], [""Ginger"", 10], [""Garlic"", 10], [""Onion"", ""ABSENT""], [""Rice"", ""staple""]]"
h1b,h1b,2026-07-27,[B] Scrambled eggs & 2 toasts,2,"[[""Eggs"", 6], [""Protein bread"", 135], [""Butter"", 20], [""Milk"", 30]]"
h1b,h1b,2026-07-27,[L] Palak corn sabzi with roti,2,"[[""Spinach"", 250], [""Sweet corn"", 200], [""Onion"", 100], [""Tomato"", 50], [""Garlic"", 10], [""Ginger"", 10], [""Green chilli"", 10], [""Jeera"", 5], [""Turmeric"", 3], [""Oil"", 15], [""Atta"", 150]]"
h1b,h1b,2026-07-27,"[D] Aloo matar tomato curry, rotis, cucumber raita",2,"[[""Potato"", 300], [""Green peas"", 200], [""Tomato"", 150], [""Onion"", 100], [""Ginger"", 15], [""Garlic"", 15], [""Green chilli"", 10], [""Jeera"", 8], [""Turmeric"", 5], [""Coriander powder"", 8], [""Garam masala"", 5], [""Oil"", 20], [""Atta"", 150], [""Cucumber"", 150], [""Mint"", 10], [""Coriander"", 5]]"
h4,h4,2026-07-27,"[B] Parsuram: Cheese & herb omelette, buttered sourdough toast, fresh OJ",1,"[[""Eggs"", 3], [""Cheese"", 30], [""Sourdough"", 60], [""Butter"", 15], [""Coriander"", 5], [""Orange"", 2]]"
h4,h4,2026-07-27,[L] Ahalya: Dahi baingan with tawa paneer and rice,1,"[[""Brinjal"", 150], [""Paneer"", 100], [""Rice"", 80], [""Onion"", 50], [""Tomato"", 50], [""Ginger"", 10], [""Garlic"", 10], [""Green chilli"", 5], [""Turmeric"", 3], [""Coriander powder"", 5], [""Jeera"", 3], [""Oil"", 10]]"
h4,h4,2026-07-27,"[D] Parsuram: Coriander lemon tilapia, veg hakka noodles (baby corn & carrots)",1,"[[""Tilapia"", 0], [""Lemon"", 15], [""Coriander"", 10], [""Noodles"", 100], [""Baby corn"", 60], [""Carrot"", 100], [""Capsicum"", 50], [""Onion"", 30], [""Spring onion"", 20], [""Ginger"", 10], [""Garlic"", 10], [""Green chilli"", 5], [""Soya sauce"", 15], [""Oil"", 15]]"
h3,h3,2026-07-27,[B] Anirudh whey+banana; Upma w/ veggies + coconut chutney,3,"[[""Banana"", 1], [""Whey"", 60], [""Suji"", 150], [""Onion"", 60], [""Carrot"", 60], [""Coconut cream"", 30], [""Oil"", 15]]"
h3,h3,2026-07-27,"[L] Anirudh chicken sabzi (prepared); Disha&Appa veg jalfrezi, dal, roti x5",3,"[[""Chicken (prepared)"", 0], [""Capsicum"", 80], [""Onion"", 80], [""Tomato"", 80], [""Arhar dal"", 100], [""Atta"", 250], [""Oil"", 15]]"
h3,h3,2026-07-27,"[D] Disha&Appa masala paneer parathas x6, green chutney, skyr 225g",2,"[[""Malai paneer"", 150], [""Atta"", 250], [""Coriander"", 20], [""Green chilli"", 10], [""Skyr"", 225]]"
h5,h5,2026-07-27,[B] Mushroom-spinach omelets (Rahul/Radhika) + sourdough; Skye overnight oats + egg/fruit,3,"[[""Eggs"", 9], [""Button mushroom"", 150], [""Spinach"", 100], [""Sourdough"", 1], [""Oats"", 50], [""Chia"", 10], [""Oat drink"", 150], [""Banana"", 1], [""Almonds"", 20]]"
h5,h5,2026-07-27,[L] Radhika one-pan cabbage-carrot chicken + almond tortilla; snack fruit+brazil nut,1,"[[""Cabbage"", 150], [""Carrot"", 100], [""Chicken"", 120], [""Onion"", 50], [""Tomato"", 50], [""Brazil nut"", 5]]"
h5,h5,2026-07-27,"[D] Chicken kofta gravy, jeera brown rice, cucumber cherry-tomato salad, carrot raita",3,"[[""Chicken breast (kofta)"", 300], [""Onion"", 150], [""Tomato"", 150], [""Coconut milk"", 50], [""Brown rice"", 150], [""Cucumber"", 150], [""Cherry tomato"", 100], [""Carrot"", 100], [""Skyr"", 150], [""Lemon"", 15]]"
h2,h2,2026-07-27,[B] Munz oatmeal+almonds+2egg+5white; Soozy 1egg+5white boiled,2,"[[""Almonds"", 5], [""Oats"", 30], [""Eggs"", 13]]"
h2,h2,2026-07-27,[L] Bang Bang Chicken (200+150) + rice 100gx2,2,"[[""Chicken"", 350], [""Rice"", 200]]"
h2,h2,2026-07-27,[D] Munz grilled steak+garlic sauce+sauteed veg; Soozy air-fried chicken+Caesar salad,2,"[[""Steak"", 0], [""Chicken"", 150], [""Garlic"", 15], [""Butter"", 1], [""Broccoli"", 150], [""Carrot"", 100], [""Capsicum"", 50], [""Iceberg lettuce"", 100], [""Parmesan"", 20]]"
h7,h7,2026-07-27,[B] Oats,2,"[[""Oats"", 60], [""Milk"", 200]]"
h7,h7,2026-07-27,[L] Rasam rice + 2 paneer paratha,1,"[[""Tomato"", 50], [""Paneer"", 100], [""Onion"", 30], [""Ginger"", 5], [""Garlic"", 5], [""Ghee"", 15], [""Rice"", ""verify""], [""Rasam powder"", ""verify""], [""Toor dal"", ""verify""], [""Atta"", ""verify""]]"
h7,h7,2026-07-27,[D] Soak chole (no dish cooked),2,"[[""Chole"", ""soak-verify""]]"
h7,h7,2026-07-27,[D] Grilled paneer cubes,2,"[[""Paneer"", 200], [""Dahi"", 30], [""Lemon"", 10], [""Green chilli"", 5], [""Oil"", 10]]"
h7,h7,2026-07-27,[D] Grilled paneer cubes,2,"[[""Paneer"", 200], [""Dahi"", 30], [""Lemon"", 10], [""Green chilli"", 5]]"
h8,h8,2026-07-27,"[D] Palak brown rice+tofu, gatta sabzi, carrot-french beans, cucumber-radish salad",2,"[[""Soft tofu"", 100], [""Beans"", 125], [""Cucumber"", 100], [""Lemon"", 10], [""Palak"", ""absent""], [""Curd"", ""absent""], [""Carrot"", ""absent""], [""Radish"", ""absent""]]"
h1b,h1b,2026-07-28,[B] Moong dal chilla + mint-coriander chutney,2,"[[""Moong dal"", 100], [""Onion"", 40], [""Green chilli"", 10], [""Ginger"", 10], [""Coriander"", 20], [""Mint"", 15], [""Oil"", 10]]"
h1b,h1b,2026-07-28,[L] Bhindi sabzi + dal + rotis,2,"[[""Bhindi"", 250], [""White dal (moong)"", 100], [""Onion"", 50], [""Tomato"", 50], [""Atta"", 250], [""Oil"", 15]]"
h1b,h1b,2026-07-28,[D] Vegetable pulao with curd,2,"[[""Basmati rice"", 150], [""Frozen peas"", 100], [""Onion"", 50], [""Green capsicum"", 0.25], [""Curd"", 0], [""Garam masala"", 3], [""Bay leaf"", 1], [""Oil"", 15]]"
h7,h7,2026-07-28,[B] Sevai with veggies,2,"[[""Vermicelli"", 150], [""Carrot"", 50], [""Capsicum"", 50], [""Onion"", 50], [""Beans"", 40], [""Green chilli"", 10], [""Curry leaves"", 5], [""Oil"", 10]]"
h7,h7,2026-07-28,"[L] Amritsari chole, roti, tomato-cucumber raita, green moong sprouts, cut muskmelon",2,"[[""Kabuli chana"", 100.0], [""Atta"", 250], [""Onion"", 80], [""Tomato"", 150], [""Cucumber"", 100], [""Dahi"", 150], [""Moong sprouts"", 100], [""Muskmelon"", 150]]"
h7,h7,2026-07-28,[D] Paneer kathi roll,2,"[[""Paneer"", 50.0], [""Atta"", 150], [""Onion"", 50], [""Capsicum"", 80], [""Green chilli"", 10], [""Coriander"", 10]]"
h4,h4,2026-07-28,[B] Parsuram: Savoury oats porridge + cut kiwi,1,"[[""Oats"", 40], [""Onion"", 20], [""Green chilli"", 5], [""Kiwi"", 0]]"
h4,h4,2026-07-28,[L] Parsuram: Chicken khao suey,1,"[[""Chicken"", 150], [""Noodles"", 80], [""Grated coconut"", 40], [""Brinjal"", 100], [""Haricot beans"", 50], [""Capsicum"", 50], [""Chow chow"", 80], [""Spring onion"", 30], [""Onion"", 50], [""Soya sauce"", 10]]"
h4,h4,2026-07-28,[L] Ahalya: Pepper mutton liver fry & sol kadi,1,"[[""Mutton liver"", 100], [""Pepper"", 5], [""Onion"", 50], [""Grated coconut"", 50], [""Kokum"", 10], [""Beetroot"", 30], [""Green chilli"", 5], [""Coriander"", 5], [""Amchur"", 3]]"
h4,h4,2026-07-28,[D] No meal set,1,[]
h5,h5,2026-07-28,[B] Rahul bhurji; Radhika oats/skyr bowl; Skye overnight oats + egg/fruit,3,"[[""Eggs"", 5], [""Capsicum"", 50], [""Cucumber"", 1], [""Oats"", 65], [""Skyr"", 1], [""Chia"", 5], [""Almond drink"", 60], [""Banana"", 60], [""Almonds"", 20]]"
h5,h5,2026-07-28,"[L] Radhika almond wrap + egg bhurji, dahi chutney, mushroom-cabbage-onion stir fry; snack",1,"[[""Wrap"", 1], [""Eggs"", 4], [""Mushroom"", 100], [""Cabbage"", 100], [""Coriander"", 10], [""Mint"", 10], [""Brazil nut"", 5]]"
h5,h5,2026-07-28,"[D] Garlic chicken paprika drumsticks, roasted potatoes, green beans; Skye cherry tomato + herbed butter rice",3,"[[""Chicken"", 400], [""Red chilli powder"", 8], [""French beans"", 200], [""Cherry tomato"", 50], [""Rice"", 80]]"
h3,h3,2026-07-28,[B] Anirudh whey+banana; Disha skyr + baby spinach-carrot egg roll,2,"[[""Banana"", 1], [""Whey"", 60], [""Skyr"", 1], [""Spinach"", 50], [""Carrot"", 40], [""Eggs"", 2]]"
h3,h3,2026-07-28,[L] Anirudh creamy garlic chicken pasta; Disha chicken majestic (updated: no chaat/chutneys),2,"[[""Chicken"", 270], [""Mushroom"", 100], [""Spinach"", 100], [""Pasta"", 0.3], [""Onion"", 60], [""Tomato"", 50], [""Cream"", 0.2], [""Curry leaves"", 5]]"
h3,h3,2026-07-28,[D] Disha protein powder + psyllium husk in milk with plum & cherries,1,"[[""Protein"", 30], [""Psyllium husk"", 10], [""Milk"", 150], [""Plum"", 50], [""Cherries"", 30]]"
h8,h8,2026-07-28,"[D] Dry pumpkin sabzi, sattu tikkis, greek-yoghurt dahi chutney, chaat-masala veg",2,"[[""Pumpkin"", 300], [""Sattu"", 120], [""Besan"", 30], [""Onion"", 60], [""Athena yogurt"", 0.5], [""Cucumber"", 100], [""Carrot"", 100], [""Tomato"", 50]]"
h5,h5,2026-07-29,[B] Rahul bhurji; Radhika masala omelette+sourdough; Skye overnight oats+egg; watermelon juice,3,"[[""Eggs"", 8], [""Capsicum"", 50], [""Onion"", 70], [""Sourdough"", 1], [""Oats"", 40], [""Chia"", 5], [""Oat drink"", 60], [""Banana"", 60], [""Watermelon"", 0.3]]"
h5,h5,2026-07-29,[L] Radhika warm quinoa chicken peas beans lemony salad; snack fruit+brazil nut,1,"[[""Quinoa"", 60], [""Chicken"", 120], [""Peas"", 60], [""French beans"", 80], [""Lemon"", 20], [""Brazil nut"", 5]]"
h5,h5,2026-07-29,"[D] Mediterranean baked fish, roasted mixed veg, gluten-free pasta; Skye beetroot+white sauce pasta",3,"[[""Basa"", 350], [""Zucchini"", 1], [""Brinjal"", 1], [""Onion"", 80], [""Red capsicum"", 80], [""Yellow capsicum"", 50], [""Mushroom"", 100], [""GF pasta"", 150], [""Beetroot"", 50], [""Milk"", 150]]"
h3,h3,2026-07-29,[B] Anirudh whey+banana; Disha skyr + paneer bhurji,2,"[[""Banana"", 1], [""Whey"", 60], [""Skyr"", 1], [""Paneer"", 80], [""Onion"", 30], [""Green chilli"", 5]]"
h3,h3,2026-07-29,[L] Disha&Anirudh chicken tikka + kala chana chaat + tamarind & coriander-mint chutney,2,"[[""Chicken"", 230.0], [""Curd"", 60], [""Kala chana"", 80], [""Onion"", 60], [""Cucumber"", 100], [""Carrot"", 50], [""Imli"", 20], [""Coriander"", 30]]"
h3,h3,2026-07-29,[D] Disha protein+psyllium husk in milk with banana & blueberries,1,"[[""Protein"", 30], [""Psyllium husk"", 10], [""Milk"", 150], [""Banana"", 1], [""Blueberries"", 0.2]]"
h7,h7,2026-07-29,"Cook on leave — no meals prepared, no deductions",0,[]
h4,h4,2026-07-29,[B] Parsuram: French toast (4) with eggs,1,"[[""Bread"", 4], [""Eggs"", 3], [""Milk"", 50], [""Butter"", 10], [""Cinnamon"", 2]]"
h4,h4,2026-07-29,[L] No meal set,1,[]
h4,h4,2026-07-29,[D] Parsuram: Chicken aglio-e-olio (spaghetti) & sauteed chow chow,1,"[[""Spaghetti"", 100], [""Chicken"", 150], [""Garlic"", 20], [""Olive oil"", 20], [""Chow chow"", 100]]"
h2,h2,2026-07-29,"[full day] B oatmeal+eggs; L air-fried chicken tikka+yogurt broccoli salad+sweet potato; D chicken curry+rotis / thai basil chicken+veg salad (count-based, after-meals)",2,"[[""count"", ""after-meals overwrite""]]"
h1b,h1b,2026-07-29,"[B] Omelette+toast [L] Chicken fried rice (spring onion/carrot/bell pepper) [D] Turai baingan subzi, rotis & grated carrot raita",2,"[[""Eggs"", ""B/L""], [""Rice"", 150], [""Chicken"", 150], [""Atta"", 250], [""Ridge gourd"", 200], [""Brinjal"", 200], [""Carrot"", ""L+raita""], [""Curd"", ""raita""]]"
h1b,h1b,2026-07-30,[B] Poha with peanuts [L] Home-style chicken curry & rotis [D] Lauki chana dal & rotis (soak oats),1,"[[""Poha"", 40], [""Peanuts"", 20], [""Chicken"", 150], [""Atta"", 240], [""Lauki"", 200], [""Chana dal"", 60]]"
h4,h4,2026-07-30,[B] Parsuram: Paneer idlis + amla juice [L] Baingan bhaja [D] Veg pasta (soak chickpeas/rajma/toor/chana/urad/raw rice),1,"[[""Paneer"", 50], [""Spaghetti"", 80], [""Capsicum"", 60], [""Onion"", 100], [""Tomato"", 80], [""SOAK"", ""chickpeas/rajma/toor/chana/urad/raw rice""]]"
h3,h3,2026-07-30,"Cook on leave — no meals prepared, no deductions (order added before bf)",0,[]
h2,h2,2026-07-30,[B] oatmeal+eggs / boiled eggs [L] Cambodian prawns salad + rice/quinoa [D] chicken steak+mushroom sauce + air-fried veg (peanut garlic dressing) + cadence,2,"[[""Eggs"", 13], [""Prawns"", 300], [""Chicken"", 350], [""Mushroom"", 150], [""Milk"", 700], [""Yogurt"", 4]]"
h5,h5,2026-07-30,"[B] Rahul bhurji; Radhika oats/skyr bowl; Skye oats+egg [L] Radhika leftover + snack [D] mixed dal, matta rice, palak paneer, broccoli-zucchini sabzi; Skye cucumber+cherry tomato+methi paratha (soak green moong+rice)",3,"[[""Eggs"", 5], [""Toor dal"", 80], [""Spinach"", 200], [""Paneer"", 150], [""Broccoli"", 1], [""Rice"", 150]]"
h7,h7,2026-07-30,"[B] Bombay sandwich [L] Lauki chana dal, rotis & green moong sprouts [D] Burnt chilli garlic shirataki noodles (hakka sub)",2,"[[""Bread"", 120], [""Potato"", 150], [""Baby bottle gourd"", 200], [""Chana dal"", 100], [""Atta"", 250], [""Moong sprouts"", 100], [""Hakka noodles"", 200], [""Garlic"", 45]]"
h1b,h1b,2026-07-31,"[B] Leftover poha [L] 2 parathas with leftover chicken curry [D] Aloo methi with egg bhurji & rotis — count-after-meals: stock taken from 31-Jul count; B & L leftovers (no raw deduction); only uncounted meal-driven staples deducted. FLAG: methi = 0 on record, not in count.",1,"[[""Eggs"", 2], [""Mustard / cooking oil"", 37], [""Turmeric powder"", 4], [""Jeera"", 4], [""Garam masala"", 3]]"
h4,h4,2026-07-31,"[B] Parsuram: Rajma egg tacos (boil ghugni peas) [L] Parsuram: Vietnamese sauce chow chow stir fry, rice & beetroot cutlet [D] Parsuram: Boil potatoes, cut green chilli & onions (thaw catla head for next day — NOT deducted; grind & ferment toor/chana/urad dal & raw rice — adai batter, est batch deducted). No count, no order. FLAG: no taco/tortilla SKU (flour not deducted); no fish sauce SKU (soya used). [RE-CLOSED: 30-Jul EOD order applied first — chings vinegar 180 ml, groundnut oil 1 L (prev bottle finished), potato 1 kg, coriander 100 g, eggs 6 pc. CORRECTED: potato was 0 before the order; L Vietnamese stir fry also used 2 eggs (total 4 eggs today); Anveshan groundnut oil finished — one groundnut oil SKU now.]",1,"[[""Rajma"", 80], [""Eggs"", 4], [""Onion"", 210], [""Tomato"", 75], [""Ginger"", 13], [""Garlic"", 23], [""Green chilli"", 16], [""Coriander"", 15], [""White peas"", 100], [""Chow chow"", 200], [""Rice (Bhoomi Farms)"", 75], [""Ooty beetroot"", 120], [""Potato"", 230], [""Besan"", 20], [""Soya sauce"", 10], [""Sugar"", 5], [""Lemon"", 15], [""Spring onion"", 20], [""Groundnut oil"", 42], [""Mustard oil"", 10], [""Turmeric/haldi powder"", 5], [""Chilli powder"", 5], [""Dhaniya (coriander) powder"", 5], [""Garam masala"", 4], [""Black jeera (shahi)"", 2], [""Salt (Tata)"", 8], [""Nilgiris sonamasoori raw rice"", 200], [""Arhar/Toor dal"", 50], [""Chana dal"", 50], [""Urad dal"", 50]]"
h3,h3,2026-07-31,"No meals prepared — no deductions, no order, no inventory check (31-Jul). Stock unchanged.",0,[]
h2,h2,2026-07-31,"[B] Munz: 5 soaked almonds + high-protein oatmeal (30 g oats) + 2 whole eggs + 5 whites; Soozy: 1 whole egg + 5 whites (boiled) [L] Vietnamese chicken salad (Munz 200 g / Soozy 150 g) + 100 g rice each [D] Munz: chicken pallipalayam 200 g + rotis + steamed veg salad; Soozy: Mediterranean grilled chicken 150 g + steamed veg salad. Cadence applied (milk −700 ml, plain greek yogurt −4 pots). No inventory check. FLAG: grated coconut = 0 → coconut chunks substituted; whey not deducted for the ""high protein"" bowl.",2,"[[""Almonds"", 6], [""Rolled oats"", 30], [""Eggs"", 13], [""Boiled rice"", 200], [""Cucumber"", 200], [""Iceberg lettuce"", 100], [""Mint"", 15], [""Coriander (dhania)"", 12], [""Peanuts"", 25], [""Green chilli"", 8], [""Sugar"", 8], [""Chicken breast (Licious)"", 700], [""Atta"", 120], [""Dried red chilli"", 12], [""Curry leaves"", 5], [""Coconut chunks"", 30], [""Rosemary (fresh)"", 5], [""Broccoli"", 200], [""French beans"", 100], [""Baby corn"", 60], [""Carrot"", 120], [""Lemon"", 45], [""Garlic"", 35], [""Onion"", 150], [""Ginger"", 10], [""Light olive oil (Del Monte)"", 25], [""Turmeric powder"", 5], [""Chilli powder"", 5], [""Salt"", 6], [""Cow milk (fresh) [cadence]"", 700], [""Greek yogurt (Akshayakalpa plain) [cadence]"", 4]]"
h5,h5,2026-07-31,"[B] Rahul: pessarattu dosa + masala spinach omelette (1 whole + 2 whites) + mint chutney; Radhika: pessarattu + omelette (3 whites) + mint chutney + sauteed spinach; Skye: overnight oats + chia + oat milk + banana + nuts, egg + fruit [L] Rahul: green salad + paneer + 1 tbsp seeds + grilled chicken; Radhika: greek yoghurt chicken salad wrap in GobbleRight beet-quinoa wrap + lettuce; snack: fruit + 1 brazil nut [D] Coconut lime tofu curry + brown rice + bok choy & carrot stir fry; Skye: boiled corn. No inventory check. FLAG: Green moong SKU = 0 → staple whole green gram used for pessarattu; no gluten-free soy sauce SKU; ""1 serving fruit"" (Skye B + L snack) unspecified, NOT deducted.",3,"[[""Whole green gram"", 120], [""Eggs (free-range brown)"", 7], [""Spinach"", 180], [""Mint"", 25], [""Oats"", 50], [""Chia seeds"", 15], [""Oat drink (Alt Co)"", 150], [""Banana (Yellaki)"", 100], [""Cashew whole (Supreme Harvest)"", 15], [""Ghee (Akshayakalpa)"", 15], [""Iceberg lettuce"", 100], [""English cucumber"", 100], [""Cherry tomato"", 60], [""Paneer (Sid\u2019s Malai)"", 80], [""Roasted seeds mix"", 12], [""Green lettuce"", 40], [""GobbleRight beetroot & quinoa wrap"", 1], [""Epigamia Greek yogurt (natural)"", 0.5], [""Brazil nut"", 5], [""Tofu (Health on Plants)"", 200], [""Coconut milk"", 100], [""Brown rice"", 150], [""Bok choy"", 250], [""Carrot"", 200], [""Soy sauce"", 15], [""Sesame oil"", 15], [""Sweet corn"", 1], [""Curry leaves"", 5], [""Onion"", 100], [""Tomato"", 60], [""Lemon"", 35], [""Coriander (dhania)"", 45], [""Green chilli"", 16], [""Ginger"", 15], [""Garlic peeled"", 30], [""Turmeric powder"", 6], [""Red chilli powder"", 6], [""Cumin"", 6], [""Chicken breast (boneless)"", 300]]"
h7,h7,2026-07-31,"[B] Rava dosa with curry leaves chutney (2) [L] Kadai paneer, rotis & green moong sprouts + cut apple + cut carrots (2) [D] Masoor dal soup & paneer tawa fry (1) — soak rajma for next day. No inventory check, no order. FLAG: green moong sprout SKUs = 0 → mixed sprouts used; no rice flour SKU for the rava dosa; half the 30-Jul coconut used for chutney.",2,"[[""Sooji"", 150], [""Refined wheat flour (maida)"", 40], [""Curry leaves"", 30], [""Coconut"", 0.5], [""Chana dal"", 15], [""Urad dal"", 5], [""Dried red chilli"", 6], [""Imli (tamarind)"", 10], [""Green chilli"", 8], [""Green capsicum"", 150], [""Ginger garlic paste (Catch)"", 20], [""Garam masala"", 5], [""Coriander powder"", 8], [""Kasuri methi"", 3], [""Coriander (dhania)"", 15], [""Atta"", 240], [""Mixed sprouts"", 100], [""Apple"", 150], [""Carrot"", 100], [""Masoor dal"", 60], [""Lemon"", 15], [""Chaat masala"", 5], [""Low fat paneer"", 350], [""Onion"", 190], [""Tomato"", 210], [""Garlic"", 25], [""Ginger"", 20], [""Haldi (turmeric)"", 6], [""Red chilli powder"", 8], [""Jeera powder"", 5], [""Sunflower oil"", 70], [""Salt (opened)"", 8], [""Rajma red (kidney beans)"", 150]]"
h5,h5,2026-08-01,"[B] Rahul: 2 eggs sunny side up + 1/3 avocado + 1 slice sourdough + mushroom onion stir fry; Radhika: 1 sunny + 2 whites + 1/4 avocado + stir fry + 1/2 slice sourdough + coffee; Skye: idlis + egg + veggies + fruit [L] Pessarattu + regular dosa, veg-loaded sambhar, green beans/carrot/low-fat paneer filling, no-oil tomato chutney; Radhika snack: fruit + 1 brazil nut [D] Rajma vegetable salad, coriander lime fish (no mirchi), boiled beetroot with lime & salt, roasted carrots; Skye: chopped cucumber & carrot + brown rice + aloo paratha. No count. ORDER 1-Aug before meals: moong sabut 500 g, mixed dal 500 g. FLAGS: avocado = 0 (not deducted); sambar veg combo = 0; no low-fat paneer SKU; onion, lemon, beetroot and French beans exhausted; ""fruit"" x2 unspecified.",3,"[[""Eggs (free-range brown)"", 6], [""Sourdough bread (Brik Oven)"", 60], [""Button mushroom"", 150], [""Onion"", 60], [""Idli/dosa batter"", 400], [""Whole green gram"", 180], [""Toor dal"", 120], [""Sambar powder"", 15], [""French beans"", 100], [""Paneer (Sid\u2019s Malai)"", 150], [""Brazil nut"", 5], [""Rajma"", 180], [""Cherry tomato"", 50], [""Basa fish"", 350], [""Coriander (dhania)"", 40], [""Lemon"", 1], [""Beetroot"", 2], [""Brown rice"", 100], [""Potato"", 1], [""Khapli flour"", 80], [""Ghee (Akshayakalpa)"", 10], [""Carrot"", 400], [""Tomato"", 350], [""Cucumber"", 2], [""Garlic peeled"", 30], [""Ginger"", 15], [""Red chilli powder"", 5], [""Turmeric powder"", 4], [""Cumin"", 4], [""Borges olive oil (EV)"", 45], [""Curry leaves"", 5]]"
h2,h2,2026-08-01,"MASTER INVENTORY COUNT after all 1-Aug meals — full overwrite. Every listed item set to the counted quantity; every unlisted item cleared to 0 (prior quantity preserved in each row note). 96 rows overwritten, 18 new SKUs, 74 rows cleared. No meal deduction applied — the count already reflects the day.",2,[]
h2,h2,2026-08-01,Master-count sweep completed: 54 further rows cleared to 0 — anything not named in the 1-Aug master list or its add-ons is now out. Prior quantities preserved in each row note.,2,[]
h1b,h1b,2026-08-01,"MEGA INVENTORY COUNT 1-Aug — full overwrite. 93 rows set, 11 new SKUs, 27 rows cleared. Expiry dates captured in the Expiry column.",1,[]
h4,h4,2026-08-01,Perishable inventory update 1-Aug — 15 rows counted; all other stock left unchanged. Capsicum pool counted at 200 g and split proportionally.,1,[]
h7,h7,2026-08-01,"[B] Suji ka cheela with tomato chutney (2) [L] Rajma masala, jeera rice, cucumber raita & green moong sprouts (2) [D] Paneer pav bhaji (2). No count, no order. Rajma was the 150 g soaked on 31-Jul — already deducted as prep, not deducted again. FLAGS: no rice SKU for jeera rice; no pav SKU (bread used); onion and tomato both exhausted; mixed sprouts exhausted.",2,"[[""Sooji"", 150], [""Besan"", 30], [""Dried red chilli"", 5], [""Imli (tamarind)"", 10], [""Curry leaves"", 5], [""Ginger garlic paste (Catch)"", 15], [""Kasuri methi"", 3], [""Coriander powder"", 6], [""English cucumber"", 150], [""Amul high protein dahi"", 100], [""Black salt"", 3], [""Mixed sprouts"", 23], [""Low fat paneer"", 150], [""Potato"", 300], [""Cauliflower"", 0.25], [""Green capsicum"", 80], [""Green beans"", 50], [""Carrot"", 30], [""Pav bhaji masala"", 15], [""Amul butter"", 40], [""Amul Lite butter"", 20], [""Bread"", 200], [""Lemon"", 15], [""Onion"", 130], [""Tomato"", 178], [""Green chilli"", 18], [""Coriander (dhania)"", 30], [""Ginger"", 20], [""Garlic"", 20], [""Garam masala"", 8], [""Haldi (turmeric)"", 6], [""Red chilli powder"", 8], [""Jeera powder"", 10], [""Sunflower oil"", 70], [""Salt (opened)"", 8]]"
h3,h3,2026-08-01,"No meals prepared — no deductions, no order, no inventory check (1-Aug). Stock unchanged. Third consecutive no-cook day (30 Jul, 31 Jul, 1 Aug).",0,[]
h8,h8,2026-08-01,"Perishable inventory count after lunch, 1-Aug — 41 rows overwritten, 1 new SKU, 48 unlisted perishables cleared to 0. Staples, pantry, spices, dals, grains and frozen left untouched. h8 is count-driven — no meal deduction applied.",2,[]
h7,h7,2026-08-02,No meals prepared on 2-Aug — no deductions. End-of-day perishable count applied instead (16 rows overwritten). Other stock left unchanged.,0,[]
h3,h3,2026-08-02,"Correction: the 30-Jul order for this household never happened. Six order lines deleted and the quantities reversed out of stock (skyr 4, urad dal 500 g, zero maida protein bread 250 g, arugula 50 g, eggs 10, chicken breast 450 g).",0,[]
h1b,h1b,2026-08-03,"[B] Methi thepla made with high protein atta [L] Boiled chicken, rice sauteed with veggies (peppers, broccoli, sauce, beans & carrot) [D] Mix veg curry + egg bhurji (5 whole eggs) + 4 rotis. ORDER before breakfast: methi 250 g, green chilli 100 g, ginger 200 g, broccoli 1 pc, French ring beans 250 g, desi tomato 500 g, gut shot 160 ml. Count taken AFTER all meals — counted values are authoritative, no model deduction applied. All other flour taken as 50% used. FLAGS: high protein atta shows 0 but breakfast used it; chicken breast not in the count though lunch was boiled chicken; ""rice 500 g"" applied to basmati.",2,[]
h4,h4,2026-08-03,"[B] Parsuram: Spring onion omelette (1) [L] Parsuram: Machha munda chhenchda, beans and rice (1) [D] No meal set — nothing deducted for dinner. No order, no inventory check. The catla head (thawed 31-Jul) went into lunch — 350 g used, 350 g still left. FLAG: 4th day since thawing, the remainder should be used immediately.",1,"[[""Eggs"", 2], [""Spring onion"", 40], [""Catla head (fish)"", 350], [""Potato"", 1], [""Haricot beans"", 120], [""Rice (Bhoomi Farms)"", 75], [""Mustard oil (Gramiya)"", 20], [""Onion"", 80], [""Tomato"", 60], [""Ginger"", 10], [""Garlic"", 10], [""Green chilli"", 10], [""Coriander"", 10], [""Turmeric/haldi powder"", 3], [""Chilli powder"", 3], [""Black jeera (shahi)"", 2], [""Groundnut oil"", 10], [""Black pepper powder"", 1], [""Salt (Tata)"", 5]]"
h3,h3,2026-08-03,"[B] Deviled egg sandwiches (both) + skyr for Disha [L] Chicken burrito bowl [D] Protein powder with psyllium husk in milk, banana & blueberries ~375 kcal. ORDER 3-Aug: chicken breast 269 g, lactose-free milk 500 ml, Sid Farm curd 1 kg, bread 250 g, roquette 50 g, coriander 100 g, chilli 100 g, yellow sweet corn 2, robusta banana 4, skyr 100 g. Count taken AFTER all meals — counted values authoritative, no model deduction. FLAGS: eggs not in the count though breakfast was deviled egg sandwiches; carrot flagged NOT GOOD; romaine present but no quantity given.",2,[]
h2,h2,2026-08-03,"[B] Munz: 5 soaked almonds + high-protein oatmeal (30 g oats) + 2 whole eggs + 5 whites; Soozy: 1 whole egg + 5 whites (boiled) [L] Air-fried chicken tikka (Munz 200 g / Soozy 150 g) + lime vinaigrette salad + boiled sweet potatoes + cut apples (2) [D] Marinated & grilled chicken (Munz 200 g / Soozy 150 g) with Indian mushroom salad; soak chickpeas. ORDER applied first. Cadence applied (milk −700 ml, plain greek yogurt −4 pots). No inventory check. FLAGS: no apple in stock for the cut apples; no cooking oil at all (all three olive oil rows are 0) for the vinaigrette and air-fryer.",2,"[[""Almonds"", 6], [""Rolled oats"", 30], [""Eggs"", 13], [""Chicken breast (Licious)"", 700], [""Sweet potato"", 300], [""Iceberg lettuce"", 100], [""Cherry tomato"", 80], [""Cucumber"", 100], [""Lemon"", 40], [""Oregano"", 6], [""Button mushroom"", 120], [""Onion"", 120], [""Ginger"", 25], [""Garlic"", 30], [""Greek yogurt (Milky Mist)"", 120], [""Chicken masala"", 12], [""Chilli powder"", 8], [""Turmeric powder"", 6], [""Coriander (dhania)"", 20], [""Green chilli"", 8], [""Salt"", 8], [""Black pepper (whole)"", 3], [""Kala chana"", 150], [""Cow milk (fresh) [cadence]"", 700], [""Greek yogurt (Akshayakalpa plain) [cadence]"", 4]]"
h5,h5,2026-08-03,"[B] Rahul: 2 whole + 2 whites mushroom spinach omelet; Radhika: 1 whole + 3 whites omelet + 1 slice sourdough + coffee; Skye: overnight oats with chia, oat milk, banana, nuts + egg & fruit [L] Radhika: grated tofu filling with greek yoghurt, red onion & celery in a beet/almond tortilla; snack: fruit + 1 brazil nut [D] Italian tomato basil chicken with Italian asparagus and spinach soup; Skye: cherry tomato + herbed butter rice; post-dinner fruit juice + soda; Radhika spearmint tea. ORDER applied before meals (36 lines). No inventory check. FLAGS still at zero and NOT deducted: chicken thighs, GobbleRight tortilla, brazil nut, chia, fruit juice, soda, spearmint tea, coffee; Rahul’s lunch was not listed on the plan. CORRECTION: chicken breast was not in stock at all — zeroed. Dinner used 1 of the 3 fresh chicken packs ordered on the morning of 3-Aug (bought date 3-Aug); 2 packs left.",3,"[[""Sourdough bread (Brik Oven)"", 40], [""Oats"", 50], [""Oat drink (Alt Co)"", 150], [""Banana (Yellaki)"", 1], [""Cashew whole (Supreme Harvest)"", 15], [""Tofu (Health on Plants)"", 150], [""Epigamia Greek yogurt (natural)"", 0.5], [""Ginger"", 15], [""Tomato"", 2], [""Cherry tomato"", 60], [""Matta broken rice (Double Horse)"", 100], [""Full cream milk (Heritage)"", 100], [""Coriander (dhania)"", 20], [""Borges olive oil (EV)"", 35], [""Butter"", 30], [""Eggs (free-range brown)"", 9], [""Button mushroom"", 80], [""Spinach"", 330], [""Celery"", 50], [""Asparagus"", 100], [""Onion"", 160], [""Chicken (fresh, 3 packs)"", 1]]"
h7,h7,2026-08-03,"[B] Besan chilla with mint coriander chutney (2) [L] Dal panchmel + 4 rotis + green moong sprout (2) [D] NOT COOKED — foxtail millet khichdi was not made, all dinner deductions reversed. Soaks (rajma, urad dal) left in place for tomorrow. Carrot-beetroot salad and aloo-beans sabzi were also not made — they were never on the plan card, so nothing had been deducted for them. ORDER applied before meals: coriander, paneer 200 g, sweet potato 500 g, tomato 500 g, beans 250 g, greek yogurt 2 x 100 g. No inventory check. FLAGS: no toor dal on this board — moong chilka used as the fifth dal in the panchmel; no rice SKU for the idli batter soak; coriander quantity not stated.",2,"[[""Besan"", 150], [""Mint"", 25], [""Coriander (dhania)"", 35], [""Green chilli"", 10], [""Masoor dal"", 60], [""Chana dal"", 60], [""Moong dal"", 60], [""Urad dal"", 60], [""Moong dal chilka"", 60], [""Atta"", 240], [""Green moong dal (whole)"", 120], [""Rajma red (kidney beans)"", 150], [""Onion"", 100], [""Ginger"", 10], [""Garlic"", 0.3], [""Curry leaves"", 5], [""Haldi (turmeric)"", 4], [""Jeera powder"", 3], [""Sunflower oil"", 35], [""Black salt"", 3], [""Salt"", 10], [""Urad dal [idli prep]"", 80]]"
h3,h3,2026-08-03,"3-Aug perishable list treated as a full overwrite — 19 perishables not on the list cleared to 0. Prior quantities preserved in each row note. Staples, dals, grains, spices, nuts, oils and pantry left untouched.",2,[]
h4,h4,2026-08-03,"ORDER placed 3-Aug AFTER all meals: chicken breast 450 g, prawns 250 g, paneer 200 g, 2 pomegranate (new SKU), 1 dry coconut. Cabbage corrected to 0.5 pc. No deduction — the order landed after the day’s cooking.",1,[]
h8,h8,2026-08-03,"Count taken AFTER LUNCH on 3-Aug (authoritative for B and L). Then an order landed. Monday DINNER deducted on top: moth, black dal & tofu curry + jowar-quinoa roti with broccoli sabzi; chickpeas soaked for Tuesday. ORDER: curry leaves 30 g, spinach 250 g, 1 capsicum each colour, edamame 500 g, 1 tender coconut, 3 kiwi.",2,"[[""Soft tofu"", 200], [""Jowar atta"", 150], [""Broccoli"", 200], [""Onion"", 2], [""Ginger"", 15], [""Garlic"", 0.3], [""Saffola cold-pressed groundnut oil"", 30], [""Moth beans"", 100], [""Black dal"", 100], [""Quinoa"", 50], [""White chole"", 150]]"
h1b,h1b,2026-08-04,"[B] Ishan: overnight oats; Shunyam: 2 boiled eggs + a glass of milk [L] Shunyam: leftover mix veg curry + 3 rotis + boiled chicken 100 g; Ishan: 200 g chicken, rice, veggies sauteed in Chinese sauce [D] 5 eggs bhurji + 4 rotis + salad. ORDER before breakfast: FreshToHome boneless chicken 400 g, Eggoz eggs 10, capsicum tricolour 3 pc, coriander 1 bunch, Nectr English cucumber 400 g. Inventory check taken end of day — counted items are authoritative, no deduction against them; only meal-driven staples outside the check were deducted. FLAGS: leftover mix veg curry — no raw deduction; two chicken rows in stock; ""few chillies"" and the two bunch entries are estimates.",2,"[[""Quaker oats"", 50], [""Cow milk (Akshayakalpa)"", 200], [""Eggs"", 7], [""Chicken boneless (FreshToHome)"", 300], [""Aashirvaad atta (2kg)"", 420], [""Basmati rice"", 75], [""Mustard oil"", 15], [""Turmeric powder"", 5], [""Chilli powder"", 4], [""Coriander powder"", 4], [""Jeera"", 4], [""Salt"", 8]]"
h4,h4,2026-08-04,"[B] Parsuram: Adai with coconut chutney (1) [L] Parsuram: Carrot & tomato soup, miso-glazed paneer donburi and sushi rice + pomegranate cooler; thaw chicken (1) [D] Arun: Chicken choila with sauteed bell peppers; thaw prawns (1). No order, no inventory check. FLAGS: the adai batter was ground on 31-Jul and already deducted then — not deducted again, but it is now 4 days old; capsicum pool 200 -> 100 g split proportionally; paneer capped at 100 g per meal; thaw-only items (chicken for tomorrow, prawns) not deducted.",1,"[[""Dry coconut"", 0.25], [""Chana dal"", 20], [""Urad dal"", 5], [""Curry leaves"", 5], [""Carrot"", 1], [""Tomato"", 150], [""Paneer"", 100], [""Tanita miso"", 40], [""Sushi rice"", 90], [""Butter"", 15], [""Chicken breast (boneless)"", 200], [""Mustard oil (Gramiya)"", 20], [""Green capsicum"", 17], [""Red capsicum"", 25], [""Yellow capsicum"", 25], [""Onion"", 130], [""Lemon"", 25], [""Ginger"", 25], [""Garlic"", 20], [""Green chilli"", 12], [""Coriander"", 20], [""Turmeric/haldi powder"", 5], [""Black pepper powder"", 4], [""Groundnut oil"", 30], [""Salt (Tata)"", 8], [""Pomegranate"", 1]]"
h3,h3,2026-08-04,"[B] Paneer corn palak tikka with scrambled eggs (both) + skyr for Disha [L] Disha: chicken coconut curry + steamed rice; Anirudh: leftover burrito bowl; packed banana + protein shaker with 1 scoop plain whey [D] Protein powder with psyllium husk in milk with apple & cherries ~375 kcal. ORDER: imported cherry 100 g, Keya chilli flakes 40 g, imported blueberry 125 g, Happy Hens eggs 12, chicken breast 450 g. No inventory check. FLAGS: paneer only 50 g for a 2-pax tikka — short; onion at 0 for the curry; apple finished; leftover burrito bowl — no raw deduction.",2,"[[""Malai paneer"", 50], [""Sweet corn kernels"", 50], [""Spinach"", 80], [""Eggs"", 4], [""Greek yogurt (Milky Mist)"", 1], [""Chicken"", 250], [""Coconut milk"", 0.5], [""Sona masoori raw rice (A)"", 75], [""Banana"", 1], [""Whey concentrate"", 0.15], [""Protein powder (A)"", 60], [""Psyllium husk"", 10], [""Lactose-free Amul milk"", 0.5], [""Apple"", 1], [""Tomato"", 100], [""Ginger"", 20], [""Garlic (fresh)"", 0.3], [""Green chilli"", 10], [""Chopped coriander"", 20], [""Curry leaves"", 5], [""Olive oil"", 25], [""Salt"", 8], [""Cherry (imported)"", 60]]"
h2,h2,2026-08-04,"[B] Munz: 5 soaked almonds + high-protein oatmeal (30 g oats) + 2 whole eggs + 5 whites; Soozy: 1 whole egg + 5 whites (boiled) [L] Japanese style sesame salad + teriyaki chicken stir fry (Munz 200 g / Soozy 150 g) + 100 g rice each [D] Mediterranean kala chana salad with boiled chicken (Munz 200 g / Soozy 150 g). ORDER: sugar 1 kg, cow milk 500 ml, Taj Mahal tea sample 12 g. Cadence applied (milk −700 ml, plain greek yogurt −4 pots). No inventory check. FLAGS: kala chana was soaked Monday and already deducted then — not deducted again; no soy sauce, mirin or rice wine in stock for the teriyaki glaze; no cooking oil at all.",2,"[[""Almonds"", 6], [""Rolled oats"", 30], [""Eggs"", 13], [""Chicken breast (Licious)"", 700], [""Boiled rice"", 200], [""Cucumber"", 150], [""Red cabbage"", 150], [""Carrot"", 80], [""Sesame seeds"", 20], [""White sesame seeds (Whole Farm)"", 10], [""Apple cider vinegar"", 20], [""Brown sugar"", 25], [""Ginger"", 30], [""Garlic"", 25], [""Cherry tomato"", 120], [""Feta cheese"", 45], [""Onion"", 80], [""Lemon"", 30], [""Oregano"", 6], [""Mint"", 15], [""Iceberg lettuce"", 80], [""Salt"", 8], [""Cow milk (fresh) [cadence]"", 700], [""Greek yogurt (Akshayakalpa plain) [cadence]"", 4]]"
h5,h5,2026-08-04,"[B] Rahul: bell pepper & onion egg bhurji (2 whole + 2 whites) + cucumber slices; Radhika: 1/4 cup oats + 1 dabba skyr + chia + flax + almond milk + cinnamon + berries + pumpkin seeds; Skye: overnight oats + chia + oat/almond milk + banana + nuts, egg & fruit [L] Radhika: 1 whole + 3 egg white curry + bhindi sabzi + matta rice; snack: fruit + 1 brazil nut [D] High-protein tofu hummus bowl with roasted mixed veggies; optional sourdough toast; Skye: carrot sticks + boiled corn + aloo paratha; post-dinner fruit juice + soda; Radhika spearmint tea. ORDER applied first (13 lines). No inventory check. FLAGS at zero, NOT deducted: flax seeds, pumpkin seeds, tahini, fruit juice, soda, spearmint tea; ""1 serving fruit"" x2 unspecified.",3,"[[""Eggs (free-range brown)"", 9], [""Red capsicum"", 1], [""Cucumber"", 1], [""Oats"", 75], [""Chia seeds"", 20], [""Almond drink (Alt Co)"", 60], [""Cinnamon"", 2], [""Blueberry (imported)"", 40], [""Milky Mist Skyr"", 1], [""Banana (Yellaki)"", 1], [""Cashew whole (Supreme Harvest)"", 15], [""Lady's fingers (bhindi)"", 250], [""Matta broken rice (Double Horse)"", 100], [""Brazil nut"", 5], [""Tofu (Health on Plants)"", 200], [""Kabuli chana"", 150], [""Cauliflower"", 150], [""Zucchini"", 1], [""Yellow capsicum"", 1], [""Sourdough bread (Brik Oven)"", 40], [""Sweet corn"", 1], [""Potato"", 1], [""Khapli flour"", 80], [""Onion"", 200], [""Carrot"", 250], [""Ginger"", 25], [""Garlic peeled"", 30], [""Lemon"", 1], [""Turmeric powder"", 6], [""Red chilli powder"", 5], [""Cumin"", 6], [""Olive oil (Borges EV)"", 60]]"
h7,h7,2026-08-04,"[B] Paneer paratha + curd (2) [L] Rajma masala, jeera rice, cucumber raita & green moong sprouts (2) — soak urad dal & rice for idli batter [D] Foxtail millet khichdi (2). No order, no inventory check. FLAGS: the rajma was the 150 g soaked Monday and already deducted then — not deducted again; still NO rice SKU on this board, so neither the jeera rice nor the idli-batter rice soak could be deducted; curd finished across breakfast and the raita.",2,"[[""Low fat paneer"", 200], [""Atta"", 240], [""Amul high protein dahi"", 40], [""English cucumber"", 1], [""Amul high protein dahi"", 60], [""Green moong dal (whole)"", 120], [""Mint"", 10], [""Urad dal"", 80], [""Foxtail millet"", 150], [""Carrot"", 1], [""Potato"", 1], [""Onion"", 180], [""Tomato"", 150], [""Ginger"", 30], [""Garlic"", 0.3], [""Curry leaves"", 8], [""Haldi (turmeric)"", 8], [""Jeera powder"", 8], [""Green chilli"", 10], [""Coriander (dhania)"", 20], [""Garam masala"", 5], [""Kasuri methi"", 3], [""Sunflower oil"", 60], [""Salt"", 10]]"
h8,h8,2026-08-04,"MEGA INVENTORY COUNT after lunch 4-Aug — full overwrite, everything not on the list cleared to 0. 171 rows set, 1 new SKUs, 84 cleared. ORDER after lunch: ginger 200 g, dragon fruit 1, muskmelon 1, Akshayakalpa paneer 200 g, avocado 1, strawberry 1 box. Tuesday DINNER deducted on top: palak mangodi, low fat paneer bhurji, jowar-quinoa roti, green beans masala; moong soaked for Wednesday.",2,"[[""Spinach/Palak"", 250], [""Mangodi"", 80], [""Paneer"", 200], [""Jowar atta"", 150], [""Quinoa"", 50], [""Beans"", 150], [""Onion"", 80], [""Tomato"", 1], [""Ginger"", 15], [""Green chilli"", 10], [""Coriander (dhania)"", 20], [""Turmeric powder"", 4], [""Yellow moong dal"", 80], [""Groundnut oil (Saffola)"", 30]]"
h8,h8,2026-08-04,"Mega-count review: 13 items restored (missed in the sweep), 17 kids’-cupboard items and 8 others confirmed gone. SKU-naming duplicates confirmed: Black dal = Urad black whole, White rajma (open) = Chitra rajma. Basil stays at 40 g (Italian basil row left at 0); lemon restored; the rest of the fresh list confirmed gone.",2,[]
h1b,h1b,2026-08-05,"[B] Ishan: masala omelette (3 eggs); Shunyam: masala omelette (2 eggs) [L] No meal set [D] Shunyam & Ishan: Dahi bhindi & roti ONLY — the 100 g paneer bhurji was SKIPPED. ORDER 5-Aug: bread 270 g, ladies finger 250 g, curd 500 g, ginger garlic paste 50 g, Provilac cacao 250 g. Check taken AFTER meals — counted values authoritative, no deduction against them. Expiry dates captured for chana dal (12/26), groundnut (12/26), cheese (1/27), whole turmeric (8/26). FLAGS: paneer bhurji skipped, so no paneer consumed and none needed; bhindi ordered 250 g and fully used in the dahi bhindi; lunch not set.",2,[]
h4,h4,2026-08-05,"[B] Parsuram: Masala beans oats upma + 2 boiled eggs (1) [L] Parsuram: Sesame ginger shrimp and cabbage stew (1) — thaw chicken [D] Arun: Chicken soupy ramen bowl (1) — soak green moong dal. No order, no inventory check. FLAGS: prawns, cabbage, haricot beans, wheat atta noodles and green chilli all fully used; the chicken thawed at lunch went into the ramen the same evening.",1,"[[""Rolled oats"", 55], [""Haricot beans"", 80], [""Eggs"", 2], [""Carrot"", 1], [""Prawns"", 250], [""Cabbage"", 0.5], [""White sesame seeds"", 15], [""Black sesame oil"", 15], [""Chicken breast (boneless)"", 200], [""Whole wheat atta noodles (yu)"", 120], [""White miso dashi"", 120], [""Spring onion"", 60], [""Black sesame seeds"", 5], [""Kyoto chilli oil furikake"", 5], [""Green moong"", 120], [""Onion"", 150], [""Ginger"", 50], [""Garlic"", 30], [""Green chilli"", 8], [""Coriander"", 20], [""Turmeric/haldi powder"", 4], [""Dhaniya (coriander) powder"", 3], [""Groundnut oil"", 35], [""Salt (Tata)"", 8], [""Black pepper powder"", 3]]"
h7,h7,2026-08-05,"[B] Dosa with aloo masala (2) [L] Paneer bhurji + 4 rotis + green moong sprout + cut carrot (2) [D] Sweet potato chat (2). No order, no inventory check. FLAGS: the dosa came from the batter soaked on 4-Aug — the urad dal half was deducted then, but the rice half still cannot be deducted because this board has NO rice SKU (fourth time); paneer fully used; no curd for the chat. Red chilli powder ran out mid-day (needed 6 g, had 4 g).",2,"[[""Potato"", 2], [""Curry leaves"", 5], [""Low fat paneer"", 200], [""Atta"", 240], [""Green moong dal (whole)"", 120], [""Carrot"", 1], [""Sweet potato"", 300], [""Chaat masala"", 8], [""Lemon"", 15], [""Onion"", 190], [""Tomato"", 120], [""Ginger"", 25], [""Garlic"", 0.3], [""Green chilli"", 18], [""Coriander (dhania)"", 30], [""Haldi (turmeric)"", 8], [""Jeera powder"", 6], [""Kasuri methi"", 3], [""Sunflower oil"", 60], [""Salt"", 10], [""Red chilli powder"", 4]]"
h3,h3,2026-08-05,"[B] Extra veggies masala omelette (both) + skyr for Disha [L] Air fried chicken kofta curry & rotis [D] Protein powder with psyllium husk in milk with banana & cherries ~375 kcal. ORDER before all meals: paneer 200 g, Amul lactose-free milk 2 x 250 ml. Check taken AFTER meals — counted values authoritative; only atta, protein powder and psyllium (outside the check) were deducted. FLAGS: curry leaves listed twice at 50 g and 100 g — 100 g used; ""chicken marinated"" and ""hung curd"" given with no quantity; paneer expiry 28-Aug-2026 captured.",2,"[[""Atta"", 240], [""Protein powder (A)"", 60], [""Psyllium husk"", 10]]"
h2,h2,2026-08-05,"Perishable inventory overwritten at end of 5-Aug — 39 rows set, 3 new SKUs, 10 unlisted perishables cleared. Two older lots recorded as separate SKUs and marked EXPIRED: prawns 163 g and chicken breast 400 g. Staples, spices, oils, dals, grains and pantry left untouched.",2,[]
h8,h8,2026-08-05,"Count taken AFTER LUNCH on 5-Aug (authoritative for B and L), then an order landed. Wednesday DINNER deducted on top: tofu fried rice with carrots, beans, cabbage and onion, less brown rice, chili sauce and coconut aminos. ORDER: haricot beans 250 g, cherry tomato 200 g, English cucumber 250 g, curly parsley 50 g, mint 100 g, tomato 500 g, coriander 100 g, garlic 100 g, ginger 200 g, celery 100 g, yellow & red capsicum 1 each, broccoli 350 g, makhana 100 g, ghee 500 g.",2,"[[""Hard tofu"", 300], [""Brown rice"", 150], [""Carrot"", 200], [""Haricot beans"", 150], [""Cabbage"", 0.5], [""Onion"", 150], [""Crunchy chili garlic oil"", 30], [""Coconut aminos umami sauce"", 20], [""Premium dark soy sauce"", 20], [""Spring onion"", 60], [""Ginger"", 30], [""Green chilli"", 10], [""Sesame oil"", 10], [""Groundnut oil (Saffola)"", 30], [""Tata salt"", 8]]"
h3,h3,2026-08-05,"End of 5-Aug: perishable inventory overwritten — 35 rows set, 1 new SKU, 11 unlisted perishables cleared. Peanut oil corrected to 200 g. Staples untouched. Spring onion 150 g marked SPOILED on the board.",2,[]
h1b,h1b,2026-08-06,"[B] Ishan & Shunyam: French toast [L] Ishan: leftover bhindi and rice + 200 g honey garlic chicken breast; Shunyam: leftover bhindi and rice [D] No meal set. ORDER 6-Aug: chicken boneless 400 g. Check taken AFTER meals — counted values authoritative; only eggs, milk, honey, sugar and oil (outside the check) were deducted. The chicken reconciles exactly: 400 g in, 200 g used at lunch, 200 g counted. FLAGS: leftover bhindi and rice — no raw deduction; green capsicum now 0; dinner not set.",2,"[[""Eggs"", 4], [""Milk"", 150], [""Honey (Organic India, multifloral)"", 30], [""Sugar"", 15], [""Mustard oil"", 15]]"
h4,h4,2026-08-06,"[B] Parsuram: Korean style cabbage pancake (1) [L] Parsuram: Chettinad chicken curry, chatpata green moong and 2 bajra roti (1) [D] Arun: Paneer jhol momos (1) — soak white peas, thaw fish head. An order landed on 5-Aug AFTER all meals (mint dropped): tempeh 200 g, broccoli 350 g, eggs 10, carrot 500 g, tricolour capsicum 1 each, prawns 250 g, chicken breast 450 g, tilapia 250 g. Thursday re-run against that stock — the Chettinad curry now gets a full 200 g of chicken instead of the 50 g it was short to. FLAGS: CABBAGE IS AT ZERO — Wednesday’s stew took the last of it, so the pancake had no cabbage; green chilli at 0; the catla head (350 g) was thawed tonight for tomorrow, not deducted.",1,"[[""Besan"", 80], [""Cornflour"", 20], [""Spring onion"", 50], [""Black sesame oil"", 10], [""White sesame seeds"", 10], [""Chicken breast (boneless)"", 200], [""Pooja coconut (whole)"", 0.35], [""Krishi Veda Byadgi whole chilli"", 12], [""Fennel seeds"", 8], [""Star anise"", 4], [""Coriander seeds"", 8], [""Black pepper powder"", 6], [""Curry leaves"", 15], [""Green moong"", 120], [""Organic bajra"", 120], [""Paneer"", 100], [""Maida (refined flour)"", 120], [""Kashmiri chilli powder"", 6], [""White peas"", 150], [""Onion"", 250], [""Tomato"", 180], [""Ginger"", 45], [""Garlic"", 35], [""Coriander"", 25], [""Turmeric/haldi powder"", 8], [""Dhaniya (coriander) powder"", 8], [""Groundnut oil"", 45], [""Salt (Tata)"", 8], [""Carrot"", 120], [""Green capsicum"", 0.3]]"
h3,h3,2026-08-06,"[B] Disha: egg bhurji & skyr; Anirudh: egg bhurji + 1 banana (packed) + 1 protein scoop in a shaker (packed) [L] Disha: pepper chicken with rice and hung curd dip; Anirudh: pepper chicken 100 g with rice (less) and hung curd dip [D] Disha: protein powder with psyllium husk in milk with banana & blueberries ~375 kcal; Anirudh: water-based protein bowl ~100 kcal. ORDER 6-Aug: eggs 12, chicken 450 g x 2. No inventory check. CORRECTED from an earlier card that showed lemon chicken with herbed rice — lemon, spring onion and butter returned, chicken adjusted to 300 g. FLAGS: banana fully used; protein powder now 34 g across both tubs.",2,"[[""Eggs"", 6], [""Greek yogurt (Milky Mist)"", 1], [""Chicken"", 300], [""Sona masoori raw rice (A)"", 120], [""Protein powder (B)"", 60], [""Psyllium husk"", 10], [""Lactose-free Amul milk"", 0.5], [""Onion"", 2], [""Tomato"", 2], [""Green chilli"", 12], [""Chopped coriander"", 30], [""Pepper powder"", 12], [""Olive oil"", 45], [""Banana"", 2], [""Protein powder (B)"", 30], [""Hung curd"", 60], [""Pepper powder"", 6], [""Blueberry (imported)"", 60]]"
h7,h7,2026-08-06,"[B] Masala dosa (existing batter) with coconut coriander chutney (2) [L] Matkichi usal and chapatis (2) — soak masoor dal [D] Rajma paneer aloo tikki with hung curd dip (2). No order, no inventory check. FLAGS: NO MATKI (moth beans) on this board — whole green moong used for the usal; NO PANEER — the tikki went without it; NO CURD of any kind for the hung curd dip; potato fully used across breakfast and dinner; the dosa came from existing batter so no batter deduction; haldi down to 7 g.",2,"[[""Potato"", 1], [""Coconut"", 0.25], [""Chana dal"", 25], [""Curry leaves"", 8], [""Green moong dal (whole)"", 150], [""Atta"", 240], [""Garam masala"", 6], [""Masoor dal"", 150], [""Rajma red (kidney beans)"", 180], [""Potato"", 1], [""Besan"", 40], [""Chaat masala"", 6], [""Onion"", 200], [""Tomato"", 150], [""Ginger"", 30], [""Garlic"", 0.35], [""Green chilli"", 18], [""Coriander (dhania)"", 40], [""Haldi (turmeric)"", 8], [""Jeera powder"", 8], [""Lemon"", 15], [""Sunflower oil"", 60], [""Salt"", 10]]"
h5,h5,2026-08-06,"[B] Rahul: shakshuka (2 whole + 3 whites) + 1 slice sourdough; Radhika: 1 whole + 3 whites shakshuka + 1 slice sourdough + coffee; Skye: overnight oats + chia + oat milk + banana + nuts, egg & fruit [L] Radhika: GobbleRight almond wrap with 1 whole + 3 whites omelette, dahi chutney, cucumber sticks & cherry tomatoes; snack: fruit + 1 brazil nut [D] Dry mutton curry with khapli wheat rotis and mixed vegetable curry; Skye: beetroot sticks and ajwain paratha; post-dinner fruit juice + soda; Radhika spearmint tea. ORDER 6-Aug: skyr 225 g x 2, coconut chunks 100 g. No inventory check. ⚠ WEDNESDAY 5-AUG WAS NEVER CLOSED for this household — no meal plan was received, so that day’s consumption is unaccounted and these figures run one day light. FLAGS at zero, not deducted: MUTTON (the dinner headline), GobbleRight wrap, coffee, fruit juice, soda, spearmint tea.",3,"[[""Eggs (free-range brown)"", 14], [""Sourdough bread (Brik Oven)"", 80], [""Tomato"", 400], [""Red capsicum"", 1], [""Cumin"", 8], [""Oats"", 50], [""Chia seeds"", 15], [""Oat drink (Alt Co)"", 150], [""Banana (Yellaki)"", 1], [""Cashew whole (Supreme Harvest)"", 15], [""Milky Mist Skyr"", 1], [""Cucumber"", 1], [""Cherry tomato"", 80], [""Brazil nut"", 5], [""Khapli flour"", 200], [""Ajwain"", 4], [""Beetroot"", 1], [""Carrot"", 200], [""French beans"", 150], [""Frozen green peas"", 150], [""Cauliflower"", 200], [""Onion"", 250], [""Ginger"", 30], [""Garlic peeled"", 30], [""Coriander (dhania)"", 30], [""Turmeric powder"", 8], [""Red chilli powder"", 8], [""Ghee (Akshayakalpa)"", 20], [""Olive oil (Borges EV)"", 50]]"
h2,h2,2026-08-06,"NO COOKING on 6-Aug — no meals prepared, no deductions. Daily cadence NOT applied (cadence runs only on days meals were cooked). No inventory check. ORDER: milk 500 ml x 2 units, greek yogurt 90 g x 1. ⚠ Wednesday 5-Aug meals are still unrecorded for this household — the perishable count covered that day’s produce but the staples were never deducted.",0,[]
h7,h7,2026-08-06,"Back-dated: an 11-item order landed at the START of 5-Aug and has now been applied — green capsicum 500 g, coconut 1 pc, lemon 250 g, tomato 500 g, Amul Taaza toned milk 1 L, three Paper Boat sparkling drinks, plus Harpic, a scrub pad and garbage bags. Produce ADDED to existing stock per the order rule; milk REPLACED because the pre-existing milk was removed on instruction. The 5-Aug and 6-Aug meal deductions stand — none of the items that ran short those days (matki, paneer, curd, red chilli powder, potato) were in this order.",0,[]
h8,h8,2026-08-06,"Count taken AFTER LUNCH on 6-Aug (cook didi’s list, 44 lines) — authoritative for breakfast and lunch. Thursday DINNER deducted on top: baked falafel, weight-loss hummus, quinoa tabbouleh parsley salad, mediterranean veggie soup; moong soaked for Friday, rice and urad soaked for Saturday’s dosa. Unlisted perishables were NOT swept — the list is a partial check, so long-life and recently-bought items were left standing and reported separately.",2,"[[""Chickpeas (open)"", 100], [""Tahini paste (white)"", 60], [""Quinoa"", 150], [""Curly parsley"", 45], [""Mint"", 30], [""English cucumber"", 150], [""Tomato"", 1], [""Celery"", 80], [""Carrot"", 1], [""Onion"", 200], [""Extra virgin olive oil"", 60], [""Zaatar seasoning"", 10], [""Sumac powder"", 8], [""Lemon"", 2], [""Garlic"", 20], [""Coriander powder"", 8], [""Baking powder"", 5], [""Tata salt"", 10], [""Green capsicum"", 0.5], [""Yellow moong dal"", 80], [""Urad black whole"", 100], [""Basmati rice (Daawat)"", 200]]"
h8,h8,2026-08-06,Perishables absent from the 6-Aug count removed on instruction — 18 rows cleared. Staples untouched. Onion petals reclassified as a STAPLE so future perishable sweeps skip it.,2,[]
h8,h8,2026-08-06,"A 21-line order landed 6-Aug AFTER lunch and after the count — added on top of the counted figures per the order rule. Highlights: lobia 1 kg, paneer 400 g, bhindi 500 g (new SKU), full cream milk 3 L, banana 500 g, besan 500 g, greek yogurt 2 tubs, beetroot 250 g, English cucumber 250 g, plus fruit.",2,[]
h1b,h1b,2026-08-07,"[B] Scrambled eggs [L] Ishan: 200 g chicken, rice, veggies sauteed in Chinese sauce; Shunyam: 150 g chicken, rice, veggies in sauteed Chinese sauce [D] 5 eggs bhurji, 4 roti, salad. ORDER 7-Aug: eggs 10, chicken breast 400 g. Check taken AFTER all meals — counted values authoritative; only rice, atta, oil, milk and spices (outside the check) were deducted. FLAGS: the check list repeats the order lines (chicken 400 g, eggs 10) at the top and then gives the counted figures lower down (chicken 300 g, eggs 6) — the counted figures were used.",2,"[[""Basmati rice"", 150], [""Aashirvaad atta (2kg)"", 240], [""Mustard oil"", 25], [""Turmeric powder"", 5], [""Chilli powder"", 5], [""Coriander powder"", 4], [""Jeera"", 4], [""Salt"", 8], [""Milk"", 100]]"
h4,h4,2026-08-07,"[B] Parsuram: Dalia upma + 2 boiled eggs (1) [L] Parsuram: Fry catla head fish in mustard oil, only fry (1) [D] Arun: Tempeh sadeko, kerau ko jhol (white pea semi-gravy) and 3 rotis (1). No order, no inventory check. FLAGS: no dalia SKU — emmer wheat used for the upma; the white peas for the jhol were soaked on 6-Aug and already deducted then, so not deducted again; the catla head is finally cleared after being thawed twice; green chilli still at 0.",1,"[[""Emmer wheat"", 60], [""Eggs"", 2], [""Carrot"", 60], [""Red mustard seeds"", 4], [""Curry leaves"", 8], [""Catla head (fish)"", 350], [""Mustard oil"", 50], [""Kashmiri chilli powder"", 5], [""Tempeh (Hello Tempayy masala cubes)"", 100], [""Wheat flour"", 180], [""Lemon"", 20], [""Mustard oil"", 20], [""Onion"", 190], [""Tomato"", 90], [""Ginger"", 35], [""Garlic"", 25], [""Coriander"", 25], [""Turmeric/haldi powder"", 8], [""Dhaniya (coriander) powder"", 6], [""Groundnut oil"", 25], [""Salt (Tata)"", 8]]"
h3,h3,2026-08-07,"[B] Disha: egg club sandwich & skyr; Anirudh: egg club sandwich [L] Disha: Chettinad chicken with rotis and hung curd dip; Anirudh: Chettinad chicken 100 g with rotis and hung curd dip, plus a packed scoop of protein and a banana [D] Disha: protein powder with psyllium husk in milk with apple & cherries; Anirudh: two egg club sandwiches. ORDER 7-Aug: sourdough 400 g, robusta banana 4. No inventory check. FLAGS: BOTH protein tubs emptied and still ~1 g short of the day’s two servings; apple finished; hung curd finished; cheese slices finished; no skyr on the board for Disha; no fennel, star anise or dry red chilli for the Chettinad masala.",2,"[[""Eggs"", 8], [""Sourdough bread"", 10], [""Cheese slices"", 2], [""Butter"", 0.3], [""Iceberg lettuce"", 0.4], [""English cucumber"", 1], [""Tomato"", 3], [""Chicken"", 300], [""Atta"", 240], [""Hung curd"", 40], [""Coconut cream"", 80], [""Curry leaves"", 15], [""Onion"", 3], [""Ginger"", 30], [""Garlic (fresh)"", 0.5], [""Chopped coriander"", 30], [""Protein powder (A)"", 25], [""Protein powder (B)"", 34], [""Psyllium husk"", 10], [""Lactose-free Amul milk"", 0.5], [""Apple"", 1], [""Cherry (imported)"", 40], [""Banana"", 1], [""Olive oil"", 40], [""Salt"", 8]]"
h5,h5,2026-08-07,"[B] Rahul: pessarattu dosa + masala spinach omelette (1 whole + 2 whites) + green mint chutney; Radhika: pessarattu dosa + omelette (3 whites) + chutney + sauteed spinach; Skye: overnight oats + chia + oat milk + banana + nuts, egg & fruit [L] Radhika: GobbleRight almond wraps + green chutney with tofu and veggie filling; snack: fruit + 1 brazil nut [D] Gravy matar low-fat paneer with beans & carrot sabzi and lauki sabzi, jowar spinach rotis; Skye: methi paratha and carrot sticks; post-dinner fruit juice + soda; Radhika spearmint tea. No order, no inventory check. ⚠ WEDNESDAY 5-AUG IS STILL UNCLOSED for this household — no plan was ever received, so these figures run one day light. FLAGS at zero, not deducted: PANEER (the dinner headline — gravy matar low-fat paneer had none), GobbleRight wrap (Radhika’s lunch, eighth day running), fruit juice, soda, spearmint tea.",3,"[[""Whole green gram"", 120], [""Eggs (free-range brown)"", 7], [""Spinach"", 170], [""Mint"", 30], [""Coriander (dhania)"", 25], [""Oats"", 50], [""Chia seeds"", 15], [""Oat drink (Alt Co)"", 150], [""Banana (Yellaki)"", 1], [""Cashew whole (Supreme Harvest)"", 15], [""Tofu (Health on Plants)"", 150], [""Carrot"", 120], [""Cherry tomato"", 60], [""Brazil nut"", 5], [""Frozen green peas"", 300], [""French beans"", 200], [""Bottle gourd"", 1], [""Jowar flour"", 150], [""Fresh methi"", 100], [""Khapli flour"", 80], [""Ghee (Akshayakalpa)"", 15], [""Onion"", 280], [""Tomato"", 250], [""Ginger"", 35], [""Garlic peeled"", 30], [""Green chilli"", 20], [""Turmeric powder"", 8], [""Red chilli powder"", 7], [""Cumin"", 8], [""Kasuri methi"", 4], [""Olive oil (Borges EV)"", 55]]"
h7,h7,2026-08-07,"[B] Masoor dal dosa with coriander chutney (2) [L] Achari paneer tikka with 4 rotis (2) [D] Paneer beetroot wrap (2) — soak moong dal. ORDER 7-Aug: apple 2, Fiji fruit punch 250 ml, set curd 400 g, low fat paneer 200 g, crunchy roasted edamame, Troovy puffs pudina, chickpea baked puff, pineapple 1 kg. No inventory check. FLAGS: the 200 g of paneer ordered today was used entirely at lunch, so the DINNER WRAP HAD NO PANEER — order more; the masoor dal dosa came from the 150 g soaked on 6-Aug and was not deducted again; no coriander SKU with stock for the chutney; three snack items came without quantities.",2,"[[""Chana dal"", 25], [""Coconut"", 0.25], [""Curry leaves"", 8], [""Low fat paneer"", 200], [""Curd"", 100], [""Green capsicum"", 100], [""Fennel seeds"", 8], [""Atta"", 240], [""Beetroot"", 250], [""English cucumber"", 1], [""Moong dal"", 80], [""Onion"", 130], [""Tomato"", 120], [""Ginger"", 25], [""Garlic"", 0.35], [""Green chilli"", 15], [""Haldi (turmeric)"", 6], [""Jeera powder"", 6], [""Chaat masala"", 6], [""Lemon"", 25], [""Sunflower oil"", 55], [""Salt"", 10]]"
h2,h2,2026-08-07,"[B] Munz: 5 soaked almonds + high-protein oatmeal (30 g oats) + 2 whole eggs + 5 whites; Soozy: 1 whole egg + 5 whites (boiled) [L] Spicy prawn salad + peanut garlic dressing salad (cucumber, tomato, avocado, red cabbage) both; cut apple and orange [D] Chicken steak with mushroom sauce + salad (lettuce, baby corn, cherry tomato) — Munz 200 g / Soozy 150 g. ORDER 7-Aug: mushroom 180 g, coriander 100 g, lemon 250 g, eggs 20, chicken breast 800 g. Check taken AFTER all meals — counted values authoritative; only items outside the check were deducted. Cadence NOT applied on top (the count supersedes it). FLAGS: the list gives carrot twice (2 and 10, read as 12) and eggs twice — resolved as 11 counted in stock PLUS the 20 ordered = 31, the order having arrived after the count; no fresh cream on the board for the mushroom sauce; Wednesday 5-Aug meals are still unrecorded for this household.",2,"[[""Rolled oats"", 30], [""Almonds"", 6], [""Prawns (FreshToHome)"", 250], [""Avocado"", 1], [""Cucumber"", 300], [""Tomato"", 150], [""Oranges / pomegranate"", 120], [""Iceberg lettuce"", 100], [""Baby corn"", 100], [""Cherry tomato"", 100], [""Peanuts"", 30]]"
h5,h5,2026-08-05,"[BACKFILLED 7-Aug from the smart-meal-planner app — the plan was never sent manually] [B] Rahul: bell pepper & onion egg bhurji (2 whole + 2 whites) + cucumber slices; Radhika: 1/4 cup oats + skyr + chia/flax + almond milk + cinnamon + berries + pumpkin seeds; Skye: overnight oats + egg & fruit [L] Radhika: one-pot quinoa chicken pulao with skyr raita; snack fruit + 1 brazil nut [D] Soy-glazed salmon with bok choy & broccoli stir fry and matta rice (small); Skye: carrot sticks + cherry tomatoes; post-dinner juice + soda; Radhika spearmint tea. FLAGS: SALMON, BOK CHOY, flax and pumpkin seeds all at 0 — named in the plan, nothing to deduct; juice/soda/spearmint tea 0 as every day this week. Deduction runs against 7-Aug stock because Thu and Fri were closed first — net weekly arithmetic is unchanged.",3,"[[""Eggs (free-range brown)"", 5], [""Red capsicum"", 0.5], [""Cucumber"", 0.5], [""Oats"", 75], [""Milky Mist Skyr"", 2], [""Chia seeds"", 20], [""Almond drink (Alt Co)"", 60], [""Cinnamon (Organic Tattva)"", 1], [""Blueberry (imported)"", 40], [""Oat drink (Alt Co)"", 150], [""Banana (Yellaki)"", 1], [""Cashew whole (Supreme Harvest)"", 15], [""Quinoa (Organeekz organic)"", 150], [""Chicken (fresh, 3 packs)"", 0.5], [""Brazil nut"", 5], [""Broccoli"", 0.5], [""Matta broken rice (Double Horse)"", 100], [""Soy sauce"", 25], [""Sesame oil"", 10], [""Carrot"", 120], [""Cherry tomato"", 60], [""Onion"", 220], [""Ginger"", 30], [""Garlic peeled"", 25], [""Coriander (dhania)"", 25], [""Olive oil (Borges EV)"", 45], [""Black pepper powder (Catch)"", 5]]"
h2,h2,2026-08-05,"[BACKFILLED 7-Aug from the smart-meal-planner app] [B] Munz: oats smoothie (extra portion in the fridge); Soozy: 1 whole egg + 5 whites [L] Munz: 2 whole + 5 whites; Soozy: Cambodian prawn salad 150 g + boiled sweet potatoes; cut kiwis [D] Garlic & rosemary chicken 200/150 g + honey mustard salad (monk fruit sweetener). Only smoothie staples deducted (oats, whey, peanut butter, salt) — the 5-Aug END-OF-DAY perishable and condiment counts were taken after these meals, so eggs, prawns, chicken, sweet potato, rosemary, kiwi, mustard and honey are already reflected in the counted figures. Cadence not applied — the count supersedes it. This resolves the rosemary/sweet-potato/prawn depletion seen in that count.",2,"[[""Rolled oats"", 40], [""Whey protein"", 30], [""Peanut butter"", 15], [""Salt"", 8]]"
h1b,h1b,2026-08-07,"CORRECTION (not a meal): chicken breast was split across two vendor-named rows, causing the balance to read 400 g when ~150 g was physically counted on 7-Aug. Merged both into ""Chicken breast (boneless)"" = 150 g; duplicate row zeroed. Root cause of the earlier over-count: orders landed on one name, deductions on another, and 6-Aug had no chicken deduction logged. Breast/thigh/mince/curry-cut remain distinct SKUs.",0,[]
h8,h8,2026-08-07,"Nothing cooked 7-Aug. After-lunch physical count taken as the 7-Aug close — COUNT OVERWRITES. 39 lines: perishables + the staples given (quinoa 150, kala chana 300, whole black pepper 70, idli/dosa batter 1 kg). New: homemade paneer 500 g. Okra recorded on the Bhindi SKU (=okra). Palak = Spinach/Palak row. No deductions applied (no meals).",2,[]
h8,h8,2026-08-07,7-Aug overwrite count — 23 perishables absent from the count were zeroed. Okra set to 500 g. Protein powder kept (staple). Makhana and ghee reclassified as Staples (were miscategorised as Vegetable) so future perishable sweeps skip them.,2,[]
h5,h5,2026-08-07,"MEAT CORRECTION: chicken (fresh) fully consumed — 2 packs in 2 chicken meals + 1 pack into dog food = 0 left. Catla fish 500 g cleared (never deducted since the 30-Jul order; the 1-Aug Mediterranean baked fish drew Basa instead, leaving catla as a phantom). Root cause logged: a generic plan word (""fish""/""chicken"") was matching ONE SKU and leaving other lots undrawn.",3,[]
h1b,h1b,2026-08-08,"[B] Shakshuka (2) [L] Chicken tikka rice — Ishan 200 g / Shunyam 150 g [D] Veg jalfrezi + 4 rotis + cucumber raita. ORDER 8-Aug: chicken breast 400 g (FreshToHome, ₹269) — read from the cart image; placed 7:28 AM, delivered before Selvi akka. Consolidated breast row: 150+400=550, minus 350 = 200 left. FLAGS: curd fully used in the tikka marinade so the cucumber raita had no curd unless bought offline; no cucumber SKU tracked. Shunyam posted a breakfast photo — shakshuka confirmed cooked.",2,"[[""Eggs"", 5], [""Tomato"", 2], [""Onion"", 10], [""Chicken breast (boneless)"", 350], [""Curd (Akshayakalpa)"", 100], [""Basmati rice"", 150], [""Ginger garlic paste"", 1], [""Chilli powder"", 5], [""Garam masala"", 1], [""Turmeric powder"", 4], [""Beans (French)"", 100], [""Carrot"", 1], [""Aashirvaad atta (2kg)"", 240], [""Mustard oil"", 30], [""Jeera"", 4], [""Salt"", 8], [""Milk"", 100]]"
h2,h2,2026-08-08,"[B] Munz almonds + oatmeal + 2 whole/5 whites; Soozy 1 whole/5 whites [L] Chicken majestic 200/150 + Indian mushroom salad with boiled sweet potato 100 g each + cut kiwis [D] Munz chicken breast curry 200 g + 3 rotis; Soozy bang bang chicken salad 150 g + rainbow salad. 9:11 AM after-prep text check applied first: chicken 171 g EXPIRED and discarded; poha, maida and dosa batter expired to 0; opened coconut-milk packs discarded (curry made without coconut milk or with fresh pack — none on board). ginger garlic paste flagged LOW by the cook. ORDER: 2 packs Sheba cat food (offline) — non-meal. FLAGS: mushroom salad had NO mushroom on the board (yesterday's 180 g went into Friday's sauce); sweet potato was 0 — flagged short.",2,"[[""Almonds"", 6], [""Rolled oats"", 30], [""Whey protein"", 30], [""Eggs"", 13], [""Chicken breast (Licious)"", 700], [""Corn starch"", 40], [""Ginger garlic paste"", 20], [""Greek yogurt (Milky Mist)"", 100], [""Curry leaves"", 10], [""Dark soy sauce"", 15], [""Kiwi (Zespri SunGold)"", 2], [""Onion"", 250], [""Tomato"", 200], [""Ghee"", 15], [""Aashirvaad atta"", 180], [""Iceberg lettuce"", 56], [""Cucumber"", 200], [""Carrot"", 2], [""Red cabbage"", 0.25], [""Peanuts"", 30], [""Apple cider vinegar"", 15], [""Cow milk (fresh)"", 700], [""Greek yogurt (Akshayakalpa plain)"", 3], [""Light olive oil (Del Monte)"", 40], [""Salt"", 10]]"
h3,h3,2026-08-08,"[B] Shakshuka very-less-oil x2 + 1 slice toast (Anirudh) + skyr (Disha) [L] Chicken pot rice — Anirudh 100 g chicken, very less rice; packed scoop + banana [D] Disha protein-psyllium shake with cherries & blueberries; Anirudh water-based protein bowl. NO ORDER TODAY. HARD FLAGS: protein powder still OUT — both dinner shakes and the packed scoop had no powder on record (cook was told at 5:47 AM to prepare without missing ingredients); skyr none; eggs only 2 against ~5 for shakshuka; onion 0; cherries exhausted (10 g), no blueberry SKU on this board. Deepa aunty posted 16 inventory photos at 10:52 AM — PENDING ingestion as a photo count; she is OFF on Saturday the 15th. Left side of fridge = Disha meals, right = Anirudh (per aunty).",2,"[[""Eggs"", 2], [""Tomato"", 2], [""Sourdough bread"", 1.5], [""Chicken"", 300], [""Rice bran oil (A)"", 130], [""Banana"", 1], [""Psyllium husk"", 10], [""Lactose-free Amul milk"", 0.5], [""Cherry (imported)"", 10], [""Garlic powder"", 2], [""Olive oil"", 20], [""Salt"", 8]]"
h4,h4,2026-08-08,"[B] Parsuram: broccoli soup + grilled broccoli scrambled eggs (the confirmed swap from shakshuka) [L] Parsuram: tilapia do pyaza, jeera aloo and rice [D] NO DINNER SET in the planner — nothing deducted. 7-Aug Instamart order backfilled first (coriander 90 g, lemon 240 g, masala buttermilk 320 ml, whole black pepper 100 g, idli rice 1 kg). FLAGS: potato 0 so jeera aloo had nothing on record; green-chillies cart from last night still has NO placement — not booked; if no rice SKU existed the 120 g came off the closest rice row.",1,"[[""Broccoli"", 1], [""Eggs"", 2], [""Whole walnuts"", 10], [""Onion"", 300], [""Milk"", 0.9], [""Butter"", 10], [""Tilapia"", 250], [""Black jeera (shahi)"", 5], [""Ginger"", 15], [""Garlic"", 10], [""Whole black pepper"", 3], [""Groundnut oil"", 25], [""Salt (Tata)"", 6]]"
h5,h5,2026-08-08,"[B] Sunny eggs + avocado + sourdough + PALAK stir fry (SWAPPED from mushroom-onion at 9:00 AM — mushrooms unavailable at home); Skye idlis + egg [L] Vietnamese summer rolls with chicken + peanut sauce + steamed edamame; snack fruit + 1 brazil nut [D] Mexican chicken burrito bowl + rajma + coriander brown rice + green-sauce yoghurt; Skye cucumber + cherry tomatoes. ORDERS: human chicken (placed 7-Aug 8:37 PM per rule, delivered today, 500 g Est) fully consumed across lunch and dinner — cook marinated it overnight per 12:28 PM prep note; morning order (7:09 AM, delivered 8:57 AM): rice paper, sona masoori 1 kg, milk 500 ml, bottle gourd, carrot 250 g, soppu/spinach bunch, edamame 500 g, plus ZOEY (DOG) CHICKEN — booked as a non-meal SKU and excluded from meal maths; Colin and Scotch sponge non-food, noted only. FLAGS: avocado/lettuce/coriander were needed and are 0 or absent on the board — consistent with the UNBOOKED 5-Aug FirstClub order in the copilot mirror (avocado x2, iceberg); post-dinner juice/soda and spearmint tea still 0. Delivery came too early — Radhika had to receive it (ops apologised).",3,"[[""Eggs (free-range brown)"", 4], [""Avocado"", 0.6], [""Sourdough bread (Brik Oven)"", 1.5], [""Spinach"", 100], [""Onion"", 150], [""Idli/dosa batter"", 200], [""Rice paper"", 30], [""Chicken mince (Licious, frozen)"", 500], [""Carrot"", 120], [""Cucumber"", 3.5], [""Peanut butter"", 0.5], [""Frozen edamame"", 250], [""Soy sauce"", 15], [""Brazil nut"", 5], [""Brown rice"", 120], [""Rajma"", 150], [""Milky Mist Skyr"", 1], [""Cherry tomato"", 60], [""Cumin"", 5], [""Olive oil (Borges EV)"", 35]]"
h7,h7,2026-08-08,"[B] Vermicelli upma (confirmed swap — moong was never soaked for idli) [L] Puliyogare rice [D] NO DINNER SET. No order, no count — ops reminded the household at 9:28 AM to send inventory photos; none arrived by close. HARD FLAG: puliyogare needs rice and this board STILL has no rice SKU — sixth time a rice dish has hit this wall; haldi/red chilli/green chilli also remain 0. Water-lettuce order still awaiting quantity.",2,"[[""Roasted vermicelli"", 150], [""Onion"", 100], [""Carrot"", 2], [""Curry leaves"", 8], [""Peanuts"", 30], [""Imli (tamarind)"", 40], [""Sunflower oil"", 25], [""Salt"", 6]]"
h8,h8,2026-08-08,"[B] 1 medium dosa each + 2 egg whites in the dosa + coconut & green chutneys + protein shake with greek yoghurt and berries [L] Lobia kebabs + greek-yoghurt dahi chutney + roasted chaat-masala vegetable + boiled quinoa bowl; snack half-scoop protein + almond milk + 1 ladoo [D] Zero-oil paneer curry + bhindi sabzi + jowar-quinoa roti + cabbage kachumbar. NO ORDERS. From the 9:46 AM after-breakfast note: EGG SUBSCRIPTION PAUSED per Ammu akka (Subscriptions sheet marked); WooJoo tofu subscription NOT fulfilled this week — machine broken, no tofu added; feedback logged that Ammu akka does not open packets for inventory photos. FLAGS: eggs short (3 vs 4) and now 0; quinoa exhausted at lunch so the dinner roti was jowar-only; cabbage 0 so the kachumbar had no cabbage on record.",2,"[[""Idli/dosa batter"", 300], [""Eggs"", 3], [""Dry coconut"", 0.25], [""Roasted chana dal (Pro Nature)"", 25], [""Coriander (dhania)"", 20], [""Mint"", 15], [""Green chilli"", 10], [""Curry leaves"", 8], [""Protein powder"", 90], [""Athena Greek yogurt"", 1.5], [""Blueberry"", 60], [""Lobia (black-eyed peas)"", 250], [""Besan"", 60], [""Cauliflower"", 0.75], [""Chaat masala"", 5], [""Quinoa"", 150], [""Sofit almond milk"", 180], [""Peanut chocolate ladoos"", 20], [""Paneer (Akshayakalpa)"", 300], [""Tomato"", 2], [""Onion"", 200], [""Ginger"", 20], [""Garlic"", 20], [""Bhindi"", 400], [""Jowar atta"", 150], [""Lemon"", 2], [""Turmeric powder"", 4], [""Red chilli powder"", 4], [""Tata salt"", 10], [""Groundnut oil (Saffola)"", 25], [""Ghee"", 10]]"
h8,h8,2026-08-08,"After-breakfast perishable inventory taken and OVERWRITTEN (fruits, veg, paneer, tofu, eggs 23, idli batter 1 kg, etc). Breakfast already reflected in that count. Then Saturday LUNCH + DINNER deducted: [L] lobia kebabs + greek-yoghurt dahi chutney + roasted chaat-masala vegetable + boiled quinoa bowl; snack half-scoop protein + almond milk + ladoo [D] zero-oil paneer curry + bhindi sabzi + jowar-quinoa roti + cabbage kachumbar. 9-Aug: NOTHING COOKED — no 9-Aug deductions. FLAGS: cauliflower and cabbage both 0 (roasted veg + kachumbar had them missing); quinoa fully used.",2,[]
h4,h4,2026-08-08,"AUDIT BACKFILL — evening order placed 9:07 PM, delivered 9:26 PM (missed by the midday sweep): sabudana papad 300 g, green chilli 100 g, red rice poha 500 g, muskmelon 1, yelakki banana 10 pc, avocado x2, kiwi x3 (Est), Ooty strawberry ~200 g (Est). Non-food: 3 Shinezap scrub pads (Asha didi). Shishito peppers could not be sourced (all platforms + offline vendors) — no stock impact. Green-chilli request from 7-Aug night is now CLOSED by this order.",1,[]
h1b,h1b,2026-08-10,[B] Omelettes + Whole-wheat toast + Greek yogurt + chia [L] Air-fried chicken kofta + Rotis + Carrot-cucumber salad + 4:30 snack [D] Soupy Korean noodles + Tofu 200g + 100g in Chinese sauce + Bedtime,2,"[[""Eggs"", 6], [""Spinach"", 120], [""Spring onion"", 60], [""Cooking oil"", 10], [""Salt"", 4], [""Whole-wheat bread"", 1], [""Greek yogurt"", 250], [""Chia seeds"", 15], [""Chicken breast"", 280], [""Onion"", 1], [""Ginger garlic paste"", 20], [""Coriander (fresh)"", 20], [""Besan"", 30], [""Garam masala"", 5], [""Red chilli powder"", 5], [""Jeera powder"", 4], [""Salt"", 5], [""Atta"", 240], [""Ghee"", 10], [""Carrot"", 1], [""Cucumber"", 1], [""Lemon"", 0.5], [""Green tea"", 2], [""Salted makhana"", 30], [""Noodles (whole wheat)"", 105], [""Gochujang"", 30], [""Soy sauce"", 20], [""Garlic"", 15], [""Spring onion"", 40], [""Carrot"", 1], [""Capsicum"", 60], [""Sesame oil"", 8], [""Veg stock"", 1], [""Tofu"", 300], [""Soy sauce"", 15], [""Corn starch"", 10], [""Garlic"", 10], [""Psyllium husk"", 10]]"
h1b,h1b,2026-08-11,[B] Oats veggie chilla [L] Egg tawa masala + Rotis + Beetroot curd salad + 4:30 snack + Prep [D] Air-fried broccoli honey-garlic chicken + Korean lettuce salad + Bedtime,2,"[[""Oats"", 52.5], [""Besan"", 20.0], [""Onion"", 0.25], [""Carrot"", 0.25], [""Capsicum"", 20.0], [""Green chilli"", 8], [""Jeera"", 3], [""Salt"", 4], [""Cooking oil"", 12], [""Skyr"", 1.0], [""Eggs"", 7], [""Onion"", 1], [""Tomato"", 2], [""Green chilli"", 8], [""Ginger garlic paste"", 15], [""Red chilli powder"", 4], [""Haldi"", 3], [""Garam masala"", 4], [""Cooking oil"", 15], [""Coriander (fresh)"", 12], [""Atta"", 240], [""Beetroot"", 1], [""Greek yogurt/curd"", 120], [""Jeera powder"", 2], [""Green tea"", 2], [""Salted makhana"", 30], [""Chicken breast"", 310], [""Broccoli"", 250], [""Honey"", 20], [""Garlic"", 20], [""Soy sauce"", 15], [""Corn starch"", 15], [""Lettuce"", 120], [""Cucumber"", 0.5], [""Sesame oil"", 8], [""Soy sauce"", 10], [""White sesame seeds"", 6], [""Psyllium husk"", 10]]"
h2,h2,2026-08-10,[B] Oatmeal bowl + eggs [L] Chilli chicken with basil + Quinoa + Crunchy salad + Cut muskmelon [D] Shawarma chicken salad + Prep,2,"[[""Almonds"", 5], [""Rolled oats"", 30], [""Whey protein"", 30], [""Eggs"", 13], [""Capsicum"", 80], [""Onion"", 1.0], [""Spring onion"", 40], [""Garlic"", 15], [""Ginger"", 12], [""Green chilli"", 8], [""Chicken breast"", 350], [""Baking soda"", 2], [""Soy sauce"", 15], [""White pepper"", 2], [""Cooking oil"", 15], [""Dark soy sauce"", 8], [""Vinegar"", 8], [""Sugar"", 6], [""Corn starch"", 15], [""Quinoa"", 120], [""Cucumber"", 200], [""Carrot"", 100], [""Red cabbage"", 100], [""Muskmelon"", 0.5], [""Chicken"", 350], [""Curd/yogurt (marinade)"", 100], [""Ginger garlic paste"", 20], [""Lemon"", 0.5], [""Dhaniya powder"", 5], [""Red chilli powder"", 4], [""Haldi"", 3], [""Black pepper"", 3], [""Chilli flakes"", 3], [""Olive oil"", 15], [""Kashmiri red chilli"", 3], [""Salt"", 4], [""Cabbage"", 100], [""Cucumber"", 1.0], [""Tomato"", 2.0], [""Capsicum"", 80], [""Onion"", 1.0], [""Ginger"", 12], [""Green chilli"", 8], [""Hung curd"", 80], [""Garlic"", 15], [""White sesame seeds"", 6], [""Oregano"", 3], [""Cooking oil"", 15], [""Black salt"", 2], [""Chaat masala"", 3]]"
h2,h2,2026-08-11,[B] Oatmeal bowl + eggs [L] Thai basil chicken + Quinoa + Vegetable stir fry [D] Indian chicken salad + garlic yoghurt,2,"[[""Almonds"", 5], [""Rolled oats"", 30], [""Whey protein"", 30], [""Eggs"", 13], [""Chicken breast"", 350], [""Basil (thai/regular)"", 20], [""Capsicum"", 80], [""Garlic"", 15], [""Soy sauce"", 15], [""Oyster sauce"", 12], [""Cooking oil"", 15], [""Sugar"", 6], [""Green/red chilli"", 8], [""Rice"", 160], [""Quinoa"", 120], [""Carrot"", 100], [""French beans"", 100], [""Green peas"", 80], [""Tej patta"", 2.0], [""Black pepper"", 3], [""Coriander (fresh)"", 15], [""Salt"", 4], [""Chicken breast"", 350], [""Onion"", 1.0], [""Cucumber"", 1.0], [""Carrot"", 1.0], [""Lettuce"", 120], [""Cherry tomato"", 80], [""Olive oil"", 15], [""Oregano"", 3], [""Kashmiri red chilli"", 3], [""Peanuts"", 20], [""Kala chana"", 60], [""Black salt"", 2], [""Lemon"", 0.5]]"
h3,h3,2026-08-10,[B] Egg bhurji + Sourdough toast + skyr [L] Creamy garlic chicken + Mushroom spinach pasta + Pack [D] Protein psyllium shakes,2,"[[""Eggs"", 5.0], [""Onion"", 1.0], [""Green chilli"", 8], [""Tomato"", 2.0], [""Capsicum"", 80], [""Haldi"", 3], [""Garam masala"", 4], [""Salt"", 4], [""Cooking oil"", 15], [""Coriander (fresh)"", 15], [""Sourdough"", 2], [""Milky Mist skyr"", 1], [""Chicken breast"", 350], [""Garlic"", 15], [""Fresh cream"", 80], [""Olive oil"", 15], [""Salt"", 4], [""Black pepper"", 2], [""Parmesan"", 15], [""Parsley"", 8], [""Pasta"", 180], [""Mushroom"", 150], [""Spinach"", 120], [""Garlic"", 15], [""Olive oil"", 15], [""Parmesan"", 15], [""Salt"", 4], [""Black pepper"", 2], [""Whey protein"", 30], [""Banana"", 1], [""Protein powder"", 90], [""Psyllium husk"", 10], [""Milk (lactose-free)"", 0.5], [""Banana"", 1], [""Blueberries"", 60]]"
h3,h3,2026-08-11,[B] Egg bhurji + Skyr [L] Chicken 100g each + veg bowl with fruits + Packed [D] Disha + Anirudh,2,"[[""Eggs"", 4], [""Onion"", 0.5], [""Tomato"", 0.5], [""Green chilli"", 6], [""Coriander (fresh)"", 10], [""Haldi"", 2], [""Cooking oil"", 10], [""Salt"", 3], [""Milky Mist skyr"", 1], [""Chicken"", 200], [""Cucumber"", 0.5], [""Carrot"", 0.5], [""Cherry tomato"", 60], [""Lettuce"", 60], [""Lemon"", 0.5], [""Olive oil"", 10], [""Banana"", 1], [""Protein powder"", 30], [""Protein powder"", 30], [""Psyllium husk"", 5], [""Milk (lactose-free)"", 0.25], [""Banana"", 1], [""Guava"", 1], [""Protein powder"", 30]]"
h4,h4,2026-08-10,[B] Avocado chilli-oil toast + Prep [L] Veg jalfrezi + Egg parantha + Muskmelon juice + Prep [D] Siddu with almond-walnut chutney,1,"[[""Avocado"", 1], [""Bread (sourdough)"", 2], [""Chilli oil"", 10], [""Salt"", 2], [""Capsicum"", 50], [""Onion"", 0.5], [""Tomato"", 1.0], [""Cauliflower"", 50], [""Carrot"", 0.5], [""Cooking oil"", 8], [""Jeera"", 2], [""Ginger garlic paste"", 10], [""Garam masala"", 2], [""Red chilli powder"", 2], [""Salt"", 2], [""Atta"", 90], [""Salt"", 2], [""Eggs"", 2.5], [""Onion"", 0.5], [""Green chilli"", 4], [""Jeera powder"", 2], [""Cooking oil"", 8], [""Muskmelon"", 1], [""Atta"", 150], [""Moong dal (stuffing)"", 60], [""Yeast"", 5], [""Almonds"", 15], [""Walnuts"", 15], [""Green chilli"", 6], [""Ghee"", 10]]"
h4,h4,2026-08-11,[B] Chocolate muesli + fruits + 2 boiled eggs [L] Creamy malai chicken + Carrot buttons + quinoa [D] NOT COOKED (restored 12-Aug),1,"[[""Muesli"", 60], [""Milk"", 150], [""Banana/fruit"", 1], [""Eggs"", 2], [""Chicken"", 175], [""Fresh cream"", 40], [""Ghee"", 5], [""Onion"", 0.5], [""Garlic"", 8], [""Ginger"", 6], [""Garam masala"", 2], [""Jeera powder"", 2], [""Salt"", 2], [""Coriander (fresh)"", 8], [""Carrot"", 2], [""Quinoa"", 100]]"
h5,h5,2026-08-10,[B] Mushroom-spinach omelettes + Post-breakfast coffee + Skye + Skye [L] Radhika + Snack [D] One-pan lemon pepper chicken + Coriander-lime greek yoghurt sauce + Italian roasted vegetables + Optional sourdough toast + Skye + Post-dinner + Prep,3,"[[""Eggs (free-range brown)"", 8], [""Button mushroom"", 150], [""Spinach"", 100], [""Butter"", 10], [""Salt"", 4], [""Sourdough (Radhika 1 slice)"", 1], [""Blue Tokai coffee"", 20], [""Oats"", 40], [""Chia seeds"", 8], [""Almond/oat milk"", 150], [""Banana"", 1], [""Mixed nuts (almond/walnut)"", 10], [""Eggs (free-range brown)"", 1], [""Fruit (apple/pear/kiwi)"", 1], [""Quinoa"", 80], [""Tofu"", 100], [""Rajma (soaked Mon)"", 120], [""Cucumber"", 0.5], [""Cherry tomato"", 80], [""Lemon"", 0.5], [""Olive oil"", 10], [""Brazil nuts"", 5], [""Fruit (any)"", 1], [""Chicken thigh"", 450], [""Lemon"", 1], [""Black pepper"", 6], [""Olive oil"", 20], [""Garlic"", 15], [""Coriander (fresh)"", 25], [""Milky Mist Skyr"", 100], [""Lemon"", 0.5], [""Zucchini"", 1], [""Beetroot"", 1], [""Capsicum"", 100], [""Carrot"", 150], [""Oregano"", 3], [""Chilli flakes"", 3], [""Olive oil"", 15], [""Sourdough"", 1], [""Rice"", 60], [""Butter"", 10], [""Mixed herbs"", 2], [""Carrot"", 0.5], [""Fruit juice"", 60], [""Soda"", 180], [""Spearmint tea"", 1]]"
h5,h5,2026-08-11,[B] Rahul + Radhika + Skye + Skye [L] Radhika + Dahi chutney + Cucumber sticks + cherry tomatoes + Snack [D] Low-fat palak paneer + Chaat masala vegetables + Khapli + quinoa flour rotis + Skye + Post-dinner,3,"[[""Eggs (free-range brown)"", 4], [""Capsicum"", 80], [""Onion"", 0.5], [""Cucumber"", 0.5], [""Salt"", 4], [""Oil"", 12], [""Oats"", 25], [""Milky Mist Skyr"", 1], [""Chia seeds"", 5], [""Flax seeds"", 5], [""Almond milk"", 60], [""Cinnamon"", 1], [""Berries (blueberry)"", 35], [""Pumpkin seeds"", 8], [""Oats"", 40], [""Chia seeds"", 8], [""Almond/oat milk"", 150], [""Banana"", 1], [""Mixed nuts (almond/walnut)"", 10], [""Eggs (free-range brown)"", 1], [""Fruit (apple/pear/kiwi)"", 1], [""GobbleRight almond wrap"", 1], [""Eggs (free-range brown)"", 4], [""Milky Mist Skyr"", 100], [""Mint"", 10], [""Coriander (fresh)"", 10], [""Cucumber"", 1], [""Cherry tomato"", 100], [""Brazil nuts"", 5], [""Fruit (any)"", 1], [""Spinach/palak"", 300], [""Paneer"", 150], [""Onion"", 0.5], [""Tomato"", 1], [""Green chilli"", 8], [""Ginger garlic paste"", 15], [""Jeera"", 4], [""Garam masala"", 3], [""Salt"", 4], [""Carrot"", 100], [""Cucumber"", 0.5], [""Beetroot"", 0.5], [""Chaat masala"", 4], [""Khapli/wheat atta"", 80], [""Quinoa flour"", 40], [""Beetroot"", 0.5], [""Khapli/wheat atta"", 60], [""Ajwain"", 2], [""Ghee"", 8], [""Fruit juice"", 60], [""Soda"", 180], [""Spearmint tea"", 1]]"
h7,h7,2026-08-10,[D] Cheese paneer wrap + Prep,2,"[[""Wrap base (atta/roti)"", 120], [""Paneer"", 200], [""Cheese"", 30], [""Onion"", 1.0], [""Capsicum"", 80], [""Olive oil"", 15], [""Jeera"", 4], [""Salt"", 4], [""Black pepper"", 3], [""Coriander (fresh)"", 15]]"
h7,h7,2026-08-11,[B] Thaalipeeth [L] Dal + roti + Onion-tomato-cucumber raita,2,"[[""Jowar flour"", 60], [""Bajra flour"", 40], [""Rice flour"", 30], [""Onion"", 0.5], [""Green chilli"", 6], [""Coriander (fresh)"", 12], [""Cooking oil"", 12], [""Salt"", 4], [""Toor dal"", 100], [""Atta"", 180], [""Onion"", 1], [""Tomato"", 1], [""Ginger garlic paste"", 15], [""Haldi"", 3], [""Red chilli powder"", 4], [""Dhaniya powder"", 5], [""Garam masala"", 3], [""Salt"", 4], [""Cooking oil"", 12], [""Jeera"", 3], [""Mustard seeds"", 3], [""Curry leaves"", 5], [""Hing"", 1], [""Curd/yogurt"", 150], [""Onion"", 0.25], [""Tomato"", 0.5], [""Cucumber"", 0.3]]"
h1b,h1b,2026-08-09,Nothing cooked (Sunday). No deductions.,2,[]
h2,h2,2026-08-09,Nothing cooked (Sunday). No deductions.,2,[]
h3,h3,2026-08-09,Nothing cooked (Sunday). No deductions.,2,[]
h4,h4,2026-08-09,Nothing cooked (Sunday). No deductions.,1,[]
h5,h5,2026-08-09,Nothing cooked (Sunday). No deductions.,3,[]
h7,h7,2026-08-09,Nothing cooked (Sunday). No deductions.,2,[]
h8,h8,2026-08-09,Nothing cooked (Sunday). No deductions.,2,[]
h4,h4,2026-08-12,[B] Savory ragi ganji + 2 boiled eggs [L] Hariyali tempeh + bathua saag dal + rice + cucumber [D] Korean prawn noodles + chilli thecha + black rice kheer,2,"[[""Ragi"", 40], [""Eggs"", 2], [""Tempeh"", 100], [""Bathua"", 100], [""Dal"", 80], [""Rice"", 100], [""Cucumber"", 100], [""Lemon"", 1], [""Ginger"", 10], [""Noodles"", 100], [""Prawns"", 150], [""Green chilli"", 30], [""Garlic"", 20], [""Black rice"", 50], [""Cream"", 40], [""Onion"", 50], [""Carrot"", 0.5], [""Beans"", 50]]"
h7,h7,2026-08-12,[B] Paneer paratha + curd + cucumber + carrots (1 pax) [L] Capsicum besan sabzi + roti + stir-fried paneer (1 pax) [D] Paneer tikka wrap (2 pax). B+L cooked for one (Paxal out).,2,"[[""Paneer"", 350], [""Curd"", 150], [""Cucumber"", 150], [""Carrot"", 100], [""Besan"", 60], [""Capsicum"", 2], [""Onion"", 150], [""Tomato"", 100], [""Green chilli"", 10], [""Garlic"", 15], [""Ginger"", 10], [""Atta"", 300]]"
h2,h2,2026-08-12,[B] Oatmeal + eggs (Munz 2W+5w; Soozy 1W+5w) [L] Mediterranean shrimp salad + rice bowl + yoghurt-dill dressing + kiwi/apple [D] Vietnamese chicken salad (200/150) + peanut-garlic dressing,2,"[[""Oats"", 30], [""Eggs"", 13], [""Almonds"", 10], [""Prawns"", 250], [""Cucumber"", 150], [""Carrot"", 100], [""Iceberg"", 100], [""Rice"", 180], [""Greek yogurt"", 460], [""Dill"", 20], [""Lemon"", 50], [""Kiwi"", 1], [""Apple"", 1], [""Chicken breast"", 350], [""Red cabbage"", 100], [""Capsicum"", 80], [""Peanuts"", 30], [""Garlic"", 15], [""Mint"", 10], [""Milk (cadence)"", 700]]"
h3,h3,2026-08-12,"[B] Oats paneer chilla + veggies + Skyr [L] Chilli garlic tawa chicken (100g each) + rice bowl + salad + curd dip; banana + whey packed [D] Protein bowls: Disha husk-in-milk, Anirudh water-based; blueberries + pear. Thaw chicken.",2,"[[""Oats"", 60], [""Paneer"", 100], [""Onion"", 100], [""Tomato"", 100], [""Green chilli"", 5], [""Skyr"", 1], [""Chicken"", 200], [""Garlic"", 20], [""Rice"", 150], [""Cucumber"", 100], [""Curd"", 100], [""Banana"", 1], [""Whey"", 75], [""Psyllium husk"", 10], [""Lactose-free milk"", 250], [""Blueberry"", 100], [""Pear"", 2]]"
h5,h5,2026-08-12,[B] Rahul bell-pepper onion bhurji + cucumber; Radhika oats+Skyr+chia/flax+almond milk+berries+pumpkin seeds; Skye overnight oats + egg + fruit [L] Radhika 1W+3w egg curry + beetroot & green-bean sabzi + matta rice [D] Asian broccoli tofu bowl + peanut sauce + brown rice + veg clear soup; Skye carrots + cherry tomatoes + white rice,3,"[[""Eggs"", 9], [""Capsicum"", 0.5], [""Onion"", 150], [""Cucumber"", 100], [""Oats"", 60], [""Skyr"", 1], [""Chia"", 5], [""Flax"", 5], [""Almond/oat milk"", 120], [""Berries"", 40], [""Pumpkin seeds"", 10], [""Banana"", 60], [""Tomato"", 100], [""Beetroot"", 150], [""Green beans"", 100], [""Matta rice"", 60], [""Broccoli"", 200], [""Tofu"", 200], [""Peanut butter"", 30], [""Brown rice"", 120], [""Carrot"", 150], [""Cherry tomato"", 50], [""White rice"", 60]]"
h1b,h1b,2026-08-12,Nothing cooked (Wed 12-Aug). No order.,2,[]
h8,h8,2026-08-12,[B] Moong dal chilla + smoothie [L] Veg stir-fry + Korean tofu wrap + berries [D] Palak paneer + quinoa-jowar roti + kachumbar + masala zucchini,2,"[[""Moong dal"", 160], [""Tofu"", 200], [""Wrap"", 1], [""Spinach"", 250], [""Paneer"", 150], [""Jowar"", 60], [""Quinoa flour"", 60]]"
h1b,h1b,2026-08-13,Nothing cooked (Thu 13-Aug). No order.,2,[]
h7,h7,2026-08-13,[B] Rava dosa + coconut chutney [L] Dried green peas sabzi + roti + green moong sprouts + cut apple [D] Boiled sweet potato chaat,2,"[[""Rice flour"", 30], [""Sprouts"", 150], [""Apple"", 1], [""Sweet potato"", 300], [""Onion"", 80], [""Coriander"", 25], [""Lemon"", 50]]"
h3,h3,2026-08-13,[B] Sweet-corn paneer cutlets + coriander chutney + Skyr [L] Chicken tikka + phulkas + hung curd; banana+whey packed; TOMATO SOUP by Deepa aunty (extra) [D] Protein bowls + husk-in-milk + blueberries + pear,2,"[[""Sweet corn"", 150], [""Paneer"", 150], [""Skyr"", 1], [""Chicken"", 200], [""Atta"", 160], [""Tomato"", 600], [""Lactose milk"", 250], [""Blueberry"", 100], [""Husk"", 10]]"
h4,h4,2026-08-13,"[B] Bajra kebab (deep-fried) + peanut chutney [L] Chicken curry + green moong dal (separate; fridge boiled moong) + bhindi poda + rice + cucumber [D] Veg thukpa. Soaked: rajma+kokum (plan), green moong (compensation), chana dal (mistake).",1,"[[""Bajra"", 80], [""Peanuts"", 20], [""Chicken"", 100], [""Moong dal"", 80], [""Bhindi"", 200], [""Rice"", 100], [""Noodles"", 100], [""Thukpa veg"", 300]]"
h5,h5,2026-08-13,"[B] Shakshuka (Rahul 2W+3w, Radhika 1W+3w) + sourdough; Skye overnight oats + egg + fruit [L] Radhika chicken + veg + greek yoghurt filling wrap [D] Beef keema matar + cauliflower-carrot moong dal + khapli & quinoa-flour rotis; Skye beetroot sticks + gobi parantha",3,"[[""Eggs"", 10], [""Beef"", 300], [""Chicken"", 150], [""Peas"", 100], [""Moong dal"", 80], [""Khapli"", 100], [""Quinoa flour"", 60]]"
h2,h2,2026-08-13,[B] Oatmeal + eggs (13 eq) [L] NOT COOKED — leftovers from Wed dinner consumed [D] Munz: Kerala prawn curry + ragi dosa (batter source TBC — expired batter discarded); Soozy: Chinese chicken salad. Cadence applied.,2,"[[""Oats"", 30], [""Eggs"", 13], [""Prawns"", 250], [""Coconut milk"", 150], [""Chicken"", 150], [""Salad veg"", 350]]"
h8,h8,2026-08-13,"[D] High-protein palak paneer lentil pasta + roasted vegetables (paneer 0 in count — cooked without/sub, flagged). Soaked: green moong + rajma for Fri.",2,"[[""Spinach"", 250], [""Lentil spaghetti"", 200], [""Roast veg"", 300]]"
h8,h8,2026-08-13,[D] Dhaba no-oil palak paneer (paneer was 0 at count — FLAG) + quinoa-jowar roti + kachumbar + masala zucchini. B & L already reflected in the after-lunch physical count.,2,"[[""Spinach"", 250], [""Jowar"", 60], [""Quinoa flour"", 60], [""Zucchini"", 1], [""Onion"", 50], [""Tomato"", 70]]"
h4,h4,2026-08-14,[B] Mix-veg paniyaram + avocado smoothie [L] Gobi manchurian + fried rice + chicken cutlet (200g of 400g pack) [D] Curry-leaves stew + lachha parathas. No order.,1,"[[""Cauliflower"", 400], [""Chicken"", 200], [""Rice"", 120], [""Avocado"", 1], [""Atta"", 180], [""Coconut"", 0.35]]"
h7,h7,2026-08-14,[B] Blueberry skyr bowl + oats/chia/nuts [L] Kadhai paneer + rotis + cut apple [D] Lauki muthiya + kadhi + cut cucumber & carrot. Soaked: white vatana + green moong. No order. NOTE: Wed(13) dinner was NOT made.,2,"[[""Blueberry"", 60], [""Paneer"", 200], [""Lauki"", 300], [""Besan"", 80], [""Curd"", 200], [""Atta"", 150]]"
h1b,h1b,2026-08-14,"No meal logged (Shunyam away till 13th, Ishan away 3-4 wks). Order received (tomato, eggs, basmati); skyr + cornstarch dropped per Shunyam.",2,[]
h5,h5,2026-08-14,"[B] Pessarattu + masala spinach omelette (Rahul 1whole+2W, Radhika 3W) + Skye overnight oats+egg+fruit [L] Radhika khapli-quinoa wrap + low-fat paneer + greek dahi chutney; snack fruit+brazil [D] Seer fish curry + cauliflower-carrot-beans sabzi + red matta rice; Skye methi paratha+carrot. Soaked chickpeas.",3,"[[""Green moong"", 120], [""Eggs"", 8], [""Spinach"", 200], [""Seer fish"", 450], [""Cauliflower"", 300], [""Paneer"", 120], [""Matta rice"", 200]]"
h3,h3,2026-08-14,"[B] Masala omelette + Skyr [L] Mexican chicken (100g each) salad + yogurt dip + Railway tomato soup (extra tomato, stored); pack protein+banana [D] Protein bowls + husk-in-milk + apple & blueberries. Thaw chicken. NOTE: Deepa aunty mixed dressing+chicken into salad (packing issue flagged).",2,"[[""Eggs"", 5], [""Chicken"", 200], [""Tomato"", 300], [""Lactose milk"", 250], [""Apple"", 1], [""Blueberry"", 100], [""Whey"", 90]]"
h2,h2,2026-08-14,"No order, no meal logged for 14-Aug per Bhavya.",2,[]
h4,h4,2026-08-15,"[B] Sunny-side-up + garlic beans & babycorn + kokum sharbat [L] Thai green chicken curry + rice (bathua bhaji SKIPPED — out of stock per Parsuram) [D] Egg puffs + jeera rice + crispy potato fries + mutton curry (Bamburies lamb-labeled pack = mutton, confirmed). Order 14th 22:23: chilli sauce, cornflour, coconut, potato 1kg.",1,"[[""Eggs"", 4], [""Chicken"", 200], [""Mutton"", 150], [""Potato"", 350], [""Rice"", 180], [""Coconut"", 0.4]]"
h5,h5,2026-08-15,"[B] Sunny-side eggs + avocado + sourdough + zucchini-onion stir fry; Skye idlis+egg+fruit [L] Fattoush (no green caps, pom molasses) + mutton biryani (saffron) + cucumber raita; Skye pita+cucumber [D] Italian tomato basil chicken + asparagus-spinach soup; Skye cherry-tomato herbed-butter rice. Orders 15th: FC 5 items + saffron + Bamburies mutton.",3,"[[""Eggs"", 5], [""Mutton"", 450], [""Basmati"", 250], [""Chicken"", 400], [""Asparagus"", 240], [""Curd/greek"", 250]]"
h1b,h1b,2026-08-15,"[B] Chocolate millet pancakes for two (Slurrp Farm mix + milk) [L+D] For one — dishes not specified in Kitchen group (Selvi akka briefed by voice note); NOT deducted, update when known. Order 15th: pancake mix, malai paneer 200g, Yelakki banana 7pc (at Coolulu turf!), milk 500ml.",2,"[[""Pancake mix"", 100], [""Milk"", 250]]"
h7,h7,2026-08-15,[B] Chilli garlic paneer sandwich [L] White vatana masala (Fri soak) + rotis + cut cucumber [D] Beetroot tikki chaat. No order.,2,"[[""Paneer"", 150], [""White vatana"", 150], [""Beetroot"", 200], [""Atta"", 120], [""Bread"", 4]]"
h8,h8,2026-08-14,[B] Moong-dal chilla + stuffed veg + coriander-mint chutney + greek-protein-BANANA smoothie (banana was 0 — VERIFY substitute) [L] Rajma tikkis (Thu 160g soak; ~200 wanted — smaller batch assumed) + greek-mint-garlic dip + Sakshi beet wrap + grilled veg + ladoo [D] Tofu roast + dal palak + matta + cabbage sabzi. Backfilled — h8 was excluded from the 14th close.,2,"[[""Moong dal"", 260], [""Tofu"", 200], [""Spinach"", 250], [""Athena greek"", 0.8], [""Grill veg"", ""babycorn/mushroom/brinjal""]]"
h8,h8,2026-08-15,[B] Medium dosa + egg whites + coconut & green chutneys + protein-greek-berries (batter & coconut were 0 — VERIFY offline buys) [L] Carrot-paneer shake-shake salad (paneer 0 — VERIFY) + roasted quinoa + broccoli [D] Tomato curry-leaf rasam + matta + edamame masala fry + lauki & long-beans sabzi. No order.,2,"[[""Batter"", 340], [""Eggs"", 4], [""Carrot"", 150], [""Quinoa"", 50], [""Edamame"", 200], [""Tomato"", 300]]"
h2,h2,2026-08-15,"No order, nothing cooked 15-Aug per Bhavya.",2,[]
h3,h3,2026-08-15,"No order, nothing cooked 15-Aug per Bhavya (Deepa aunty on leave 15 Aug).",2,[]
h4,h4,2026-08-16,Sunday 16-Aug: no meal plan for any household; nothing cooked/deducted. No food orders across all HHs (verified Kitchen groups; h2 shoes + h3 personal-care/laundry skipped as non-food).,0,[]
h5,h5,2026-08-16,Sunday 16-Aug: no meal plan for any household; nothing cooked/deducted. No food orders across all HHs (verified Kitchen groups; h2 shoes + h3 personal-care/laundry skipped as non-food).,0,[]
h1b,h1b,2026-08-16,Sunday 16-Aug: no meal plan for any household; nothing cooked/deducted. No food orders across all HHs (verified Kitchen groups; h2 shoes + h3 personal-care/laundry skipped as non-food).,0,[]
h7,h7,2026-08-16,Sunday 16-Aug: no meal plan for any household; nothing cooked/deducted. No food orders across all HHs (verified Kitchen groups; h2 shoes + h3 personal-care/laundry skipped as non-food).,0,[]
h8,h8,2026-08-16,"Sunday 16-Aug h8: plan EXISTED (W33 Sun) - dosa+egg-white B, protein/greek/berries, carrot-paneer salad+quinoa+broccoli L (+apple/almond/flax snack), rasam+matta rice+edamame+lauki+long-beans D. Deducted dish-wise from Sat-EOD counts.",2,[]
h2,h2,2026-08-16,Sunday 16-Aug: no meal plan for any household; nothing cooked/deducted. No food orders across all HHs (verified Kitchen groups; h2 shoes + h3 personal-care/laundry skipped as non-food).,0,[]
h3,h3,2026-08-16,Sunday 16-Aug: no meal plan for any household; nothing cooked/deducted. No food orders across all HHs (verified Kitchen groups; h2 shoes + h3 personal-care/laundry skipped as non-food).,0,[]
h1b,h1b,2026-08-17,Mon 17-Aug: meals deducted dish-wise from handover breakdowns,2,[]
h2,h2,2026-08-17,Mon 17-Aug: nothing cooked (per Bhavya) - no deduction,2,[]
h3,h3,2026-08-17,Mon 17-Aug: meals deducted dish-wise from handover breakdowns,2,[]
h4,h4,2026-08-17,"Mon 17-Aug h4 (CORRECTED): B jowar dhokla + 2 boiled eggs; L Thai yellow tilapia + carrot koshimbir + RICE (120g); D bedmi poori + dum aloo. Prior close used stale ""Thai prawns"" handover (empty) — re-deducted from real Emergent plan. Tilapia 250g used, rice -120g.",1,[]
h5,h5,2026-08-17,Mon 17-Aug: meals deducted dish-wise from handover breakdowns,2,[]
h7,h7,2026-08-17,Mon 17-Aug: meals deducted dish-wise from handover breakdowns,2,[]
h8,h8,2026-08-17,"Mon 17-Aug h8 CLOSE: after-lunch count taken (B pessarattu+egg-white+coconut chutney+sattu chaas, L lebanese tofu+tabbouleh+chimichurri, K&S dal dhokli already reflected). Deducted DINNER (rajasthani kala chana kadhi, lemon millet pulao+edamame, broccoli sabzi, beans sabzi) + post-lunch snack (nut-seed ladoo + 1 mandarin). Staples auto (millet/rice/besan/gramflour/oil/spices not tracked).",2,[]
h1b,h1b,2026-08-18,Tue 18-Aug close: deducted dish-wise from live Emergent Tue plan,2,[]
h2,h2,2026-08-18,Tue 18-Aug h2: NO COOKING (Munz nothing cooked 14-19 Aug) — deductions reversed,0,[]
h4,h4,2026-08-18,Tue 18-Aug close: deducted dish-wise from live Emergent Tue plan,2,[]
h5,h5,2026-08-18,Tue 18-Aug close: deducted dish-wise from live Emergent Tue plan,2,[]
h7,h7,2026-08-18,Tue 18-Aug close: deducted dish-wise from live Emergent Tue plan,2,[]
h3,h3,2026-08-18,Tue 18-Aug close: deducted dish-wise from live Emergent Tue plan,2,[]
h8,h8,2026-08-18,"Tue 18-Aug h8 CLOSE: after-lunch count (B moong dal chilla+egg whites+protein+berries; L chana dal kachumbar+paneer broccoli tikkis+green chutney+sourdough, K&S karela+tomato rice already in count). Deducted DINNER (methi gatte, cauliflower-carrot-beans sabzi skip potato, mooli greek raita, quinoa-jowar roti) + snack (crunchy edamame + kiwi). Staples auto.",2,[]
h1b,h1b,2026-08-19,Wed 19-Aug close: deducted dish-wise from live Emergent Wed plan (re-fetched; plan changes captured),2,[]
h2,h2,2026-08-19,Wed 19-Aug h2: NO COOKING (Munz nothing cooked 14-19 Aug) — deductions reversed,0,[]
h4,h4,2026-08-19,"Wed 19-Aug h4: B paneer roastie; L chicken biryani (fresh basmati) + cucumber raita; D CANCELLED (hilsa kept in freezer, leftovers). 18-Aug 9:30pm order booked (3-colour caps 1pc ea, basmati 1kg, mint 100g, cream 250ml, parmesan 100g, garlic 100g; garlic OOS-flag was resolved — it WAS delivered).",2,[]
h5,h5,2026-08-19,Wed 19-Aug close: deducted dish-wise from live Emergent Wed plan (re-fetched; plan changes captured),2,[]
h7,h7,2026-08-19,Wed 19-Aug close: deducted dish-wise from live Emergent Wed plan (re-fetched; plan changes captured),2,[]
h3,h3,2026-08-19,Wed 19-Aug close: deducted dish-wise from live Emergent Wed plan (re-fetched; plan changes captured),2,[]
h8,h8,2026-08-20,"Wed 20-Aug... [DATE NOTE: this is P&S Wed close] after-lunch count (B veg upma/poha+egg+bocconcini+sattu chaas; L burrito bowl + K&S rajma sabzi + Jiya capsicum stir fry + snack, all in count). Deducted DINNER: jowar chilla+green chutney, tava low-fat paneer, palak tamatar, air-fryer zucchini. Residents+K&S together.",2,[]
h2,h2,2026-08-20,20-Aug EOD: full perishable overwrite (Bhavya). Staples kept. Note: 4 greek yogurts (400g) flagged EXPIRED. 3 chicken types on board (Licious breast 250g + marinated 300g + open 300g).,0,[]
h4,h4,2026-08-20,Thu 20-Aug close: deducted dish-wise from live Emergent Thu plan,2,[]
h3,h3,2026-08-20,Thu 20-Aug close: deducted dish-wise from live Emergent Thu plan,2,[]
h7,h7,2026-08-20,Thu 20-Aug close: deducted dish-wise from live Emergent Thu plan,2,[]
h5,h5,2026-08-20,Thu 20-Aug close: deducted dish-wise from live Emergent Thu plan,2,[]
h8,h8,2026-08-20,"Thu 20-Aug P&S close: after-lunch count (B + L paneer frankies/spinach soup + K&S paneer capsicum sabzi + snack makhana, all in count). Deducted DINNER: dudhi kadhi, quinoa-edamame pulao, beetroot stir fry, kachumbar. Residents+K&S together. Order: caps+500, beetroot 250, besan+500, tofu 200, cabbage 1, paneer 200.",2,[]
h3,h3,2026-08-21,"Fri 21-Aug h3: NO COOK (cook on leave 20-22 Aug, Anirudh away). No deduction.",0,[]
h1b,h1b,2026-08-21,Fri 21-Aug close: deducted from live Emergent Fri plan,2,[]
h2,h2,2026-08-21,"Fri 21-Aug h2 close: deducted for 2 pax (Munz+Soozy). Sister joins 22nd (Kerala meals from Sat, 3 pax). Bang-bang chicken L + lemon-rosemary chicken D.",2,[]
h4,h4,2026-08-21,Fri 21-Aug close: deducted from live Emergent Fri plan,2,[]
h7,h7,2026-08-21,Fri 21-Aug close: deducted from live Emergent Fri plan,2,[]
h5,h5,2026-08-21,Fri 21-Aug close: deducted from live Emergent Fri plan,2,[]
h8,h8,2026-08-21,"Fri 21-Aug P&S close: FULL-DAY deduction (B moong chilla+smoothie, L(2) sprouts/tofu/matta/gobhi, K&S(4) veg pulao+boondi raita, snack, D fattoush+falafel+beet tortilla+dip). Residents+K&S together. After-lunch order: skyr 450g, coriander 100g, EVOO 500ml, +6 eggs.",2,[]
h5,h5,2026-08-22,Sat 22-Aug R&R close: deducted 3 pax (Rahul/Radhika/Skye). B sunny-side+avo+sourdough+mushroom-onion; L Vietnamese summer rolls+chicken+edamame; D Mexican chicken burrito bowl. THEN full perishable + exotic-cans overwrite + staple qty updates.,3,[]
h1b,h1b,2026-08-20,Thu 20-Aug: closed via FULL EOD inventory overwrite (physical count) — no dish-wise deduction; stock set from Bhavya count + staple updates.,0,[]
h8,h8,2026-08-19,Wed 19-Aug: closed retroactively during 20-Aug catch-up (after-lunch count + Wed dinner deduction) — see 20-Aug entries for detail.,0,[]
h1b,h1b,2026-08-22,Sat 22-Aug h1b (1 pax): B aloo paratha + skyr; L chickpea salad + 4pm protein shake; D chicken pulao. Chicken fully used (250g->0); kabuli chana short (66g vs 100 need).,0,[]
h4,h4,2026-08-22,"Sat 22-Aug h4 (1 pax): L M-cook prawn curry + pakhala (Nilgiris rice) + badi chura + aloo bharta + spine gourd fry; D mutton keema mughlai parantha + shutko + mochor (banana flower) chop. Orders: FirstClub veg cart (1:47pm), Zepto curd ONLY, mutton keema 4:47pm, [ghee correction: NO ghee order]. FLAGS: badi + shutko not on board (used from untracked stock); prawns 250->50. Staff cart (Instamart) DELIVERED 6:02pm & booked: Radhuni 50g, raw papaya 1pc, raw banana 2pc, sweet potato 500g, urad masala bori (badi) 200g.",0,[]
h7,h7,2026-08-22,Sat 22-Aug h7 (2 pax): cook OFF — self-made B rava dosa + tomato-onion chutney. L/D not planned/confirmed — no deduction. FLAGS: green chilli + curry leaves 0 for chutney (used from untracked or skipped).,0,[]
h2,h2,2026-08-22,Sat 22-Aug h2: COOK DID NOT COME — nothing cooked. B = restaurant masala dosa x2 (Veetu Saapadu). No deductions. Kerala meals deferred. Snacks order booked (Kerala garlic mixture EST).,0,[]
h3,h3,2026-08-22,"Sat 22-Aug h3: NO COOK (cook on leave 20-22, Anirudh away). No food orders (only clothing delivery).",0,[]
h1b,h1b,2026-08-23,"Sun 23-Aug close: NOTHING COOKED (all households) — Sunday, W34 plans blank. No deductions, no orders processed.",0,[]
h2,h2,2026-08-23,"Sun 23-Aug close: NOTHING COOKED (all households) — Sunday, W34 plans blank. No deductions, no orders processed.",0,[]
h3,h3,2026-08-23,"Sun 23-Aug close: NOTHING COOKED (all households) — Sunday, W34 plans blank. No deductions, no orders processed.",0,[]
h4,h4,2026-08-23,"Sun 23-Aug close: NOTHING COOKED (all households) — Sunday, W34 plans blank. No deductions, no orders processed.",0,[]
h5,h5,2026-08-23,"Sun 23-Aug close: NOTHING COOKED (all households) — Sunday, W34 plans blank. No deductions, no orders processed.",0,[]
h7,h7,2026-08-23,"Sun 23-Aug close: NOTHING COOKED (all households) — Sunday, W34 plans blank. No deductions, no orders processed.",0,[]
h8,h8,2026-08-23,"Sun 23-Aug close: NOTHING COOKED (all households) — Sunday, W34 plans blank. No deductions, no orders processed.",0,[]
h10,h10,2026-08-23,"Sun 23-Aug close: NOTHING COOKED (all households) — Sunday, W34 plans blank. No deductions, no orders processed.",0,[]
h1b,h1b,2026-08-24,"Shunyam & Ishan — Mon 24 Aug CLOSED, re-based on the 08:30 PRE-COOKING PHYSICAL COUNT (count overrides model). Board fully overwritten from the 48-line count; Monday B/L/D then deducted on top. Count resolved 3 of my earlier flags: GARLIC exists (200g — my board had no garlic row at all), TOOR DAL exists (200g — dal tadka now correctly uses toor, chana-dal substitution reversed), RAJMA exists (420g — 150g soaked for Tue). Two NEW flags from the count: EGGS absent at 08:30 yet breakfast is a 2-egg omelette; SPINACH absent at 08:30 yet lunch is palak chicken — both need validation. Cow milk short (190ml counted vs 200ml protein shake). Removed as not-counted (Bhavya-validated): carrot, French beans, mint, spinach, chaach. Fresh cream 200ml KEPT on confirmation. Both sugars kept. Consolidated duplicate families: basmati rice + wheat/stone atta + high-protein oats + second frozen-peas row.",0,[]
h2,h2,2026-08-24,"Munz & Soozy — Mon 24 Aug CLOSED. B Munz 5 almonds + high-protein oatmeal bowl (oats corrected to full 1kg on hand, -30g) + 2 whole/5 whites · L Cambodian shrimp salad (prawns 350g) + boiled sweet potato 200g + mint dip (yogurt base per Umami) + cut muskmelon · D air-fried marinated chicken made from MARINATED MEAT 300g — FINISHED (chicken-breast row stays 0) + zucchini yoghurt dressing. Orders booked (2 kitchen carts): 26 eggs, basil 50g, romaine 2pc, coconut milk 250ml, milk 1L, greek yogurt 4x90g. Daily cadence: milk -700ml, greek yogurt -4 pots.",0,[]
h3,h3,2026-08-24,"Disha & Anirudh — Mon 24 Aug CLOSED. B masala omelette (2 eggs) + toast + skyr · L Punjabi-dhaba chicken 100g + roti + yoghurt beetroot salad (Umami: no extra mustard seeds) · D protein powder + psyllium in milk + pomegranate/blueberries. Orders booked pre-breakfast (2 carts): bread 1 packet, chicken 450g, 12 eggs, lemons 250g. FLAG: chickpeas not on board for soak.",0,[]
h4,h4,2026-08-24,"Kartik & Dhara — Mon 24 Aug CLOSED. B chakuli pitha (urad dal 60g + idli rice 150g batter) + grilled paneer 100g + CHOLE CURRY made from kabuli chana soaked earlier (already deducted at soak — no double deduction) · L rice only, strictly 1 person · D marry me chicken pasta — FULL 225g thawed chicken breast used (150g + remaining 75g), farfalle 100g, fresh cream 60ml. Order booked 23-Aug after meals: green chilli 100g, coriander 100g, 12 eggs, mutton liver 100g.",0,[]
h5,h5,2026-08-24,"Rahul & Radhika — Mon 24 Aug CLOSED. B mushroom-spinach omelets (9 eggs) + Radhika sourdough + Skye overnight oats · L Radhika grilled tandoori chicken wrap (thigh 150g) + shredded side salad; marinade from SKYR (= greek yogurt for this house) · D one-pan lemon pepper chicken (thigh 500g) + coriander-lime SKYR sauce + Italian roasted veg + Skye herbed butter rice (butter 80g on board, -15g) & carrot sticks. Meat per stated cadence as Monday has chicken at BOTH meals: 1900g in, -150 L, -500 D, 1250g remains. Orders booked pre-breakfast (7 carts). Dog chicken 400g on separate PET row — never for human meals. No open flags.",0,[]
h7,h7,2026-08-24,"Paxal & Sana — Mon 24 Aug CLOSED. NO ORDER today. B besan chilla + grated paneer · L Rajasthani chana dal tadka (100g dry = 50g/person x2, correct portion) + 4 rotis + papaya sambharo (last 0.5pc) · D VEG PULAO + PANEER TIKKA NOT MADE — all dinner deductions reversed. Prep: green moong 100g soaked; kabuli chana 50g on board and soaking for Tue chat (short — ~150g needed for 2 pax, order ~100g more). Chana dal now 0 — reorder.",0,[]
h10,h10,2026-08-24,"Yash & Manik — Mon 24 Aug CLOSED. B egg salad sandwiches + cold/hot coffee + cut apple · L chicken tikka masala 300g + rotis (SHORT: atta only 100g of 160g) + rice + beetroot raita · D besan chilla + paneer bhurji; black chana 150g soaked for Tue. Order booked 23-Aug after meals: chicken boneless legs 450g, curd 500g, 12 eggs, zero-maida bread 250g.",0,[]
h1b,h1b,2026-08-25,"Shunyam & Ishan — Tue 25 Aug CLOSED. B oats banana smoothie (plan-stated 50g oats + 200ml milk + 1 banana + honey + chia) + 11-11.30 skyr · L dahi bhindi (okra 250g used fully) + 2 rotis + protein shake · D rajma tikki wrap + curd dip (rajma 150g of the batch soaked Mon). Order booked 25-Aug: coriander 100g, milk 500ml (all previous milk removed), okra 250g, brinjal 600g/2pc, lemon 250g, capsicum 450g, tomato 500g, spinach 250g, honey 250g, paneer 200g (replaces previous).",0,[]
h2,h2,2026-08-25,"Munz & Soozy — Tue 25 Aug CLOSED. B Munz 5 almonds + oatmeal bowl 30g + 2 whole/5 whites · L airfried Kerala fish fry — 400g rohu ordered and used in full + Indian mushroom salad (mushroom 0, ignored) + rice 200g · D Munz chicken breast curry 200g + 3 rotis; Soozy Thai basil chicken 150g (Umami: no sugar) + Japanese carrot-cucumber salad; white channa 150g soaked for Wed. Order booked: chia 100g, tomato 500g, flax 200g, muesli 700g, almonds 200g, chicken breast 1200g, rohu 400g, Milky Mist yogurt 700g, Akshayakalpa yogurt 3x90g. Daily cadence: milk -700ml, greek yogurt -4 pots.",0,[]
h3,h3,2026-08-25,"Disha & Anirudh — Tue 25 Aug CLOSED. NO ORDER. B soft boiled eggs with chilli oil + skyr · L Andhra style chicken fry 100g + rice + dal (moong 50g) + chickpea salad (CHICKPEAS NOT ON BOARD — FLAG) · D protein powder + psyllium in lactose-free milk with pear & blueberries. Corrections made during close: chilli-oil drizzle 0.1 jar not the whole jar; rice taken from sona masoori (rice-bran oil had been wrongly matched); dal from moong (sona masoori had been wrongly matched by ""masoori""); onion/tomato deducted in pieces not grams.",0,[]
h4,h4,2026-08-25,Kartik & Dhara — Tue 25 Aug CLOSED on the UPDATED Emergent plan (changed 24-Aug 11:32: keema moved from lunch to dinner as cutlets). B egg shakshuka 3 eggs + toasted sourdough · L bitter gourd fry with rice · D aviyal with neer dosa (idli-rice batter) + mutton keema cutlets (150g thawed keema used fully). NO ORDER.,0,[]
h5,h5,2026-08-25,"Rahul & Radhika — Tue 25 Aug CLOSED. NO ORDER. B Rahul bell-pepper onion egg bhurji + cucumber; Radhika oats/chia/flax/almond-milk/berries bowl (SKYR 0 — FLAG); Skye overnight oats + egg + fruit · L Radhika 1 whole + 3 white egg curry + beetroot & green bean sabzi (GREEN BEANS 0 — FLAG) + matta rice · D low-fat palak paneer + peanut pumpkin sabji (pumpkin and peanuts both finished) + khapli & quinoa flour rotis; Skye beetroot sticks. Chicken thigh untouched — Tuesday has no meat dish, per the stated cadence rule.",0,[]
h7,h7,2026-08-25,"Paxal & Sana — Tue 25 Aug CLOSED. B avocado toast (avocado arrived in today’s order, 2pc used) · L paneer capsicum sabzi (capsicum also arrived today) + 4 rotis + cut carrot beetroot; aam panna made (raw mango 1kg used) · D kabuli chana chat (50g on board, all used) ; green moong 68g all sprouted, yellow moong 100g soaked; Wed overnight oats SOAKED — Quaker oats 50g + skimmed milk 150ml + chia + honey (board had 760g oats and 1.3L milk; an earlier flag was my lookup error, not a stock gap). Order booked 25-Aug: apple 2pc, onion 1kg, fresh cream 250ml, pear 500g, avocado 2pc, green capsicum 2pc, garlic 250g, bread 350g, jam 200g, carrot 500g, pumpkin 500g, sweet potato 500g, banana 4pc, moong dal 500g, toor dal 500g, curd 400g, paneer 600g.",0,[]
h8,h8,2026-08-25,"Pratik & Sakshi — Tue 25 Aug CLOSED. COUNT-DRIVEN household: no deductions applied, board stands at the 24-Aug count. Plan cooked: B quinoa + greek yoghurt with vegetables · L coconut-aminos tofu with broccoli, quinoa Gobbleright wrap, mushroom clear soup · D Gujarati dal (monk fruit, not jaggery), matta rice, cabbage & beans sabzi, low-fat paneer; rajma soaked for Wed cutlet (Chitra rajma 1050g confirmed as the source). Known gaps from the 24-Aug count: eggs, skyr/greek yogurt, tofu, spinach, mushroom, okra all 0 — several Tue and Wed dishes depend on them.",0,[]
h10,h10,2026-08-25,"Yash & Manik — Tue 25 Aug CLOSED. NO ORDER. B Yash cold coffee + 2-egg masala omelette; Manik hot coffee + black chana chat (100g of the batch soaked Mon); peeled pomegranate 200g · L paneer kofta curry (only 150g paneer on board against 200g needed, all used), carrot pea subzi (PEAS 0 — FLAG; carrot 110g finished), roti (ATTA 0 — FLAG, finished Monday), rice 200g, pickled carrot salad, curd · D tandoori chicken sandwich (chicken 150g all used against 300g for 2 pax), zero-maida bread finished; rajma 150g soaked for Wed.",0,[]
h1b,h1b,2026-08-26,"Shunyam & Ishan — Wed 26 Aug CLOSED on the UPDATED Emergent plan (refetched 26-Aug 09:04; lunch changed from zucchini curry to BAINGAN BHARTA). B paneer roastie 150g + 11-11.30 skyr · L baingan bharta (brinjal 300g of the 2pc ordered 25-Aug) + 3 rotis + protein shake · D lehsuni palak (spinach 250g used in full, garlic-heavy 20g) + 2 rotis; chickpeas soaked for Thu — only 60g kala chana on board, SHORT. NO ORDER today.",0,[]
h2,h2,2026-08-26,"Munz & Soozy — Wed 26 Aug CLOSED on the UPDATED plan (refetched; lunch changed from lemon chicken + Korean salad + quinoa to KERALA STYLE CHICKEN CURRY + matta rice + carrot beans thoran + cut fruits; breakfast now includes Soozy). B 5 almonds + oatmeal bowl 30g + 13 eggs total · L Kerala chicken curry 400g + matta rice 200g + carrot-beans thoran + cut papaya · D Indian chicken salad 350g (M200/S150) with garlic yoghurt sauce. Order booked: pear 500g, apple 2pc, sambhar onion 250g, papaya 1kg, dragonfruit 350g, matta rice 2kg, 30 eggs, iceberg 1pc, chicken +800g, milk 500ml, greek yogurt 4x90g. Daily cadence: milk -700ml, greek yogurt -4 pots. Carrot and cucumber both finished.",0,[]
h3,h3,2026-08-26,"Disha & Anirudh — Wed 26 Aug CLOSED on the UPDATED plan (lunch changed from chicken steak with white garlic sauce to SPICY TOMATO CHICKEN CURRY). B devilled egg sandwich 2 eggs + skyr, 2 extra sandwiches packed · L spicy tomato chicken curry 100g + rainbow sauteed veggies (mushroom, spinach, cherry tomato) + herbed rice · D protein powder + psyllium in lactose-free milk with pear & pomegranate. Order booked: black olives 450g (replaces previous), rice bran refined oil 870g. Pear and pomegranate both finished.",0,[]
h4,h4,2026-08-26,"Kartik & Dhara — Wed 26 Aug CLOSED on the UPDATED plan (refetched 26-Aug 09:57; LUNCH IS NOW BLANK — nothing cooked at lunch; dinner changed from malabar parotta to DOSA). B masala amaranth upma + 2 boiled eggs · L nothing on the plan, no deduction · D pepper mutton liver fry (100g thawed liver used in full) + laal maas + dosa from idli-rice batter. FLAG: banana flower not on board, needed for the laal maas. NO ORDER.",0,[]
h5,h5,2026-08-26,"Rahul & Radhika — Wed 26 Aug CLOSED on the UPDATED plan (refetched; BREAKFAST AND LUNCH ARE BOTH BLANK — dinner only). D Asian broccoli tofu bowl with peanut sauce (broccoli 200g and tofu 150g both used in full) + brown rice + vegetable clear soup; Skye carrot sticks + cherry tomatoes + white rice. No meat dish today, so the chicken-thigh cadence does not apply — thigh untouched at 1250g. Order booked: red capsicum 150g, yellow capsicum 150g, onion 1kg, beans 250g, tomato 500g, 12 eggs, spinach 250g, coriander 100g, baby corn 200g.",0,[]
h7,h7,2026-08-26,"Paxal & Sana — Wed 26 Aug CLOSED on the UPDATED plan (refetched 26-Aug 09:12; breakfast fruits changed from strawberry to BLUEBERRIES; lunch salad now raw mango AND raw papaya). B overnight oats (soaked Tue) with apple 2pc + blueberries 30g + cashews + almonds · L malai kofta with cream 150ml + 4 rotis + raw papaya salad (FLAG: raw mango 0, all of it went into Tuesday’s aam panna) · D yellow moong dal chilla (soaked Tue) + paneer bhurji; masoor dal 150g soaked for Thu. NO ORDER. Apple, blueberries and papaya all finished.",0,[]
h10,h10,2026-08-26,"Yash & Manik — Wed 26 Aug CLOSED on the UPDATED plan (refetched 26-Aug 09:32; lunch changed from rajma curry to MASUR DAL + ARBI DRY + rotis + cut veg + cut apple + boondi raita; dinner changed from veg fried rice + chilli chicken to CHICKEN FRIED RICE). B Yash cold coffee + shakshuka 2 eggs · L masur dal 100g + cut carrot/cucumber/beetroot + cut apple + boondi raita · D chicken fried rice (200g thigh used in full). NO ORDER. FLAGS: arbi not on board, atta still 0 (no rotis), carrot finished, tomato and curd both to 0.",0,[]
h1b,h1b,2026-08-27,"Shunyam & Ishan — Thu 27 Aug CLOSED. NOTHING ORDERED, NOTHING COOKED (Emergent plan blank for all three meals). No deductions.",0,[]
h3,h3,2026-08-27,"Disha & Anirudh — Thu 27 Aug CLOSED. NO ORDER, NO FOOD PREPARED (Emergent plan blank for all three meals). No deductions.",0,[]
h2,h2,2026-08-27,"Munz & Soozy — Thu 27 Aug CLOSED. B 5 almonds + oatmeal bowl 30g + 13 eggs (Munz 2W+5wh, Soozy 1W+5wh) · L chilli chicken with basil (plan-stated M200 + S150 = 350g) + little millet 200g + crunchy salad (cucumber, carrot, red cabbage) · D spicy prawn salad (350g per the h2 standing rule) + vegetable salad with herb lime vinaigrette (rosemary, olive oil, lemon, mushroom). Order booked: lemon 200g, mushroom 200g, rosemary 10g, carrot 500g, english cucumber 500g, little millet 500g (new SKU), sweet potato 500g, 20 eggs, chicken breast 400g, red cabbage 1pc, prawns 240g, olive oil 500ml, milk 1L, yogurt 3x90g. Daily cadence: milk -700ml, greek yogurt -4 pots. Prawns now down to 20g.",0,[]
h4,h4,2026-08-27,"Kartik & Dhara — Thu 27 Aug CLOSED. NO ORDER. B bok choy omelette (BOK CHOY NOT ON BOARD — flagged) + mint chutney · L bhapa hilsa with santula and foxtail millet rice — hilsa not on the board, so the sardines ordered 26-Aug were used (175g of 350g); foxtail millet 120g · D chicken momos (thawed chicken breast 225g of the 450g pack, maida wrappers) with garlic stir-fried carrot.",0,[]
h5,h5,2026-08-27,"Rahul & Radhika — Thu 27 Aug CLOSED. B Rahul bell-pepper onion egg bhurji + cucumber; Radhika oats/chia/flax/almond-milk/berries bowl (SKYR 0 — flagged); Skye overnight oats + egg + fruit · L Radhika Gobbleright almond wrap with 1 whole + 3 white omelette and dahi chutney (WRAP 0 and no curd row — both flagged) · D Healthy beef kebabs with green chutney — the Bamburies beef mince 250g ordered 26-Aug used in full + cauliflower and carrot moong dal (cauliflower finished) + khapli and quinoa flour rotis; Skye beetroot sticks (beetroot finished) and gobi parantha (CABBAGE 0 — flagged). Order booked: dog chicken 400g (PET row), bottle gourd 1 medium, sona masoori rice 1kg, basa fish 500g.",0,[]
h7,h7,2026-08-27,"Paxal & Sana — Thu 27 Aug CLOSED. NO ORDER. B guacamole toast (the avocado added 26-Aug used) · L masoor dal tadka 100g (50g dry per person, soaked Wed) + 4 rotis · D puliyogre pulao + cucumber carrot raita. Green chilli finished.",0,[]
h10,h10,2026-08-27,"Yash & Manik — Thu 27 Aug CLOSED. B avocado toast on sourdough for both (the avocado ordered today used; MILK 0 for Yash’s cold coffee — flagged) · L BLANK on the Emergent plan, nothing cooked · D stuffed paneer paratha from the leftover kofta mixture with mint coriander chutney — all 50g paneer used, but ATTA IS 0 so no paratha was possible (flagged); chicken marinated for tomorrow. Order booked: ooty carrot 250g, oregano 40g, chilli flakes 40g, mint 100g, avocado 1pc.",0,[]
h1b,h1b,2026-08-28,"Shunyam & Ishan — Fri 28 Aug CLOSED. NO FOOD, NO ORDER (Emergent plan blank for all three meals). No deductions.",0,[]
h3,h3,2026-08-28,"Disha & Anirudh — Fri 28 Aug CLOSED. NO FOOD, NO ORDER (Emergent plan blank for all three meals). No deductions.",0,[]
h2,h2,2026-08-28,"Munz & Soozy — Fri 28 Aug CLOSED. B 5 almonds + oatmeal bowl 30g + 13 eggs · L chicken majestic (plan-stated M200 + S150) + Indian mushroom salad with boiled sweet potato 100g each + cut muskmelon · D lemon rosemary chicken (M200 + S150) + mushroom sauce. Order booked: milk 1L, greek yogurt 2x90g, mackerel 500g (new SKU). Daily cadence: milk -700ml, greek yogurt -4 pots (the Milky Mist row had only 340g, so it is now 0 — the Akshayakalpa tubs remain). Muskmelon finished; mushroom down to 30g.",0,[]
h4,h4,2026-08-28,"Kartik & Dhara — Fri 28 Aug CLOSED. NO ORDER. DINNER SKIPPED on instruction (the plan had bread pudding from leftover sourdough — not made, nothing deducted). B red poha with 2 boiled eggs · L prawn rasam (all 250g prawns used) and ragi rice.",0,[]
h5,h5,2026-08-28,"Rahul & Radhika — Fri 28 Aug CLOSED. Order: SOURDOUGH ONLY (1 loaf). B sunny side up eggs + avocado (last 1pc used) + sourdough + mushroom onion stir fry (mushroom finished); Skye overnight oats · L Radhika beetroot quinoa bowl (BEETROOT 0 — flagged) + zucchini and tofu stir fry (TOFU 0 — flagged) · D tandoori basa — the 500g basa ordered 27-Aug used in full, more paprika and less lal mirch per the plan + mixed vegetable handi (no potato) + red matta rice; Skye methi paratha and carrot sticks. Green moong 75g all soaked; no chickpea row on this board to soak (flagged).",0,[]
h7,h7,2026-08-28,"Paxal & Sana — Fri 28 Aug CLOSED. NO ORDER. ONLY DINNER COOKED: dahi kabuli chana chat. The kabuli chana was leftover already-soaked stock and was deliberately NOT deducted again (it came off at soak time) — set curd 150g, onion, tomato, coriander, lemon and chaat masala deducted. Breakfast and lunch not cooked.",0,[]
h10,h10,2026-08-28,"Yash & Manik — Fri 28 Aug CLOSED. NO ORDER. B cheese spinach omelette (Yash 2 eggs, Manik 1) + cold/hot coffee · L chicken curry — all 225g thigh used against ~300g for 2 pax + onion raita (NO CURD on this board — flagged) + carrot cucumber beetroot salad; 5 rotis made — atta confirmed at 1kg on the board (200g used) · D egg fried rice with garlic tossed vegetables. Eggs down to 5, chicken to 0.",0,[]
h1b,h1b,2026-08-29,"Shunyam & Ishan — Sat 29 Aug CLOSED. NOTHING COOKED, no order. No deductions.",0,[]
h7,h7,2026-08-29,"Paxal & Sana — Sat 29 Aug CLOSED. NOTHING COOKED, no order. No deductions.",0,[]
h3,h3,2026-08-29,"Disha & Anirudh — Sat 29 Aug CLOSED. Emergent plan blank for all three meals, no order. No deductions.",0,[]
h2,h2,2026-08-29,"Munz & Soozy — Sat 29 Aug CLOSED. B 5 almonds + oatmeal bowl 30g + 13 eggs · L Kerala style fish curry (mackerel 500g used in full) + 3 rotis each + onion cucumber chickpea salad · D Vietnamese chicken salad — plan wanted M200+S150=350g but only 250g chicken breast was on the board, all used, SHORT flagged + peanut garlic dressing. Order booked: greek yogurt 3x90g, milk 500ml, salt 1kg. Daily cadence: milk -700ml, greek yogurt -4 pots (yogurt now 0).",0,[]
h4,h4,2026-08-29,"Kartik & Dhara — Sat 29 Aug CLOSED. NO ORDER. B veg stuffed parantha with 2 boiled eggs · L blank on the plan, nothing cooked · D chicken chettinad curry (225g thawed chicken used in full) with dahi baingan sabji (brinjal 250g) and foxtail millet rice, plus bread pudding from the existing sourdough. Correction during close: a brinjal deduction had landed on the matcha row and was reversed.",0,[]
h5,h5,2026-08-29,"Rahul & Radhika — Sat 29 Aug CLOSED. B pessarattu dosa + spring onion/mushroom/zucchini/bell-pepper omelettes (MUSHROOM 0 — flagged) + green mint chutney · L fattoush salad (no green capsicum per the plan, balsamic instead of pomegranate molasses) + greek yoghurt dip from skyr + chickpea falafel (CHICKPEAS 0 — flagged) + boiled quinoa; Skye red sauce pasta (PASTA 0 — flagged) · D Italian tomato basil chicken with thighs 600g + Italian asparagus and spinach soup; Skye cherry tomato and herbed butter rice. Order booked: cherry tomato 200g, peeled garlic 100g, skyr 225g, cucumber 250g, carrot 500g, spinach 250g, olive oil 1L (replaces previous), ghee 250ml (replaces previous). Eggs now 0.",0,[]
h10,h10,2026-08-29,"Yash & Manik — Sat 29 Aug CLOSED. B moong dal chila with coriander mint chutney + cold/hot coffee · L palak paneer (PANEER 0 — flagged, spinach only 20g so all used) + bhindi sabzi (okra used in full) + 5 rotis + cut cucumber/carrot/beetroot + cut apple (APPLE 0 — flagged) + Yash curd with sugar · D Hyderabadi chicken biryani (chicken leg boneless 450g used in full) with onion raita. Order booked: chicken leg boneless 450g, curd 500g (both replacing previous), biryani masala 50g (new SKU).",0,[]
h1b,h1b,2026-08-31,"Shunyam & Ishan — Mon 31 Aug CLOSED. NO ORDER. Emergent has no W36 plan for this household yet (still on W35), so no meals could be resolved and nothing was deducted.",0,[]
h3,h3,2026-08-31,Disha & Anirudh — Mon 31 Aug CLOSED. NO ORDER. W36 plan blank for all three meals. No deductions.,0,[]
h4,h4,2026-08-31,"Kartik & Dhara — Mon 31 Aug CLOSED. NO ORDER today (the 30-Aug order was booked yesterday after meals). B vegetable daliya porridge + 2 boiled eggs (DALIYA NOT ON BOARD — flagged) · L raw banana and papaya curry (one dish) with French beans sabzi, miso-glazed tofu (the 200g ordered 30-Aug used in full) and bajra bhakri (BAJRA 0 — flagged); yellow moong dal and ragi soaked for idli (NO YELLOW MOONG ROW — flagged, only green moong 50g) · D grilled sardines with spicy hakka noodles — both noodle lots ordered 30-Aug used in full (CABBAGE 0 — flagged). Raw banana and raw papaya both finished.",0,[]
h2,h2,2026-08-31,"Munz & Soozy — Mon 31 Aug CLOSED. B 5 almonds + oatmeal bowl 30g + 13 eggs · L garlic prawn salad both (350g per the standing rule, but only 250g prawns were on the board — all used, SHORT) + peanut garlic dressing + little millet 100g each + cut muskmelon · D Munz chicken breast curry 200g + 3 rotis; Soozy grilled chimichurri chicken avocado salad 150g. Order booked: Licious chicken breast 1.6kg, parsley 100g, nutmeg powder 50g, dry mango powder 50g, elaichi 15g (new row — an earlier attempt had landed on a combined spice row and was reversed), wieli 50g, cinnamon powder 45g, button mushroom 200g, avocado 2pc, tomato 500g, cucumber 500g, milk 500ml. Greek yogurt now 0.",0,[]
h5,h5,2026-08-31,"Rahul & Radhika — Mon 31 Aug CLOSED. B mushroom spinach omelettes + sourdough; Skye overnight oats (OAT MILK 0 — flagged) · L Radhika chicken keema roll (NO KEEMA ROW — flagged) in a Gobbleright almond flour wrap (WRAP 0 — flagged) + chopped cabbage carrot stir fry · D chicken pepper rasam — 500g thigh on the board against 600g for 3 pax, all used, SHORT + brown rice + zucchini and broccoli sabzi; Skye gobhi parantha and carrot sticks. Order booked: 36 lines including skyr 6x100g, Milky Mist skyr 225g and dog chicken 400g (all three replacing previous quantities), ragi flour 500g as a new row, plus eggs 48pc, paneer 600g, carrot 1kg, tomato 1kg, broccoli 400g, cabbage 500g and the rest.",0,[]
h7,h7,2026-08-31,"Paxal & Sana — Mon 31 Aug CLOSED. B bottle gourd chilla (only a 1pc baby bottle gourd on the board, used in full) + urad dal, finger millet and the newly-ordered idli rice soaked for idli · L sprouts moong dal curry (the 200g sprouts set on 27-Aug) + 4 rotis + cut cucumber · D sriracha paneer millet bowl using the paneer ordered today. Order booked: schezwan sauce 200g (new row), green zucchini 200g, green chilli 100g, french beans 250g (new row), tomato 500g, coriander 100g, paneer 600g (replaces previous), idli rice 1kg (new row).",0,[]
h10,h10,2026-08-31,"Yash & Manik — Mon 31 Aug CLOSED. B Manik hot coffee + chilla, Yash cold coffee + egg mayo sandwich (using the veg mayonnaise ordered today) + cut apple · L methi malai paneer (fresh methi leaves 100g and the fresh cream ordered today; a first attempt had wrongly hit the empty Kasuri methi row and was corrected) + roti + cucumber/carrot/beetroot salad + Yash curd with sugar · D veggies in tandoori sauce (capsicum, the mushroom and zucchini ordered today) + palak rice (SPINACH 0 — flagged, removed in the 29-Aug count); rajma 150g soaked for Tue. Order booked: spring onion 250g, prawns 240g, green zucchini 1pc, mushroom 200g, 6 eggs, tri-colour capsicum 450g, fresh cream 50g, coconut milk 180ml, ooty carrot 250g, veg mayonnaise 180g, wheat noodles 150g (six of these were new rows). Paneer and curd both to 0.",0,[]
h1b,h1b,2026-09-01,"Shunyam & Ishan — Tue 1 Sep CLOSED. NO ORDER. Emergent still has no W36 plan for this household (it returns W35), so no meals could be resolved and nothing was deducted. Worth chasing — this is the second day running.",0,[]
h3,h3,2026-09-01,"Disha & Anirudh — Tue 1 Sep CLOSED. NO ORDER. W36 Tuesday is blank for breakfast and lunch; dinner holds only the prep note ""(Thaw chicken)"" and no dish, so nothing was cooked and nothing deducted.",0,[]
h2,h2,2026-09-01,"Munz & Soozy — Tue 1 Sep CLOSED. B 5 almonds + oatmeal bowl 30g + 13 eggs · L tandoori chicken salad bowl (plan-stated M200 + S150) + garlic yoghurt dip + cut dragon fruit · D chicken steak with mushroom sauce (M200 + S150) + sauteed and air-fried vegetables. Order booked: broccoli 250g, onion 1kg. MUSHROOM 0 — flagged, it was cleared from the board on 31-Aug so the mushroom sauce had none. Milk short (600ml against the 700ml cadence) and Akshayakalpa yogurt now 0.",0,[]
h4,h4,2026-09-01,"Kartik & Dhara — Tue 1 Sep CLOSED. NO ORDER. B ragi moong dal cheela with mint chutney (green moong short — 50g against 60g) · L dahi chicken, bhindi masala dry (the okra ordered 30-Aug used in full) and steamed jeera rice · D NOT COOKED — the grilled prawns and creamy aglio e olio were not made (Bhavya 2-Sep); all dinner deductions have been reversed and the stock restored.",0,[]
h5,h5,2026-09-01,"Rahul & Radhika — Tue 1 Sep CLOSED. B Rahul bell-pepper onion egg bhurji + cucumber; Radhika oats/skyr/chia/flax/almond-milk/berries bowl (ALMOND MILK 0 — flagged); Skye overnight oats · L Radhika 2 whole egg curry, no sugar or jaggery per the plan, + beetroot and green bean sabzi + matta rice · D tandoori basa — the 500g ordered 31-Aug used in full, more paprika and less lal mirch + mixed vegetable handi (CAULIFLOWER 0 — flagged); Skye herbed butter rice and beetroot sticks. Order booked: jeera rice 1kg (new row, no prior jeera-rice SKU existed), sunflower oil 1L and quinoa flour 500g both replacing previous with their duplicate rows cleared. Corrections: a gram request had emptied the 4-piece beetroot row (restored, 1 pc taken); the two capsicums were full single pieces, not short.",0,[]
h7,h7,2026-09-01,Paxal & Sana — Tue 1 Sep CLOSED. NO ORDER. Breakfast and lunch blank on the plan; DINNER ONLY — bisi bele bhaat and paneer pepper dry. Paneer 300g used in full. NO BLACK PEPPER ROW on this board — flagged for the paneer pepper dry.,0,[]
h10,h10,2026-09-01,"Yash & Manik — Tue 1 Sep CLOSED. NO ORDER. B Yash cold coffee, Manik hot coffee, upma for both (NO RAVA/SOOJI ROW — flagged, upma could not be resolved) + cut pomegranate · L rajma (soaked Mon, 100g against 300g for 2 pax — SHORT) + 5 roti + arbi palak sabji (SPINACH 0 — flagged) + cucumber/carrot/beetroot salad + pudina raita (CURD 0 — flagged) · D coconut prawn curry using the prawns and coconut milk ordered 31-Aug, both used in full, + rice. Corrections: gram requests had emptied the piece-unit pomegranate and onion rows; both restored and 1 pc taken from each.",0,[]
h11,h11,2026-09-01,"Padmaja & Rohan — Tue 1 Sep CLOSED. FIRST EVER CLOSE for this household. Veggies cleared on instruction (potato, garlic, onion, radish, capsicum) and a 15-line order booked: spinach 250g, amaranthus 250g, mushroom 200g, quinoa 500g, honey 250g, 6 eggs, oats 400g, basa fillets 1kg, chicken breast +400g, carrot 500g, beans 250g, broccoli 200g, blueberry 125g, curry leaves 100g, sona masoori +1kg — thirteen of these were new rows. B mushroom spinach omelette + banana protein shake (NO BANANA ROW — flagged) · L blank on the plan · D lemon butter garlic fish with herbed brown rice and sauteed vegetables, using the basa ordered today; overnight oats soaked. FLAGS: no banana row, no butter row, and garlic is 0 because it was cleared in the veg removal this morning — the dish needs it.",0,[]
h8,h8,2026-09-01,"Pratik & Sakshi — Tue 1 Sep CLOSED. HYBRID DAY: the post-lunch physical count (27 perishable items) is the stock basis, and only DINNER was deducted on top of it, per instruction. Breakfast and lunch were NOT deducted — the count was taken after lunch, so that consumption is already reflected in the counted figures. Dinner (2 pax): methi gatte ki sabzi (besan 100g gatte, kasuri methi, curd gravy) · cauliflower, carrot and beans sabzi with the potato skipped per the plan · mooli greek yoghurt raita thinned with a little water · quinoa and jowar flour roti (70g each). Yellow moong dal 100g soaked for tomorrow’s cheela and chaat bowl. Count applied earlier today: cheddar 200g, Milky Mist greek yogurt 500g (row moved Vegetable -> Dairy), butter 200g, 6 eggs, curd 400g (NEW row — this board had none), banana 500g, tomato 500g, 2 pear, 2 apple, 1 zucchini, coriander 150g (100 + 50), beans 125g, 4 carrot, mint 100g, 3 white radish, cauliflower 300g, curry leaves 50g, green chilli 20g, 3 lemon, ginger 200g, garlic 100g, onion 1.5kg, 3 kiwi, blueberry 125g, strawberry 200g, idli/dosa batter 1kg, peanut butter 325g (replaces previous). All veg/fruit rows not in the count were cleared. 29 deduction lines, no flags, nothing short.",0,[]
h2,h2,2026-09-02,"Munz & Soozy — Wed 2 Sep: EOD full perishable count applied (24 items). Garlic 330g, ginger 250g, fish sauce and coconut milk RESTORED — base staples and shelf-stable condiments should not be swept by a produce count. Removed as not counted: coriander, capsicum pool, broccoli, curry leaves, mint, dry coconut, papaya, chicken breast 800g, butter, parmesan, cream cheese, frozen sweet corn, apple, iceberg. No dinner deduction requested.",0,[]
h10,h10,2026-09-02,"Yash & Manik — Wed 2 Sep: post-lunch perishable count applied (16 items, 4 new capsicum/fish rows). The count covered VEGETABLES AND FISH ONLY, so dairy, fruit, frozen, bread and the chicken thigh were restored rather than swept. Onion, potato and peeled garlic kept and flagged VERIFY. Lemoneez (bottled juice) restored to 250ml — the fresh-lemon count had wrongly landed there. DINNER DEDUCTED: surmai fish curry (the 375g seer fish used in full) + rice 200g. FLAG: coconut milk 0. Correction: the green-chilli deduction had hit the sauce row.",0,[]
h7,h7,2026-09-02,Paxal & Sana — Wed 2 Sep: full perishable count applied (22 items). Set curd and cheddar restored — dairy was not part of this produce count. DINNER DEDUCTED: bisi bele bhaat + paneer pepper dry (2 pax). FLAGS: no sambar-powder row and no black-pepper row on this board.,0,[]
h11,h11,2026-09-02,"Padmaja & Rohan — Wed 2 Sep: full perishable count applied (16 items, 9 new rows). Chicken breast 620g and curd 500g RESTORED — tonight’s chicken tikka skewers and yoghurt dip both need them and neither was in the count. Garlic kept and flagged VERIFY. DINNER DEDUCTED: air-fry chicken tikka skewers 400g + Indian-style quinoa 150g + yoghurt dip + green salad. FLAGS: no capsicum and no lemon row on this board.",0,[]
h5,h5,2026-09-02,"Rahul & Radhika — Wed 2 Sep: EOD full perishable count applied (47 items, 2 new rows for curd 500g and the 6x100g skyr pack). Eggs 26pc, onion 920g and ginger 200g kept and flagged VERIFY as base staples absent from the count; ghee and the almond wraps restored as pantry items. Duplicates correctly cleared: garlic-peeled, french ring beans, the 28-Aug sourdough row. No dinner deduction requested.",0,[]
h3,h3,2026-09-02,"Disha & Anirudh — Wed 2 Sep EOD perishable count applied: chicken breast 225g, Nandini milk 1500ml (500ml + 1kg more, NEW row — this board had none), coconut cream 200g, coconut milk (opened) 100g, Amul lactose-free 1 pack, cucumber 3pc. TOMATO AND ONION were listed as present but with NO QUANTITY — held at their existing 9pc and 4.5pc and flagged for confirmation. Eggs, ginger, fresh garlic and butter kept as base staples. Everything else perishable not in the count was cleared. No dinner deduction requested.",0,[]
h8,h8,2026-09-02,"Pratik & Sakshi — Wed 2 Sep: FULL PANTRY OVERWRITE from the uploaded list. 227 lines parsed into 197 unique SKUs, with 24 SKUs combined from multiple lines: honey 250g (3 lines), cumin/jeera 1750g (3), coriander powder 260g (3), haldi 300g (3), green moong whole 1650g (3), chana dal 1200g, maida 1100g, urad black whole 1700g, quaker oats 1090g, matta rice 1050g, moong dal 1050g, masoor dal 840g, sweet corn dalia 793g, sugar 500g, cauliflower 427g, sunflower seeds 300g, pumpkin seeds 300g, kashmiri chilli 200g, chaat masala 200g, cinnamon powder 110g, cloves 100g, chilli flakes 100g, jowar atta 1000g, eggs 9. Everything not on the list was removed. One line — ""kalonji seeds"" — had NO QUANTITY and is held at the existing 60g pending confirmation.",0,[]
h8,h8,2026-09-02,"Pratik & Sakshi — Wed 2 Sep DINNER DEDUCTED on top of the full pantry overwrite. Tofu bhurji stuffed moong dal cheela (yellow moong 100g soaked Tue, tofu 200g used in full) · green coriander chutney (coriander 60g, lemon, peanuts) · masala roasted veggies with the sweet potato skipped per the plan (cauliflower 200g, zucchini 200g, capsicum, carrot, onion, chaat masala). AN ORDER LANDED between the pantry count and dinner (tomato 1kg, broccoli 200g, poha 500g, green chilli 100g, potato 1kg, mushroom 200g, spinach 500g, paneer 200g, pumpkin 500g, beans 250g, cashews 250g, mint 100g) — it has now been booked, and the mint and green chilli the chutney needed were deducted from it, so the earlier flags are withdrawn.",0,[]
h4,h4,2026-09-02,"Kartik & Dhara — Wed 2 Sep CLOSED. NOTHING WAS MADE — no breakfast, lunch or dinner cooked, and no order. No deductions applied. Also on this date: the 1-Sep DINNER was reversed after Bhavya confirmed it was not cooked — prawns 250g, whole wheat pasta, cream, garlic and olive oil all restored to the board.",0,[]
h4,h4,2026-09-03,"Kartik & Dhara — Thu 3 Sep CLOSED. ORDER BOOKED but NO MEALS COOKED (Bhavya): tomato 500g, cucumber 500g, parwal 250g, dragon fruit 1pc, muscat grapes 250g (new row — the order had first landed on ""Blue grapes"" and was moved), coriander 100g, red banana 500g (new row), red amaranth 250g, pomegranate 2pc. No deductions applied.",0,[]
h2,h2,2026-09-03,"Munz & Soozy — Thu 3 Sep CLOSED. B 5 almonds + oatmeal bowl 30g + eggs (only 10 on board against 13 needed, SHORT) · L Kerala-style mackerel fish curry (the 300g mackerel used in full) + rice + cut dragon fruit · D Munz methi chicken 200g + 3 rotis; Soozy grilled chicken steak with white garlic sauce 150g + sauteed vegetables. FLAGS: chicken breast 0 (cleared in the 2-Sep count, so both dinner chicken dishes had none), coconut milk 0, broccoli 0. Correction: a gram request had emptied the 2-piece dragon fruit row.",0,[]
h3,h3,2026-09-03,"Disha & Anirudh — Thu 3 Sep CLOSED. Order booked (21 lines). B green shakshuka for both + Disha skyr · L chicken jalfrezi 100g each + rice (Disha) / quinoa (Anirudh) + kachumber with no raw onion per the plan · D protein powder + psyllium in milk with blueberry, pear, walnuts and seed mix kept aside. FLAG: no walnut row on this board. Corrections: gram requests had emptied the piece-unit tomato and cucumber rows, and taken a whole lactose-free milk pack; cheese slice and mushroom had landed on a jalapeno dip and a seaweed seasoning during order booking.",0,[]
h5,h5,2026-09-03,"Rahul & Radhika — Thu 3 Sep CLOSED. Order was just TWO lines: green chilli 100g and mixed berries 200g. B Rahul bell-pepper onion egg bhurji + cucumber slices; Radhika oats/skyr/chia/flax/almond-milk bowl with the berries ordered today; Skye egg + fruit · L Radhika 1 Gobbleright almond wrap (1 wrap — standing rule) with 1 whole + 3 white veggie masala omelette, lots of veggies per the plan, + coriander mint chutney using the green chilli ordered today · D high-protein chicken shammi kebab bowls + skyr + brown rice + kachumbar; Skye beetroot sticks and herbed butter rice. FLAGS: chicken thigh 400g against 600g for 3 pax — SHORT, all used; cucumber, beetroot and white rice all 0; the 25g skyr row emptied. Correction: a 60g capsicum request had emptied the 2-piece yellow capsicum row.",0,[]
h7,h7,2026-09-03,Paxal & Sana — Thu 3 Sep CLOSED. Order booked after breakfast (6 lines). B leftover ragi idli fry with tomato garlic chutney — the idli was already-cooked leftover so the raw idli rice was NOT deducted again (it came off at the 31-Aug soak) · L veg paneer handi + 4 rotis + cut carrots and cucumber · D lehsuni dal khichdi + sauteed paneer and beans; ginger 30g used to make ginger ale for the fridge. FLAGS: paneer ran out — 200g on board against 400g needed across lunch and dinner; french beans short (20g against 100g).,0,[]
h8,h8,2026-09-03,"Pratik & Sakshi — Thu 3 Sep: BREAKFAST AND LUNCH DEDUCTED ONLY, dinner deliberately NOT deducted per instruction. B vegetable poha (1/2-3/4 portion) + 1 whole egg and 2 whites mushroom/spinach omelet using the mushroom and spinach ordered 2-Sep + thin sattu chaas with greek yoghurt (GREEK YOGURT 0 — flagged) · L pumpkin and mixed veggie dal soup (pumpkin 300g of the 500g ordered 2-Sep) + roasted tofu (TOFU 0 — flagged, it was used in full on 2-Sep) + boiled millet, plus Kids & Staff at 4 pax: mixed dal 200g and roti (ATTA 0 — flagged), and the berries-and-sunflower-seed snack. DINNER (no-oil shahi paneer, matta rice, green bean masala, chopped carrot and cucumber, and the masoor/rajma/chana-dal soaks) is still OUTSTANDING. Correction: a 1-piece onion request took only 1g from a gram row — corrected to 80g.",0,[]
h10,h10,2026-09-03,"Yash & Manik — Thu 3 Sep CLOSED. Order booked (13 lines). B Yash sandwich, Manik paneer grilled sandwich, cut apple · L chana masala + jeera aloo sabzi + cucumber/carrot/beetroot salad + Yash curd with sugar (CURD 0 — flagged; NO JEERA ROW on this board — flagged) · D garlic fried rice (RICE ran out — 100g against 200g) + chilli paneer (paneer ran out, capsicum short). Corrections: the chana deduction had landed on ""Chole masale"" (a spice) and a piece request had taken 1g from the gram-unit onion row.",0,[]
h11,h11,2026-09-03,"Padmaja & Rohan — Thu 3 Sep CLOSED. Order booked (26 lines). B pita bread with eggs and spinach + apple cinnamon protein shake — the Lebanese pita ordered today used in full. LUNCH AND DINNER ARE BLANK on the Emergent plan, so nothing was cooked or deducted for them. FLAGS: no cinnamon row and no protein-powder row on this board, both needed for the shake. Correction: the shake milk had been taken from ""Milk bread"".",0,[]
h1b,h1b,2026-09-03,Shunyam & Ishan — Thu 3 Sep CLOSED. NO ORDER. Emergent still has no W36 plan for this household (it returns W35) — fourth consecutive day. No meals could be resolved and nothing was deducted. This needs chasing with whoever maintains their plan.,0,[]
h1b,h1b,2026-09-03,"Shunyam & Ishan — Thu 3 Sep CLOSED. NO ORDER. Emergent STILL has no W36 plan for this household (it returns W35) — fourth day running, needs chasing. No deductions.",0,[]
h2,h2,2026-09-03,"Munz & Soozy — Thu 3 Sep CLOSED. Order booked: grated coconut 200g, 36 eggs, chicken breast 1.6kg, zucchini 1pc, prawns 250g, cherry tomato 50g, broccoli 200g, coriander 100g, milk 500ml, greek yogurt 3x90g. B 5 almonds + oatmeal bowl 30g + 13 eggs · L Kerala-style mackerel fish curry + rice 100g each + cut dragon fruit — MACKEREL 0 (it was marked expired on 1-Sep) so the curry had no fish · D Munz methi chicken 200g + 3 rotis (ATTA 0 — flagged); Soozy grilled chicken steak 150g with white garlic sauce + sauteed vegetables. Milky Mist yogurt and dragon fruit both to 0.",0,[]
h3,h3,2026-09-03,"Disha & Anirudh — Thu 3 Sep CLOSED. Order booked (21 lines). B green shakshuka both + Disha skyr · L chicken jalfrezi 100g each + rice for Disha, quinoa for Anirudh + kachumber-style cucumber/tomato/coriander salad with no raw onion per the plan · D protein powder + psyllium in milk with blueberry, pear, walnuts and seed mix kept aside. FLAGS: no walnut row and no seed-mix row on this board; spinach, quinoa and cucumber all to 0. Corrections: cheese slice and mushroom had landed on the jalapeno-dip and mushroom-seasoning rows; a 150g tomato request had emptied the 8-piece row; lactose-free milk corrected to 0.4 of a 1L pack.",0,[]
h4,h4,2026-09-03,"Kartik & Dhara — Thu 3 Sep CLOSED. Order booked (9 lines). B bara gugni (KALA CHANA 0 — flagged) · L rajma cutlet using the available boiled rajma (100g of 150g — SHORT) + rajgira upma + sardines fry (175g used in full) · D ridge gourd santula using the parwal ordered today + half-cooked roti. Correction: the rajgira upma had deducted the fresh amaranth LEAVES ordered today instead of the amaranth GRAIN — leaves restored to 250g, 80g taken from the grain.",0,[]
h5,h5,2026-09-03,Rahul & Radhika — Thu 3 Sep: plan read but NOT deducted — see the note below.,0,[]
h7,h7,2026-09-03,"Paxal & Sana — Thu 3 Sep CLOSED. Order booked after breakfast: carrot 250g, cucumber 500g, green capsicum 2pc, tomato 500g, milk 1L (replaces previous), sweet potato 500g. B leftover ragi idli fry with tomato garlic chutney · L veg paneer handi + 4 rotis + cut carrots and cucumber (PANEER 0 and ONION 0 — both flagged) · D lehsuni dal khichdi + sauteed paneer and beans (PANEER and FRENCH BEANS both 0 — flagged); ginger ale made and stored. Corrections: carrot, cucumber and sweet potato rows were in pieces and a gram order had been added to them — all three set to grams.",0,[]
h10,h10,2026-09-03,"Yash & Manik — Thu 3 Sep CLOSED. Order booked (13 lines). B paneer grilled sandwich both + cold/hot coffee + cut apple · L chana masala + jeera aloo sabzi + cucumber/carrot/beetroot salad + Yash curd with sugar · D garlic fried rice with mushroom + chilli paneer with capsicum, per the plan notes. FLAGS: paneer short — 200g ordered against 400g needed across breakfast and dinner; no jeera-seed row (only jeera powder); curd 0; Amul Taaza to 0. Corrections: chana masala had deducted the CHOLE MASALE spice instead of the chana legume; rice fell back to brown rice as the only rice with stock.",0,[]
h11,h11,2026-09-03,"Padmaja & Rohan — Thu 3 Sep CLOSED. Order booked (26 lines). B pita bread with eggs and spinach + apple cinnamon protein shake. LUNCH AND DINNER ARE BLANK on the plan, so nothing was cooked for either. FLAGS: no cinnamon row and no protein-powder row on this board — the shake could not be fully resolved; eggs and spinach both to 0. Correction: the shake’s milk had deducted the MILK BREAD row — restored, and 250ml taken from Amul Taaza instead.",0,[]
h1b,h1b,2026-09-04,"Shunyam & Ishan — Fri 4 Sep CLOSED. A W36 plan FINALLY appeared on Emergent (updated 4-Sep 06:57) after four blank days, but Friday itself is blank for all three meals. No order, no deductions.",0,[]
h2,h2,2026-09-04,"Munz & Soozy — Fri 4 Sep CLOSED. Order: Red Label tea 500g (replaces previous). Friday is BLANK on Emergent for all three meals, so nothing was cooked and nothing deducted.",0,[]
h3,h3,2026-09-04,"Disha & Anirudh — Fri 4 Sep CLOSED. NO ORDER. B Disha mushroom omelette + skyr; Anirudh mushroom and spinach omelette · L Rajasthani chicken curry 100g each + roti + cucumber/carrot/coriander salad, plus 1 scoop whey and a banana packed · D protein powder + psyllium in milk for Disha, in water for Anirudh, with pear, pomegranate, walnuts and seed mix aside. FLAGS: curd 0 for the curry gravy; lactose-free milk and pear both to 0. Correction: a bread deduction had hit the breadcrumbs row — moved to the sourdough.",0,[]
h4,h4,2026-09-04,"Kartik & Dhara — Fri 4 Sep CLOSED. No order; 1kg onion, 500g tomato, 100g garlic, 200g ginger added on instruction. THURSDAY 3-SEP: nothing was cooked (Bhavya) — all 7 of that day deductions reversed and the stock restored. FRIDAY plan confirmed accurate and deducted: B bara gugni (KALA CHANA 0 — flagged; no flax-seed row for the soak) · L rajma cutlet using the available boiled rajma (100g against 150g — SHORT) with rajgira upma from the amaranth GRAIN and sardines fry 175g · D ridge gourd santula using the parwal + half-cooked rotis.",0,[]
h5,h5,2026-09-04,"Rahul & Radhika — Fri 4 Sep CLOSED. Order: green moong 500g, beetroot 250g, raw peanuts 500g, Teju biryani masala 30g, Whole Truth peanut butter 325g, Kikkoman soy sauce 500ml (the last two replacing previous). B pessarattu dosa + masala spinach omelettes + green mint chutney, Radhika also sauteed spinach; Skye overnight oats · L pepper chole bhature + fruit and brazil nut snack · D Thai peanut satay chicken + stir-fried bok choy and broccoli + VERMICELLI RICE NOODLES (the 335g captured for Monday, used in full) + soy sauce drizzle; Skye chopped carrots and cherry tomatoes. FLAGS: chicken 400g against 600g for 3 pax — SHORT; chole 50g against 100g — SHORT; spinach short; oats row empty; bok choy finished. Correction: a 100g carrot request had emptied the 7-piece row.",0,[]
h7,h7,2026-09-04,Paxal & Sana — Fri 4 Sep CLOSED. NO ORDER AND NO COOKING (confirmed by Bhavya). Friday is also blank on Emergent for all three meals. No deductions.,0,[]
h10,h10,2026-09-04,"Yash & Manik — Fri 4 Sep CLOSED. NO ORDER. B veg sandwiches both + cold/hot coffee + cut pomegranate · L Punjabi kadhi + roti + kurkuri bhindi using the lady finger as the plan directs + kheer + cucumber/carrot/beetroot salad · D healthy mushroom wrap using capsicum, sweetcorn, lettuce and mushroom, plus spring onion soup. FLAGS: curd 0 for the kadhi (its base), no basmati row for the kheer, bread short, Amul Taaza to 0, beetroot and mushroom finished. Corrections: 100g requests had emptied the 1-piece red capsicum and the 2-cob sweet corn. NEW STANDING RULE from today: this household is deducted at ONE-PERSON portions despite having 2 residents, because they eat very little. Today figures have been re-based to that basis and the difference credited back.",0,[]
h11,h11,2026-09-04,"Padmaja & Rohan — Fri 4 Sep CLOSED. Order: butter 100g, Amul Taaza 500ml (replaces previous). B whole wheat pancakes with chocolate sauce + strawberry banana protein shake; fish thawed · L BLANK on the plan · D Kerala coconut fish curry with brown rice and beetroot pachdi; yellow moong soaked for cheela and rajma for a burrito bowl; chicken thawed. Correction: the milk order landed on the MILK BREAD row for the second time — restored, and a permanent guard added so a milk entry can never resolve there again.",0,[]
h1b,h1b,2026-09-05,Shunyam & Ishan — Sat 5 Sep CLOSED. No order. Saturday blank on Emergent. No deductions.,0,[]
h2,h2,2026-09-05,Munz & Soozy — Sat 5 Sep CLOSED. No order. SOOZY ONLY (1 pax). B 1 whole + 5 whites · L Mediterranean shrimp salad (the 250g prawns ordered 3-Sep) + yoghurt dressing + little millet 100g · D grilled chicken 150g with cilantro lime sauce + sauteed vegetables.,0,[]
h3,h3,2026-09-05,"Disha & Anirudh — Sat 5 Sep CLOSED. No order. B dal paratha; Disha soft-boiled eggs + skyr (SKYR 0 — removed on 4-Sep), Anirudh scrambled · L chicken seekh kebab 100g each (CHICKEN SHORT 50g/200g) + yogurt dip (CURD 0) + cucumber tomato avocado salad + lemon vinaigrette · D protein shakes with apple, blueberry, walnuts, seed mix aside. | Disha & Anirudh — 5-Sep FULL perishable overwrite (Bhavya). 30 items set; new rows for chicken broth cubes, GoodLife toned milk, marinated chicken, cheese & jalapeno SPREAD (separate from the dip), peeled garlic. Onion kept SAME AS BEFORE; tomato, quinoa and cheese slices OVER. Removed: chicken mince, lactose-free milk, the old Nandini 1200ml (superseded by skimmed 1L + GoodLife 500ml + high-protein 250ml), premium blueberries.",0,[]
h4,h4,2026-09-05,"Kartik & Dhara — Sat 5 Sep CLOSED. Order: 6 eggs, mutton 500g (had first landed on the mutton LIVER row — moved to Mutton). 2 pax today per the plan. B egg appam + watery coconut chutney (idli rice short 80/120) · L saag fry with badi + foxtail millet (1) + rice (2, short 100/200) + mutton curry using the 500g ordered · D bhindi fry + 6 rotis. | Kartik & Dhara — 5-Sep perishable overwrite (Bhavya). Counted: red amaranth 250g, cucumber 4pc, parwal 50g, okra 70g, curd 100g. Kewra water OVER. ALL MEATS REMOVED on instruction (paneer/tofu/eggs kept as they are not flesh). Curry leaves, coriander, onion, tomato, garlic, ginger, green chilli, lemon, frozen peas and potato all KEPT SAME AS BEFORE.",0,[]
h5,h5,2026-09-05,"Rahul & Radhika — Sat 5 Sep CLOSED. Order: coccinia 250g, okra 250g, curry leaves 50g, kabuli chana 500g, rice flour 500g (replaces previous). B sunny-side-up eggs + avocado + sourdough + mushroom onion stir fry; Skye egg · L+D MUTTON BIRYANI both meals — NO MUTTON ON THE BOARD, flagged; rice, Teju biryani masala, curd and cucumber for the raita deducted; Skye pepper poori.",0,[]
h7,h7,2026-09-05,"Paxal & Sana — Sat 5 Sep CLOSED. No order. B besan chilla + tomato garlic chutney · L veg paneer pulao (PANEER 0, CARROT 0, FRENCH BEANS 0 — flagged) + pumpkin subzi (last 0.75 pc used) + toor dal + cut cucumber · D bhel with chutney and raw mango + boiled sweet potato with chaat masala. ONION 0 — flagged.",0,[]
h10,h10,2026-09-05,"Yash & Manik — Sat 5 Sep CLOSED. Order: coriander 100g, mint 100g. LUNCH ONLY on the plan: chicken kheema hyderabadi biryani + raita, deducted at the one-third norm (keema 170g, rice 130g). CURD 0 for the raita — flagged.",0,[]
h11,h11,2026-09-05,"Padmaja & Rohan — Sat 5 Sep CLOSED. Order: curd 500g. BREAKFAST ONLY on the plan: moong dal stuffed cheela + mixed berry protein shake; chicken marinated (400g deducted at marinate, with curd). Correction: the shake milk had hit the Milk Bread row for the THIRD time — my hand-written deduction bypassed the guard; restored and taken from Amul Taaza. | DINNER ADDED LATER (plan updated 5-Sep 12:41): chipotle chicken burrito bowl using the marinated chicken and brown rice + mint chutney — deducted after the fact.",0,[]
h8,h8,2026-09-05,"Pratik & Sakshi — CLOSED THROUGH SAT 5 SEP, FED SEQUENTIALLY BY TIMESTAMP as instructed. 3-Sep: before-breakfast order (tofu 200g, Daawat basmati 1kg) · B+L already closed · after-lunch order (12 lines: onion, tomato, ginger, garlic, 3 capsicums, bottle gourd, beetroot 250g — had first landed on the quinoa-wrap row, moved — broccoli, asparagus, brown rice 1kg) · D no-oil shahi paneer (short 200/250) + matta rice + green bean masala + carrot/cucumber; masoor, rajma, chana dal soaked and DEDUCTED AT SOAK. 4-Sep: before-breakfast order (idli batter 1L, skyr 700g, quinoa 500g, atta 2kg, cucumber 400g, carrot 250g) · B quinoa + greek yoghurt · L kachumbar, masoor tikkis and staff rajma sabzi (both legumes NOT re-deducted — taken at soak), brown rice, Jiya capsicum stir fry, staff rotis for 6 · D khapli tofu roti (KHAPLI 0 — flagged), lauki chana dal, beetroot poriyal, asparagus-broccoli-edamame stir fry. 5-Sep: B moong dal chilla + coriander mint chutney + greek yoghurt smoothie · before-lunch order (frozen peas 1kg, Nandini curd 500g) · L high-protein bombay sandwich (PANEER 0) + roasted chaat-masala vegetables; Kids & Staff palak paneer (PANEER 0) + rotis + cucumber raita · D edamame potato curry (way more edamame) + cauliflower rice pulao (cauliflower short 227/300).",0,[]
h5,h5,2026-09-05,"Rahul & Radhika — 5-Sep FULL perishable overwrite + staple updates (Bhavya, 54 items). Corrections during apply: chicken 450g went to the human Chicken breast row (the auto-match had hit Zoey’s PET dog-chicken — restored); the 200g red&yellow capsicum went to a combined row (not the yellow-only pc row); ONION kept SAME AS BEFORE as an aromatic; brinjal set to 2pc; ghee kept in ml. Skyr consolidated to 700g (5x100 + 200 more). Diet Coke Gold 19 and Diet Coke 12 added as new Beverage rows. Removed as not in the count: cucumber, broccoli, the duplicate green-beans row, frozen sweet corn, avocado, green moong, apple, frozen peas, strawberry yogurt. NOTE: green moong 390g and frozen peas 500g were removed by the sweep though they are Dals/Frozen staples — restore if they are still in the house.",0,[]
h10,h10,2026-09-05,"Yash & Manik — 5-Sep FULL perishable overwrite (Bhavya, 30 items). Corrections: the fresh-lemon count had landed on bottled Lemoneez (restored, Lemon set to 2pc). Curd not available (0). Curry leaves, peeled garlic, onion, potato and mint KEPT SAME AS BEFORE as aromatics. Chicken keema 330g and button mushroom 200g were not in the count but KEPT and flagged VERIFY (distinct fresh items). Frozen peas kept same as before. Removed as genuinely not counted: the green/red capsicum (only yellow 50g was listed), the second sourdough sliver, chicken keema stays flagged. Chicken leg boneless set to 100g; fish 150g on the seer-fish row.",0,[]
h2,h2,2026-09-05,"Munz & Soozy — 5-Sep perishable overwrite (Bhavya, ~26 items). Eggs left as-is (27, correct). Onion set to 500g, garlic 200g, ginger 200g on explicit instruction. Carrot, rosemary and fish REMOVED on instruction. Potato and fish sauce kept (staple/shelf-stable). New rows: Nandini GoodLife 1500ml, raw banana 3pc. Chicken 1200g, Milky Mist greek yogurt 500g, prawns 150g, little millet 200g, Blue Tokai coffee 100g. Also fixed a display bug Bhavya spotted: sheet-only rows (like white sesame seeds) were shown under Dairy because they were built with no category; the dashboard now reads each item category from the household data, with a name-based fallback.",0,[]
h5,h5,2026-09-05,"Rahul & Radhika — 5-Sep targeted updates (Bhavya, ""rest keep as is""). Chicken breast 450g marked FOR DOG (pet). Diet Coke caffeine-free = exactly 19 (no range); Coca Cola Cherry = exactly 12; the duplicate Diet Coke Gold row I had added earlier is retired. Skyr consolidated to 650g (200 + 5x90) on one row. Blueberry 100g. Safal frozen peas 150g, Safal sweet corn 250g. Cabbage 0.75pc, capsicum 250g, rosemary 10g (half bunch), beetroot 2pc. Ghee corrected to Two Brothers Full Moon (was mislabelled Akshayakalpa). Almond wrap 4pc (not grams). Removed: brinjal, onion, dill leaves. Everything else untouched.",0,[]
h8,h8,2026-09-05,"Pratik & Sakshi — 5-Sep targeted updates (Bhavya, ""rest keep as is""). Set: onion 1kg, tomato 500g, zucchini 400g, orange 1pc, butter 500g. Onion petals confirmed under Staples. Removed: karela, cabbage, bhindi, palak/spinach, mushroom, beans, bhaji mirch, basil, carrot, apple, banana, skyr, sourdough bread. Everything else untouched.",0,[]
h13,h13,2026-09-05,"Samidha & Arinjay — ONBOARDED and fed sequentially 2->5 Sep. Baseline 2-Sep: 98 SKUs (3 veg rows — cabbage, capsicum, brinjal — were missed on first sheet-write and restored). ORDERS: 3-Sep 10 lines (tofu, pav bun, 6 eggs, pear, rajma, ginger, lettuce, pita, onion 1kg, tandoori mayo); 4-Sep 4 (avocado, apple, pineapple, yogurt); 5-Sep 10 (ketchup 550 set, coffee, toor dal, potato 1kg, cucumber, carrot, ghee 750, almond milk 1L, yogurt 400 set, lactose-free milk 500 set). MEALS from Emergent, deducted in order: WED 3-Sep 4 PAX (guest/chef day) — aloo parathas + curd + watermelon juice; lauki chana dal (LAUKI & RIDGE GOURD not on board — flagged) + chapatis + salad; dosa + tomato chutney + sambar (toor dal, carrot, beans; ridge gourd missing). THU 4-Sep 2 pax — muesli/omelette+avocado; millet patties (millat) + burger buns + coleslaw + lettuce; pita + babaganoush (brinjal) + sauteed bell peppers/carrot/beans; RAJMA SOAKED (100g deducted at soak for Friday). FRI 5-Sep 2 pax — gobi parathas + mint-coriander chutney + cut fruit; rajma (from Thu soak, not re-deducted) + jeera rice + salad + green chutney; tofu sandwich. FLAGS: lauki and ridge gourd never on the board (plan needs them, not in baseline or orders); watermelon short; Fri salad tomato short.",0,[]
h1b,h1b,2026-09-07,Shunyam & Ishan — Mon 7 Sep CLOSED (1 pax). No order. B poha + skyr; D chicken (thawed). Light plan.,0,[]
h2,h2,2026-09-07,"Munz & Soozy — Mon 7 Sep CLOSED. 9-line order booked. Meals: B soaked almonds + high-protein oatmeal + Munz 2W+5wh, Soozy 1W+5wh; L creamy garlic yogurt chicken salad (200+150) + herbed quinoa + cut muskmelon; D grilled chicken with mustard sauce + sauteed veggies. Chicken taken from the 1200g breast stock (had first mis-hit a chilli row — corrected).",0,[]
h3,h3,2026-09-07,"Disha & Anirudh — Mon 7 Sep CLOSED. No order. Monday plan BLANK on Emergent for all meals — nothing cooked, nothing deducted.",0,[]
h4,h4,2026-09-07,"Kartik & Dhara — Mon 7 Sep CLOSED (1 pax, chef day). Order: paneer 200g + curd 400g set. Meals: B chocolate muesli bowl + 2 eggs + malabar-spinach tofu parantha; L prawn iguru + baingan-parwal sabji + foxtail millet; D chicken chukka + mix-veg stuffed wheat parantha. Tofu 0 flagged.",0,[]
h5,h5,2026-09-07,"Rahul & Radhika — Mon 7 Sep CLOSED. 21-line order. Meals: B mushroom-spinach omelettes (R 2W+2wh, Rk 1W+3wh) + 1 sourdough slice; L Radhika chicken keema roll (keema from the 2.3kg thigh) + cabbage kachumbar + fruit/brazil-nut snack; D tamatar chicken curry (3 pax) + air-fryer masala mixed veg + brown rice; Skye jeera white rice + beetroot sticks.",0,[]
h7,h7,2026-09-07,Paxal & Sana — Mon 7 Sep CLOSED (B2/L1/D2). No order. B aloo parantha + imli chutney; L moong dal khichdi (1 pax) + cut cucumber; D paneer foxtail millet bowl (PANEER 0 flagged).,0,[]
h8,h8,2026-09-07,"Pratik & Sakshi — Mon 7 Sep CLOSED. No order. (Plan fetched under ""Sakshi & Pratik"".) No meal deductions applied this pass — verify their Monday plan.",0,[]
h10,h10,2026-09-07,Yash & Manik — Mon 7 Sep CLOSED. 12-line order (milk+curd set). Meals at one-third norm: B mushroom omelettes + Manik toast + coffee + cut apple; L beans-and-dal + chicken keema matar (from chicken leg) + 5 roti + salad + Yash curd; D chicken tikka salad. FLAG: no peas/matar row.,0,[]
h11,h11,2026-09-07,"Padmaja & Rohan — Sun 7 Sep CLOSED. 23-line order. NO MEALS DEDUCTED: the W37 Sunday plan is BLANK for all meals across every household on Emergent (Mon-Sat filled, Sun empty), so there was nothing to cook against. Orders-only close.",0,[]
h12,h12,2026-09-07,Akshita & Prerit — Mon 7 Sep CLOSED. 6-line order. Meals: B poha with peanuts; L panchmel dal + bhindi do pyaza + quinoa (Akshita) / rice (Prerik) + korean carrot-cucumber salad; D veg fried rice with edamame+broccoli + paneer chilli gravy; moong dal + kala chana soaked (deducted at soak). FLAG: no broccoli row.,0,[]
h13,h13,2026-09-07,Samidha & Arinjay — Mon 7 Sep CLOSED. 18-line order. Meals: B 2 boiled eggs + cut apple/kiwi; L cabbage kofta curry + rotis + cut cucumber/carrot; D lettuce-tomato-paneer pesto sandwich; rajma + almonds + moong + millet soaked (rajma & almonds deducted at soak). ,0,[]
h8,h8,2026-09-07,"Pratik & Sakshi — Mon 7 Sep CLOSED (fed in sequence). Plan: B pessarattu dosa + 2 egg whites + coconut chutney + sattu chaas (moong/kala chana/soya chunks soaked); L (6 pax with staff) black chana sweet-potato beetroot salad + sourdough toast + spinach soup, staff veg pulao + boondi raita, snacks; D soya chunk curry + bajra roti + cucumber-onion-tomato salad + broccoli sabzi (rajma soaked). (1) AFTER-LUNCH veg+fruit OVERWRITE (27 items) — this count already reflects B+L consumption, so B and L were NOT separately deducted; 15 unlisted perishables removed, coriander and curry leaves KEPT as aromatics. Corrections: watermelon had hit the seeds row; 500g capsicum had hit the red-capsicum pc row — both fixed. (2) ORDER (12 lines) booked after the overwrite: onion 1kg, broccoli, 2 tender coconut, blueberry, celery, carrot, spinach, salt 1kg, Athena greek yogurt, ginger, cucumber, 2 Milky Mist skyr. (3) DINNER deducted: soya chunks, onion, tomato, bajra atta, cucumber, broccoli; rajma 100g soaked for later (deducted at soak).",0,[]
h5,h5,2026-09-08,Rahul & Radhika — Tue 8 Sep CLOSED. No order. B Rahul bell-pepper onion bhurji (2W+2wh) + cucumber; Skye overnight oats. L blank. D Italian tomato-basil chicken (thighs 400g) + Italian asparagus 300g + spinach soup; Skye tomato-sauce pasta (PASTA 0 — flagged) + carrot sticks. Tomato and spinach ran short.,0,[]
h10,h10,2026-09-08,"Yash & Manik — Tue 8 Sep CLOSED. Order: garlic 250g, spring onion 100g, basil 50g, lemon 250g (own gram row), Amul Taaza 500ml. Meals at one-third norm: B coffee + Yash besan-paneer chilla, Manik toast (BREAD 0 — flagged) + green chutney + cut pomegranate; L bhindi masala (last 50g) + dal mughlai + 5 roti + salad + Yash curd; D asian chicken salad + black-pepper mushroom.",0,[]
h2,h2,2026-09-08,"Munz & Soozy — Tue 8 Sep CLOSED. 5-line order added: black pepper powder 50g (new), tomato 500g and lemon 200g (own gram rows beside the pc rows), green lettuce 150g, iceberg 1pc. Meals as previously closed.",0,[]
h1b,h1b,2026-09-08,"Shunyam & Ishan — Tue 8 Sep CLOSED (1 pax). Order: 10 eggs, yellaki banana 500g, strawberry 200g, 1 bread packet, milk 500ml (milk had first landed on skyr — corrected). B egg omelette + 2 toasted bread + skyr. L and D blank.",0,[]
h11,h11,2026-09-08,"Padmaja & Rohan — Tue 8 Sep CLOSED. Order: capsicum 450g (own gram row), strawberry 200g. Spinach DISCARDED (spoiled). B shakshuka (4 eggs) + cut oranges + strawberry protein shake (NO PROTEIN POWDER row — flagged); L blank; D prawn pad thai + tom yum (EGGS 0 for the pad thai — all 4 went into the shakshuka).",0,[]
h12,h12,2026-09-08,"Akshita & Prerit — Tue 8 Sep CLOSED. No order. B moong dal chila with veggies + grated paneer; L dal tadka + dry mix veg + quinoa/rice + kala chana salad (chana from Mon soak, not re-deducted) with yogurt dressing; D lauki kofta curry + rotis; rajma soaked (deducted at soak).",0,[]
h13,h13,2026-09-08,"Samidha & Arinjay — Tue 8 Sep CLOSED. Order: bread 250g, chole masala 100g, rajma 500g, blueberry 120g. B PB toast + avocado / 2-egg omelette + cut pineapple, blueberry; L kurkuri bhindi + millet khichdi + cut cucumber, tomato; D chole masala + pulav (peas, carrot, capsicum, beans) + raita (YOGURT 0 — flagged); overnight oats, rajma, almonds soaked (at soak).",0,[]
h3,h3,2026-09-08,"Disha & Anirudh — Tue 8 Sep CLOSED. No order. Tuesday plan BLANK on Emergent — nothing cooked, nothing deducted.",0,[]
h4,h4,2026-09-08,"Kartik & Dhara — Tue 8 Sep CLOSED (unpaused, 1 pax). NO order. B egg sourdough sandwich with existing cabbage; L Chettinad mutton liver 100g + vegetable kurma (carrot, beans, peas, cauliflower) + matta rice; D spring onion paneer fry + lachha paratha; tamarind soaked for pulusu; rohu thawed and marinated (200g deducted at marinate).",0,[]
h7,h7,2026-09-08,"Paxal & Sana — Tue 8 Sep CLOSED (unpaused, 2 pax). NO order. B ajwain thepla; L gatte ki sabzi + roti + cut cucumbers; D besan chila + imli ki chutney; moong soaked for khaman (deducted at soak).",0,[]
h8,h8,2026-09-08,Pratik & Sakshi — Tue 8 Sep WAITING on instruction (Bhavya). Not closed.,0,[]
h5,h5,2026-09-09,Rahul & Radhika — Wed 9 Sep CLOSED. 10-line order (paneer 400g + methi 250g replace prev; tomato onto fresh row after hitting paste). B Rahul shakshuka (2W+3wh) + sourdough; Skye overnight oats. L blank. D gravy matar paneer + beans-carrot sabzi (NO BEANS row) + lauki sabzi (LAUKI 0) + jowar spinach rotis (SPINACH 0); Skye methi parantha + carrot sticks.,0,[]
h10,h10,2026-09-09,"Yash & Manik — Wed 9 Sep CLOSED. Order: 6 eggs, mutton mince 200g (had first landed on chicken keema — moved to its own row), Amul Taaza 2L. B egg franky (1 egg + 1 tortilla each) + coffee; L mutton keema matar + 5 rotis + salad + raita; D wheat noodles chilli chicken (CHICKEN SHORT 40/170) + black pepper mushroom. One-third norm.",0,[]
h3,h3,2026-09-09,"Disha & Anirudh — Wed 9 Sep CLOSED. 7-line order. B devilled egg sandwiches + Disha skyr; L chicken cacciatore (MARINATED CHICKEN SHORT 100/200) + herbed rice (had hit rice-bran OIL — corrected) + salad; D protein shakes (POWDER SHORT 30/70, milk short).",0,[]
h2,h2,2026-09-09,Munz & Soozy — Wed 9 Sep CLOSED. No order. B almonds + oatmeal + 13 eggs; L chicken majestic 200+150 + indian mushroom salad + herbed brown rice; D grilled STEAK 200+150 (NO STEAK/BEEF ROW — flagged) + white garlic sauce + sauteed veg.,0,[]
h4,h4,2026-09-09,"Kartik & Dhara — Wed 9 Sep CLOSED (1 pax). No order. B carrot stuffed dosa from existing batter (NO BATTER ROW — flagged) + peanut chutney + 2 eggs; L chepala pulusu (rohu deducted at 8-Sep marinate) + beans palak sabji + bajra bhakri; D chicken cacio e pepe farfalle + garlic sourdough + roasted cauliflower; rajma, toor dal, idli rice soaked (at soak).",0,[]
h7,h7,2026-09-09,Paxal & Sana — Wed 9 Sep CLOSED. No order. B moong khaman (moong from Tue soak) + imli chutney; L kala chana sabzi + roti; D jeera rice (BASMATI 0) + dal fry.,0,[]
h1b,h1b,2026-09-09,Shunyam & Ishan — Wed 9 Sep CLOSED (1 pax). No order. B strawberry banana oats smoothie bowl (OATS 0) + skyr.,0,[]
h11,h11,2026-09-09,"Padmaja & Rohan — Wed 9 Sep CLOSED. No order. B cheese spinach omelette (EGGS 0, SPINACH 0 — spinach was discarded Tue) + cut apples (0) + protein shakes (blueberry 0); L blank; D creamy chicken mushroom pasta.",0,[]
h8,h8,2026-09-09,Pratik & Sakshi — Wed 9 Sep CLOSED (B2/L6/D2). No order. B veg poha + omelet + bocconcini (0) + sattu chaas; L grilled tofu tikka salad (TOFU 0) + GF croutons; staff karela sabzi (KARELA 0) + tomato rice; D hariyali chole (from soak) + chaat masala veg + matta rice + amla sabzi (NO AMLA row); green moong + chickpeas soaked (at soak).,0,[]
h12,h12,2026-09-09,Akshita & Prerit — Wed 9 Sep CLOSED. No order. B avocado toast (AVOCADO 0 — removed in the 9-Sep overwrite); L rajasthani chana dal + carrot peas sabzi + quinoa + mexican bean salad (rajma from Tue soak); D lauki kofta curry + rotis; kabuli chana + kidney beans soaked (at soak).,0,[]
h13,h13,2026-09-09,"Samidha & Arinjay — Wed 9 Sep CLOSED. No order. B overnight oats (from Tue soak) + protein + cut apple, pomegranate; L corn capsicum masala (CAPSICUM 0) + dal parathas; D rajma tikkis (from Tue soak) + bread + salad (CUCUMBER 0).",0,[]
h1b,h1b,2026-09-10,"Shunyam & Ishan — Thu 10 Sep CLOSED. 3-line order. Thursday W37 meals deducted. Soak-time items (moong, kala chana, toor, ragi, almonds, red rice) deducted at soak only. See ledger for shortfalls.",0,[]
h2,h2,2026-09-10,"Munz & Soozy — Thu 10 Sep CLOSED. no order. Thursday W37 meals deducted. Soak-time items (moong, kala chana, toor, ragi, almonds, red rice) deducted at soak only. See ledger for shortfalls.",0,[]
h3,h3,2026-09-10,"Disha & Anirudh — Thu 10 Sep CLOSED. 12-line order. Thursday W37 meals deducted. Soak-time items (moong, kala chana, toor, ragi, almonds, red rice) deducted at soak only. See ledger for shortfalls.",0,[]
h4,h4,2026-09-10,"Kartik & Dhara — Thu 10 Sep CLOSED. no order. Thursday W37 meals deducted. Soak-time items (moong, kala chana, toor, ragi, almonds, red rice) deducted at soak only. See ledger for shortfalls.",0,[]
h5,h5,2026-09-10,"Rahul & Radhika — Thu 10 Sep CLOSED. no order. Thursday W37 meals deducted. Soak-time items (moong, kala chana, toor, ragi, almonds, red rice) deducted at soak only. See ledger for shortfalls.",0,[]
h7,h7,2026-09-10,"Paxal & Sana — Thu 10 Sep CLOSED. no order. Thursday W37 meals deducted. Soak-time items (moong, kala chana, toor, ragi, almonds, red rice) deducted at soak only. See ledger for shortfalls.",0,[]
h8,h8,2026-09-10,"Pratik & Sakshi — Thu 10 Sep CLOSED. no order. Thursday W37 meals deducted. Soak-time items (moong, kala chana, toor, ragi, almonds, red rice) deducted at soak only. See ledger for shortfalls.",0,[]
h10,h10,2026-09-10,"Yash & Manik — Thu 10 Sep CLOSED. 8-line order. Thursday W37 meals deducted. Soak-time items (moong, kala chana, toor, ragi, almonds, red rice) deducted at soak only. See ledger for shortfalls.",0,[]
h11,h11,2026-09-10,"Padmaja & Rohan — Thu 10 Sep CLOSED. 9-line order. Thursday W37 meals deducted (Padmaja L/D blank; Samidha D blank on Emergent). Soak-time items (moong, kala chana, toor, ragi, almonds, red rice) deducted at soak only. See ledger for shortfalls.",0,[]
h12,h12,2026-09-10,"Akshita & Prerit — Thu 10 Sep CLOSED. no order. Thursday W37 meals deducted. Soak-time items (moong, kala chana, toor, ragi, almonds, red rice) deducted at soak only. See ledger for shortfalls.",0,[]
h13,h13,2026-09-10,"Samidha & Arinjay — Thu 10 Sep CLOSED. 21-line order. Thursday W37 meals deducted (Padmaja L/D blank; Samidha D blank on Emergent). Soak-time items (moong, kala chana, toor, ragi, almonds, red rice) deducted at soak only. See ledger for shortfalls.",0,[]
h14,h14,2026-09-10,"Joseph & Teenu — Thu 10 Sep CLOSED. 10-line order. Thursday W37 meals deducted. Soak-time items (moong, kala chana, toor, ragi, almonds, red rice) deducted at soak only. See ledger for shortfalls.",0,[]
h1b,h1b,2026-09-11,"Shunyam & Ishan — Fri 11 Sep CLOSED. 5-line order. Friday W37 meals deducted. Yash at 0.5-person norm. Soak items (moong, rajma, chickpeas, foxtail millet, almonds) at soak only. See ledger for shortfalls.",0,[]
h2,h2,2026-09-11,"Munz & Soozy — Fri 11 Sep CLOSED. no order. Friday W37 meals deducted. Yash at 0.5-person norm. Soak items (moong, rajma, chickpeas, foxtail millet, almonds) at soak only. See ledger for shortfalls.",0,[]
h3,h3,2026-09-11,"Disha & Anirudh — Fri 11 Sep CLOSED. 4-line order. Friday W37 meals deducted. Yash at 0.5-person norm. Soak items (moong, rajma, chickpeas, foxtail millet, almonds) at soak only. See ledger for shortfalls.",0,[]
h4,h4,2026-09-11,"Kartik & Dhara — Fri 11 Sep CLOSED. no order. Friday W37 meals deducted. Yash at 0.5-person norm. Soak items (moong, rajma, chickpeas, foxtail millet, almonds) at soak only. See ledger for shortfalls.",0,[]
h5,h5,2026-09-11,"Rahul & Radhika — Fri 11 Sep CLOSED. 19-line order. Friday W37 meals deducted. Yash at 0.5-person norm. Soak items (moong, rajma, chickpeas, foxtail millet, almonds) at soak only. See ledger for shortfalls.",0,[]
h7,h7,2026-09-11,"Paxal & Sana — Fri 11 Sep CLOSED. no order. Friday W37 meals deducted (Yash D blank; Paxal D blank; Padmaja L/D blank on Emergent). Yash at 0.5-person norm. Soak items (moong, rajma, chickpeas, foxtail millet, almonds) at soak only. See ledger for shortfalls.",0,[]
h8,h8,2026-09-11,"Pratik & Sakshi — Fri 11 Sep CLOSED. no order. Friday W37 meals deducted. Yash at 0.5-person norm. Soak items (moong, rajma, chickpeas, foxtail millet, almonds) at soak only. See ledger for shortfalls.",0,[]
h10,h10,2026-09-11,"Yash & Manik — Fri 11 Sep CLOSED. no order. Friday W37 meals deducted (Yash D blank; Paxal D blank; Padmaja L/D blank on Emergent). Yash at 0.5-person norm. Soak items (moong, rajma, chickpeas, foxtail millet, almonds) at soak only. See ledger for shortfalls.",0,[]
h11,h11,2026-09-11,"Padmaja & Rohan — Fri 11 Sep CLOSED. no order. Friday W37 meals deducted (Yash D blank; Paxal D blank; Padmaja L/D blank on Emergent). Yash at 0.5-person norm. Soak items (moong, rajma, chickpeas, foxtail millet, almonds) at soak only. See ledger for shortfalls.",0,[]
h12,h12,2026-09-11,"Akshita & Prerit — Fri 11 Sep CLOSED. no order. Friday W37 meals deducted. Yash at 0.5-person norm. Soak items (moong, rajma, chickpeas, foxtail millet, almonds) at soak only. See ledger for shortfalls.",0,[]
h13,h13,2026-09-11,"Samidha & Arinjay — Fri 11 Sep CLOSED. no order. Friday W37 meals deducted. Yash at 0.5-person norm. Soak items (moong, rajma, chickpeas, foxtail millet, almonds) at soak only. See ledger for shortfalls.",0,[]
h14,h14,2026-09-11,"Joseph & Teenu — Fri 11 Sep CLOSED. sardine 500g. Friday W37 meals deducted. Yash at 0.5-person norm. Soak items (moong, rajma, chickpeas, foxtail millet, almonds) at soak only. See ledger for shortfalls.",0,[]
h1b,h1b,2026-09-12,Shunyam & Ishan — Sat 12 Sep CLOSED. skyr + coriander. Saturday W37 meals deducted (R&R B/D blank; Shunyam D blank; Padmaja L/D blank on Emergent). Yash at 0.5-person. Soak items at soak only.,0,[]
h2,h2,2026-09-12,Munz & Soozy — Sat 12 Sep CLOSED. no order. Saturday W37 meals deducted. Yash at 0.5-person. Soak items at soak only.,0,[]
h3,h3,2026-09-12,Disha & Anirudh — Sat 12 Sep CLOSED. no order. Saturday W37 meals deducted. Yash at 0.5-person. Soak items at soak only.,0,[]
h4,h4,2026-09-12,Kartik & Dhara — Sat 12 Sep: PAUSED (banner shown). Saturday meals still deducted for record; not part of daily ops.,0,[]
h5,h5,2026-09-12,Rahul & Radhika — Sat 12 Sep CLOSED. 12-line order. Saturday W37 meals deducted (R&R B/D blank; Shunyam D blank; Padmaja L/D blank on Emergent). Yash at 0.5-person. Soak items at soak only.,0,[]
h7,h7,2026-09-12,Paxal & Sana — Sat 12 Sep: PAUSED (banner shown). Saturday meals still deducted for record; not part of daily ops.,0,[]
h8,h8,2026-09-12,Pratik & Sakshi — Sat 12 Sep CLOSED. no order. Saturday W37 meals deducted. Yash at 0.5-person. Soak items at soak only.,0,[]
h10,h10,2026-09-12,Yash & Manik — Sat 12 Sep CLOSED. no order. Saturday W37 meals deducted. Yash at 0.5-person. Soak items at soak only.,0,[]
h11,h11,2026-09-12,Padmaja & Rohan — Sat 12 Sep CLOSED. no order. Saturday W37 meals deducted (R&R B/D blank; Shunyam D blank; Padmaja L/D blank on Emergent). Yash at 0.5-person. Soak items at soak only.,0,[]
h12,h12,2026-09-12,Akshita & Prerit — Sat 12 Sep CLOSED. no order. Saturday W37 meals deducted. Yash at 0.5-person. Soak items at soak only.,0,[]
h13,h13,2026-09-12,Samidha & Arinjay — Sat 12 Sep CLOSED. no order. Saturday W37 meals deducted. Yash at 0.5-person. Soak items at soak only.,0,[]
h14,h14,2026-09-12,Joseph & Teenu — Sat 12 Sep CLOSED. tomato 500g. Saturday W37 meals deducted. Yash at 0.5-person. Soak items at soak only.,0,[]
h1b,h1b,2026-09-13,Shunyam & Ishan — Sun 13 Sep CLOSED. no order. NO MEALS COOKED for any household on 13-Sep (operator) — nothing deducted.,0,[]
h2,h2,2026-09-13,Munz & Soozy — Sun 13 Sep CLOSED. no order. NO MEALS COOKED for any household on 13-Sep (operator) — nothing deducted.,0,[]
h3,h3,2026-09-13,Disha & Anirudh — Sun 13 Sep CLOSED. no order. NO MEALS COOKED for any household on 13-Sep (operator) — nothing deducted.,0,[]
h4,h4,2026-09-13,Kartik & Dhara — Sun 13 Sep CLOSED. no order. NO MEALS COOKED for any household on 13-Sep (operator) — nothing deducted.,0,[]
h5,h5,2026-09-13,Rahul & Radhika — Sun 13 Sep CLOSED. no order. NO MEALS COOKED for any household on 13-Sep (operator) — nothing deducted.,0,[]
h7,h7,2026-09-13,Paxal & Sana — Sun 13 Sep CLOSED. no order. NO MEALS COOKED for any household on 13-Sep (operator) — nothing deducted.,0,[]
h8,h8,2026-09-13,Pratik & Sakshi — Sun 13 Sep CLOSED. no order. NO MEALS COOKED for any household on 13-Sep (operator) — nothing deducted.,0,[]
h10,h10,2026-09-13,Yash & Manik — Sun 13 Sep CLOSED. no order. NO MEALS COOKED for any household on 13-Sep (operator) — nothing deducted.,0,[]
h11,h11,2026-09-13,Padmaja & Rohan — Sun 13 Sep CLOSED. no order. NO MEALS COOKED for any household on 13-Sep (operator) — nothing deducted.,0,[]
h12,h12,2026-09-13,Akshita & Prerit — Sun 13 Sep CLOSED. no order. NO MEALS COOKED for any household on 13-Sep (operator) — nothing deducted.,0,[]
h13,h13,2026-09-13,"Samidha & Arinjay — Sun 13 Sep CLOSED. Samidha 8-line order (cucumber, carrot, tomato, tofu, chaat masala, ginger, apple, palak). NO MEALS COOKED for any household on 13-Sep (operator) — nothing deducted.",0,[]
h14,h14,2026-09-13,Joseph & Teenu — Sun 13 Sep CLOSED. no order. NO MEALS COOKED for any household on 13-Sep (operator) — nothing deducted.,0,[]
h1b,h1b,2026-09-14,Shunyam & Ishan — Mon 14 Sep CLOSED. Orders booked earlier. Monday W38 meals DEDUCTED (was wrongly read as blank Sunday first; corrected).,0,[]
h2,h2,2026-09-14,Munz & Soozy — Mon 14 Sep CLOSED. Orders booked earlier. Monday W38 meals DEDUCTED (was wrongly read as blank Sunday first; corrected).,0,[]
h3,h3,2026-09-14,Disha & Anirudh — Mon 14 Sep CLOSED. Orders booked. NO COOKING on Monday (operator) — all deductions reverted.,0,[]
h4,h4,2026-09-14,Kartik & Dhara — Mon 14 Sep CLOSED. Orders booked earlier. Monday W38 meals DEDUCTED (was wrongly read as blank Sunday first; corrected). PAUSED (deducted for record).,0,[]
h5,h5,2026-09-14,Rahul & Radhika — Mon 14 Sep CLOSED. Orders booked earlier. Monday W38 meals DEDUCTED (was wrongly read as blank Sunday first; corrected).,0,[]
h7,h7,2026-09-14,Paxal & Sana — Mon 14 Sep CLOSED. Orders booked earlier. Monday W38 meals DEDUCTED (was wrongly read as blank Sunday first; corrected). PAUSED (deducted for record).,0,[]
h8,h8,2026-09-14,Pratik & Sakshi — Mon 14 Sep CLOSED. Orders booked earlier. Monday W38 meals DEDUCTED (was wrongly read as blank Sunday first; corrected).,0,[]
h10,h10,2026-09-14,Yash & Manik — Mon 14 Sep CLOSED. Orders booked earlier. Monday W38 meals DEDUCTED (was wrongly read as blank Sunday first; corrected).,0,[]
h11,h11,2026-09-14,Padmaja & Rohan — Mon 14 Sep CLOSED. Orders booked earlier. Monday W38 meals DEDUCTED (was wrongly read as blank Sunday first; corrected).,0,[]
h12,h12,2026-09-14,Akshita & Prerit — Mon 14 Sep CLOSED. Orders booked earlier. Monday W38 meals DEDUCTED (was wrongly read as blank Sunday first; corrected).,0,[]
h13,h13,2026-09-14,Samidha & Arinjay — Mon 14 Sep CLOSED. Orders booked earlier. Monday W38 meals DEDUCTED (was wrongly read as blank Sunday first; corrected).,0,[]
h14,h14,2026-09-14,Joseph & Teenu — Mon 14 Sep CLOSED. Orders booked earlier. Monday W38 meals DEDUCTED (was wrongly read as blank Sunday first; corrected).,0,[]
h1b,h1b,2026-09-15,Shunyam & Ishan — Tue 15 Sep CLOSED. no order. Tuesday W38 meals deducted Orders booked pre-breakfast; older lots consumed first.,0,[]
h2,h2,2026-09-15,Munz & Soozy — Tue 15 Sep CLOSED. 20-line order. Tuesday W38 meals deducted Munz at 4 pax (guests). Orders booked pre-breakfast; older lots consumed first.,0,[]
h3,h3,2026-09-15,Disha & Anirudh — Tue 15 Sep CLOSED. 8-line order. Tuesday W38 meals deducted Orders booked pre-breakfast; older lots consumed first.,0,[]
h4,h4,2026-09-15,Kartik & Dhara — Tue 15 Sep CLOSED. no order. Tuesday W38 meals deducted PAUSED (deducted for record). Orders booked pre-breakfast; older lots consumed first.,0,[]
h5,h5,2026-09-15,Rahul & Radhika — Tue 15 Sep CLOSED. 8-line order. Tuesday W38 meals deducted Orders booked pre-breakfast; older lots consumed first.,0,[]
h7,h7,2026-09-15,Paxal & Sana — Tue 15 Sep CLOSED. no order. Tuesday W38 meals deducted PAUSED (deducted for record). Orders booked pre-breakfast; older lots consumed first.,0,[]
h8,h8,2026-09-15,Pratik & Sakshi — Tue 15 Sep CLOSED. 6-line order. Tuesday W38 meals deducted Orders booked pre-breakfast; older lots consumed first.,0,[]
h10,h10,2026-09-15,Yash & Manik — Tue 15 Sep CLOSED. no order. Tuesday W38 meals deducted Orders booked pre-breakfast; older lots consumed first.,0,[]
h11,h11,2026-09-15,Padmaja & Rohan — Tue 15 Sep CLOSED. no order. Tuesday W38 meals deducted (Joseph B/L blank; Padmaja L blank on Emergent) Orders booked pre-breakfast; older lots consumed first.,0,[]
h12,h12,2026-09-15,Akshita & Prerit — Tue 15 Sep CLOSED. no order. Tuesday W38 meals deducted Orders booked pre-breakfast; older lots consumed first.,0,[]
h13,h13,2026-09-15,Samidha & Arinjay — Tue 15 Sep CLOSED. no order. Tuesday W38 meals deducted Orders booked pre-breakfast; older lots consumed first.,0,[]
h14,h14,2026-09-15,Joseph & Teenu — Tue 15 Sep CLOSED. no order. Tuesday W38 meals deducted (Joseph B/L blank; Padmaja L blank on Emergent) Orders booked pre-breakfast; older lots consumed first.,0,[]
h15,h15,2026-09-15,"Saurabh Seth — Mon 15 Sep CLOSED. 27-line order booked pre-breakfast; dinner (aloo dum curry + 3 chapatis, 1 pax) deducted. B/L blank on Emergent. Emergent name = ""Saurabh Seth"".",0,[]
h15,h15,2026-09-15,Saurabh — 15 Sep: 27-line order booked pre-breakfast. MEAL DEDUCTION PENDING — Saurabh not found on Emergent under any spelling tried (Saurabh/Sourabh/Saurav); need the exact house name Emergent uses to pull the plan.,0,[]
h1b,h1b,2026-09-16,Shunyam & Ishan — Wed 16 Sep CLOSED. no order. Wednesday W38 meals deducted.,0,[]
h2,h2,2026-09-16,Munz & Soozy — Wed 16 Sep CLOSED. no order. Wednesday W38 meals deducted. Munz 4 pax (guests).,0,[]
h3,h3,2026-09-16,Disha & Anirudh — Wed 16 Sep CLOSED. no order. Wednesday W38 meals deducted.,0,[]
h4,h4,2026-09-16,Kartik & Dhara — Wed 16 Sep CLOSED. no order. Wednesday W38 meals deducted. PAUSED (deducted for record).,0,[]
h5,h5,2026-09-16,Rahul & Radhika — Wed 16 Sep CLOSED. 8-line order. Wednesday W38 meals deducted.,0,[]
h7,h7,2026-09-16,Paxal & Sana — Wed 16 Sep CLOSED. no order. Wednesday W38 meals deducted. PAUSED (deducted for record).,0,[]
h8,h8,2026-09-16,Pratik & Sakshi — Wed 16 Sep CLOSED. no order. Wednesday W38 meals deducted.,0,[]
h10,h10,2026-09-16,Yash & Manik — Wed 16 Sep CLOSED. no order. Wednesday W38 meals deducted.,0,[]
h11,h11,2026-09-16,Padmaja & Rohan — Wed 16 Sep CLOSED. chicken mince + bread. Wednesday W38 meals deducted.,0,[]
h12,h12,2026-09-16,Akshita & Prerit — Wed 16 Sep CLOSED. spinach/carrot/garlic. Wednesday W38 meals deducted.,0,[]
h13,h13,2026-09-16,Samidha & Arinjay — Wed 16 Sep CLOSED. atta 1kg. Wednesday W38 meals deducted.,0,[]
h14,h14,2026-09-16,Joseph & Teenu — Wed 16 Sep CLOSED. no order. Wednesday W38 meals deducted.,0,[]
h15,h15,2026-09-16,Saurabh — Wed 16 Sep CLOSED. no order. Wednesday W38 meals deducted. NEW HH first close.,0,[]
h16,h16,2026-09-16,Shyamli — Wed 16 Sep CLOSED. no order. Wednesday W38 meals deducted. NEW HH first close.,0,[]
h17,h17,2026-09-16,Piyush & Mamta — Wed 16 Sep CLOSED. no order. Wednesday W38 meals deducted. NEW HH first close.,0,[]
h1b,h1b,2026-09-17,Shunyam & Ishan — Thu 17 Sep CLOSED. no order. Thursday W38 meals deducted.,0,[]
h2,h2,2026-09-17,Munz & Soozy — Thu 17 Sep CLOSED. 6-line order. Thursday W38 meals deducted. 3/4 pax.,0,[]
h3,h3,2026-09-17,Disha & Anirudh — Thu 17 Sep CLOSED. 7-line order. Thursday W38 meals deducted.,0,[]
h4,h4,2026-09-17,Kartik & Dhara — Thu 17 Sep CLOSED. no order. Thursday W38 meals deducted. PAUSED (deducted for record).,0,[]
h5,h5,2026-09-17,Rahul & Radhika — Thu 17 Sep CLOSED. 30-line order. Thursday W38 meals deducted.,0,[]
h7,h7,2026-09-17,Paxal & Sana — Thu 17 Sep CLOSED. no order. Thursday W38 meals deducted. PAUSED (deducted for record).,0,[]
h8,h8,2026-09-17,Pratik & Sakshi — Thu 17 Sep CLOSED. no order. Thursday W38 meals deducted.,0,[]
h10,h10,2026-09-17,Yash & Manik — Thu 17 Sep CLOSED. 4-line order. Thursday W38 meals deducted.,0,[]
h11,h11,2026-09-17,Padmaja & Rohan — Thu 17 Sep CLOSED. 10-line order. Thursday W38 meals deducted.,0,[]
h12,h12,2026-09-17,Akshita & Prerit — Thu 17 Sep CLOSED. 3-line order. Thursday W38 meals deducted.,0,[]
h13,h13,2026-09-17,Samidha & Arinjay — Thu 17 Sep CLOSED. 17-line order. Thursday W38 meals deducted.,0,[]
h14,h14,2026-09-17,Joseph & Teenu — Thu 17 Sep CLOSED. 13-line order. Thursday W38 meals deducted.,0,[]
h15,h15,2026-09-17,Saurabh — Thu 17 Sep CLOSED. 24-line order. Thursday W38 meals deducted.,0,[]
h16,h16,2026-09-17,Shyamli — Thu 17 Sep CLOSED. 4-line order. Thursday W38 meals deducted.,0,[]
h17,h17,2026-09-17,Piyush & Mamta — Thu 17 Sep CLOSED. no order. Thursday W38 meals deducted. 4 pax (guests).,0,[]
h1b,h1b,2026-09-18,Shunyam & Ishan — Fri 18 Sep CLOSED. 6-line order. Friday W38 meals deducted.,0,[]
h2,h2,2026-09-18,Munz & Soozy — Fri 18 Sep CLOSED. 2-line order. Friday W38 meals deducted. 3/4 pax.,0,[]
h3,h3,2026-09-18,Disha & Anirudh — Fri 18 Sep CLOSED. 6-line order. Friday W38 meals deducted.,0,[]
h4,h4,2026-09-18,Kartik & Dhara — Fri 18 Sep CLOSED. no order. Friday W38 meals deducted. PAUSED (deducted for record).,0,[]
h5,h5,2026-09-18,Rahul & Radhika — Fri 18 Sep CLOSED. no order. Friday W38 meals deducted.,0,[]
h7,h7,2026-09-18,Paxal & Sana — Fri 18 Sep CLOSED. no order. Friday W38 meals deducted. PAUSED (deducted for record).,0,[]
h8,h8,2026-09-18,Pratik & Sakshi — Fri 18 Sep CLOSED. no order. Friday W38 meals deducted.,0,[]
h10,h10,2026-09-18,Yash & Manik — Fri 18 Sep CLOSED. 4-line order. Friday W38 meals deducted.,0,[]
h11,h11,2026-09-18,Padmaja & Rohan — Fri 18 Sep CLOSED. 5-line order. Friday W38 meals deducted.,0,[]
h12,h12,2026-09-18,Akshita & Prerit — Fri 18 Sep CLOSED. no order. Friday W38 meals deducted.,0,[]
h13,h13,2026-09-18,Samidha & Arinjay — Fri 18 Sep CLOSED. no order. Friday W38 meals deducted.,0,[]
h14,h14,2026-09-18,Joseph & Teenu — Fri 18 Sep CLOSED. no order. Friday W38 meals deducted.,0,[]
h15,h15,2026-09-18,Saurabh — Fri 18 Sep CLOSED. 3-line order. Friday W38 meals deducted.,0,[]
h16,h16,2026-09-18,Shyamli — Fri 18 Sep CLOSED. no order. Friday W38 meals deducted.,0,[]
h17,h17,2026-09-18,Piyush & Mamta — Fri 18 Sep CLOSED. 4-line order. Friday W38 meals deducted. 4 pax (guests).,0,[]
h1b,h1b,2026-09-19,Shunyam & Ishan — Sat 19 Sep CLOSED. no order. Saturday W38 meals deducted.,0,[]
h2,h2,2026-09-19,Munz & Soozy — Sat 19 Sep CLOSED. 7-line order. Saturday plan BLANK — no cooking.,0,[]
h3,h3,2026-09-19,Disha & Anirudh — Sat 19 Sep CLOSED. 4-line order. Saturday W38 meals deducted.,0,[]
h4,h4,2026-09-19,Kartik & Dhara — Sat 19 Sep CLOSED. no order. Saturday W38 meals deducted. PAUSED (deducted for record).,0,[]
h5,h5,2026-09-19,"Rahul & Radhika — Sat 19 Sep CLOSED. 9-line (unnamed block, assumed R&R) order. Saturday W38 meals deducted.",0,[]
h7,h7,2026-09-19,Paxal & Sana — Sat 19 Sep CLOSED. no order. Saturday W38 meals deducted. PAUSED (deducted for record).,0,[]
h8,h8,2026-09-19,Pratik & Sakshi — Sat 19 Sep CLOSED. no order. Saturday W38 meals deducted.,0,[]
h10,h10,2026-09-19,"Yash & Manik — Sat 19 Sep CLOSED. chicken +450, eggs/spinach/tomato 0 order. Saturday W38 meals deducted.",0,[]
h11,h11,2026-09-19,Padmaja & Rohan — Sat 19 Sep CLOSED. no order. Saturday W38 meals deducted.,0,[]
h12,h12,2026-09-19,Akshita & Prerit — Sat 19 Sep CLOSED. no order. Saturday W38 meals deducted.,0,[]
h13,h13,2026-09-19,Samidha & Arinjay — Sat 19 Sep CLOSED. no order. Saturday W38 meals deducted.,0,[]
h14,h14,2026-09-19,Joseph & Teenu — Sat 19 Sep CLOSED. no order. Saturday plan BLANK — no cooking.,0,[]
h15,h15,2026-09-19,Saurabh — Sat 19 Sep CLOSED. ghee+ginger; pomegranate/milk/butter removed order. Saturday W38 meals deducted.,0,[]
h16,h16,2026-09-19,Shyamli — Sat 19 Sep CLOSED. 5-line order. Saturday W38 meals deducted.,0,[]
h17,h17,2026-09-19,Piyush & Mamta — Sat 19 Sep CLOSED. no order. Saturday W38 meals deducted. 4 pax.,0,[]
h1b,h1b,2026-09-21,Shunyam & Ishan — Mon 21 Sep CLOSED. no order. Monday plan BLANK (no cooking).,0,[]
h2,h2,2026-09-21,Munz & Soozy — Mon 21 Sep CLOSED. no order. Monday W39 meals deducted. Munz 3/4 pax.,0,[]
h3,h3,2026-09-21,Disha & Anirudh — Mon 21 Sep CLOSED. 11-line order. Monday W39 meals deducted.,0,[]
h4,h4,2026-09-21,Kartik & Dhara — Mon 21 Sep CLOSED. no order. Monday W39 meals deducted. PAUSED (deducted for record).,0,[]
h5,h5,2026-09-21,Rahul & Radhika — Mon 21 Sep CLOSED. 32-line order. Monday W39 meals deducted.,0,[]
h7,h7,2026-09-21,Paxal & Sana — Mon 21 Sep CLOSED. no order. Monday W39 meals deducted. PAUSED (deducted for record).,0,[]
h8,h8,2026-09-21,Sakshi & Pratik — Mon 21 Sep CLOSED. no order. Monday W39 meals deducted.,0,[]
h10,h10,2026-09-21,Yash & Manik — Mon 21 Sep CLOSED. 7-line order. Monday W39 meals deducted. Yash x0.5 household factor.,0,[]
h11,h11,2026-09-21,Padmaja & Rohan — Mon 21 Sep CLOSED. 15-line order. Monday W39 meals deducted.,0,[]
h12,h12,2026-09-21,Akshita & Prerit — Mon 21 Sep CLOSED. 17-line order. Monday W39 meals deducted.,0,[]
h13,h13,2026-09-21,Samidha & Arinjay — Mon 21 Sep CLOSED. 15-line order. Monday W39 meals deducted.,0,[]
h14,h14,2026-09-21,Joseph & Teenu — Mon 21 Sep CLOSED. no order. Monday plan BLANK (no cooking).,0,[]
h15,h15,2026-09-21,Saurabh Seth — Mon 21 Sep CLOSED. 6-line order. Monday W39 meals deducted.,0,[]
h16,h16,2026-09-21,Shyamli — Mon 21 Sep CLOSED. 11-line order. Monday W39 meals deducted.,0,[]
h17,h17,2026-09-21,Piyush and Mamta — Mon 21 Sep CLOSED. no order. Monday W39 meals deducted.,0,[]
h1b,h1b,2026-09-22,Shunyam & Ishan — Tue 22 Sep CLOSED. full Tue deducted (no count),0,[]
h2,h2,2026-09-22,Munz & Soozy — Tue 22 Sep CLOSED. full Tue deducted; edited items skipped (post-dinner count final),0,[]
h3,h3,2026-09-22,Disha & Anirudh — Tue 22 Sep CLOSED. no cooking,0,[]
h4,h4,2026-09-22,Kartik & Dhara — Tue 22 Sep CLOSED. PAUSED,0,[]
h5,h5,2026-09-22,Rahul & Radhika — Tue 22 Sep CLOSED. full Tue deducted; edited items skipped (post-dinner count final),0,[]
h7,h7,2026-09-22,Paxal & Sana — Tue 22 Sep CLOSED. PAUSED,0,[]
h8,h8,2026-09-22,Sakshi & Pratik — Tue 22 Sep CLOSED. no meals,0,[]
h10,h10,2026-09-22,Yash & Manik — Tue 22 Sep CLOSED. ORDER: normal deduct -> operator edits -> dinner (x0.5),0,[]
h11,h11,2026-09-22,Padmaja & Rohan — Tue 22 Sep CLOSED. ORDER: normal deduct -> edits -> dinner,0,[]
h12,h12,2026-09-22,Akshita & Prerit — Tue 22 Sep CLOSED. full Tue deducted; edited items skipped (post-dinner count final),0,[]
h13,h13,2026-09-22,Samidha & Arinjay — Tue 22 Sep CLOSED. full Tue deducted; edited items skipped (post-dinner count final),0,[]
h14,h14,2026-09-22,Joseph & Teenu — Tue 22 Sep CLOSED. full Tue deducted; edited items skipped (post-dinner count final),0,[]
h15,h15,2026-09-22,Saurabh Seth — Tue 22 Sep CLOSED. ORDER: normal deduct -> edits; no dinner,0,[]
h16,h16,2026-09-22,Shyamli — Tue 22 Sep CLOSED. full Tue deducted; edited items skipped (post-dinner count final),0,[]
h17,h17,2026-09-22,Piyush and Mamta — Tue 22 Sep CLOSED. full Tue deducted; edited items skipped (post-dinner count final),0,[]
h1b,h1b,2026-09-23,Shunyam & Ishan — Wed 23 Sep CLOSED. Wed meals ALREADY deducted earlier + order booked,0,[]
h2,h2,2026-09-23,Munz & Soozy — Wed 23 Sep CLOSED. W39 Wed meals deducted; order booked,0,[]
h3,h3,2026-09-23,Disha & Anirudh — Wed 23 Sep CLOSED. W39 Wed meals deducted; order booked,0,[]
h4,h4,2026-09-23,Kartik & Dhara — Wed 23 Sep CLOSED. PAUSED,0,[]
h5,h5,2026-09-23,Rahul & Radhika — Wed 23 Sep CLOSED. W39 Wed meals deducted; order booked,0,[]
h7,h7,2026-09-23,Paxal & Sana — Wed 23 Sep CLOSED. PAUSED,0,[]
h8,h8,2026-09-23,Sakshi & Pratik — Wed 23 Sep CLOSED. no Wed meals,0,[]
h10,h10,2026-09-23,Yash & Manik — Wed 23 Sep CLOSED. Yash x0.5,0,[]
h11,h11,2026-09-23,Padmaja & Rohan — Wed 23 Sep CLOSED. W39 Wed meals deducted; order booked,0,[]
h12,h12,2026-09-23,Akshita & Prerit — Wed 23 Sep CLOSED. W39 Wed meals deducted; order booked,0,[]
h13,h13,2026-09-23,Samidha & Arinjay — Wed 23 Sep CLOSED. W39 Wed meals deducted; order booked,0,[]
h14,h14,2026-09-23,Joseph & Teenu — Wed 23 Sep CLOSED. no cooking Wed,0,[]
h15,h15,2026-09-23,Saurabh Seth — Wed 23 Sep CLOSED. W39 Wed meals deducted; order booked,0,[]
h16,h16,2026-09-23,Shyamli — Wed 23 Sep CLOSED. W39 Wed meals deducted; order booked,0,[]
h17,h17,2026-09-23,Piyush and Mamta — Wed 23 Sep CLOSED. W39 Wed meals deducted; order booked,0,[]
h1b,h1b,2026-09-24,Shunyam & Ishan — Thu 24 Sep CLOSED. order booked; Thu meals deducted,0,[]
h2,h2,2026-09-24,Munz & Soozy — Thu 24 Sep CLOSED. order booked; Thu meals deducted,0,[]
h3,h3,2026-09-24,Disha & Anirudh — Thu 24 Sep CLOSED. no cooking Thu,0,[]
h4,h4,2026-09-24,Kartik & Dhara — Thu 24 Sep CLOSED. PAUSED,0,[]
h5,h5,2026-09-24,Rahul & Radhika — Thu 24 Sep CLOSED. order booked; Thu meals deducted,0,[]
h7,h7,2026-09-24,Paxal & Sana — Thu 24 Sep CLOSED. PAUSED,0,[]
h8,h8,2026-09-24,Sakshi & Pratik — Thu 24 Sep CLOSED. order booked; Thu meals deducted,0,[]
h10,h10,2026-09-24,Yash & Manik — Thu 24 Sep CLOSED. Yash x0.5,0,[]
h11,h11,2026-09-24,Padmaja & Rohan — Thu 24 Sep CLOSED. order booked; Thu meals deducted,0,[]
h12,h12,2026-09-24,Akshita & Prerit — Thu 24 Sep CLOSED. order booked; Thu meals deducted,0,[]
h13,h13,2026-09-24,Samidha & Arinjay — Thu 24 Sep CLOSED. B+L deducted (dinner check),0,[]
h14,h14,2026-09-24,Joseph & Teenu — Thu 24 Sep CLOSED. no cooking Thu,0,[]
h15,h15,2026-09-24,Saurabh Seth — Thu 24 Sep CLOSED. order booked; Thu meals deducted,0,[]
h16,h16,2026-09-24,Shyamli — Thu 24 Sep CLOSED. order booked; Thu meals deducted,0,[]
h17,h17,2026-09-24,Piyush and Mamta — Thu 24 Sep CLOSED. order booked; Thu meals deducted,0,[]
