"PantryPulse — Master Dishes library (every dish made, all households, from 1 Jun)",,,,,
Dish,Times made,Households,First,Last,Ingredients (name: typical g)
Sauteed veg,4,Soozy & Munz,2026-06-06,2026-06-10,"Carrot:145, Green beans:55, Broccoli:100, Cucumber:60"
"B(2) — Veg upma/poha, 1 egg+2 whites mushroom/spinach omelet, sattu chaas w/ greek yoghurt",3,Pratik & Sakshi,2026-06-25,2026-07-09,
Breakfast (3) — Rahul 2 eggs+2 whites+mushroom-spinach; Radhika 1 egg+2 whites+stir fry+1/2 sourdough; Sky oats/egg+fruit,3,Rahul & Radhika,2026-06-05,2026-06-10,Spinach/Palak:60
5 almonds + oatmeal (30g) + 2 eggs + 5 whites / Soozy: 1 egg + 5 whites (boiled),2,Soozy & Munz,2026-07-16,2026-07-17,"Almonds:5, Oats:60, Eggs:13"
5 almonds+oatmeal(30g)+2 eggs+5 whites / Soozy: 1 egg+5 whites,2,Soozy & Munz,2026-07-22,2026-07-23,"Almonds:5, Rolled oats:30, Whey protein:30, Milk:150, Eggs:13, Whey"
"B(2) — Large moong dal chilla w/ stuffed veggies, coriander-mint chutney, greek yoghurt+protein+banana smoothie",2,Pratik & Sakshi,2026-06-24,2026-07-01,
"B(2) — Medium dosa + 2 egg whites, coconut+green chutney, protein + greek yoghurt + berries",2,Pratik & Sakshi,2026-06-27,2026-07-04,
"B(2) — ¼ cup oats + 1 scoop protein, high-protein milk + cinnamon, chia + banana",2,Pratik & Sakshi,2026-06-26,2026-07-03,
Beetroot thoran,2,Soozy & Munz,2026-06-03,2026-06-05,Beetroot:150
Breakfast (3) — Rahul bell-pepper+onion egg bhurji+cucumber slices; Radhika oats+skyr+chia+berries; Sky oats/egg+fruit,2,Rahul & Radhika,2026-06-04,2026-06-09,"Green capsicum:25, Cucumber:50, Onion:20"
Cabbage coleslaw,2,Soozy & Munz,2026-06-05,2026-06-11,"Cabbage:215, Carrot:188, Onion:160, Garlic:5, Coriander (dhania):5"
Fish curry,2,Shunyam & Ishan — latest,2026-06-03,2026-06-09,"Onion:100, Tomato:110, Ginger:12, Garlic:15, Green chilli:10"
Lunch (1) — Radhika almond wrap+minced-chicken sukha+lettuce+carrots+onions+mint chutney. RAHUL LUNCH=OFFICE,2,Rahul & Radhika,2026-06-03,2026-06-10,"Lettuce:40, Carrot:30, Onion:20, Mint:10"
marinated chicken 200g / Soozy: 150g + veg salad,2,Soozy & Munz,2026-07-16,2026-07-17,Chicken breast:350
1 banana & 2 scoops whey / Disha: Skyr 100g & masala omelette [banana 0 - not ordered],1,Disha & Anirudh,2026-07-21,2026-07-21,"Protein powder:60, Banana:0, Milky Mist skyr:0, Eggs:2, Onion:30, Tomato:30, Green chilli:5, Coriander (dhania):5"
1 banana & 2 scoops whey protein (~422 kcal) | Disha: Skyr 100g & avocado omelette (~350-450 kcal),1,Disha & Anirudh,2026-07-18,2026-07-18,
"1 banana + 2 scoops whey (~422) / Disha: Skyr 100g + masala omelette (~250) [PRE-COUNT, not deducted]",1,Disha & Anirudh,2026-07-21,2026-07-21,"Banana:1, Whey concentrate:60, Eggs:3, Onion:20"
1 banana + 2 scoops whey / Disha: skyr + tomato-basil omelette,1,Disha & Anirudh,2026-07-23,2026-07-23,"Banana:1, Whey/Protein:60, Eggs:3, Tomato:1, Thai basil:10, Skyr"
1 medium dosa + 2 egg whites; Coconut + green chutney; Protein powder + greek yoghurt + berries,1,Pratik & Sakshi,2026-07-18,2026-07-18,
1 slice sourdough + 1 whole egg & 3 whites omelette + 1 scoop protein in water + coconut water + ¼ cup berries [sourdough/coconut water/berries absent],1,Pratik & Sakshi,2026-07-21,2026-07-21,"Eggs:4, Protein powder:35"
"2 chicken sandwiches (~450 kcal) | Disha: Thai green curry, rice & cucumber salad",1,Disha & Anirudh,2026-07-18,2026-07-18,
2x chipotle burrito bowl,1,Soozy & Munz,2026-07-14,2026-07-14,"Rajma:160, Romaine lettuce:50, Avocado:1, Onion:60, Tomato:80, Green capsicum:60, Greek yogurt (Akshayakalpa plain):60, Coriander (dhania):10"
5 almonds + oatmeal (30g) + 2 eggs + 5 whites / Soozy: 1 egg + 5 whites (boiled) [eggs SHORT: 3 of ~13],1,Soozy & Munz,2026-07-21,2026-07-21,"Almonds:5, Rolled oats:30, Eggs:3, Whey protein:30, Milk:150"
[B-Parshuram] Sattu methi paratha + mint chutney + curd,1,Kartik & Dhara,2026-07-15,2026-07-15,"Methi (fenugreek):30, Mint:15, Green chilli:5, Coriander hybrid:10, Garlic:5, Curd/yogurt:70"
[B-Parsuram] Boil potato & bhindi,1,Kartik & Dhara,2026-07-21,2026-07-21,"Potato:150, Lady's finger (okra):100"
[B-Parsuram] Ghugni & chakuli pitha,1,Kartik & Dhara,2026-07-17,2026-07-17,"Onion:40, Tomato:40, Ginger:10, Garlic:10, Green chilli:5"
"[B·2] No meal set on the card (breakfast is the usual bread + cheese/cream-cheese, no produce)",1,"Ishita, Harsh & Ekansha",2026-06-22,2026-06-22,
[D-Disha] Protein powder + psyllium husk in milk with apple & orange,1,Disha & Anirudh,2026-07-21,2026-07-21,"Protein powder:30, Psyllium husk:5, Lactose-free milk:0, Apple:1, Orange:130"
[D-Disha] Protein powder + psyllium in milk with apple & kiwi,1,Disha & Anirudh,2026-07-14,2026-07-14,"Protein powder:30, Psyllium husk:5, Lactose-free milk:0, Apple:1, Kiwi:1"
[D-Disha] Protein powder + psyllium in milk with blueberries & kiwi,1,Disha & Anirudh,2026-07-16,2026-07-16,"Protein powder:30, Psyllium husk:5, Lactose-free milk:0, Blueberry:40, Kiwi:1"
[D-Disha] Protein powder + psyllium in milk with pear & cherries,1,Disha & Anirudh,2026-07-17,2026-07-17,"Protein powder:30, Psyllium husk:5, Lactose-free milk:0, Pear:2, Cherries:100"
[D-Disha] Protein powder + psyllium in milk with plum & blueberries,1,Disha & Anirudh,2026-07-15,2026-07-15,"Protein powder:30, Psyllium husk:5, Lactose-free milk:0, Plum:1, Blueberry:40"
[D-Parshuram] Grilled prawns (half) + stir-fried babycorn & carrots,1,Kartik & Dhara,2026-07-15,2026-07-15,"Prawns (large):175, Baby corn:80, Carrot:80, Garlic:10, Ginger:5"
[D-Parsuram] Low spiced odia sardine curry (soak chana dal),1,Kartik & Dhara,2026-07-21,2026-07-21,"Sardines:200, Onion:40, Tomato:40, Garlic:10, Ginger:10, Green chilli:5"
[D-Sana] Palak soup + grilled tofu,1,Paxal & Sana,2026-07-14,2026-07-14,"Spinach/Palak:150, Tofu:150, Onion:20, Garlic:10"
[D-Sana] Peri-peri paneer green wrap,1,Paxal & Sana,2026-07-15,2026-07-15,"Paneer:120, Onion:20, Green capsicum:30, Lettuce:30"
[D-Trial Cook] Chicken momos + garlic stir-fried carrot & lettuce,1,Kartik & Dhara,2026-07-17,2026-07-17,"Minced chicken:150, Cabbage:100, Carrot:80, Lettuce:50"
[D·3] 4 rotis (atta only),1,"Ishita, Harsh & Ekansha",2026-06-19,2026-06-19,
[D·3] Bhindi do pyaza + mixed dal + 5 cups rice (lady’s finger + heavy onion; dals off the board),1,"Ishita, Harsh & Ekansha",2026-06-20,2026-06-20,"Lady's finger:400, Onion:300, Tomato:150, Ginger:30, Garlic:20, Coriander (dhania):15"
[D·3] Chana masala + 5 cups rice (chana pantry; onion/tomato base),1,"Ishita, Harsh & Ekansha",2026-06-18,2026-06-18,
[D·3] Dal makhani + 5 cups rice (urad/rajma pantry; onion/tomato base),1,"Ishita, Harsh & Ekansha",2026-06-16,2026-06-16,
[D·3] Dal tadka + jeera rice (5 cups) — toor/moong dal off the board; onion/tomato/ginger/garlic/chilli/coriander tadka; chole SOAKED for Tue,1,"Ishita, Harsh & Ekansha",2026-06-22,2026-06-22,"Onion:80, Tomato:100, Ginger:15, Garlic:15, Green chilli:5, Coriander (dhania):10"
"[D·3] Palak paneer + 15 rotis — PANEER off the board; SPINACH was never in any order, so it is NOT deducted (flag: confirm spinach source)",1,"Ishita, Harsh & Ekansha",2026-06-15,2026-06-15,
"[D·3] Stuffed baingan with paneer + 12 rotis — BRINJAL not in any order, NOT deducted (flag)",1,"Ishita, Harsh & Ekansha",2026-06-17,2026-06-17,
"[L-Ahalya] Bisibelle baath (rice + readymade paste only), grilled sardines, badi phula, aloo methi",1,Kartik & Dhara,2026-07-16,2026-07-16,"Sardines:200, Potato:100, Methi (fenugreek):50, Onion:40, Garlic:10, Green chilli:5, Curry leaves:3"
[L-Ahalya] Chole masala gravy + green tomato choka + hummus (chole & hummus absent),1,Kartik & Dhara,2026-07-21,2026-07-21,"Green tomato:100, Onion:40, Tomato:40, Ginger:10, Garlic:10, Green chilli:5"
[L-Ahalya] Rajma masala + rice + tomato poda + cut onion/chilli + variyali sharbat,1,Kartik & Dhara,2026-07-15,2026-07-15,"Rajma:200, Onion:120, Tomato:80, Green tomato:100, Garlic:15, Ginger:10, Green chilli:15, Coriander hybrid:5"
[L-Ahalya] Thai red curry (homemade coconut milk) + rice + mint-lemon sharbat,1,Kartik & Dhara,2026-07-17,2026-07-17,"Onion:60, Tomato:60, Ginger:15, Garlic:15, Green chilli:8, Mint:10, Lemon:20"
[L-Radhika] Omelette in gobbleright almond wrap + cut carrots & cucumber / Snack: fruit + brazil nut [almond wrap & brazil nut absent],1,Rahul & Radhika,2026-07-21,2026-07-21,"Eggs (free-range brown):2, Carrot:50, Cucumber:50, Kiwi:1"
[L·2] Aunty’s special salad (composition not stated),1,"Ishita, Harsh & Ekansha",2026-06-15,2026-06-15,
[L·2] Aunty’s special salad (composition pending),1,"Ishita, Harsh & Ekansha",2026-06-18,2026-06-18,
"[L·2] Egg bhurji (Ishita, 2 eggs) + tofu bhurji wraps (Harsh) — onion/tomato base; eggs & tofu off the board",1,"Ishita, Harsh & Ekansha",2026-06-19,2026-06-19,"Onion:40, Tomato:60"
[L·2] Kala chana salad — onion/tomato/coriander/cucumber from stock (chana pantry; lemon n/a),1,"Ishita, Harsh & Ekansha",2026-06-20,2026-06-20,"Onion:80, Tomato:80, Coriander (dhania):10, Cucumber:60"
[L·2] Paneer & roasted-veggies wrap — broccoli + green capsicum + onion roasted; paneer off the board,1,"Ishita, Harsh & Ekansha",2026-06-22,2026-06-22,"Broccoli:120, Green capsicum:100, Onion:50"
[L·2] Paneer fried rice + veg manchurian (capsicum + corn from stock; paneer board),1,"Ishita, Harsh & Ekansha",2026-06-17,2026-06-17,"Green capsicum:80, Sweet corn:80"
[L·2] Rajma & roasted-veggie wrap — roasted bell peppers/capsicum from the 15th,1,"Ishita, Harsh & Ekansha",2026-06-16,2026-06-16,"Red capsicum:100, Green capsicum:80"
[Snack-Paxal] Corn chaat,1,Paxal & Sana,2026-07-14,2026-07-14,"Sweet corn:100, Onion:20, Tomato:30, Lemon:10"
[Snack-Paxal] Hara bhara kebab + chutney,1,Paxal & Sana,2026-07-13,2026-07-13,"Spinach/Palak:50, Coriander (dhania):5, Mint:5"
[Snack-Paxal] Sweet potato dahi chaat,1,Paxal & Sana,2026-07-15,2026-07-15,"Sweet potato:100, Curd:80, Onion:20, Coriander (dhania):5"
Achari paneer + 4 rotis + cucumber raita,1,Shunyam & Ishan — latest,2026-07-25,2026-07-25,"Paneer:200, Onion:60, Tomato:80, Atta:150, Curd:100, Cucumber:100, Cream:50"
Achari paneer + rotis + cut cucumber + moong sprouts,1,Paxal & Sana,2026-07-13,2026-07-13,"Paneer:200, Cucumber:100, Onion:40, Tomato:30, Ginger:5"
Aloo parwal sabzi,1,Shunyam & Ishan — latest,2026-06-02,2026-06-02,"Parwal:170, Potato:170, Onion:110, Tomato:0"
Anirudh 2 chicken sandwiches / Disha palak chicken + rotis + kachumbar + hung curd,1,Disha & Anirudh,2026-07-14,2026-07-14,"Chicken:300, Cheese slices:0, Spinach/Palak:150, Cucumber:50, Onion:30, Tomato:50, Lemon:10, Yogurt:100"
Anirudh banana+whey / Disha skyr + cabbage-spring onion-egg bhurji,1,Disha & Anirudh,2026-07-14,2026-07-14,"Banana:1, Protein powder:60, Milky Mist skyr:1, Cabbage:50, Spring onion:20, Eggs:2"
Anirudh banana+whey / Disha skyr + masala omelette,1,Disha & Anirudh,2026-07-15,2026-07-15,"Banana:1, Protein powder:60, Milky Mist skyr:1, Eggs:3, Onion:20, Tomato:30, Green chilli:5"
Anirudh TBD / Disha chicken majestic + veggie salad,1,Disha & Anirudh,2026-07-15,2026-07-15,"Chicken:200, Onion:30, Green capsicum:50, Spring onion:15, Garlic:10, Ginger:10, Romaine lettuce:50, Cucumber:50, Tomato:50"
Asian black pepper chicken + veg + herbed peas rice,1,Shunyam & Ishan — latest,2026-07-25,2026-07-25,"Chicken:200, Green capsicum:60, Red capsicum:60, Onion:40, Basmati rice:150, Frozen peas:60, Soy sauce:15"
Aunty’s special salad,1,"Ishita, Harsh & Ekansha",2026-07-17,2026-07-17,"Cucumber:100, Carrot:60, Tomato:50, Lettuce:50, Onion:30, Green capsicum:50"
Avial,1,Soozy & Munz,2026-06-06,2026-06-06,"Ash gourd:135, Carrot:250, Green beans:170"
avocado mash & scrambled eggs (1 pax),1,Kartik & Dhara,2026-07-22,2026-07-22,"Avocado, Eggs:3, Butter:10, Coriander:5"
Avocado shrimp salad,1,Soozy & Munz,2026-06-12,2026-06-12,"Tomato:100, Onion:100, Garlic:5, Coriander (dhania):5, Lemon:0"
"B (1) — Parsuram: turmeric savoury masala oats [oats pantry; small onion-tomato-chilli masala, est]",1,Kartik & Dhara,2026-06-25,2026-06-25,"Onion:20, Tomato:20, Green chilli:3"
B (2) — egg bhurji + 2 pita toast (Anirudh),1,Disha & Anirudh,2026-06-24,2026-06-24,"Onion:40, Tomato:40, Green chilli:5, Coriander (dhania):10"
B (2) — Konkani horsegram pancakes (soaked Tue) + beetroot koshimbir,1,Kartik & Dhara,2026-06-24,2026-06-24,"Beetroot:150, Green chilli:5, Coriander (dhania):10, Curry leaves:0, Lemon:1"
B (2) — no meal set (usual bread + cheese),1,"Ishita, Harsh & Ekansha",2026-06-24,2026-06-24,
B (2) — no meal set (usual bread + cheese) [before the count; already absorbed],1,"Ishita, Harsh & Ekansha",2026-06-23,2026-06-23,
"B (2) — no meal set (usual bread + cheese, no produce)",1,"Ishita, Harsh & Ekansha",2026-06-25,2026-06-25,
B (2) — palak mushroom omelette + 2 toast (Anirudh),1,Disha & Anirudh,2026-06-25,2026-06-25,Spinach/Palak:87
B (2) — Spicy egg sandwiches [30-Jun plan],1,Shunyam & Ishan — latest,2026-06-30,2026-06-30,"Eggs:4, Onion:40, Tomato:40, Green chilli:6, Coriander (dhania):10"
B (3) — Soozy: 1 whole egg + 4 egg whites; Uncle & Aunty: vegetable upma + 2 half-boiled eggs,1,Soozy & Munz,2026-06-25,2026-06-25,"Onion:40, Carrot:40, Green chilli:3, Curry leaves:3, Ginger:5"
B (4) — high-protein oatmeal + boiled eggs; idli & peanut chutney (Uncle & Aunty),1,Soozy & Munz,2026-06-24,2026-06-24,
B (4) — Munz: 5 almonds + high-protein oatmeal bowl + 5 boiled eggs + 2 egg whites; Soozy: 1 egg + 4 whites; Uncle & Aunty: dosa & coconut chutney + boiled eggs,1,Soozy & Munz,2026-06-23,2026-06-23,
B(1) Disha — Skyr 150g + 2 chilli-garlic scrambled eggs,1,Disha & Anirudh,2026-06-30,2026-06-30,"Milky Mist skyr:150, Eggs:2, Green chilli:5, Garlic:5"
B(1) Parsuram — Lettuce masala oats [oats/masala=pantry],1,Kartik & Dhara,2026-07-09,2026-07-09,"Lettuce:50, Onion:20, Tomato:20"
"B(1) — Dhokla, imli chutney & spine-gourd subzi [Parsuram; besan/tamarind=pantry]",1,Kartik & Dhara,2026-07-08,2026-07-08,"Spine gourd:60, Onion:15, Tomato:15"
B(1) — Jowar & besan carrot cheela [Parsuram; jowar/besan=pantry],1,Kartik & Dhara,2026-07-07,2026-07-07,Carrot:50
"B(1) — Large moong dal chilla w/ stuffed veggies, coriander-mint chutney, greek yoghurt+protein+banana smoothie",1,Pratik & Sakshi,2026-07-08,2026-07-08,
"B(1) — Medium dosa + 2 egg whites, coconut+green chutney, protein powder, greek yoghurt, ¼ cup berries",1,Pratik & Sakshi,2026-07-11,2026-07-11,
"B(1) — Oats + 1 scoop protein, high-protein milk + cinnamon, chia + elaichi banana",1,Pratik & Sakshi,2026-07-10,2026-07-10,
"B(1) — Parsuram: Kerala-style prawns curry, rice, cabbage thoran & gondhoraj lemonade",1,Kartik & Dhara,2026-07-12,2026-07-12,"Onion:40, Tomato:30, Green chilli:7, Dry coconut:10, Gondhoraj lemon:1"
B(1) — Parsuram: Savoury ragi porridge & grilled zucchini,1,Kartik & Dhara,2026-07-10,2026-07-10,Zucchini:100
B(1) — Parsuram: Spinach shakshuka & toasted bread,1,Kartik & Dhara,2026-07-06,2026-07-06,"Eggs:2, Spinach/Palak:80, Onion:40, Tomato:60, Sourdough (olive & rosemary):2"
"B(1) — Pesarattu dosa + 2 egg whites, coconut chutney, sattu chaas w/ greek yoghurt",1,Pratik & Sakshi,2026-07-06,2026-07-06,
"B(1) — Sourdough, 1 egg+3 whites omelette, protein shake+coconut water, berries [already in after-breakfast count]",1,Pratik & Sakshi,2026-07-07,2026-07-07,
B(1) — Stuffed paneer besan chilla + muskmelon juice [30-Jun plan],1,Kartik & Dhara,2026-06-30,2026-06-30,"Paneer:100, Muskmelon:200"
B(2) — Anirudh: banana + 2 scoops whey; Disha: Skyr 100g + broccoli omelette [whey=pantry],1,Disha & Anirudh,2026-07-06,2026-07-06,"Banana:1, Milky Mist skyr:1, Broccoli:50, Eggs:2"
B(2) — Anirudh: banana + 2 scoops whey; Disha: Skyr 100g + cabbage pancakes [whey/besan=pantry],1,Disha & Anirudh,2026-07-09,2026-07-09,"Banana:1, Milky Mist skyr:1, Cabbage:100"
B(2) — Anirudh: banana + 2 scoops whey; Disha: Skyr 100g + spinach-cremini mushroom omelette [whey=pantry],1,Disha & Anirudh,2026-07-08,2026-07-08,"Banana:1, Milky Mist skyr:1, Eggs:3, Spinach/Palak:40, Button mushroom:50"
B(2) — Anirudh: banana + 2 scoops whey; Disha: Skyr 100g + spring-onion paneer bhurji,1,Disha & Anirudh,2026-07-10,2026-07-10,"Banana:1, Milky Mist skyr:1, Paneer:100, Spring onion:40, Onion:20, Tomato:30, Green chilli:5, Coriander (dhania):5"
B(2) — Anirudh: banana + 2 scoops whey; Disha: Skyr 100g + spring-onion paneer bhurji [whey=pantry],1,Disha & Anirudh,2026-07-07,2026-07-07,"Banana:1, Milky Mist skyr:1, Spring onion:30, Paneer:80, Onion:20, Tomato:30"
"B(2) — Cabbage cheese sandwich, 1 scoop protein in water + coconut water + ¼ cup berries",1,Pratik & Sakshi,2026-06-23,2026-06-23,
"B(2) — Dosa, sambhar & coconut chutney",1,Shunyam & Ishan — latest,2026-07-10,2026-07-10,"Dosa batter:200, Coconut chunks:30, Drumstick (pods):1, Tomato:50, Onion:40, Curry leaves:5"
B(2) — Egg bhurji (3 eggs) + 4 toast,1,Shunyam & Ishan — latest,2026-07-11,2026-07-11,"Eggs:3, Onion:30, Tomato:40, Green chilli:5, Coriander (dhania):5, Multigrain bread (Health Factory):30"
B(2) — French toast & fruit,1,Shunyam & Ishan — latest,2026-07-04,2026-07-04,"Eggs:3, Cow milk pouch (Akshayakalpa):50, Banana:1, Multigrain bread (Health Factory):60"
B(2) — Methi thepla with curd,1,Shunyam & Ishan — latest,2026-07-03,2026-07-03,"Methi (fenugreek):50, Curd (Akshayakalpa):60"
B(2) — Moong dal cheela + dosa chutney,1,Paxal & Sana,2026-06-30,2026-06-30,"Onion:20, Ginger:5"
B(2) — Moong dal chilla & mint-coriander chutney [moong dal=pantry],1,Shunyam & Ishan — latest,2026-07-06,2026-07-06,"Mint:15, Coriander (dhania):15, Green chilli:5"
B(2) — Moong dal idli & peanut chutney [moong dal/peanut=pantry],1,Paxal & Sana,2026-07-07,2026-07-07,Curry leaves:3
B(2) — Moong palak cheela + curry leaves chutney,1,Paxal & Sana,2026-07-11,2026-07-11,"Spinach/Palak:100, Onion:20, Green chilli:5, Curry leaves:10, Ginger:5, Coriander (dhania):5"
B(2) — Munz: 5 almonds+oatmeal+5 eggs+2 whites; Soozy: 1 egg+5 whites (boiled),1,Soozy & Munz,2026-07-10,2026-07-10,"Eggs:13, Almonds:30, Rolled oats:60"
B(2) — Munz: 5 almonds+oatmeal+5 eggs+2 whites; Soozy: 1 egg+5 whites [oats=pantry],1,Soozy & Munz,2026-07-09,2026-07-09,"Eggs:13, Almonds:5"
B(2) — Munz: almonds+oatmeal+5 whole eggs+2 whites; Soozy: 1 egg+5 whites [oats=pantry],1,Soozy & Munz,2026-07-07,2026-07-07,"Eggs:13, Almonds:5"
B(2) — Overnight oats with fresh fruits,1,Paxal & Sana,2026-07-10,2026-07-10,"Oats:80, Curd:100, Apple:1"
B(2) — Paneer paratha w/ curd; Sana: veg club sandwich (soak millet) [atta/bread/cheese=pantry],1,Paxal & Sana,2026-07-04,2026-07-04,"Paneer:80, Curd:80, Cucumber:30, Tomato:30, Green capsicum:20"
"B(2) — Pesarattu dosa + 2 egg whites, coconut chutney, sattu chaas (¼ cup greek yoghurt)",1,Pratik & Sakshi,2026-06-22,2026-06-22,
"B(2) — Pesarattu dosa + 2 egg whites, coconut chutney, sattu chaas w/ greek yoghurt",1,Pratik & Sakshi,2026-06-29,2026-06-29,
B(2) — Poha & fruit [poha=pantry base],1,Shunyam & Ishan — latest,2026-07-09,2026-07-09,"Poha:80, Onion:20, Peanuts:20, Apple (Royal Gala):1"
B(2) — Rava dosa with peanut chutney [rava/peanut/chana dal/coconut=pantry],1,Paxal & Sana,2026-07-09,2026-07-09,
B(2) — Scrambled eggs with toast (3 eggs),1,Shunyam & Ishan — latest,2026-07-07,2026-07-07,"Eggs:3, Multigrain bread (Health Factory):60, Butter (Amul):10"
B(2) — Soaked oats [oats/milk],1,Shunyam & Ishan — latest,2026-07-08,2026-07-08,"Oats (Alpino Super Oats):60, Cow milk pouch (Akshayakalpa):100"
B(2) — Sooji cheela with veggies + mint chutney [sooji=pantry],1,Paxal & Sana,2026-07-03,2026-07-03,"Onion:30, Tomato:30, Green capsicum:20, Carrot:20, Coriander (dhania):10, Mint:15"
"B(2) — Sourdough slice, 1 egg+3 whites omelette, protein shake w/ coconut water & berries",1,Pratik & Sakshi,2026-06-30,2026-06-30,
B(2) — Vegetable & paneer sourdough sandwich [bread/cheese=pantry],1,Paxal & Sana,2026-07-06,2026-07-06,"Paneer:60, Green capsicum:30, Tomato:40, Cucumber:30, Onion:20"
"B(2) — Veggie sourdough sandwich (broccoli, capsicum, baby corn, tomato, cheese, paneer)",1,Paxal & Sana,2026-07-02,2026-07-02,"Broccoli:50, Green capsicum:40, Baby corn:30, Tomato:50, Paneer:60"
"B(3) — Bok choy-tomato omelette, sourdough, avocado, horsegram sundal, lemon-ginger drink, rambutan, sewaiyan kheer",1,Kartik & Dhara,2026-07-11,2026-07-11,"Eggs:4, Bok choy:50, Tomato:60, Onion:20, Sourdough (olive & rosemary):150, Avocado:1, Dry coconut:20, Lemon:20, Ginger:10, Coconut milk:100"
B(3) — Dosa,1,"Ishita, Harsh & Ekansha",2026-07-12,2026-07-12,
B(3) — Rahul pessarattu+spinach omelette(3); Radhika pessarattu+omelette(3 whites)+sauteed spinach; Skye oats+egg&fruit,1,Rahul & Radhika,2026-07-10,2026-07-10,"Eggs (free-range brown):7, Spinach/Palak:120, Mint:20, Green chilli:10, Coriander (dhania):10, Banana:1"
B(3) — Rahul poached eggs+avo+sourdough+mushroom-onion; Radhika similar+coffee; Skye oats+egg&fruit,1,Rahul & Radhika,2026-07-11,2026-07-11,"Eggs (free-range brown):6, Avocado:1, Sourdough bread (Brik Oven):2, Button mushroom:100, Onion:60, Banana:1, Almond/Oat beverage (Alt Co):100"
B(3) — Rahul shakshuka(5 eggs)+sourdough; Radhika shakshuka(3)+sourdough+coffee; Skye oats+egg&fruit,1,Rahul & Radhika,2026-07-09,2026-07-09,"Eggs (free-range brown):9, Sourdough bread (Brik Oven):2, Banana:1"
B(3) — Rahul: bell pepper-onion egg bhurji + cucumber; Radhika: oats+skyr+chia/flax+almond milk+berries+seeds; Skye: overnight oats / egg & fruit [eggs/capsicum/berries/seeds not in 6-Jul baseline],1,Rahul & Radhika,2026-07-07,2026-07-07,"Onion:40, Cucumber:60, Skyr:100, Banana:1, Green chilli:5"
B(4) — Munz oatmeal+almonds+7 eggs; Soozy 5 eggs; U&A rava idli+sambar+chutney+2 eggs [30-Jun plan],1,Soozy & Munz,2026-06-30,2026-06-30,"Eggs:14, Almonds:5, Oats:80"
"B(4: Munz,Soozy,Uncle,Aunty) — Munz almonds+oatmeal+5 eggs+2 whites; Soozy 1 egg+5 whites; U&A rava dosa, tomato-coconut chutney + 2 boiled eggs [oats/rava=pantry]",1,Soozy & Munz,2026-07-08,2026-07-08,"Eggs:15, Almonds:5, Tomato:50, Grated coconut:30"
B(6) — Munz: almonds+oatmeal bowl+5 eggs+2 whites; Soozy: 1 egg+5 whites; U&A&Guests: rava idli+peanut chutney+6 eggs,1,Soozy & Munz,2026-07-06,2026-07-06,"Eggs:19, Rolled oats:50, Milk:150, Rava idli mix (MTR):200, Coconut chunks:30"
Bagel; Boiled eggs; Greek yoghurt,1,Pratik & Sakshi,2026-07-13,2026-07-13,
Baingan bharta,1,Shunyam & Ishan — latest,2026-06-01,2026-06-01,"Brinjal:300, Onion:110, Green chilli:5"
"Baingan bharta + 4 rotis + tomato raita (marinate chicken, soak overnight oats)",1,Shunyam & Ishan — latest,2026-07-21,2026-07-21,"Brinjal:400, Onion:60, Tomato:140, Garlic:15, Multigrain atta:150, Curd (Akshayakalpa):150, Ginger garlic paste:10"
banana + whey / Disha: skyr + mint egg fry,1,Disha & Anirudh,2026-07-16,2026-07-16,"Banana:1, Protein powder:60, Milky Mist skyr:1, Mint:10, Eggs:3"
banana + whey / Disha: skyr + spinach pancakes with honey & bananas,1,Disha & Anirudh,2026-07-17,2026-07-17,"Banana:2, Protein powder:60, Milky Mist skyr:1, Spinach/Palak:100, Eggs:2"
banana+2 scoops whey / Disha: skyr + sweet corn paneer cutlets + coriander chutney,1,Disha & Anirudh,2026-07-24,2026-07-24,"Banana:1, Protein:60, Greek yogurt(skyr sub):1, Sweet corn:1, Malai paneer:100, Besan:20, Breadcrumbs:20, Onion:20, Coriander:15"
banana+whey / Disha: skyr + masala French toast,1,Disha & Anirudh,2026-07-25,2026-07-25,"Banana:1, Protein:60, Bread:0, Eggs:2, Onion:20, Skyr"
Bang-bang salad,1,Soozy & Munz,2026-06-04,2026-06-04,"Cucumber:60, Garlic:5"
Beans & potato curry (soak whole moong),1,Shunyam & Ishan — latest,2026-07-23,2026-07-23,"Potato:150, Onion:50, Ginger garlic paste:10, Jeera:3, Green chilli:5, Green beans, Tomato"
Beans thoran,1,Soozy & Munz,2026-06-04,2026-06-04,Green beans:0
Beetroot carrot salad,1,Shunyam & Ishan — latest,2026-06-13,2026-06-13,"Beetroot:0, Carrot:95"
bell pepper-onion egg bhurji+cucumber / Radhika: oats+skyr+chia+flax+almond milk+berries+pumpkin seeds / Skye: overnight oats+banana+nuts,1,Rahul & Radhika,2026-07-23,2026-07-23,"Eggs:4, Green capsicum:60, Onion:60, Cucumber:100, Rolled oats:70, Skyr:1, Almond drink:60, Oat drink:150, Banana:50, Dried berries:30, Chia, Flax, Pumpkin seeds, Nuts"
Besan vegetable chilla + tomato chutney,1,Paxal & Sana,2026-07-15,2026-07-15,"Onion:40, Tomato:90, Carrot:30, Green chilli:10, Coriander (dhania):10, Garlic:5"
"Black chana, sweet potato & beetroot salad + greek yoghurt dressing + sourdough toast (Sakshi) + spinach soup; snack: edamame & kiwi [kala chana/greek yoghurt/sourdough absent; spinach short]",1,Pratik & Sakshi,2026-07-21,2026-07-21,"Sweet potato:200, Beetroot:150, Spinach/Palak:200, Garlic:25, Butter:15, Milk:150, Lemon:30, Edamame (frozen):80, Kiwi:100, Mint:20, Jeera (cumin):6, Chaat masala:6"
Bombay sandwich (soak kala chana),1,Paxal & Sana,2026-07-16,2026-07-16,"Bread:80, Potato:150, Onion:60, Tomato:60, Cucumber:100, Coriander:20, Mint:10"
Breakfast (2) — All: pessarattu dosa+masala omelette+green mint chutney+sauteed spinach. Guests: Pessaruttu with peanut chutney,1,Rahul & Radhika,2026-06-13,2026-06-13,"Spinach/Palak:60, Mint:10"
Breakfast (2) — Rahul 2 eggs+2 whites+mushroom-spinach; Radhika 1 egg+2 whites+mushroom-spinach+1/2 sourdough+coffee; Sky oats/egg+fruit. Guests: Aloo Poha,1,Rahul & Radhika,2026-06-12,2026-06-12,Spinach/Palak:60
Breakfast (2) — Rahul 2 eggs+2 whites+mushroom-spinach; Skye oats/egg+fruit,1,Rahul & Radhika,2026-06-22,2026-06-22,"Spinach/Palak:80, Banana:1"
Breakfast (2) — Rahul bell-pepper & onion egg bhurji + cucumber; Skye oats/chia/banana/nuts,1,Rahul & Radhika,2026-06-18,2026-06-18,"Green capsicum:40, Onion:30, Cucumber:50, Banana:1"
Breakfast (2) — Rahul bell-pepper+onion egg bhurji+cucumber slices; Radhika oats+skyr+chia+berries; Sky oats/egg+fruit,1,Rahul & Radhika,2026-06-11,2026-06-11,"Green capsicum:30, Cucumber:50, Onion:20"
Breakfast (2) — Rahul mushroom-spinach stir fry + eggs; Skye oats/chia/banana/nuts,1,Rahul & Radhika,2026-06-19,2026-06-19,"Spinach/Palak:80, Banana:1"
Breakfast (2) — Rahul pessarattu dosa + masala omelette (1 egg+2 whites) + mint chutney + sauteed spinach; Skye dosa+egg+veggies+fruit,1,Rahul & Radhika,2026-06-20,2026-06-20,"Spinach/Palak:80, Mint:15, Coriander (dhania):10"
Breakfast (3) — mushroom-spinach omelettes (Rahul & Radhika) + Skye oats/chia/banana/nuts (12 eggs across the three; mushroom not tracked),1,Rahul & Radhika,2026-06-17,2026-06-17,"Spinach/Palak:80, Banana:1"
Breakfast (3) — Rahul 2 eggs+2 whites+mushroom-spinach stir fry; Radhika 1 egg+2 whites+stir fry+1/2 sourdough; Sky overnight oats+chia+almond milk+banana+nuts / egg+fruit,1,Rahul & Radhika,2026-06-01,2026-06-01,"Spinach/Palak:60, Banana:2"
"Breakfast (3) — Rahul 2 eggs+2 whites+mushroom-spinach; Radhika 1 egg+2 whites+mushroom-spinach+1/2 sourdough, coffee; Sky overnight oats+banana+nuts / egg+fruit",1,Rahul & Radhika,2026-06-15,2026-06-15,"Spinach/Palak:60, Banana:2"
Breakfast (3) — Rahul 2 eggs+2 whites+mushroom-spinach; Radhika 1 egg+2 whites+stir fry+1/2 sourdough; coffee; Sky oats/egg+fruit,1,Rahul & Radhika,2026-06-03,2026-06-03,Spinach/Palak:60
Breakfast (3) — Rahul 2 poached eggs + avo + sourdough + mushroom-spinach; Radhika 1 egg+2 whites + avo + mushroom-spinach; Skye oats/egg + fruit,1,Rahul & Radhika,2026-06-24,2026-06-24,"Spinach/Palak:120, Banana:1"
Breakfast (3) — Rahul bell-pepper+onion egg bhurji+cucumber slices; Radhika oats+skyr+chia+flax+almond milk+berries+pumpkin seeds; Sky oats/egg+fruit,1,Rahul & Radhika,2026-06-02,2026-06-02,"Green capsicum:30, Cucumber:50, Onion:20"
Breakfast (3) — Rahul pessarattu dosa+masala omelette+mint chutney+sauteed spinach; Radhika dosa+omelette+spinach; Sky dosa+egg+veg+fruit,1,Rahul & Radhika,2026-06-06,2026-06-06,"Spinach/Palak:60, Mint:10"
Breakfast (3) — Rahul: bell-pepper & onion egg bhurji (2 whole + 2 whites) + cucumber slices; Radhika: oats + skyr + chia + flax + almond milk + berries + pumpkin seeds; Skye: overnight oats + chia + almond/oat milk + banana + nuts / egg + fruit,1,Rahul & Radhika,2026-06-23,2026-06-23,"Green capsicum:40, Onion:40, Cucumber:60, Banana:1"
Breakfast (4) — Dosa with coconut chutney (4),1,Rahul & Radhika,2026-06-25,2026-06-25,"Coriander (dhania):10, Curry leaves:5, Ginger:5"
"Breakfast (4) — Veg uttapam + coconut chutney + bell-pepper & onion egg bhurji (incl 2 guests, 4 whole+4 white)",1,Rahul & Radhika,2026-06-21,2026-06-21,"Green capsicum:120, Onion:120, Coriander (dhania):15"
"Breakfast — cheese, tomato & lettuce sandwich + greek yoghurt with fruit (soak rajma) (2)",1,Shunyam & Ishan — latest,2026-06-18,2026-06-18,"Tomato:60, Lettuce:40"
"Breakfast — dosa, drumstick & carrot sambar & 2 boiled eggs (2)",1,Kartik & Dhara,2026-06-18,2026-06-18,"Drumstick (pods):2, Carrot:80, Onion:40, Tomato:50, Curry leaves:0"
Breakfast — milk-bread toast w/ spicy toppings & 2 boiled eggs (2),1,Kartik & Dhara,2026-06-17,2026-06-17,"Onion:40, Tomato:40, Green chilli:5"
Breakfast — rajma parantha & curd (2),1,Shunyam & Ishan — latest,2026-06-19,2026-06-19,"Onion:30, Coriander (dhania):10, Green chilli:5"
Breakfast — scrambled eggs with toast (2),1,Shunyam & Ishan — latest,2026-06-17,2026-06-17,"Onion:20, Green chilli:3"
Breakfast — stuffed paneer besan cheela (2),1,Kartik & Dhara,2026-06-19,2026-06-19,"Onion:40, Coriander (dhania):15, Green chilli:5, Paneer:50"
Brinjal curry,1,Shunyam & Ishan — latest,2026-06-06,2026-06-06,"Brinjal:280, Onion:100, Tomato:110, Ginger:15, Green chilli:10"
Brinjal side,1,Soozy & Munz,2026-06-12,2026-06-12,"Brinjal:90, Garlic:5"
Cabbage cheese sandwich (1 pax),1,Pratik & Sakshi,2026-07-22,2026-07-22,"Cabbage:100, Cheese, Zero maida bread, Butter:10"
Cabbage manchurian + fried rice + cut carrots + sprouts,1,Paxal & Sana,2026-07-14,2026-07-14,"Cabbage:300, Carrot:100, Onion:40, Green capsicum:50, Spring onion:20, Garlic:5"
Cabbage pancakes + mint-coriander chutney,1,Paxal & Sana,2026-07-22,2026-07-22,"Cabbage:150, Onion:50, Green chilli:10, Ginger:10, Coriander:15, Mint:20, Lemon:15, Ghee:15, Besan"
Cabbage stir-fry,1,Soozy & Munz,2026-06-12,2026-06-12,Cabbage:0
Carrot cabbage edamame palya; Gobbleright beet-quinoa wraps; Greek yoghurt dahi chutney spread; Snack: edamame + kiwi,1,Pratik & Sakshi,2026-07-14,2026-07-14,
Carrot-cabbage-edamame palya + gobbleright wrap + dahi chutney (Radhika),1,Rahul & Radhika,2026-07-14,2026-07-14,"Carrot:60, Cabbage:80, GobbleRight beetroot & quinoa wrap:1, Strawberry yogurt:50"
"Chaat masala salad (no tofu); Mixed veg pulao (more veg, less rice); Tofu curry; Snack: nut-seed ladoo + mandarin orange",1,Pratik & Sakshi,2026-07-13,2026-07-13,
chana dal + lauki kofta + ginger-ajwain khichdi + sattu drink (1 pax),1,Kartik & Dhara,2026-07-22,2026-07-22,"Chana dal:60, Bottle gourd:150, Besan, Onion:80, Ginger:15, Garlic:10, Green chilli:10, Rice:60, Green moong:50, Groundnut oil:10, Sattu, Lemon, Turmeric/ajwain"
chana dal dosa + amaranth chutney + 3 boiled eggs; roasted makhana,1,Kartik & Dhara,2026-07-24,2026-07-24,"Chana dal:60, Rice:40, Amaranth leaves:40, Coconut:0, Eggs:3, Onion:20, Green chilli:8, Makhana, Ghee"
Chana masala + ajwain paratha + tomato-cucumber raita + green moong sprouts,1,Paxal & Sana,2026-07-15,2026-07-15,"Onion:80, Tomato:130, Garlic:10, Ginger:10, Green chilli:5, Coriander (dhania):15, Cucumber:80, Curd:100, Sprouts (green moong):50"
Cheese carrot omelet,1,Shunyam & Ishan — latest,2026-07-16,2026-07-16,"Eggs:4, Cheese:30, Carrot:40, Onion:30, Green chilli:5"
Chicken & quinoa power bowl + kale + cherry tomato,1,Rahul & Radhika,2026-07-13,2026-07-13,"Chicken thigh (boneless):300, Coriander (dhania):5"
Chicken caesar salad + yoghurt dill dip + rice (both),1,Soozy & Munz,2026-07-17,2026-07-17,"Chicken breast:350, Romaine lettuce:80, Yogurt:50, Lemon:20"
Chicken curry,1,Shunyam & Ishan — latest,2026-06-11,2026-06-11,"Onion:100, Tomato:90, Garlic:10, Ginger:10, Green chilli:5"
Chicken curry (guests),1,Soozy & Munz,2026-06-06,2026-06-06,"Onion:660, Tomato:465, Ginger:10, Garlic:15, Green chilli:35"
Chicken curry + rice + carrot beans thoran (pre-count),1,Soozy & Munz,2026-07-25,2026-07-25,reflected in count
chicken keema curry (low spice) + rice + jhuri aloo bhaja,1,Kartik & Dhara,2026-07-24,2026-07-24,"Chicken breast:150, Onion:60, Tomato:60, Ginger:8, Garlic:8, Frozen peas:0, Rice:80, Potato:100, Mustard oil:15"
Chicken roast base,1,Soozy & Munz,2026-06-03,2026-06-03,"Onion:330, Tomato:180"
Chicken tikka salad,1,Soozy & Munz,2026-06-10,2026-06-10,"Onion:90, Tomato:100, Cabbage:130"
Chilli paneer,1,Shunyam & Ishan — latest,2026-06-10,2026-06-10,"Onion:155, Red capsicum:170, Garlic:10, Ginger:15, Green chilli:10"
Chole masala + 4 rotis + carrot salad,1,Shunyam & Ishan — latest,2026-07-17,2026-07-17,"Onion:50, Tomato:60, Garlic:20, Carrot:80"
Coconut aminos tofu + broccoli; Brown rice (small); Mushroom clear soup; Snack: berries + sunflower seed + protein,1,Pratik & Sakshi,2026-07-15,2026-07-15,
"Coriander lime fish + quinoa + mixed veg (peas,carrot,beans; skip cauliflower); Skye cucumber+cherry tomato; spearmint tea",1,Rahul & Radhika,2026-07-24,2026-07-24,"Basa fish:300, Coriander:20, Lemon:30, Quinoa:150, Frozen peas:100, Carrot:60, French beans:100, Onion:40, Cucumber:100, Mint:10, Cherry tomato"
coriander tilapia (only marination) — used; night order tilapia250+prawns250,1,Kartik & Dhara,2026-07-25,2026-07-25,"Tilapia, Coriander:20, Lemon:15"
creamy garlic chicken mushroom spinach pasta / Disha: orange grilled chicken + cabbage-peas subzi,1,Disha & Anirudh,2026-07-24,2026-07-24,"Chicken:200, Pasta:50, Cremini mushroom:100, Spinach:40, Cream:0, Garlic:10, Cheese block:20, Orange:100, Cabbage:100, Frozen peas:60, Onion:30"
creamy garlic chicken mushroom spinach pasta / Disha: Punjabi dhaba chicken + 2 phulkas + kachumber,1,Disha & Anirudh,2026-07-25,2026-07-25,"Chicken:200, Pasta:48, Cremini:100, Spinach:40, Atta:100, Onion:40, Tomato:1, Cucumber"
creamy garlic chicken mushroom spinach pasta / Disha: tandoori chicken salad,1,Disha & Anirudh,2026-07-23,2026-07-23,"Chicken:200, Pasta:50, Cremini mushroom:50, Spinach:40, Fresh cream:30, Black olives:20, Curd:50, Iceberg lettuce:80, Tomato:1, Onion:50"
creamy garlic chicken mushroom spinach pasta x2 / Disha: chimichurri chicken + coleslaw,1,Disha & Anirudh,2026-07-16,2026-07-16,"Chicken breast:400, Button mushroom:100, Spinach/Palak:100, Garlic:20, Amul fresh cream:0, Cabbage:100, Carrot:50"
"creamy garlic chicken, mushroom & spinach pasta (2 portions)",1,Disha & Anirudh,2026-07-22,2026-07-22,"Chicken:200, Pasta:100, Cremini mushroom:200, Spinach:80, Fresh cream:60, Del Monte black olives:40, Olive oil:10, Fresh garlic, Parmesan"
"creamy garlic chicken, mushroom & spinach pasta (~600) / Disha: chicken kathi roll + hung curd dip (~460) [PRE-COUNT, not deducted]",1,Disha & Anirudh,2026-07-21,2026-07-21,"Chicken:300, Pasta:120, Hung curd:80, Onion:60"
"creamy garlic chicken, mushroom & spinach pasta [PASTA absent] / Disha: chicken kathi roll + hung curd dip",1,Disha & Anirudh,2026-07-21,2026-07-21,"Chicken breast:270, Cremini mushroom:100, Baby spinach (hydroponic):80, Garlic:10, Amul fresh cream:0, Onion:60, Green capsicum:50, Yogurt:50, Tomato:30, Khapli atta (Organic farms):80"
Creamy garlic yogurt chicken salad + herb rice (both),1,Soozy & Munz,2026-07-21,2026-07-21,"Chicken breast (Licious):350, Garlic:20, Curd/Yogurt, Coriander (dhania):20, Lemon:30, Cherry tomato:80, Onion:150, Iceberg lettuce:50, Sona masoori rice:200, Cucumber"
Creamy pumpkin pasta,1,Shunyam & Ishan — latest,2026-06-13,2026-06-13,"Pumpkin:200, Onion:100, Garlic:10"
Cucumber raita,1,Shunyam & Ishan — latest,2026-06-01,2026-06-01,Cucumber:90
Curry leaves rice + yellow moong dal + sliced cucumber + green moong sprouts,1,Paxal & Sana,2026-07-24,2026-07-24,"Onion:80, Tomato:60, Ginger:10, Garlic:10, Cucumber:100, Green moong sprouts:150, Rice, Curry leaves, Yellow moong dal"
D (1) — BBQ chicken salad + bbq-ranch (Munz),1,Soozy & Munz,2026-06-23,2026-06-23,"Lettuce:20, Cucumber:55, Tomato:95, Onion:25"
D (1) — Parsuram: chicken with KILLR marinade + pan-roasted broccoli [chicken in stock; KILLR marinade condiment],1,Kartik & Dhara,2026-06-25,2026-06-25,Broccoli:100
D (2) — carrot-beans thoran (Uncle & Aunty),1,Soozy & Munz,2026-06-23,2026-06-23,"Carrot:92, Green beans:125"
D (2) — Dahi bhindi + 2 rotis + cucumber raita [30-Jun plan],1,Shunyam & Ishan — latest,2026-06-30,2026-06-30,"Cucumber:100, Onion:30"
D (2) — Parsuram: black sesame chicken + chaat-masala cucumber rounds,1,Kartik & Dhara,2026-06-24,2026-06-24,Cucumber:150
D (2) — protein powder + psyllium husk in milk & kiwi,1,Disha & Anirudh,2026-06-25,2026-06-25,
D (2) — protein powder + psyllium husk in milk & peach,1,Disha & Anirudh,2026-06-24,2026-06-24,
D (3) — chana masala + rice (5 cups) [chana soaked from the 24th],1,"Ishita, Harsh & Ekansha",2026-06-25,2026-06-25,"Onion:120, Tomato:0, Ginger:15, Garlic:15, Green chilli:5, Coriander (dhania):10"
D (3) — chole masala (less spicy) + 15 rotis,1,"Ishita, Harsh & Ekansha",2026-06-23,2026-06-23,"Onion:120, Tomato:120, Ginger:15, Garlic:15, Coriander (dhania):10"
D (3) — palak paneer + 10 rotis (soak chana for tomorrow),1,"Ishita, Harsh & Ekansha",2026-06-24,2026-06-24,"Spinach/Palak:0, Onion:100, Tomato:100, Ginger:15, Garlic:15"
D (3) — Soozy: marinated chicken; Uncle & Aunty: 6 rotis + chicken roast,1,Soozy & Munz,2026-06-25,2026-06-25,"Onion:30, Garlic:10, Ginger:5"
D (4) — Indian chicken salad + mix-veg curd dip; 10 rotis + chicken fry (Uncle & Aunty),1,Soozy & Munz,2026-06-24,2026-06-24,"Cucumber:60, Onion:80, Tomato:60, Carrot:60"
D (4) — Munz: BBQ chicken salad + bbq-ranch; Soozy: marinated chicken; Uncle & Aunty: rice + chicken curry + carrot-beans thoran,1,Soozy & Munz,2026-06-23,2026-06-23,
D — Disha: protein powder + psyllium in milk with cherries & apple [protein/psyllium=pantry],1,Disha & Anirudh,2026-07-09,2026-07-09,"Cherry:25, Apple:1, Lactose-free milk:1, Protein powder:30, Psyllium husk:10"
D(1) Disha — protein powder + psyllium husk in milk + mango & plum,1,Disha & Anirudh,2026-06-30,2026-06-30,"Milk (Amul):1, Mango:1, Psyllium husk:1"
D(1) Nilam — Kerala chicken curry + 3 jowar roti [jowar=pantry; used chicken breast ~150g; no curry leaves],1,Kartik & Dhara,2026-07-09,2026-07-09,"Chicken breast (boneless):150, Onion:60, Tomato:80, Ginger:15, Garlic:15, Green chilli:10, Coriander hybrid:5"
D(1) Sana — Chilli-garlic tofu wrap [wrap=pantry; pre-prep soak chickpeas],1,Paxal & Sana,2026-07-09,2026-07-09,"Tofu:150, Garlic:10, Onion:20, Green capsicum:30"
D(1) — Disha: protein powder + psyllium in milk with apple & cherries [protein/psyllium=pantry],1,Disha & Anirudh,2026-07-06,2026-07-06,"Apple:1, Cherry:25, Lactose-free milk:1, Protein powder:30, Psyllium husk:10"
D(1) — Disha: protein powder + psyllium in milk with apple & guava [protein/psyllium=pantry],1,Disha & Anirudh,2026-07-08,2026-07-08,"Apple:1, Pink guava:1, Lactose-free milk:1, Protein powder:30, Psyllium husk:10"
D(1) — Disha: protein powder + psyllium in milk with litchi & plum [protein/psyllium=pantry],1,Disha & Anirudh,2026-07-07,2026-07-07,"Litchi:60, Plum:1, Lactose-free milk:1, Protein powder:30, Psyllium husk:10"
"D(1) — Disha: Tomato rasam (spicy, less dal) & rice",1,Disha & Anirudh,2026-07-10,2026-07-10,"Tomato:150, Curry leaves:10, Coriander (dhania):5, Green chilli:5"
"D(1) — Grilled chicken & stir-fried carrot, zucchini, bok choy & noodles [NOT COOKED — items restocked]",1,Kartik & Dhara,2026-07-06,2026-07-06,
D(1) — No meal set [30-Jun],1,Kartik & Dhara,2026-06-30,2026-06-30,
D(1) — Paneer kathi roll & green salad + mint juice [CHANGED 2->1 person; atta=pantry],1,Paxal & Sana,2026-07-07,2026-07-07,"Paneer:120, Onion:30, Green capsicum:30, Cucumber:50, Carrot:30, Mint:30"
D(1) — Rainbow Meal: NOT COOKED (nothing made),1,Kartik & Dhara,2026-07-08,2026-07-08,
D(1) — Sana: Tawa roti pizza,1,Paxal & Sana,2026-07-10,2026-07-10,"Onion:30, Tomato:40, Red capsicum:40, Mozzarella cheese:60"
"D(1) — Veg bhaji w/ chickpea (shredded low-fat paneer on bhaji), sourdough bread, chopped cucumber & carrot w/ lime",1,Pratik & Sakshi,2026-07-08,2026-07-08,
"D(2) — Baingan curry, 3 rotis & tomato raita",1,Shunyam & Ishan — latest,2026-07-03,2026-07-03,"Brinjal:200, Onion:40, Tomato:110, Set curd (Akshayakalpa):60"
D(2) — Baked falafel,1,Pratik & Sakshi,2026-07-04,2026-07-04,
"D(2) — Chaat masala salad, spinach toor & moong dal, haldi tofu + beans sabzi, cooked lemon quinoa",1,Pratik & Sakshi,2026-06-24,2026-06-24,
"D(2) — Coconut aminos tofu, mushroom & broccoli stir fry, brown rice/carrot/green-bean sesame stir-fry (less rice)",1,Pratik & Sakshi,2026-06-27,2026-06-27,
D(2) — Creamy broccoli pasta,1,Shunyam & Ishan — latest,2026-07-10,2026-07-10,"Wheat pasta:150, Broccoli:200, Fresh cream (Amul):50, Cow milk pouch (Akshayakalpa):100, Garlic:10, Onion:30, Cheese (Amul):30"
"D(2) — Dry butternut squash sabzi, sattu tikkis, greek yoghurt dahi chutney, chaat masala vegetables",1,Pratik & Sakshi,2026-06-23,2026-06-23,
"D(2) — Fat-loss matar paneer, matta rice (small), zucchini & eggplant sabzi, kachumber salad",1,Pratik & Sakshi,2026-06-22,2026-06-22,
"D(2) — Gongura leaves curry, millet veg pulao, onion greek yoghurt raita, edamame stir-fry w/ sambhar masala",1,Pratik & Sakshi,2026-06-26,2026-06-26,
"D(2) — Kadai mixed veg (capsicum,carrot,beans,peas), 3 rotis & cucumber raita",1,Shunyam & Ishan — latest,2026-07-04,2026-07-04,"Green capsicum:80, Carrot:60, Green beans:80, Frozen green peas (Safal):80, Onion:40, Tomato:40, Cucumber:50, Set curd (Akshayakalpa):60"
"D(2) — Kala chana curry, masala roasted edamame, jowar-quinoa roti, roasted carrots & beans sabzi",1,Pratik & Sakshi,2026-06-29,2026-06-29,
"D(2) — Khapli atta tofu roti, lauki chana dal, beetroot poriyal, asparagus/broccoli & edamame stir fry",1,Pratik & Sakshi,2026-07-01,2026-07-01,
"D(2) — Lauki moong dal chilla, mint chutney, boiled beetroot/carrot/cucumber plate, low-fat haldi paneer cubes",1,Pratik & Sakshi,2026-06-25,2026-06-25,
"D(2) — Light dudhi kadhi, quinoa-edamame pulao, easy beetroot stir fry, kachumbar salad",1,Pratik & Sakshi,2026-07-09,2026-07-09,
"D(2) — Lobia curry, jowar-quinoa roti, mushroom capsicum masala, haldi tofu [lobia/dals/flour=pantry]",1,Pratik & Sakshi,2026-07-07,2026-07-07,"Shiitake mushroom:100, Green capsicum:80, Red capsicum:40, Onion:100, Tomato:120, Tofu:200, Ginger:5, Garlic:5"
D(2) — Malai paneer + 4 rotis + cucumber raita [atta=pantry],1,Shunyam & Ishan — latest,2026-07-09,2026-07-09,"Paneer:200, Onion:40, Tomato:50, Cow milk pouch (Akshayakalpa):50, Cucumber:80, Curd (Akshayakalpa):100, Ginger:10, Garlic:10"
D(2) — Marinated chicken (Munz 200/Soozy 150),1,Soozy & Munz,2026-07-10,2026-07-10,"Chicken breast (boneless):350, Onion:40"
D(2) — Marinated chicken (Munz 200g + Soozy 150g),1,Soozy & Munz,2026-07-07,2026-07-07,Chicken breast (boneless):350
D(2) — Marinated chicken (Munz 200g/Soozy 150g),1,Soozy & Munz,2026-07-09,2026-07-09,"Chicken breast (boneless):350, Onion:30, Lemon:10"
D(2) — Mushroom masala + 4 rotis + kachumber salad,1,Shunyam & Ishan — latest,2026-07-11,2026-07-11,"Button mushroom:200, Onion:90, Tomato:120, Ginger:10, Garlic:10, Green chilli:5, Coriander (dhania):10, Cucumber:60, Lemon:15"
"D(2) — Palak low-fat paneer curry, jowar+quinoa soft rotis, red cabbage sabzi (less oil), mixed cherry tomato salad",1,Pratik & Sakshi,2026-07-06,2026-07-06,
"D(2) — Palak paneer, 4 rotis & beetroot raita (soak rajma) [beetroot OUT]",1,Shunyam & Ishan — latest,2026-07-06,2026-07-06,"Spinach/Palak:200, Paneer:150, Onion:40, Tomato:40, Garlic:10, Ginger:10, Set curd (Akshayakalpa):60"
D(2) — Parwal and mushroom sabzi,1,Pratik & Sakshi,2026-07-02,2026-07-02,
"D(2) — Sattu chilla w/ roasted veg, greek yoghurt raita, green chutney",1,Pratik & Sakshi,2026-06-30,2026-06-30,
"D(2) — Stuffed baingan, 4 rotis, kachumbar [atta=pantry]",1,Shunyam & Ishan — latest,2026-07-07,2026-07-07,"Brinjal:250, Onion:40, Tomato:40, Cucumber:50, Lemon:5"
D(2) — Sweet potato chaat (soak moong dal & kala channa) [dal/channa=pantry],1,Paxal & Sana,2026-07-06,2026-07-06,"Sweet potato:200, Onion:30, Tomato:30, Coriander (dhania):10, Lemon:4"
D(2) — Vegetable bhuna handi + 4 rotis + beetroot raita [atta=pantry; NO beetroot in stock],1,Shunyam & Ishan — latest,2026-07-08,2026-07-08,"Potato:100, Green beans:60, Frozen green peas (Safal):60, Onion:60, Tomato:60, Curd (Akshayakalpa):100"
D(3) — Bhindi fry + moong dal + 15 rotis,1,"Ishita, Harsh & Ekansha",2026-07-03,2026-07-03,"Lady's finger:250, Onion:60, Tomato:60, Green chilli:10"
D(3) — Carrot & cherry-tomato salad; lentil pasta w/ creamy protein sauce & veggies; Italian roasted veg; post-drinks; pre-prep soak rajma [pasta/lentil/paneer-sauce not in 6-Jul baseline; rajma=pantry],1,Rahul & Radhika,2026-07-07,2026-07-07,"Carrot:100, Cherry tomato:150, Zucchini:200, Button mushroom:80, Cauliflower:150, Onion:60"
D(3) — Chicken lentil dal soup + millet pulao + broccoli & carrot sabzi (skip capsicum); Skye cherry tomato,1,Rahul & Radhika,2026-07-10,2026-07-10,"Chicken thigh (boneless):300, Onion:60, Tomato:80, Carrot:80, Broccoli:150, Ginger:10, Garlic:10, Cherry tomato:40, Coriander (dhania):10"
D(3) — Dal dhokli + cut cucumber & tomato; Paxal snack: boiled chana,1,Paxal & Sana,2026-06-30,2026-06-30,"Cucumber:100, Tomato:80, Onion:30, Dahi (curd) pack:1"
"D(3) — Gongura pappu dal (skip peanuts), haldi cauliflower rice, grilled low-fat paneer, masala cucumber salad",1,Pratik & Sakshi,2026-07-10,2026-07-10,
D(3) — Lemon garlic salmon + greek yoghurt tzatziki + moroccan carrots; side cherry tomato & cucumber; Skye brown rice,1,Rahul & Radhika,2026-07-11,2026-07-11,"Salmon (Atlantic fillet):450, Lemon:30, Garlic:15, Curd (Sid's Farm):100, Cucumber:100, Dill:10, Carrot:200, Cherry tomato:100"
"D(3) — Low-fat paneer burrito bowl (low-fat paneer, no corn, very little rice), coriander-lime tahini dressing",1,Pratik & Sakshi,2026-07-11,2026-07-11,
D(3) — Malai kofta/Kadai paneer + jeera rice + cucumber raita + fruit,1,"Ishita, Harsh & Ekansha",2026-07-05,2026-07-05,"Paneer (Milky Mist):250, Onion:100, Tomato:120, Fresh cream:50, Cashews:30, Ginger:15, Garlic:15, Green chilli:10, Cucumber:80, Dahi (Amul Masti):150, Green capsicum:60, Grapes:100, Coriander (dhania):10"
D(3) — Mexican rice with exotic sauteed veggies + sweet corn,1,"Ishita, Harsh & Ekansha",2026-07-10,2026-07-10,"Sweet corn:80, Green capsicum:60, Red capsicum:40, Yellow capsicum:40, Onion:60, Tomato:80, Carrot:50, Garlic:10, Coriander (dhania):10"
D(3) — Mixed veg jalfrezi + dal tadka + 5 cups rice,1,"Ishita, Harsh & Ekansha",2026-07-07,2026-07-07,"Green capsicum:60, Red capsicum:40, Yellow capsicum:40, Onion:60, Tomato:80, Carrot:50, Cabbage:60, Garlic:10, Ginger:10, Coriander (dhania):10"
D(3) — Mixed vegetable sambar + beans poriyal + rice,1,"Ishita, Harsh & Ekansha",2026-07-11,2026-07-11,"Pumpkin:200, Carrot:60, Onion:40, Tomato:100, Drumstick (pods):1, Curry leaves:15, Green beans:150, Coconut (fresh):0, Green chilli:5"
D(3) — Palak chicken curry + jowar/quinoa rotis + red cabbage sabzi; Skye carrots+cherry tomato,1,Rahul & Radhika,2026-07-09,2026-07-09,"Spinach/Palak:200, Chicken thigh (boneless):300, Onion:80, Tomato:100, Ginger:15, Garlic:15, Red cabbage:150, Carrot:40, Cherry tomato:40, Coriander (dhania):10"
D(3) — Paneer bhurji wraps (8 wraps),1,"Ishita, Harsh & Ekansha",2026-07-09,2026-07-09,"Paneer (Milky Mist):250, Onion:80, Tomato:80, Green capsicum:60, Coriander (dhania):10, Green chilli:5"
D(3) — Paneer do pyaaza + 15 rotis,1,"Ishita, Harsh & Ekansha",2026-07-02,2026-07-02,"Paneer (Milky Mist):250, Onion:200, Tomato:100, Ginger:15, Garlic:15, Green chilli:10, Coriander (dhania):15"
D(3) — Paneer do pyaza + 15 rotis,1,"Ishita, Harsh & Ekansha",2026-07-08,2026-07-08,"Paneer (Milky Mist):250, Onion:200, Tomato:100, Ginger:15, Garlic:15, Green chilli:10, Coriander (dhania):15"
D(3) — Paneer fried rice with manchurian,1,"Ishita, Harsh & Ekansha",2026-07-04,2026-07-04,"Paneer (Milky Mist):200, Green capsicum:80, Cabbage:100, Carrot:60, Spring onion:40, Green beans:50, Garlic:15, Ginger:10"
D(3) — Rainbow millet bowl,1,Paxal & Sana,2026-07-04,2026-07-04,"Whole millet:100, Green capsicum:40, Carrot:40, Cucumber:30, Tomato:30, Cabbage:40, Onion:20, Sweet corn:30"
D(3) — Rajma chawal + papad + grilled paneer [rajma/rice/papad=pantry],1,Paxal & Sana,2026-07-02,2026-07-02,"Paneer:100, Onion:60, Tomato:80, Ginger:10, Garlic:10"
D(3) — Shirataki noodles; Paxal next-day: boiled sweet potato [shirataki=pantry],1,Paxal & Sana,2026-07-03,2026-07-03,"Green capsicum:40, Carrot:40, Cabbage:50, Spring onion:20, Onion:20, Sweet potato:150"
D(3) — Tofu curry + 15 rotis,1,"Ishita, Harsh & Ekansha",2026-07-06,2026-07-06,"Tofu / soya paneer (Briyas):250, Onion:80, Tomato:100, Ginger:15, Garlic:15, Green chilli:10, Fresh cream:40, Coriander (dhania):10"
D(4) — Munz Indian chicken salad+curd dip; Soozy marinated chicken; U&A wheat dosa+malabar prawn roast [30-Jun plan],1,Soozy & Munz,2026-06-30,2026-06-30,"Prawns:200, Greek yogurt / curd:100, Lettuce:50"
D(4) — Munz: tandoori chicken salad + cabbage-yogurt coleslaw; Soozy: marinated chicken; Uncle & Aunty: Nadan Meen Mulakittathu + rice [rice=pantry],1,Soozy & Munz,2026-07-08,2026-07-08,"Chicken breast (boneless):220, Cabbage:100, Sardine:100, Tomato:40, Ginger:10, Garlic:10, Green chilli:10, Coconut milk:1"
D(6) — Munz: lemon pepper chicken + salad; Soozy: marinated chicken; U&A&G: chicken curry + beans thoran + rice [rice=pantry],1,Soozy & Munz,2026-07-06,2026-07-06,"Chicken breast (boneless):300, Chicken curry cut:600, Lettuce:60, Cucumber:50, Green capsicum:40, Green beans:90, Grated coconut:40"
Dahi bhindi masala + 4 rotis + cut cucumber (soak chole),1,Shunyam & Ishan — latest,2026-07-16,2026-07-16,"Bhindi (okra):250, Curd:150, Onion:40, Tomato:40, Cucumber:100"
Dal & rice,1,Shunyam & Ishan — latest,2026-07-23,2026-07-23,"Moong dal:120, Rice (basmati):150, Onion:100, Ginger garlic paste:15, Jeera:5, Turmeric:5, Ghee:0, Green chilli:10, Tomato"
Dal parantha,1,Paxal & Sana,2026-07-23,2026-07-23,"Onion:60, Ginger:10, Green chilli:10, Coriander:10, Ghee:15, Dal, Atta"
Dhokla + coriander-mint chutney,1,Paxal & Sana,2026-07-13,2026-07-13,"Coriander (dhania):10, Mint:5, Green chilli:5, Ginger:5"
Dinner (2) — Chaat-masala salad + palak chicken + zucchini & red-onion sabzi + jeera brown rice,1,Rahul & Radhika,2026-06-24,2026-06-24,"Spinach/Palak:150, Zucchini:150, Onion:100, Cucumber:80, Tomato:80"
Dinner (2) — Chicken keema kebabs+quinoa-beet wrap+mint chutney+roasted cauliflower & zucchini,1,Rahul & Radhika,2026-06-09,2026-06-09,"Cauliflower:120, Mint:10"
"Dinner (2) — Chicken+capsicum roasted salad, roasted broccoli, quinoa-beetroot wrap, kaju red-pepper dip",1,Rahul & Radhika,2026-06-05,2026-06-05,"Red capsicum:40, Broccoli:100"
Dinner (2) — Chimichurri chicken + roasted baby potatoes + red-pepper cashew sauce + roasted green beans; Skye chopped cucumber & cherry tomatoes,1,Rahul & Radhika,2026-06-22,2026-06-22,"Potato:250, Red capsicum:80, Green beans:200, Cucumber:80, Coriander (dhania):20"
"Dinner (2) — Cucumber salad, stir-fried tofu with capsicum/onion/carrot+coconut aminos, brown rice with shredded cabbage",1,Rahul & Radhika,2026-06-06,2026-06-06,"Cucumber:80, Red cabbage:150, Onion:20, Carrot:30"
Dinner (2) — Cucumber-onion-tomato salad+light butter-chicken bowl+sauteed spinach+roasted cauliflower+small matta rice,1,Rahul & Radhika,2026-06-02,2026-06-02,"Cucumber:80, Tomato:100, Onion:30, Spinach/Palak:60, Cauliflower:120"
Dinner (2) — Garden salad+herb-lemon fish filet+baked sweet potato+capsicum & green beans,1,Rahul & Radhika,2026-06-08,2026-06-08,"Green capsicum:20, Lemon:1"
"Dinner (2) — Garden salad, clear mixed-veg soup, baked pumpkin cubes, grilled lemon-coriander fish",1,Rahul & Radhika,2026-06-01,2026-06-01,"Pumpkin:120, Cucumber:50, Tomato:50, Carrot:30"
"Dinner (2) — Garden salad, lauki green-moong dal chilla stuffed with ground chicken+mixed veg (beans/carrot/onion), hung-curd chutney",1,Rahul & Radhika,2026-06-04,2026-06-04,"Bottle gourd:200, Carrot:40, Onion:30"
Dinner (2) — shredded zucchini & carrot salad + mediterranean baked fish (bassa) with tomatoes + brown rice,1,Rahul & Radhika,2026-06-18,2026-06-18,"Zucchini:100, Carrot:80, Tomato:120"
Dinner (2) — Shredded zucchini+carrot salad+mediterranean baked fish with tomatoes+brown rice,1,Rahul & Radhika,2026-06-03,2026-06-03,"Tomato:100, Carrot:40"
Dinner (2) — spinach toor & moong dal + haldi chicken + cooked lemon quinoa + beans sabzi,1,Rahul & Radhika,2026-06-19,2026-06-19,"Spinach/Palak:80, Green beans:90, Lemon:1, Onion:40, Tomato:40"
Dinner (2) — Vegetable bhaji with chickpea + sourdough + chopped cucumber & carrots with lime,1,Rahul & Radhika,2026-06-21,2026-06-21,"Onion:100, Tomato:100, Potato:150, Cucumber:100, Carrot:80, Lemon:1"
"Dinner (3) — Clear lemon-coriander soup, chinese ground-chicken mince with broccoli/carrots/snap-peas/red capsicum+brown rice. Guests: Veg Pulao with cucumber raita",1,Rahul & Radhika,2026-06-12,2026-06-12,"Broccoli:100, Carrot:40, Red capsicum:40, Cucumber:50, Lemon:1"
"Dinner (3) — Edamame & coriander kebabs, grilled mixed vegetables, beetroot wrap, greek-yoghurt dahi chutney. Guests: Bhindi Masala+5 rotis",1,Rahul & Radhika,2026-06-13,2026-06-13,"Green capsicum:20, Coriander (dhania):15"
Dinner (3) — Garden salad + no-oil mutton curry + cabbage stir-fry + bhindi sabzi + millet rice; post-dinner fruit-juice/soda; Radhika spearmint tea,1,Rahul & Radhika,2026-06-23,2026-06-23,"Lettuce:60, Cucumber:60, Tomato:100, Onion:120, Carrot:60, Cabbage:150, Lady's finger:200"
Dinner (3) — Greek chicken bowl (greek-yogurt marinade) + roast potatoes + roasted mediterranean veggies + tzatziki,1,Rahul & Radhika,2026-06-17,2026-06-17,"Potato:250, Zucchini:100, Green capsicum:60, Onion:60, Brinjal:60, Cucumber:60"
Dinner (3) — No-masala light coriander chicken curry+matta rice+cauliflower & bhindi sabzi+mint-coriander chutney,1,Rahul & Radhika,2026-06-15,2026-06-15,"Cauliflower:150, Lady's finger:150, Coriander (dhania):15"
Dinner (3) — Pessarattu dosa+tofu curry+coriander-mint chutney+cucumber-carrot salad; Sky 2 parathas+mixed veg,1,Rahul & Radhika,2026-06-10,2026-06-10,"Cucumber:80, Carrot:40, Coriander (dhania):20"
"Dinner (3) — Rajma vegetable salad, cilantro-lime fish (no mirchi), boiled beetroot+roasted carrots",1,Rahul & Radhika,2026-06-11,2026-06-11,"Cucumber:50, Tomato:50, Carrot:40"
Dinner (4) — Brown rice + rajma + tomato-paneer + cut cucumber + carrot sticks + whole cherry tomatoes (4),1,Rahul & Radhika,2026-06-25,2026-06-25,"Tomato:200, Onion:80, Cucumber:150, Carrot:120, Garlic:10, Ginger:5"
Dinner (4) — Healthy lentil pasta + creamy high-protein sauce + little veggies + italian roasted veg,1,Rahul & Radhika,2026-06-20,2026-06-20,"Zucchini:150, Green capsicum:100, Onion:80, Tomato:80"
Dinner — chicken soup (existing broth) with tofu & veggies; chatpate green moong (2),1,Kartik & Dhara,2026-06-18,2026-06-18,"Carrot:60, Onion:50, Tomato:40, Green chilli:10"
Dinner — lauki moong dal + matta rice + herb grilled fish + red-cabbage sabzi (3),1,Rahul & Radhika,2026-06-16,2026-06-16,"Bottle gourd:163, Red cabbage:0, Green capsicum:0, Tomato:80"
Dinner — miso-glazed eggplant & cucumber tzatziki (soak white peas) (2),1,Kartik & Dhara,2026-06-19,2026-06-19,"Brinjal:370, Cucumber:150, Garlic:10, Mint:20"
Dinner — NOT cooked (kadai mixed vegetable / rotis / kachumbar was skipped); all that veg stays in stock (2),1,Shunyam & Ishan — latest,2026-06-19,2026-06-19,
"Dinner — rajma masala, rotis & cucumber raita (soak sabudana) (2)",1,Shunyam & Ishan — latest,2026-06-18,2026-06-18,"Onion:80, Tomato:80, Ginger:10, Garlic:10, Green chilli:5, Cucumber:100"
"Dinner — seaweed-sardine lettuce wraps, charred broccoli, caramelised leek & bell peppers (2)",1,Kartik & Dhara,2026-06-17,2026-06-17,"Lettuce:100, Broccoli:100, Green capsicum:20, Red capsicum:50, Yellow capsicum:50, Onion:20"
Dry mutton curry+roti + mixed veg curry (coconut milk) + cherry tomato & carrot; spearmint tea (soak rajma),1,Rahul & Radhika,2026-07-22,2026-07-22,"Onion:1, Tomato:80, Carrot:110, French beans:50, Cauliflower:100, Green capsicum:40, Potato:100, Coconut milk:75, Cherry tomato:75, Mint:5, Mutton, Atta/roti"
Dry-roast/soak dal mix + rice [D],1,Kartik & Dhara,2026-07-13,2026-07-13,
Edamame & Vegetable Salad,1,"Ishita, Harsh & Ekansha",2026-07-16,2026-07-16,"Edamame:150, Cucumber:100, Carrot:60, Tomato:60, Lettuce:50, Green capsicum:50, Lemon:15"
Edamame madras curry / garam-masala baked cauliflower w/ olives / jowar-quinoa roti / cucumber salad masala / snack berries+sunflower+protein,1,Pratik & Sakshi,2026-07-22,2026-07-22,"Edamame (frozen):160, Onion:150, Tomato:150, Coconut milk:200, Cauliflower:400, Jowar flour:60, Quinoa (open):30, Cucumber (pool):150, Chaat masala:6, Berries:90, Sunflower seeds:15, Protein powder:15, Garam masala"
Egg bhurji,1,Shunyam & Ishan — latest,2026-06-13,2026-06-13,"Onion:100, Tomato:90, Green chilli:5"
Egg bhurji (Rahul) + skyr-oats (Radhika) + Skye oats/egg,1,Rahul & Radhika,2026-07-14,2026-07-14,"Eggs (free-range brown):3, Green capsicum:40, Milky Mist Skyr:1, Mixed berries (Nutty Gritties):0, Banana:1"
Egg dosa + onion tomato chutney,1,Soozy & Munz,2026-07-24,2026-07-24,"Idli/dosa batter:250, Eggs:6, Onion:80, Tomato:80, Green chilli:10, Curry leaves:5, Coconut chunks:20"
Egg roast (guests),1,Soozy & Munz,2026-06-05,2026-06-05,"Onion:660, Tomato:660, Ginger:10, Green chilli:5"
eggplant shakshuka,1,Kartik & Dhara,2026-07-25,2026-07-25,"Brinjal:150, Eggs:2, Onion:40, Tomato:80"
Fish curry with rice,1,Soozy & Munz,2026-07-25,2026-07-25,"Mackerel:180, Tomato:60, Coconut chunks:30, Ginger:10, Garlic:10, Onion, Rice"
French toast,1,Shunyam & Ishan — latest,2026-07-24,2026-07-24,"Bread, Eggs, Milk"
French toast with fruit,1,Shunyam & Ishan — latest,2026-07-18,2026-07-18,"Bread:120, Eggs:4, Cow milk (Akshayakalpa):0, Cinnamon:2, Yellaki banana:150, Butter (Amul):20"
Fri B — mushroom & spring-onion masala omelette (Disha; Anirudh + 2 slices toast) [pre-anchor — already in 13-Jun count],1,Disha & Anirudh,2026-06-12,2026-06-12,
"Fri B(1) — Green moong uttapam (onion, carrot, capsicum, coriander) & coconut chutney [green moong untracked]",1,Kartik & Dhara,2026-07-03,2026-07-03,"Onion:30, Carrot:30, Green capsicum:30, Coriander (dhania):10, Dry coconut:30"
Fri B(2) — Anirudh: 1 banana + 2 scoops whey; Disha: Skyr 150g + appam with stew [before check — captured],1,Disha & Anirudh,2026-07-03,2026-07-03,
"Fri B(2) — breakfast burrito (eggs, cheese, spinach)",1,Disha & Anirudh,2026-06-26,2026-06-26,"Eggs:4, Spinach/Palak:80, Onion:40, Tomato:40"
Fri B(2) — urad dal chilla + tomato chutney,1,Kartik & Dhara,2026-06-26,2026-06-26,"Onion:70, Tomato:120, Green chilli:8, Coriander (dhania):5"
Fri B(4) — Munz oatmeal+7 eggs; Soozy 5 eggs; U&A rava idli + coconut chutney + 2 eggs,1,Soozy & Munz,2026-07-03,2026-07-03,"Eggs:14, Rolled oats:60, Almonds:15, Milk:150, Sooji/rava (Aashirvaad):150, Grated coconut:50"
Fri B(4) — Soozy egg+whites; U&A egg curry + dosas,1,Soozy & Munz,2026-06-26,2026-06-26,"Eggs:9, Onion:80, Tomato:80, Green chilli:5, Curry leaves:5, Ginger:5, Garlic:5"
Fri B(4) — watermelon + boiled eggs + brinjal chutney w/ idli [L & D not made],1,Rahul & Radhika,2026-06-26,2026-06-26,"Watermelon (cut):600, Eggs:8, Brinjal:150, Onion:30, Garlic:5, Curry leaves:5"
Fri breakfast — amaranth porridge bowl & boiled eggs (2),1,Kartik & Dhara,2026-06-12,2026-06-12,
Fri breakfast — Disha palak mushroom omelette; Anirudh + 2 toast (2; mushroom/eggs not tracked),1,Disha & Anirudh,2026-06-19,2026-06-19,Spinach/Palak:81
Fri D — air-fried chicken + mixed greens salad w/ yogurt dressing; Soozy marinated chicken [greens vague — not deducted],1,Soozy & Munz,2026-06-19,2026-06-19,"Cucumber:60, Tomato:60"
Fri D — protein powder w/ psyllium in milk & cut fruit [pre-anchor — already in 13-Jun count],1,Disha & Anirudh,2026-06-12,2026-06-12,
Fri D(1) — Disha: protein powder + psyllium husk in milk with fruit [planned; after check],1,Disha & Anirudh,2026-07-03,2026-07-03,
Fri D(1) — KILLR marinated tofu & charred zucchini,1,Kartik & Dhara,2026-07-03,2026-07-03,"Tofu:150, Zucchini:200"
Fri D(1) — masala paneer rice bowl [onion ran out],1,"Ishita, Harsh & Ekansha",2026-06-26,2026-06-26,"Paneer:150, Tomato:40, Red capsicum:30, Green chilli:3, Ginger:5, Garlic:5, Coriander (dhania):5"
"Fri D(2) — protein + psyllium shake (milk) w/ mango & pear [mango,pear ordered]",1,Disha & Anirudh,2026-06-26,2026-06-26,Milk:1
Fri D(2) — pumpkin & carrot soup + grilled paneer cubes [B & L not made; paneer flagged],1,Paxal & Sana,2026-06-26,2026-06-26,"Pumpkin:200, Carrot:150, Onion:40, Garlic:10, Ginger:10"
Fri D(4) — marinated chicken; U&A rotis + prawn curry,1,Soozy & Munz,2026-06-26,2026-06-26,"Chicken breast:200, Greek yogurt:60, Prawns:100, Onion:60, Tomato:60, Green chilli:5, Curry leaves:3, Ginger:5, Garlic:10, Lemon:1"
Fri D(4) — Munz lemon cilantro chicken + tzatziki; Soozy marinated chicken; U&A rice + sambar + chicken fry,1,Soozy & Munz,2026-07-03,2026-07-03,"Chicken breast (boneless):300, Chicken curry cut:200, Rice (sonamasuri):150, Toor dal (Tata Sampann):60, Greek yogurt (Milky Mist):50"
"Fri dinner — green (raw) papaya salad, parts kept separately (2)",1,Disha & Anirudh,2026-06-19,2026-06-19,Papaya:0
Fri dinner — pan-tossed paneer salad (2),1,Kartik & Dhara,2026-06-12,2026-06-12,"Tomato:0, Onion:0, Cucumber:0"
"Fri L — chicken burger (cucumber, tomato, lettuce) + cucumber-carrot salad + hung-curd dip + cut fruit [pre-anchor — already in 13-Jun count]",1,Disha & Anirudh,2026-06-12,2026-06-12,
Fri L — Shrimp-avocado salad + sauteed vegetables (Munz) / no-corn + 200g rice (Soozy) [avocado untracked; veg vague — not deducted],1,Soozy & Munz,2026-06-19,2026-06-19,"Green capsicum:60, Carrot:45, Broccoli:45"
"Fri L(1) — Gongura fish curry, rice, knol khol fry & gondhoraj ghol [fish from 2-Jul receipt]",1,Kartik & Dhara,2026-07-03,2026-07-03,"Fish:150, Gongura leaves:100, Rice (Bhoomi Farms):60, Knol khol (kohlrabi):80, Gondhoraj lemon:1, Curd/yogurt:50"
Fri L(2) — 3 rotis [atta=pantry],1,Kartik & Dhara,2026-06-26,2026-06-26,
Fri L(2) — Anirudh: 2 chicken sandwiches; Disha: Punjabi dhaba-style chicken (low oil) + 2 phulkas + mint hung curd dip [planned; after check],1,Disha & Anirudh,2026-07-03,2026-07-03,
Fri L(2) — Vietnamese chicken rice-paper rolls + dip; grapes [canh chua NOT made],1,Disha & Anirudh,2026-06-26,2026-06-26,"Carrot:80, Cucumber:100, Lettuce:50, Mint:10, Coriander (dhania):10, Green chilli:10, Basil:15, Chicken (minced):100"
Fri L(3) — dal + 12 rotis [bhindi masala NOT made — bhindi spoiled],1,"Ishita, Harsh & Ekansha",2026-06-26,2026-06-26,"Onion:60, Tomato:120, Garlic:15, Ginger:15, Green chilli:10, Curry leaves:5, Coriander (dhania):10"
Fri L(4) — guac chicken salad + mexican salad; U&A rice + prawn curry + beans thoran,1,Soozy & Munz,2026-06-26,2026-06-26,"Avocado:2, Chicken breast:200, Prawns:150, Green beans:150, Lettuce:40, Tomato:120, Cucumber:80, Green capsicum:60, Onion:100, Green chilli:5, Curry leaves:3, Ginger:5, Garlic:5, Lemon:1, Greek yogurt:60"
Fri L(4) — Munz & Soozy lemon cilantro chicken rice bowl + green salad + tzatziki (Soozy +200g rice); U&A rice + sambar (pumpkin) + chicken fry,1,Soozy & Munz,2026-07-03,2026-07-03,"Chicken breast (boneless):300, Rice (sonamasuri):400, Coriander (dhania):30, Lemon:0, Cucumber:100, Greek yogurt (Milky Mist):100, Toor dal (Tata Sampann):60, Pumpkin:100, Chicken curry cut:250, Onion:80"
Fri lunch — palak chicken gravy + roti + salad + cucumber-tomato-onion kachumber + plum (2),1,Disha & Anirudh,2026-06-19,2026-06-19,"Spinach/Palak:69, Cucumber:65, Tomato:55, Onion:48"
Fri lunch — pappu dal with moringa leaves & rice (chicken marinated) (2),1,Kartik & Dhara,2026-06-12,2026-06-12,"Tomato:0, Onion:0, Green chilli:0, Ginger:0"
Garden salad,1,Shunyam & Ishan — latest,2026-06-09,2026-06-09,"Cucumber:100, Tomato:100, Carrot:90, Onion:90, Lemon:0"
Ginger steamed chicken (Munz),1,Soozy & Munz,2026-06-13,2026-06-13,Ginger:10
gobbleright almond wrap + egg-white bhurji + dahi chutney + mushroom-cabbage-onion stir fry; snack fruit+brazil nut,1,Rahul & Radhika,2026-07-23,2026-07-23,"Eggs:4, Curd:50, Button mushroom:100, Red cabbage:0, Onion:50, Banana:50, Brazil nut:5, Gobbleright almond wrap"
Gobi masala,1,Shunyam & Ishan — latest,2026-06-08,2026-06-08,"Cauliflower:300, Onion:100, Tomato:110, Garlic:10, Ginger:15, Green chilli:10"
Green moong sprouts curry + parathas,1,Paxal & Sana,2026-07-22,2026-07-22,"Green moong sprouts, Onion:80, Tomato:80, Ginger:10, Garlic:10, Green chilli:10, Coriander:10, Garam masala:5, Ghee:15, Atta"
Grilled chicken (200/150) + air-fried veg salad + peanut garlic dressing (soak rajma),1,Soozy & Munz,2026-07-23,2026-07-23,"Chicken:350, Broccoli:200, Baby corn:100, Green capsicum:60, Green beans:60, Carrot:60, Sweet potato:100, Garlic:10, Peanut butter"
Grilled chicken (200/150) + mexican salad + citrus tahini dressing + boiled sweet potato,1,Soozy & Munz,2026-07-23,2026-07-23,"Chicken:350, Iceberg:150, Tomato:80, Cherry tomato:60, Green capsicum:60, Cucumber:80, Sweet corn:60, Green beans:50, Avocado:60, Tahini:30, Lemon:30, Sweet potato:250, Onion"
grilled chicken + air-fried veg salad + caesar (Soak Rajma),1,Soozy & Munz,2026-07-20,2026-07-20,"Chicken breast (Licious):350, Broccoli:150, Cabbage:100, Cherry tomato:80, Iceberg lettuce:50, Green capsicum:150, Jalapeno, Caesar dressing"
grilled chicken 200g / Soozy: 150g + mexican salad + citrus tahini,1,Soozy & Munz,2026-07-21,2026-07-21,"Chicken breast (Licious):350, Broccoli:150, Cabbage:100, Cherry tomato:80, Iceberg lettuce:50, Green capsicum:150, Rajma:80, Sweet corn:100, White tahini paste:30, Jalapeno"
Grilled fish (mackerel) [L],1,Kartik & Dhara,2026-07-13,2026-07-13,Mackerel:180
grilled mackerel + santula mixed veg (less spice/more liquid) (1 pax),1,Kartik & Dhara,2026-07-22,2026-07-22,"Mackerel:200, Brinjal:80, Lady's finger:50, Amaranth leaves:60, Carrot:40, Tomato:60, Potato, Onion:40, Garlic:10, Mustard seeds:3, Mustard oil:10, Panch phoron/turmeric"
Gujarati dal (monk fruit not jaggery); Matta rice; Cabbage & beans sabzi; Low-fat paneer,1,Pratik & Sakshi,2026-07-17,2026-07-17,
Herb & lemon fish fillet + garlic sesame broccoli + cucumber-carrot salad + brown rice(less),1,Rahul & Radhika,2026-07-25,2026-07-25,"Salmon:350, Parsley:30, Lemon:30, Broccoli:300, Garlic:20, Cucumber:150, Carrot:60, Brown rice:100"
High-protein pongal + carrot-peas poriyal,1,Kartik & Dhara,2026-07-14,2026-07-14,"Ginger:5, Carrot:50, Frozen peas:0, Dry coconut:15"
Honey garlic grilled chicken + sautéed zucchini & broccoli + curry leaves rice,1,Shunyam & Ishan — latest,2026-07-16,2026-07-16,"Chicken:300, Garlic:20, Curry leaves:5, Ginger:15"
Idli + peanut chutney + boiled eggs (pre-count),1,Soozy & Munz,2026-07-25,2026-07-25,reflected in count
Idli + sambar + coconut chutney (soak kala chana),1,"Ishita, Harsh & Ekansha",2026-07-17,2026-07-17,"Toor dal:100, Drumstick (pods):100, Onion:40, Tomato:50, Carrot:50, Coconut (fresh):0, Green chilli:10"
Kadhai paneer + jeera rice + kachumber salad,1,Shunyam & Ishan — latest,2026-07-21,2026-07-21,"Paneer:200, Onion:60, Tomato:80, Green capsicum:60, Ginger garlic paste:15, Basmati rice:150, Jeera:5, Cucumber:100, Lemon:10"
"Kala chana salad, cucumber, skyr dressing",1,"Ishita, Harsh & Ekansha",2026-07-18,2026-07-18,"Kala chana:80, Cucumber:100, Skyr:60"
Khichdi kadhi; Sana: grilled masala tofu,1,Paxal & Sana,2026-07-17,2026-07-17,Tofu:150
KILRR prawn tacos + baby corn fry,1,Kartik & Dhara,2026-07-14,2026-07-14,"Prawns (large):150, Onion:30, Tomato:30, Lemon:10, Coriander hybrid:5, Baby corn:100, Garlic:5"
L (1) — Ahalya: rice & stuffed bhindi [rice pantry; besan-spice stuffing],1,Kartik & Dhara,2026-06-25,2026-06-25,"Lady's finger:50, Onion:50, Tomato:50, Ginger:10, Garlic:0, Coriander (dhania):10"
L (2) — Ahalya: rajma-paneer tikki + coriander chutney + pan-fried baby corn chilli + ginger-pudina pani (ferment ragi flour),1,Kartik & Dhara,2026-06-24,2026-06-24,"Onion:40, Coriander (dhania):20, Baby corn:100, Ginger:15, Mint:15, Green chilli:5"
L (2) — Aunty’s special salad,1,"Ishita, Harsh & Ekansha",2026-06-23,2026-06-23,"Cucumber:100, Iceberg lettuce:80, Tomato:60, Carrot:60"
"L (2) — Aunty’s special salad (lettuce/cucumber/tomato/bell pepper/onion + boiled corn + boiled dal; protein: Harsh paneer, Ishita boiled eggs; hung-curd+honey+chilli-oil+garlic+lemon dressing; air-fried croutons + a dip)",1,"Ishita, Harsh & Ekansha",2026-06-25,2026-06-25,"Iceberg lettuce:50, Cucumber:100, Tomato:0, Green capsicum:50, Onion:40, Garlic:5"
L (2) — carrot-beans thoran (Uncle & Aunty),1,Soozy & Munz,2026-06-23,2026-06-23,"Carrot:495, Green beans:125"
L (2) — chicken curry (Uncle & Aunty),1,Soozy & Munz,2026-06-23,2026-06-23,"Onion:55, Tomato:210, Ginger:10, Garlic:20, Green chilli:10"
L (2) — chicken keema & eggs quesadilla + cabbage-carrot slaw + guacamole + peeled pomegranate,1,Disha & Anirudh,2026-06-25,2026-06-25,"Cabbage:80, Carrot:60, Onion:40"
L (2) — Mediterranean shrimp salad (Munz/Soozy),1,Soozy & Munz,2026-06-23,2026-06-23,"Cucumber:115, Lettuce:40, Tomato:190, Onion:50"
L (2) — Paneer fried rice & veg manchurian [30-Jun plan],1,Shunyam & Ishan — latest,2026-06-30,2026-06-30,"Paneer:200, Carrot:150, Spring onion:80, Onion:60, Garlic:15, Ginger:15, Cabbage:150, Green beans:80, Red capsicum:60, Green chilli:5"
"L (2) — peri-peri paneer wraps, less spicy (Ishita 2 + Harsh 4 = 6 wraps)",1,"Ishita, Harsh & Ekansha",2026-06-24,2026-06-24,"Onion:60, Iceberg lettuce:60"
L (2) — za’atar chicken + fattoush salad + hung-yoghurt dip; cherry,1,Disha & Anirudh,2026-06-24,2026-06-24,"Cucumber:100, Tomato:80, Lettuce:80, Onion:40, Mint:15"
L (3) — Soozy: Thai basil chicken + salad + hung-curd dip + 100g quinoa; Uncle & Aunty: rice sambar + chicken roast + brinjal tawa fry,1,Soozy & Munz,2026-06-25,2026-06-25,"Onion:80, Garlic:10, Green chilli:5, Lettuce:30, Cucumber:40, Tomato:80, Carrot:50, Brinjal:150, Drumstick (cut):125, Coriander (dhania):10"
L (4) — lemon-cilantro chicken + salad + tzatziki; rice + moru + cabbage thoran (Uncle & Aunty),1,Soozy & Munz,2026-06-24,2026-06-24,"Lemon:2, Coriander (dhania):30, Cucumber:120, Lettuce:60, Tomato:80, Onion:80, Garlic:12, Ginger:10, Green chilli:5, Cabbage:200"
L — NOT MADE (7-Jul lunch not cooked),1,Rahul & Radhika,2026-07-07,2026-07-07,
L(1) Parsuram — Lauki parathas (3) + lauki kabab + curd [atta=pantry],1,Kartik & Dhara,2026-07-09,2026-07-09,"Bottle gourd:250, Set curd:50, Onion:30, Ginger:10, Garlic:10, Green chilli:5"
"L(1) — Beetroot tofu tikkis, masala baked broccoli, oven-roasted potatoes (very less) w/ greek yoghurt chutney; snack: berries + sunflower seeds + ½ scoop protein",1,Pratik & Sakshi,2026-07-08,2026-07-08,
L(1) — Carrot-beetroot paratha + horsegram curry + curd [30-Jun plan],1,Kartik & Dhara,2026-06-30,2026-06-30,"Carrot:100, Beetroot:80, Curd/yogurt:100"
L(1) — Chicken broth vegetable soup with rice & grilled fish [rice=pantry; FISH not in stock-flag],1,Kartik & Dhara,2026-07-08,2026-07-08,"Chicken mince:150, Carrot:40, Onion:30, Bottle gourd:80, Tomato:30"
"L(1) — Pakhala, tomato poda, boiled potato & badi fry + watermelon juice [rice/badi=pantry]",1,Kartik & Dhara,2026-07-07,2026-07-07,"Tomato:60, Potato:120, Watermelon (cut):250, Onion:30, Green chilli:3"
L(1) — Parsuram: Kokkum drink & rice (soak rice for Tue) [kokum=pantry],1,Kartik & Dhara,2026-07-06,2026-07-06,Rice (Bhoomi Farms):60
L(1) — Radhika: dudhi chana dal + low-fat paneer stir fry(50) + cauliflower sabzi + matta rice; snack fruit+brazil,1,Rahul & Radhika,2026-07-09,2026-07-09,"Bottle gourd:150, Paneer:50, Cauliflower:150, Banana:1"
"L(1) — Sprouted horsegram cutlets, jeera rice & cucumber raita",1,Kartik & Dhara,2026-07-12,2026-07-12,"Potato:50, Onion:20, Cucumber:50, Curd/yogurt:50"
L(2) Anirudh 2 chicken sandwiches; Disha hariyali chicken + baby corn & broccoli chaat + mint hung curd dip,1,Disha & Anirudh,2026-06-30,2026-06-30,"Chicken:300, Bread:4, Cheese slices:30, Baby corn:20, Broccoli:70, Yogurt:80, Mint:10"
L(2) — Ajwain parathas + jain paneer butter + green moong sprouts; Paxal snack: kala chana & veggie salad,1,Paxal & Sana,2026-06-30,2026-06-30,"Paneer:100, Sprouts (box):1, Cucumber:50, Tomato:50, Onion:20"
L(2) — Anirudh: 2 chicken sandwiches; Disha: chicken broccoli stir fry + hung yoghurt dip [bread~est],1,Disha & Anirudh,2026-07-08,2026-07-08,"Chicken:250, Bread:200, Eggs:1, Lettuce:20, Broccoli:120, Yogurt:100"
L(2) — Anirudh: 2 chicken sandwiches; Disha: chicken carrot soup + bell pepper salad + hung curd dip,1,Disha & Anirudh,2026-07-09,2026-07-09,"Chicken:220, Bread:200, Eggs:1, Lettuce:20, Carrot:80, Green capsicum:40, Cucumber:30, Yogurt:100"
L(2) — Anirudh: 2 chicken sandwiches; Disha: honey lemon pepper chicken + sautéed veg + hung curd dip,1,Disha & Anirudh,2026-07-10,2026-07-10,"Bread:120, Chicken:250, Lettuce:40, Jalapeno chilli:10, Lemon:10, Green capsicum:40, Carrot:50, Green beans:40, Yogurt:100"
L(2) — Anirudh: 2 chicken sandwiches; Disha: lemongrass chicken & radish Thai salad [bread~est; lemongrass=pantry],1,Disha & Anirudh,2026-07-07,2026-07-07,"Chicken:250, Bread:200, Eggs:1, Radish:60, Cucumber:40"
L(2) — Anirudh: 2 chicken sandwiches; Disha: Mediterranean chicken + green beans + bell pepper-cucumber salad [bread~est],1,Disha & Anirudh,2026-07-06,2026-07-06,"Chicken:250, Bread:200, Eggs:1, Green beans:80, Green capsicum:40, Red capsicum:20, Yellow capsicum:20, Cucumber:80, Lettuce:20"
L(2) — Aunty's special Manchurian fried rice,1,"Ishita, Harsh & Ekansha",2026-07-08,2026-07-08,"Cabbage:100, Carrot:60, Green capsicum:60, Spring onion:40, Green beans:50, Garlic:15, Ginger:10, Green chilli:5"
L(2) — Aunty's special salad (paneer+chana+cucumber+carrot),1,"Ishita, Harsh & Ekansha",2026-07-02,2026-07-02,"Paneer (Milky Mist):150, Cucumber:100, Carrot:60"
"L(2) — Baked kofta paneer in masala tomato gravy, matta rice, chaat masala veggies + snack edamame & kiwi [rice=pantry]",1,Pratik & Sakshi,2026-07-07,2026-07-07,"Paneer:200, Tomato:240, Onion:130, Ginger:10, Garlic:10, Green chilli:5, Carrot:80, Edamame (frozen):40, Kiwi:1"
"L(2) — Black chana/sweet potato/beetroot salad w/ greek yoghurt dressing, spinach soup, Sakshi: sourdough toast; snack: makhana + pumpkin seeds",1,Pratik & Sakshi,2026-07-02,2026-07-02,
L(2) — Broccoli chicken salad (Munz 200/Soozy 150) + rice,1,Soozy & Munz,2026-07-10,2026-07-10,"Chicken breast (boneless):350, Broccoli:150, Iceberg lettuce:40, Cucumber:40"
"L(2) — Carrot & paneer shake-shake salad, crunchy roasted quinoa, roasted broccoli",1,Pratik & Sakshi,2026-06-29,2026-06-29,
"L(2) — Chaat masala salad, mixed veg pulao, tofu curry",1,Pratik & Sakshi,2026-06-30,2026-06-30,
L(2) — Chicken biryani + mix-veg raita,1,Shunyam & Ishan — latest,2026-07-11,2026-07-11,"Chicken:300, Onion:100, Tomato:80, Mint:10, Curd (Akshayakalpa):150, Cucumber:40, Carrot:30, Ginger:10, Garlic:10, Green chilli:5, Coriander (dhania):10"
"L(2) — Coconut aminos tofu & broccoli, quinoa gobblelight wrap, mushroom clear soup; snack: apple + 5 almonds + flax",1,Pratik & Sakshi,2026-07-04,2026-07-04,
L(2) — Gatte ki sabzi + bajra roti + kachumber; Paxal: peanut chaat [besan/bajra/peanut=pantry],1,Paxal & Sana,2026-07-02,2026-07-02,"Onion:60, Tomato:70, Ginger:5, Garlic:5, Cucumber:50, Green chilli:5"
L(2) — Guests: dal batti + side salad,1,Pratik & Sakshi,2026-06-27,2026-06-27,
"L(2) — High-protein little millet pulao (tofu, more veg less millet), loaded cucumber & carrot greek yoghurt raita; snack: nut-seed ladoo + mandarin",1,Pratik & Sakshi,2026-07-06,2026-07-06,
"L(2) — Honey garlic grilled chicken breast, sauteed veg & rice [rice/honey=pantry]",1,Shunyam & Ishan — latest,2026-07-06,2026-07-06,"Chicken:300, Garlic:15, Green capsicum:50, Carrot:50, Green beans:50, Onion:40"
"L(2) — Jowar roti wrap + black chana hummus spread, air-fry tandoori veggies + edamame, dahi chutney (greek yoghurt)",1,Pratik & Sakshi,2026-06-22,2026-06-22,
"L(2) — Kadai paneer, rotis, cucumber-carrot, moong sprouts + Paxal: kala channa chaat [atta/channa=pantry]",1,Paxal & Sana,2026-07-07,2026-07-07,"Paneer:200, Onion:120, Tomato:130, Green capsicum:60, Ginger:10, Garlic:10, Cucumber:80, Carrot:60, Sprouts (green moong):70"
L(2) — Khichdi with cut cucumber [rice/dal=pantry],1,Shunyam & Ishan — latest,2026-07-09,2026-07-09,"Cucumber:100, Onion:20, Ghee (Akshayakalpa):15"
"L(2) — Lebanese crispy tofu, brown rice tabbouleh, parsley mint sauce",1,Pratik & Sakshi,2026-06-23,2026-06-23,
"L(2) — Mango chickpea kachumbar salad, tawa tofu, green chutney, little quinoa; snack: ½ scoop protein + almond milk + nut-seed ladoo",1,Pratik & Sakshi,2026-07-03,2026-07-03,
L(2) — Mediterranean shrimp salad (Munz 200g/Soozy 150g) + hummus + rice [hummus/rice=pantry; NO shrimp in stock],1,Soozy & Munz,2026-07-09,2026-07-09,"Shrimp:350, Cucumber:60, Tomato:60, Iceberg lettuce:40, Onion:30, Lemon:20"
L(2) — Mediterranean tofu & chickpea bowl + 5 cups rice,1,"Ishita, Harsh & Ekansha",2026-07-10,2026-07-10,"Tofu / soya paneer (Briyas):200, Cucumber:60, Tomato:60, Onion:30, Lemon:20, Green capsicum:40, Coriander (dhania):10"
L(2) — Mexican Rajma Bowl (rajma/rice/corn/cucumber/tomato/paneer),1,"Ishita, Harsh & Ekansha",2026-07-05,2026-07-05,"Sweet corn:60, Cucumber:80, Tomato:80, Paneer (Milky Mist):120, Onion:30, Coriander (dhania):10"
L(2) — Mexican rajma protein bowl + 5 cups rice,1,"Ishita, Harsh & Ekansha",2026-07-09,2026-07-09,"Sweet corn:50, Cucumber:60, Tomato:60, Onion:30, Green capsicum:40, Paneer (Milky Mist):100, Coriander (dhania):10"
L(2) — Mexican rice bowl with paneer,1,"Ishita, Harsh & Ekansha",2026-07-03,2026-07-03,"Paneer (Milky Mist):150, Onion:40, Tomato:60, Green capsicum:60, Sweet corn:50, Coriander (dhania):10"
L(2) — Mixed veg with 4 rotis [atta=pantry],1,Shunyam & Ishan — latest,2026-07-03,2026-07-03,"Onion:40, Tomato:40, Carrot:50, Cauliflower:80, Green beans:50, Green capsicum:40, Potato:60"
"L(2) — Moong dal spinach idlis, veggie-loaded sambar, low-fat paneer pan-fried w/ sambar masala, green chutney",1,Pratik & Sakshi,2026-07-01,2026-07-01,
"L(2) — Mung sprout fritter falafels w/ tahini-lime, gobbleright beet quinoa wrap, moroccan eggplant, moroccan carrot",1,Pratik & Sakshi,2026-07-09,2026-07-09,
L(2) — Panchmel dal + besan capsicum + roti + carrot/cucumber; Paxal: sprouted moong chaat [dal/besan=pantry],1,Paxal & Sana,2026-07-04,2026-07-04,"Onion:40, Tomato:40, Ginger:10, Garlic:10, Green capsicum:100, Carrot:50, Cucumber:50"
L(2) — Paneer bhurji wrap,1,"Ishita, Harsh & Ekansha",2026-07-06,2026-07-06,"Paneer (Milky Mist):150, Onion:60, Tomato:60, Green capsicum:40, Coriander (dhania):10, Green chilli:5"
"L(2) — Paneer chana chaat (low-fat), mixed veg soup, roasted shakarkandi w/ green chutney",1,Pratik & Sakshi,2026-06-26,2026-06-26,
L(2) — Paneer dish (cook omitted palak; served as plain paneer) + rotis + cucumber & carrot + green moong sprouts; Snack(Paxal): roasted chickpeas,1,Paxal & Sana,2026-07-10,2026-07-10,"Paneer:200, Onion:40, Tomato:40, Ginger:10, Garlic:10, Green chilli:5, Cucumber:60, Carrot:50, Sprouts (green moong):80, Coriander (dhania):10"
L(2) — Paneer herbed rice bowl,1,Paxal & Sana,2026-07-11,2026-07-11,"Paneer:200, Onion:30, Tomato:40, Red capsicum:10, Yellow capsicum:25, Lemon:10, Coriander (dhania):10"
L(2) — Paneer makhani + roti + chopped cucumber; Paxal: roasted chana [roti/chana=pantry],1,Paxal & Sana,2026-07-03,2026-07-03,"Paneer:120, Tomato:150, Onion:40, Ginger:10, Garlic:10, Fresh cream:50, Cucumber:80"
L(2) — Paneer tava masala + rotis + chopped carrot/tomato + green moong sprouts; Paxal: roasted makhana [makhana/sprouts untracked],1,Paxal & Sana,2026-07-06,2026-07-06,"Paneer:120, Tomato:160, Onion:60, Green capsicum:50, Ginger:10, Garlic:10, Carrot:50"
"L(2) — Paneer tikkis (low-fat), sweet potato palak, grilled tandoori veg (babycorn/cauliflower/red onion), quinoa beet roti (S)",1,Pratik & Sakshi,2026-06-24,2026-06-24,
"L(2) — Paprika peri-peri chicken, rice & cucumber-carrot slaw [rice=pantry]",1,Shunyam & Ishan — latest,2026-07-04,2026-07-04,"Chicken:300, Cucumber:80, Carrot:60"
L(2) — Radhika almond wrap + egg bhurji(4) + dahi chutney; mushroom/cabbage/onion stir fry; snack fruit+brazil,1,Rahul & Radhika,2026-07-10,2026-07-10,"GobbleRight almond wrap:1, Eggs (free-range brown):4, Curd (Sid's Farm):50, Button mushroom:80, Cabbage:60, Onion:40, Coriander (dhania):5, Banana:1"
L(2) — Rajma masala + 5 cups rice,1,"Ishita, Harsh & Ekansha",2026-07-07,2026-07-07,"Onion:80, Tomato:100, Ginger:10, Garlic:10, Green chilli:5, Coriander (dhania):10"
L(2) — Rajma masala + rice + curd,1,"Ishita, Harsh & Ekansha",2026-07-04,2026-07-04,"Onion:80, Tomato:100, Ginger:10, Garlic:10, Green chilli:5, Dahi (Amul Masti):150, Coriander (dhania):10"
"L(2) — Rajma masala, rotis & kachumbar [rajma/atta=pantry]",1,Shunyam & Ishan — latest,2026-07-07,2026-07-07,"Onion:50, Tomato:60, Ginger:10, Garlic:10, Cucumber:50, Lemon:5"
L(2) — Rice & chicken Asian gravy [rice/sauce=pantry],1,Shunyam & Ishan — latest,2026-07-08,2026-07-08,"Chicken:250, Onion:50, Tomato:40, Ginger:10, Garlic:10, Green chilli:5"
L(2) — Schezwan paneer + hakka noodles (low spice) + green moong sprouts; Snack(Paxal): masala corn [noodles/sauce=pantry],1,Paxal & Sana,2026-07-09,2026-07-09,"Paneer:200, Green capsicum:60, Cabbage:60, Spring onion:20, Carrot:40, Garlic:10, Onion:40, Sprouts (green moong):100, Sweet corn:100"
L(2) — Sprouted whole moong & quinoa bowl,1,"Ishita, Harsh & Ekansha",2026-07-11,2026-07-11,"Tomato:60, Onion:30, Carrot:40, Lemon:15, Cucumber:60, Coriander (dhania):10"
L(2) — Street-style chicken hakka noodles,1,Shunyam & Ishan — latest,2026-07-10,2026-07-10,"Multi millet noodles:150, Chicken:200, Cabbage:100, Carrot:60, Red capsicum:40, Spring onion:40, Onion:40, Garlic:10, Ginger:10"
L(2) — Thai basil chicken (Munz 200g/Soozy 150g) + asian cucumber-lettuce salad + rice [rice=pantry],1,Soozy & Munz,2026-07-07,2026-07-07,"Chicken breast (boneless):350, Cucumber:100, Lettuce:40, Basil:10"
"L(2) — Tofu quinoa patties, red capsicum sauce (less cashew), stir-fry veg, quinoa beet roti (S)",1,Pratik & Sakshi,2026-06-25,2026-06-25,
"L(3) — Edamame & coriander kebabs, mint chutney, grilled pan mixed veg, gobbleright beetroot roti",1,Pratik & Sakshi,2026-07-10,2026-07-10,
L(3) — Parsuram: Veg hakka noodles + gobi manchurian + nannari sharbat,1,Kartik & Dhara,2026-07-10,2026-07-10,"Whole wheat atta noodles (yu):200, Cauliflower:250, Cabbage:80, Carrot:80, Green capsicum:60, Spring onion:40, Onion:60, Garlic:15, Ginger:15"
"L(3) — S.Indian veg & chicken stew (omit potato, add zucchini); Radhika rice-flour roti+carrot/cucumber; Skye beetroot stir fry",1,Rahul & Radhika,2026-07-11,2026-07-11,"Chicken thigh (boneless):300, Zucchini:100, Carrot:110, Onion:60, Coconut milk (unsweetened):100, Curry leaves:5, Ginger:10, Garlic:15, Green beans:40, Cucumber:40, Beetroot:80, Banana:1"
"L(3) — Spicy Turkish chickpea salad, greek yoghurt + za'atar roasted mediterranean veggies",1,Pratik & Sakshi,2026-07-11,2026-07-11,
L(4) — Munz & Soozy: tandoori chicken salad (+Munz cabbage-yogurt coleslaw) + rice; Uncle & Aunty: Nadan Meen Mulakittathu + rice [rice=pantry; NO onion in count],1,Soozy & Munz,2026-07-08,2026-07-08,"Chicken breast (boneless):230, Cabbage:100, Cucumber:60, Iceberg lettuce:30, Carrot:40, Sardine:100, Tomato:60, Ginger:10, Garlic:10, Green chilli:10, Coconut milk:1"
L(4) — Thai basil chicken x2 (Munz+Soozy)+rice; U&A rice+malabar prawn roast+carrot-beans thoran [30-Jun plan],1,Soozy & Munz,2026-06-30,2026-06-30,"Prawns:200, Carrot:100, Green beans:80, Chicken breast (Licious):2"
L(6) — Munz/Soozy: lemon pepper chicken + lettuce-cucumber-capsicum salad + (Munz yogurt dill dip) + 200g rice; U&A&G: chicken curry + beans thoran + rice [rice=pantry],1,Soozy & Munz,2026-07-06,2026-07-06,"Chicken breast (boneless):300, Chicken curry cut:600, Lettuce:100, Cucumber:80, Green capsicum:50, Green beans:90, Greek yogurt / curd:50, Dill:10, Grated coconut:40, Lemon:1"
Lauki dalma [L],1,Kartik & Dhara,2026-07-13,2026-07-13,Bottle gourd:120
Lauki kofta,1,Shunyam & Ishan — latest,2026-06-09,2026-06-09,"Bottle gourd:400, Onion:100, Tomato:110, Ginger:15, Garlic:10"
Lauki methi paratha,1,Shunyam & Ishan — latest,2026-06-03,2026-06-03,"Bottle gourd:170, Methi (fenugreek):110, Green chilli:10"
"Loaded veg sambhar + mixed dal idli + skyr-greek(paprika,salt) + beetroot kachumbar; snack fruit+brazil nut",1,Rahul & Radhika,2026-07-25,2026-07-25,"Carrot:60, Pumpkin:100, Beans:60, Drumstick:2, Coccinia:100, Onion:90, Skyr:1, Greek yogurt:1, Beetroot:150, Cucumber:100, Toor dal"
"Lobia, rice & tofu broccoli subzi (soak chickpeas)",1,Pratik & Sakshi,2026-07-23,2026-07-23,"Organic Cowpea (lobia):160, Basmati rice:80, Hard tofu:200, Broccoli:250, Onion:100, Tomato:100, Ginger:15, Garam masala:5, Coriander pwd:8, Sesame oil:20, Curry leaves:3"
Lunch (1) — Radhika almond wrap+80g minced-chicken sukha+lettuce+shredded carrots+peppers+onions+mint chutney. RAHUL LUNCH=OFFICE,1,Rahul & Radhika,2026-06-01,2026-06-01,"Lettuce:40, Carrot:30, Green capsicum:20, Onion:20, Mint:10"
Lunch (1) — Radhika almond wrap+egg bhurji+mushroom+capsicum+onion+arugula; snack fruit+brazil nut. RAHUL LUNCH=OFFICE (salad bowl listed but office-provided),1,Rahul & Radhika,2026-06-11,2026-06-11,Green capsicum:30
Lunch (1) — Radhika almond wrap+egg-white bhurji+mushroom+capsicum+onion+arugula. RAHUL LUNCH=OFFICE,1,Rahul & Radhika,2026-06-09,2026-06-09,Green capsicum:20
Lunch (1) — Radhika almond wrap+egg-white bhurji+mushrooms+capsicum+onion stir fry+arugula. RAHUL LUNCH=OFFICE,1,Rahul & Radhika,2026-06-02,2026-06-02,"Green capsicum:30, Onion:20"
Lunch (1) — Radhika almond wrap+egg-white bhurji/mushroom+capsicum+onion+arugula. RAHUL LUNCH=OFFICE,1,Rahul & Radhika,2026-06-04,2026-06-04,Green capsicum:30
Lunch (1) — Radhika almond wrap+minced-chicken sukha+lettuce+carrots+peppers+onions+mint chutney. RAHUL LUNCH=OFFICE,1,Rahul & Radhika,2026-06-08,2026-06-08,"Lettuce:40, Carrot:30, Green capsicum:20, Onion:20, Mint:10"
Lunch (1) — Radhika palak chicken (1.5 cups)+zucchini sabzi+quinoa; snack fruit+brazil nut. RAHUL LUNCH=OFFICE (green salad+paneer/moong+grilled chicken listed but office-provided),1,Rahul & Radhika,2026-06-15,2026-06-15,"Spinach/Palak:60, Zucchini:100"
Lunch (1) — Radhika: Gobbleright quinoa-beet wrap + egg-white bhurji + dahi chutney + mushrooms + cabbage-onion stir fry,1,Rahul & Radhika,2026-06-24,2026-06-24,"Cabbage:150, Onion:60"
Lunch (1) — Radhika: tomato edamame curry + cabbage & carrot sabzi + cooked quinoa; snack: fruit + 1 brazil nut,1,Rahul & Radhika,2026-06-23,2026-06-23,"Tomato:120, Cabbage:120, Carrot:80"
"Lunch (2) — All: loaded veg sambhar (carrot, pumpkin, beans, drumstick, tindli, onion), mixed-dal idli, skyr, radish+carrot slices, lots of lemon",1,Rahul & Radhika,2026-06-06,2026-06-06,"Pumpkin:150, Carrot:50, Onion:30, Lemon:1"
Lunch (2) — Rahul green salad + paneer/moong + grilled chicken; Radhika egg bhurji + coriander-mint chutney + capsicum/onion stir-fry,1,Rahul & Radhika,2026-06-17,2026-06-17,"Lettuce:30, Cucumber:40, Tomato:40, Green capsicum:40, Onion:40, Coriander (dhania):10, Mint:5"
Lunch (2) — Rahul green salad + paneer/moong/legumes + grilled chicken,1,Rahul & Radhika,2026-06-18,2026-06-18,"Lettuce:15, Tomato:40, Cucumber:30"
Lunch (2) — Rahul+Radhika almond wrap+100g tofu bhurji+sauteed peppers & cabbage+coriander-mint chutney+greek-yoghurt chaas,1,Rahul & Radhika,2026-06-05,2026-06-05,"Green capsicum:40, Cabbage:100, Coriander (dhania):20"
Lunch (2) — Rahul+Radhika quinoa-beet wrap+100gx2 tofu bhurji+sauteed peppers & cabbage+coriander-mint chutney+greek-yoghurt buttermilk. Guests: Kadai paneer+5 rotis,1,Rahul & Radhika,2026-06-12,2026-06-12,"Green capsicum:40, Cabbage:100, Coriander (dhania):20"
"Lunch (2) — South Indian veg & chicken stew (chicken, no potato, added zucchini)+appam/rice-flour roti+radish & cucumber slices. Guests: Rajma chawal with raita",1,Rahul & Radhika,2026-06-13,2026-06-13,Cucumber:60
Lunch (2) — Vietnamese summer rolls with chicken + peanut sauce + steamed edamame (edamame & rice-paper pantry),1,Rahul & Radhika,2026-06-19,2026-06-19,"Carrot:60, Cucumber:60, Lettuce:15, Mint:5, Coriander (dhania):10"
Lunch (3) — Beetroot-tofu kebabs (oat-coated) + shirazi salad + greek-yogurt garlic dip + hummus + Gobbleright beet-quinoa wrap; snack fruit + 1 brazil nut (3),1,Rahul & Radhika,2026-06-25,2026-06-25,"Beetroot:300, Cucumber:150, Tomato:100, Onion:60, Garlic:10"
Lunch (4) — Cilantro-lime chicken breast + roasted veggies + pumpkin mash + garlic brown rice,1,Rahul & Radhika,2026-06-21,2026-06-21,"Carrot:150, Green capsicum:100, Zucchini:100, Pumpkin:500, Garlic:20, Coriander (dhania):15"
Lunch (4) — Mustard-honey glazed salmon + green beans stir fry + herbed brown rice + watermelon-feta salad,1,Rahul & Radhika,2026-06-20,2026-06-20,Green beans:300
Lunch salad,1,Soozy & Munz,2026-06-03,2026-06-03,"Cucumber:60, Tomato:0, Onion:200"
Lunch — chicken curry & rice (2),1,Shunyam & Ishan — latest,2026-06-19,2026-06-19,"Onion:80, Tomato:80, Ginger:6, Garlic:10, Green chilli:5, Coriander (dhania):10"
"Lunch — honey-garlic grilled chicken, sauteed vegetables & boiled potato (2)",1,Shunyam & Ishan — latest,2026-06-17,2026-06-17,"Potato:300, Garlic:15, Onion:30, Green capsicum:60, Carrot:80, Baby corn:60"
Lunch — Indo-Chinese paneer fried rice + babycorn & peppers stir fry (2),1,Shunyam & Ishan — latest,2026-06-18,2026-06-18,"Baby corn:120, Green capsicum:60, Red capsicum:60, Yellow capsicum:50, Onion:60, Carrot:60, Garlic:10, Ginger:10"
"Lunch — rice, rajma masala & grilled cauliflower (no dill roti — rice made instead) (2)",1,Kartik & Dhara,2026-06-17,2026-06-17,"Cauliflower:250, Onion:110, Tomato:80, Ginger:10, Garlic:10, Green chilli:10, Coriander (dhania):15"
Lunch — ruhi fish besara & beetroot pachadi; panoli with dill leaves (2),1,Kartik & Dhara,2026-06-18,2026-06-18,"Beetroot:150, Dill:30, Onion:40, Tomato:40"
Mangalorean prawns gassi + rice + bhindi upkari + cucumber lemonade,1,Kartik & Dhara,2026-07-25,2026-07-25,"Prawns, Coconut:0, Rice:80, Lady finger:75, Cucumber:100, Lemon:20"
Marinated chicken (Munz 200g + Soozy 150g),1,Soozy & Munz,2026-07-14,2026-07-14,"Chicken breast (boneless):350, Greek yogurt (Akshayakalpa plain):50, Garlic paste (Mothers Recipe):10"
Marinated chicken (Soozy),1,Soozy & Munz,2026-06-13,2026-06-13,Garlic:10
Marinated grilled chicken (Munz 200/Soozy 150) + steamed veg salad + mustard vinaigrette,1,Soozy & Munz,2026-07-22,2026-07-22,"Chicken breast (Licious):350, Broccoli:50, Cabbage:100, Green capsicum:30, Cherry tomato:60, Onion:50, Mustard sauce:20, Apple cider vinegar:10, Carrot, Cauliflower, Green beans"
Masala omelette with vegetables,1,Shunyam & Ishan — latest,2026-07-25,2026-07-25,"Eggs:4, Onion:40, Tomato:60, Green capsicum:40, Spring onion:20"
Masala paneer bowl [D],1,Kartik & Dhara,2026-07-13,2026-07-13,"Paneer:120, Onion:20, Tomato:40, Ginger:5, Garlic:5"
Mashed potato,1,Shunyam & Ishan — latest,2026-06-12,2026-06-12,Potato:215
Masoor dal + jeera aloo + 15 rotis (soak rajma for tomorrow),1,"Ishita, Harsh & Ekansha",2026-07-20,2026-07-20,"Masoor dal (Tata Sampann):150, Potato:200, Onion:40, Tomato:40, Garlic:10, Aashirvaad atta with millets:300"
Masoor dal tadka + jeera aloo + 15 rotis,1,"Ishita, Harsh & Ekansha",2026-07-16,2026-07-16,"Masoor dal (Tata Sampann):150, Potato:200, Onion:40, Tomato:40, Garlic:10, Aashirvaad atta with millets:300"
Mediterranean Lobia Salad,1,"Ishita, Harsh & Ekansha",2026-07-13,2026-07-13,"Lobia:100, Cucumber:100, Tomato:80, Onion:40, Green capsicum:50, Lemon:15, Lettuce:40"
Mediterranean shrimp salad + rice(100g) + hummus / quinoa(200g),1,Soozy & Munz,2026-07-20,2026-07-20,"Prawns (FreshToHome):250, Sona masoori rice:100, Quinoa:200, Hummus (NOICE Lebanese):60, Cherry tomato:100, Green capsicum:150, Onion:150, Mint:20, Lemon:30, Garlic:20, Cucumber, Feta"
Methi missi parantha + curd + green chutney,1,Shunyam & Ishan — latest,2026-07-17,2026-07-17,"Curd:100, Coriander:20, Mint:10, Green chilli:5"
Methi paratha,1,Shunyam & Ishan — latest,2026-06-11,2026-06-11,Methi (fenugreek):170
Methi thepla,1,Shunyam & Ishan — latest,2026-06-13,2026-06-13,Methi (fenugreek):80
"Mexican chicken burrito bowl (chicken,lettuce,salad,coriander rice,greek yoghurt sauce,rajma) + salsa; Skye: cucumber+cherry tomato",1,Rahul & Radhika,2026-07-23,2026-07-23,"Chicken thighs:350, Iceberg lettuce:150, Cucumber:200, Tomato:200, Onion:100, Green capsicum:50, Sona masoori (brown-rice sub):150, Coriander:45, Greek yogurt:1, Lemon:30, Cherry tomato:100, Rajma beans"
mexican chicken burrito bowl + salsa; snack fruit+brazil nut,1,Rahul & Radhika,2026-07-24,2026-07-24,"Brown rice:150, Cucumber:80, Tomato:140, Onion:60, Greek yogurt:1, Lemon:25, Chicken, Lettuce, Rajma"
Mexican rajma bowl with rice (rajma soaked Mon),1,"Ishita, Harsh & Ekansha",2026-07-21,2026-07-21,"Rajma:180, Sona Masuri raw rice:150, Onion:50, Tomato:50, Green capsicum:60, Sweet corn:80, Garlic:10"
Mixed dal dosa & mint chutney,1,Paxal & Sana,2026-07-25,2026-07-25,"Onion:40, Green chilli:5, Mint:20, Coconut:0, Ginger:10, Mixed dal"
"Mixed veg (carrot,peas,potato) + 4 rotis + cucumber-tomato raita (soak moong dal)",1,Shunyam & Ishan — latest,2026-07-24,2026-07-24,"Carrot:150, Green peas:60, Potato:150, Atta:120, Cucumber:100, Curd:100, Onion:50, Tomato"
"Mixed veg kurma (beans/broccoli/carrot/peas) + 4 methi-rotis + cucumber raita (soak rajma, overnight oats)",1,Shunyam & Ishan — latest,2026-07-20,2026-07-20,"Beans (French):90, Broccoli:120, Carrot:70, Frozen green peas (Safal):60, Onion:50, Tomato:60, Cashews:30, Ginger garlic paste:10, Multigrain atta:120, Kasuri methi:5, Cucumber:100, Set curd (Akshayakalpa):100"
Mixed veg salad,1,Soozy & Munz,2026-06-09,2026-06-09,"Cucumber:60, Carrot:200, Tomato:140"
Mixed veggie salad (Munz),1,Soozy & Munz,2026-06-13,2026-06-13,"Lettuce:50, Tomato:0, Carrot:35"
Mon 22 breakfast — egg toasties + pan-fried bellpeppers (2),1,Kartik & Dhara,2026-06-22,2026-06-22,"Red capsicum:50, Yellow capsicum:50"
Mon 22 dinner — chicken congee (curry-cut broth + sona masoori rice) + lettuce-garlic stir fry (2). Soak rajma; marinate chicken.,1,Kartik & Dhara,2026-06-22,2026-06-22,"Lettuce:50, Garlic:15"
Mon 22 lunch — dhingri dolma (button-mushroom box) + rotis + FISH FRY [fish OUT — needs a fish order],1,Kartik & Dhara,2026-06-22,2026-06-22,"Button mushroom:100, Paneer:150, Onion:80, Tomato:80, Ginger:15, Garlic:10, Green chilli:5"
"Mon B — broccoli feta frittata + 2 toast for Anirudh (eggs ~4, feta ~50g)",1,Disha & Anirudh,2026-06-22,2026-06-22,Broccoli:80
"Mon B — high-protein oatmeal + 5 soaked almonds; boiled eggs (Munz 5 whole + 2 whites, Soozy 1 whole + 4 whites ≈ 12 eggs) [oats/almonds pantry; eggs drawn on the board]",1,Soozy & Munz,2026-06-22,2026-06-22,
Mon B — Munz oatmeal + 5 soaked almonds + 5 whole eggs + 2 whites; Soozy 1 whole egg + 5 whites [pre-17-count — already absorbed in the 17-Jun count],1,Soozy & Munz,2026-06-15,2026-06-15,
Mon B — palak & cremini mushroom omelette (Disha 2 eggs; Anirudh 2 eggs + 2 slices sourdough) [pre-anchor — already in 13-Jun count],1,Disha & Anirudh,2026-06-08,2026-06-08,
"Mon B — Quaker oats with milk & brown sugar (1; ½ the usual batch) (oats/milk pantry-dairy, no FnV)",1,Shunyam & Ishan — latest,2026-06-22,2026-06-22,
Mon B(1) — coriander omelette & toasted sourdough,1,Kartik & Dhara,2026-06-29,2026-06-29,"Eggs:2, Coriander (dhania):10"
Mon B(1) — palak poha tikki,1,Paxal & Sana,2026-06-29,2026-06-29,Spinach/Palak:50
Mon B(2) — broccoli & mushroom omelette + toast,1,Disha & Anirudh,2026-06-29,2026-06-29,"Eggs:3, Broccoli:80, Button mushroom:30"
Mon B(2) — French toast,1,Shunyam & Ishan — latest,2026-06-29,2026-06-29,Eggs:4
Mon B(3) — eggs + mushroom-spinach stir fry; Skye overnight oats + egg/fruit,1,Rahul & Radhika,2026-06-29,2026-06-29,"Eggs:8, Button mushroom:150, Spinach/Palak:100, Banana:130"
Mon B(4) — Munz oatmeal+eggs; Soozy eggs; U&A appam + veg stew + eggs,1,Soozy & Munz,2026-06-29,2026-06-29,"Eggs:14, Carrot:80, Onion:50"
Mon breakfast — palak mushroom omelette (2),1,Disha & Anirudh,2026-06-15,2026-06-15,Spinach/Palak:12
"Mon breakfast — ragi uttapam w/ onion & tomato, tomato chutney & 2 boiled eggs (2)",1,Kartik & Dhara,2026-06-15,2026-06-15,"Onion:70, Tomato:130"
Mon breakfast — spicy egg sandwiches (2),1,Shunyam & Ishan — latest,2026-06-15,2026-06-15,"Onion:30, Tomato:30, Green chilli:5"
Mon D — aloo gobi + 2 rotis + kachumbar salad (1; soak chola for Tue),1,Shunyam & Ishan — latest,2026-06-22,2026-06-22,"Potato:120, Cauliflower:100, Onion:50, Tomato:60, Cucumber:50, Ginger:5, Garlic:5, Green chilli:3"
Mon D — broccoli chicken salad (Munz) / marinated chicken (Soozy),1,Soozy & Munz,2026-06-22,2026-06-22,Broccoli:60
Mon D — Munz Kerala pan-fry fish + mixed green salad (prawns used); Soozy marinated chicken [pre-17-count — already absorbed in the 17-Jun count],1,Soozy & Munz,2026-06-15,2026-06-15,
Mon D — overnight oats w/ protein powder + psyllium in milk & cut fruit [pre-anchor — already in 13-Jun count],1,Disha & Anirudh,2026-06-08,2026-06-08,
Mon D — protein powder + psyllium husk in milk & cherry (cherry ~80g; milk & psyllium used),1,Disha & Anirudh,2026-06-22,2026-06-22,
Mon D(1) — creamy lemon salmon & sesame-garlic bok choy [salmon/lemon/bok choy ordered],1,Kartik & Dhara,2026-06-29,2026-06-29,"Garlic:20, Bok choy:100"
Mon D(2) — Malai paneer + roti + kachumber salad [roti=pantry],1,Shunyam & Ishan — latest,2026-06-29,2026-06-29,"Paneer:200, Onion:40, Tomato:50, Cucumber:80"
Mon D(2) — protein + psyllium shake w/ mango purée & cut plum,1,Disha & Anirudh,2026-06-29,2026-06-29,"Mango:1, Milk:0"
Mon D(3) — green moong millet khichdi w/ kadhi [all pantry],1,Paxal & Sana,2026-06-29,2026-06-29,
Mon D(3) — Harsh paneer wraps; Ishita egg rolls,1,"Ishita, Harsh & Ekansha",2026-06-29,2026-06-29,"Paneer:200, Green capsicum:90, Lettuce:50, Eggs:2"
Mon D(3) — herb & lemon fish + broccoli mash + asparagus; Skye carrots+tomatoes+rice,1,Rahul & Radhika,2026-06-29,2026-06-29,"Fish (pangasius):350, Broccoli:250, Asparagus:100, Carrot:80, Tomato:60, Lemon:1, Parsley:10, Dill:10"
Mon D(4) — Munz BBQ chicken salad; Soozy marinated chicken; U&A rotis + chicken curry,1,Soozy & Munz,2026-06-29,2026-06-29,"Boneless chicken:500, Cucumber:100, Tomato:80, Lettuce:40"
"Mon dinner — chicken broth with moringa leaves, KILRR marinated chicken breast & broccoli (2)",1,Kartik & Dhara,2026-06-15,2026-06-15,"Broccoli:150, Onion:60, Ginger:10, Garlic:10"
"Mon dinner — kadai paneer, methi rotis & kachumber salad (2) — NOT MADE (items restocked)",1,Shunyam & Ishan — latest,2026-06-15,2026-06-15,
Mon dinner — protein powder with psyllium husk in milk & cut fruit (2),1,Disha & Anirudh,2026-06-15,2026-06-15,
Mon L — bang bang chicken + salad rice bowl + hung curd dip (2; chicken & curd off the board),1,Soozy & Munz,2026-06-22,2026-06-22,"Cucumber:190, Carrot:280, Lettuce:70"
Mon L — chicken rice-paper steamed dumplings + sesame cucumber salad + oyster-sauce sesame dip + pear (minced chicken ~150g),1,Disha & Anirudh,2026-06-22,2026-06-22,"Cucumber:120, Spring onion:20"
"Mon L — egg fried rice + sauteed veggies (1; ~2 eggs, rice pantry)",1,Shunyam & Ishan — latest,2026-06-22,2026-06-22,"Broccoli:60, Zucchini:60, Onion:25, Carrot:30"
Mon L — Mediterranean grill chicken (Munz rice bowl / Soozy salad + 200g rice) + sauteed vegetables + tzatziki [pre-17-count — already absorbed in the 17-Jun count],1,Soozy & Munz,2026-06-15,2026-06-15,
"Mon L — sauteed chicken in herbs + sauteed veg (baby corn, beans, carrot, onion, capsicum, broccoli) + hung-curd dip w/ rocket, garlic, salt & pepper + cut fruit [pre-anchor — already in 13-Jun count]",1,Disha & Anirudh,2026-06-08,2026-06-08,
Mon L(1) — chicken moong dal + rice + bhindi poda + cucumber-mint cooler,1,Kartik & Dhara,2026-06-29,2026-06-29,"Chicken breast:120, Cucumber:50, Mint:10"
Mon L(2) — Chicken curry + steamed rice + cucumber raita [rice=pantry],1,Shunyam & Ishan — latest,2026-06-29,2026-06-29,"Chicken curry-cut:300, Cucumber:80, Curd:150"
Mon L(2) — dry paneer sabzi [onion 0],1,"Ishita, Harsh & Ekansha",2026-06-29,2026-06-29,"Paneer:200, Tomato:60, Green capsicum:80, Coriander (dhania):10"
Mon L(2) — Greek chicken bowl + salad + roasted potatoes,1,Rahul & Radhika,2026-06-29,2026-06-29,"Chicken breast:180, Cucumber:80, Tomato:80, Potato:100"
Mon L(2) — hariyali chicken + baby corn chaat salad + hung-curd dip; peach,1,Disha & Anirudh,2026-06-29,2026-06-29,"Chicken breast:100, Baby corn:80, Coriander (dhania):20, Mint:15, Skyr:50"
Mon L(2) — lauki dal sabzi + roti + moong sprouts + cucumber & tomato,1,Paxal & Sana,2026-06-29,2026-06-29,"Bottle gourd:300, Onion:40, Tomato:130, Cucumber:100, Coriander (dhania):10"
Mon L(4) — Mediterranean shrimp salad x2; U&A rice + chicken curry + cabbage thoran,1,Soozy & Munz,2026-06-29,2026-06-29,"Prawns:50, Chicken curry-cut:300, Cabbage:100, Cucumber:100, Tomato:80, Lettuce:40, Carrot:50"
Mon lunch — cajun chicken + avocado-mango-tomato salsa + hung curd + cut fruit (2),1,Disha & Anirudh,2026-06-15,2026-06-15,Tomato:88
"Mon lunch — dal palak, aloo, gobi-matar subzi & rice (2)",1,Shunyam & Ishan — latest,2026-06-15,2026-06-15,"Spinach/Palak:200, Potato:150, Cauliflower:250, Onion:120, Tomato:120, Ginger:15, Garlic:15, Green chilli:10, Coriander (dhania):20"
Mon lunch — gobi paratha (with dill leaves) & mutton kakori kebab (2),1,Kartik & Dhara,2026-06-15,2026-06-15,"Cauliflower:200, Dill:30, Onion:50, Ginger:10, Garlic:10"
Moong dal cheela wrap,1,"Ishita, Harsh & Ekansha",2026-07-15,2026-07-15,"Moong dal (Tata Sampann):150, Onion:30, Tomato:30, Green capsicum:40"
Moong dal tadka + curry leaves rice + bhindi sabzi,1,Shunyam & Ishan — latest,2026-07-24,2026-07-24,"Rice:150, Curry leaves:3, Onion:80, Ginger:10, Green chilli:10, Moong dal, Bhindi, Tomato"
Moong dal/lauki chilla wraps (veg + low-fat paneer); Green chutney; Tomato soup,1,Pratik & Sakshi,2026-07-13,2026-07-13,
"Moong sprouts & cucumber salad, skyr-lime dressing",1,"Ishita, Harsh & Ekansha",2026-07-14,2026-07-14,"Green moong (whole):100, Cucumber:150, Skyr:60, Lemon:15, Onion:30"
moth black dal & tofu curry + matta rice + long-cut cucumber; snack fruit+brazil nut,1,Rahul & Radhika,2026-07-22,2026-07-22,"Moth matki:100, Tofu:100, Sona masoori (matta sub):50, Cucumber:100, Banana:50, Urad black dal, Matta rice, Brazil nut"
Munz oatmeal+eggs / Soozy boiled eggs (13 eggs total),1,Soozy & Munz,2026-07-14,2026-07-14,Eggs:13
Munz+Soozy breakfast [Eggs 10],1,Soozy & Munz,2026-07-20,2026-07-20,"Eggs:10, Almonds:5, Rolled oats:30, Whey protein:30, Milk:150, Yoga Bar muesli"
Mushroom zucchini stir fry + 4 rotis (soak green moong + rajma for Wed),1,Shunyam & Ishan — latest,2026-07-14,2026-07-14,"Zucchini:400, Garlic:10, Green chilli:5"
oats & amaranth leaves chilla with cut cucumber & rice (1 pax),1,Kartik & Dhara,2026-07-23,2026-07-23,"Oats, Amaranth leaves, Besan, Cucumber, Rice"
Oats + protein; High-protein milk + cinnamon; Chia seeds + elaichi banana,1,Pratik & Sakshi,2026-07-17,2026-07-17,
"oats+skyr+chia+flax+almond milk+cinnamon+berries+pumpkin seeds / Skye: overnight oats (chia/oatmilk/banana/nuts) + egg & fruit [chia,flax,pumpkin seeds,nuts absent]",1,Rahul & Radhika,2026-07-21,2026-07-21,"Rolled oats (Quaker high-protein):65, Milky Mist Skyr:1, Almond drink (Alt Co):60, Cinnamon (Organic Tattva):2, Blueberry (imported):40, Oat drink (Alt Co):100, Banana (Yellaki):50, Eggs (free-range brown):1, Apple (Royal Gala):1"
Oil-free fish curry + beetroot-greenbean sabzi + Skye carrots,1,Rahul & Radhika,2026-07-14,2026-07-14,"Salmon (Atlantic fillet):250, Beetroot:150, Carrot:40, Coriander (dhania):5"
Oil-free fish fry (banana leaf) + greek yoghurt chutney + asparagus masala + quinoa + cherry tomatoes + carrots (soak chana & moong) [FISH absent; soda/juice/spearmint absent],1,Rahul & Radhika,2026-07-21,2026-07-21,"Banana leaf:2, Epigamia Greek yogurt (natural):1, Asparagus:100, Quinoa (Organeekz organic):100, Cherry tomato:100, Carrot:80"
Omelets (Rahul+Radhika) + Skye oats/egg,1,Rahul & Radhika,2026-07-13,2026-07-13,"Eggs (free-range brown):9, Button mushroom:60, Spinach/Palak:80, Banana:1"
One-pot light masala quinoa & tofu; Beans ki sabji; Masala cucumber salad; Snack: roasted makhana + pumpkin seeds,1,Pratik & Sakshi,2026-07-16,2026-07-16,
One-pot palak dal khichdi / greek-yoghurt green raita / green beans sabzi (soak rajma),1,Pratik & Sakshi,2026-07-22,2026-07-22,"Spinach/Palak, Moong dal:180, Basmati rice:80, Onion:100, Tomato:100, Homemade curd:150, Cucumber:50, Beans, Dry coconut:30, Garam masala"
Overnight oats,1,Shunyam & Ishan — latest,2026-07-23,2026-07-23,"Oats:0, Cow milk:0, 7-in-1 seed mix:15, Almonds:15, Cashews:15, Honey:0, Banana"
Palak dal khichdi + greek-yoghurt raita + green beans sabzi (soak rajma),1,Pratik & Sakshi,2026-07-22,2026-07-22,"Moong dal:180, Basmati rice:80, Onion:100, Tomato:100, Ginger:15, Homemade curd:150, Cucumber:50, Coriander:15, Mint:10, Dry coconut:30, Spinach/Palak, Green beans, Fresh garlic"
Panchmel dal + veg jalfrezi + rotis + cucumber-tomato salad + green moong sprouts; snack peanut masala,1,Paxal & Sana,2026-07-22,2026-07-22,"Green capsicum:100, Onion:110, Tomato:100, Carrot:60, Cabbage:50, Cucumber:100, Lemon:25, Coriander:15, Green chilli:15, Ginger:10, Garlic:10, Panchmel dal, Green moong sprouts, Peanuts, Atta"
Paneer & sweet corn rice bowl,1,"Ishita, Harsh & Ekansha",2026-07-20,2026-07-20,"Paneer (Milky Mist):200, Sweet corn:120, Sona Masuri raw rice:150, Onion:40, Tomato:40, Green capsicum:50, Garlic:10"
Paneer bhurji + jeera rice,1,"Ishita, Harsh & Ekansha",2026-07-18,2026-07-18,"Paneer (Milky Mist):200, Onion:50, Tomato:60, Green capsicum:50, Sona Masuri raw rice:150"
Paneer bhurji + rotis + kachumbar + green moong sprouts; Paxal snack: coriander lime corn (sprouts/capsicum/lime absent; atta verify),1,Paxal & Sana,2026-07-21,2026-07-21,"Paneer:200, Onion:50, Tomato:40, Coriander (dhania):15, Cucumber:50, Sweet corn:80, Lemon:10, Green moong sprouts, Atta/roti"
Paneer capsicum dry + dal tadka + 15 rotis,1,"Ishita, Harsh & Ekansha",2026-07-13,2026-07-13,"Paneer (Milky Mist):200, Green capsicum:150, Onion:50, Tomato:50, Toor dal:120, Garlic:10, Aashirvaad atta with millets:300"
Paneer gravy,1,Shunyam & Ishan — latest,2026-06-02,2026-06-02,"Onion:110, Tomato:0, Ginger:0, Garlic:0, Green chilli:5"
Paneer makhani + rotis + carrot-tomato salad + green moong sprouts; snack lemon-pudina roasted chana,1,Paxal & Sana,2026-07-23,2026-07-23,"Paneer:200, Tomato:230, Onion:80, Garlic:15, Ginger:15, Carrot:100, Cucumber:100, Lemon:30, Mint:10, Green moong sprouts, Atta, Roasted chana"
Paneer mushroom capsicum masala gravy + 4 chapatis,1,Shunyam & Ishan — latest,2026-07-17,2026-07-17,"Paneer:200, Button mushroom:100, Green capsicum:100"
Paneer paratha + curd,1,Paxal & Sana,2026-07-14,2026-07-14,"Paneer:200, Curd:100"
Paneer paratha + pickle + curd (soak mixed dal for dosa),1,Paxal & Sana,2026-07-24,2026-07-24,"Paneer:80, Onion:20, Green chilli:5, Ghee:10, Curd:50, Atta, Pickle"
Paneer stuffed capsicum + roti + cut cucumber + green moong sprouts; snack: coleslaw with curd,1,Paxal & Sana,2026-07-17,2026-07-17,"Paneer:200, Green capsicum:250, Cucumber:100, Moong sprouts:100, Cabbage:100, Curd:80, Carrot:60"
Paneer tikka wrap (paneer used at lunch → 0; capsicum absent; wrap/atta verify),1,Paxal & Sana,2026-07-21,2026-07-21,"Paneer:200, Green capsicum:100, Curd:100, Onion:30, Garam masala:5, Wrap/atta"
"Paprika peri-peri chicken, rice & cucumber-broccoli slaw",1,Shunyam & Ishan — latest,2026-07-18,2026-07-18,"Chicken breast:300, Cucumber:100, Broccoli:150, Basmati rice:150, Veg mayonnaise:30"
Parwal & mushroom sabzi + palak low-fat paneer + kachumbar + gobbleright quinoa-beetroot roti (soak moong) [parwal/garam masala absent; palak short],1,Pratik & Sakshi,2026-07-21,2026-07-21,"Button mushroom:200, Onion:300, Tomato:150, Ginger:25, Garlic:25, Green chilli:30, Homemade paneer:200, Cashews:20, Cucumber:100, Coriander (dhania):20, Curry leaves:5, Turmeric powder:5, Mustard (yellow):5, Coriander powder (Double Parrot):8, Gobbleright quinoa beetroot:0"
Parwal & mushroom sabzi / palak low-fat paneer / kachumbar / Gobbleright quinoa-beetroot roti (soak moong dal),1,Pratik & Sakshi,2026-07-21,2026-07-21,"Homemade paneer:200, Spinach/Palak, Button mushroom, Onion:150, Tomato:150, Cucumber:100, Lemon:15, Coriander:15, Gobbleright quinoa beetroot"
Parwal gobi masala,1,Shunyam & Ishan — latest,2026-06-03,2026-06-03,"Parwal:80, Cauliflower:170, Onion:100, Tomato:110, Ginger:10, Garlic:20, Green chilli:10"
pasta from yesterday / Disha: chicken lettuce wraps + sweet corn salad,1,Disha & Anirudh,2026-07-17,2026-07-17,"Chicken breast:150, Romaine lettuce:50, Sweet corn:150, Cucumber:50, Tomato:30"
Pesarattu dosa + 2 egg whites; Coconut chutney; Sattu chaas,1,Pratik & Sakshi,2026-07-15,2026-07-15,
Pesarattu dosa + 2 egg whites; Coconut chutney; Sattu chaas (greek yoghurt),1,Pratik & Sakshi,2026-07-14,2026-07-14,
Poha with peanuts & cut fruit,1,Shunyam & Ishan — latest,2026-07-21,2026-07-21,"Poha:120, Peanuts:30, Yellaki banana:100, Onion:30, Curry leaves:5, Lemon:10"
protein + psyllium in milk with blueberries & kiwi,1,Disha & Anirudh,2026-07-25,2026-07-25,"Protein:30, Psyllium:5, Milk:0, Blueberries:0, Kiwi:1"
protein powder + psyllium husk in milk + apple & orange (~375),1,Disha & Anirudh,2026-07-21,2026-07-21,"Protein powder (A):30, Psyllium husk:8, Lactose-free Amul milk, Apple:1, Orange:1"
protein powder + psyllium husk in milk with apple & cherries,1,Disha & Anirudh,2026-07-24,2026-07-24,"Protein powder:30, Psyllium husk:5, Milk:0, Apple:1, Cherries:0"
protein powder + psyllium husk in milk with pear & kiwi,1,Disha & Anirudh,2026-07-23,2026-07-23,"Protein powder:30, Psyllium husk:5, Milk:0, Pear:1, Kiwi:1"
Protein powder with psyllium husk in milk with cherries & kiwi (~375 kcal),1,Disha & Anirudh,2026-07-18,2026-07-18,
Pumpkin kumro,1,Shunyam & Ishan — latest,2026-06-11,2026-06-11,"Pumpkin:300, Onion:100, Ginger:10, Green chilli:5"
Quinoa bowl base [D],1,Kartik & Dhara,2026-07-13,2026-07-13,Quinoa:65
Rahul/Radhika: pessarattu dosa + masala spinach omelette + coconut chutney (+sauteed spinach) / Skye: overnight oats+banana+nuts+egg+fruit,1,Rahul & Radhika,2026-07-24,2026-07-24,"Moong dal:200, Eggs:7, Spinach:160, Onion:40, Coconut chunks:60, Oats:40, Oat drink:150, Banana:50, Chia"
Rahul/Radhika: poached eggs+avocado+sourdough+mushroom onion stir fry / Skye: pessarattu dosa+egg+veggies+fruit,1,Rahul & Radhika,2026-07-25,2026-07-25,"Eggs:5, Avocado:95, Sourdough:2, Mushroom:120, Onion:60, Moong dal:100"
Red sauce pasta,1,Paxal & Sana,2026-07-16,2026-07-16,"Tomato:200, Onion:40, Garlic:15"
Rice + chicken stew + cabbage kootu,1,Soozy & Munz,2026-07-24,2026-07-24,"Sona masoori:200, Chicken:350, Coconut milk:200, Onion:60, Potato:150, Carrot:80, Green beans:60, Cabbage:200, Chana dal:60"
Roasted chicken breast + dal tadka (toor absent → moong),1,Shunyam & Ishan — latest,2026-07-20,2026-07-20,"Chicken breast (boneless):400, Moong dal:100, Onion:30, Tomato:40, Ginger garlic paste:10"
Roti + chicken roast,1,Soozy & Munz,2026-07-24,2026-07-24,"Chicken:350, Onion:100, Tomato:100, Ginger:15, Garlic:15, Atta"
Rotis + cabbage subzi + cucumber + green moong sprouts; snack: roasted makhana,1,Paxal & Sana,2026-07-16,2026-07-16,"Cabbage:150, Moong sprouts:100, Green capsicum:60, Garlic:15"
Sat B(1) — Amaranth masala upma (soak horsegram for sprouting) [amaranth untracked],1,Kartik & Dhara,2026-07-04,2026-07-04,"Onion:30, Carrot:30, Green chilli:5"
Sat B(2) — aloo-mint-sattu parathas,1,Kartik & Dhara,2026-06-27,2026-06-27,"Potato:150, Mint:20"
Sat B(2) — Anirudh: 1 banana + 2 scoops whey; Disha: Skyr 150g,1,Disha & Anirudh,2026-07-04,2026-07-04,"Banana:1, Protein powder:60, Milky Mist skyr:1"
Sat B(2) — shakshuka + pita,1,Disha & Anirudh,2026-06-27,2026-06-27,"Eggs:5, Tomato:250, Onion:80, Red capsicum:80, Garlic:10, Green chilli:5"
Sat B(4) — Munz oatmeal+7 eggs; Soozy 5 eggs; U&A 4 dosa + onion-tomato chutney + 2 eggs [dosa from batter],1,Soozy & Munz,2026-07-04,2026-07-04,"Eggs:14, Rolled oats:60, Almonds:15, Milk:150, Onion:80, Tomato:60"
Sat B(4) — Soozy egg+whites; U&A idli + chutney + sambar + boiled eggs,1,Soozy & Munz,2026-06-27,2026-06-27,Eggs:7
Sat breakfast — methi theplas (pancake mix was finished on the 14th) (2),1,Shunyam & Ishan — latest,2026-06-20,2026-06-20,Methi (fenugreek):50
Sat breakfast — raw banana & paneer tikka (2),1,Kartik & Dhara,2026-06-13,2026-06-13,"Ginger:0, Garlic:0"
"Sat breakfast — scrambled eggs, sauteed spinach & cherry tomatoes (2)",1,Disha & Anirudh,2026-06-13,2026-06-13,"Spinach/Palak:81, Tomato:66"
"Sat breakfast — sewaiyan upma (carrot, peas & the last cauliflower floret) (2; peas not tracked)",1,Kartik & Dhara,2026-06-20,2026-06-20,"Carrot:40, Cauliflower:50"
"Sat D(1) — Chicken curry, 3 rotis & stir-fried carrot, zucchini & bok choy [NOT COOKED — items restocked]",1,Kartik & Dhara,2026-07-04,2026-07-04,
Sat D(1) — Disha: Mom's vegetable pulao & raita [peas not in stock],1,Disha & Anirudh,2026-07-04,2026-07-04,"Rice:100, Carrot:60, Onion:50, Potato:50, Green chilli:5, Yogurt:50, Cucumber:20"
Sat D(2) — capsicum-paneer sabzi + dal + rice,1,"Ishita, Harsh & Ekansha",2026-06-27,2026-06-27,"Green capsicum:150, Paneer:150, Tomato:80"
Sat D(2) — makhana kheer [milk from board; makhana/nuts=pantry],1,Kartik & Dhara,2026-06-27,2026-06-27,
Sat D(2) — protein + psyllium shake (milk) w/ litchi & mango,1,Disha & Anirudh,2026-06-27,2026-06-27,Milk:1
Sat D(4) — marinated chicken; U&A rotis + chicken roast,1,Soozy & Munz,2026-06-27,2026-06-27,"Chicken breast:250, Chicken curry-cut:300, Onion:80, Green chilli:10, Ginger:10, Garlic:10"
Sat D(4) — Munz shrimp avocado salad + hung curd; Soozy marinated chicken; U&A rice + chicken roast,1,Soozy & Munz,2026-07-04,2026-07-04,"Prawns (FreshToHome):150, Avocado:1, Chicken breast (boneless):150, Chicken curry cut:200, Rice (sonamasuri):150, Greek yogurt (Milky Mist):50"
Sat dinner — chicken with black sesame (kalo til) (2),1,Kartik & Dhara,2026-06-13,2026-06-13,"Garlic:0, Ginger:0"
Sat dinner — Greek herb chicken & tuscan white peas stew (2; white peas pantry),1,Kartik & Dhara,2026-06-20,2026-06-20,"Onion:60, Tomato:80, Carrot:40, Garlic:10, Lemon:1"
Sat dinner — protein powder with psyllium husk in milk & cut fruit (2),1,Disha & Anirudh,2026-06-13,2026-06-13,
"Sat dinner — pumpkin bharta, dal tadka & roti (2)",1,Shunyam & Ishan — latest,2026-06-20,2026-06-20,"Pumpkin:100, Onion:70, Tomato:70, Garlic:10, Ginger:5, Green chilli:6"
Sat dinner — Stuffed bhindi + 6 rotis + cucumber raita (2),1,Shunyam & Ishan — latest,2026-06-13,2026-06-13,"Lady's finger:250, Cucumber:100, Onion:110, Tomato:110"
Sat Extra — lemon-ginger juice (all leftover lemons),1,Kartik & Dhara,2026-06-27,2026-06-27,"Lemon:4, Ginger:15"
Sat L(1) — Peas & tofu kebab & pilaf (cooked in chicken broth) [peas: frozen peas; broth untracked],1,Kartik & Dhara,2026-07-04,2026-07-04,"Tofu:80, Rice (Bhoomi Farms):80, Onion:30, Carrot:30"
"Sat L(2) — Anirudh: 2 chicken sandwiches (4 bread, 100g chicken, 2 egg, 2 cheese, 8 brined jalapeño, arugula); Disha: Appam + Punjabi dhaba chicken + side salad",1,Disha & Anirudh,2026-07-04,2026-07-04,"Chicken:300, Bread:4, Eggs:2, Cheese slices:2, Brined jalapeños (jar):8, Arugula:20, Rice:120, Coconut milk:0, Instant dry yeast (Select Aisle):2, Onion:100, Tomato:150, Ginger:15, Garlic:15, Green chilli:15, Coriander (dhania):15, Cucumber:80, Romaine lettuce:80, Radish:40, Cabbage:60, Lemon:10, Spring onion:30"
Sat L(2) — Chettinad chicken + laccha paratha + takkali salad + hung yoghurt + apple,1,Disha & Anirudh,2026-06-27,2026-06-27,"Chicken breast:350, Onion:150, Tomato:180, Ginger:10, Garlic:10, Green chilli:5, Curry leaves:5, Skyr (hung yoghurt):150"
Sat L(2) — chicken massaman curry + spring-onion-basil-mushroom fried rice,1,Kartik & Dhara,2026-06-27,2026-06-27,"Onion:150, Potato:200, Green chilli:10, Spring onion:80, Button mushroom:100"
Sat L(3) — paneer/cheese/plain dosas + sambhar [onion 0],1,"Ishita, Harsh & Ekansha",2026-06-27,2026-06-27,"Paneer:150, Cheese:80, Tomato:50"
Sat L(4) — Munz & Soozy shrimp avocado salad + hung curd + 200g rice each; U&A rice + chicken roast + cabbage kootu,1,Soozy & Munz,2026-07-04,2026-07-04,"Prawns (FreshToHome):300, Avocado:2, Greek yogurt (Milky Mist):100, Rice (sonamasuri):400, Chicken curry cut:300, Cabbage:200, Toor dal (Tata Sampann):60, Grated coconut:50"
Sat L(4) — shrimp-avocado salad + tzatziki; U&A ghee rice + chicken roast + beetroot thoran,1,Soozy & Munz,2026-06-27,2026-06-27,"Prawns:200, Avocado:1, Greek yogurt:60, Cucumber:60, Garlic:10, Chicken breast:250, Beetroot:150, Onion:120, Tomato:100"
"Sat lunch — horsegram dal, jowar roti, roasted carrots & lime yogurt (2)",1,Kartik & Dhara,2026-06-20,2026-06-20,"Carrot:120, Lemon:1"
"Sat lunch — kadgi upkari, roti & cucumber kosambari + grilled paneer (2)",1,Kartik & Dhara,2026-06-13,2026-06-13,"Cucumber:0, Lemon:0, Coriander (dhania):0"
Sat lunch — minced chicken burger cutlets + chopped salad (cucumber/cherry tomato/rocket/lemon) (2),1,Disha & Anirudh,2026-06-13,2026-06-13,"Cucumber:104, Tomato:66, Onion:36, Lemon:10"
Sat lunch — rice & shahi paneer (2),1,Shunyam & Ishan — latest,2026-06-20,2026-06-20,"Onion:80, Tomato:60, Ginger:8, Garlic:8, Green chilli:3"
Sauteed veggies,1,Shunyam & Ishan — latest,2026-06-12,2026-06-12,"Broccoli:170, Green capsicum:170, Zucchini:110, Carrot:105, Garlic:10"
Schezwan veggie stir-fry bowl + paneer chilli (grind mixed dal for dosa),1,Paxal & Sana,2026-07-24,2026-07-24,"Green capsicum:100, Onion:60, Carrot:80, Spring onion:30, Paneer:200, Garlic:15, Ginger:10, Schezwan sauce, Soy sauce, Cornflour"
Scrambled eggs with toast,1,Shunyam & Ishan — latest,2026-07-20,2026-07-20,"Eggs:3, Bread:4, Butter (Amul):15"
"shakshuka (1 egg+2 whites)+1/2 sourdough+coffee / Skye: overnight oats (chia,almond milk,banana,nuts)",1,Rahul & Radhika,2026-07-22,2026-07-22,"Eggs:3, Tomato:100, Onion:1, Red capsicum:40, Sourdough:30, Rolled oats:40, Almond drink:150, Banana:50, Chia seeds, Nuts"
Shrimp avocado salad — Munz +rice(100g) / Soozy +quinoa(200g),1,Soozy & Munz,2026-07-22,2026-07-22,"Prawns, Avocado:100, Cucumber:100, Tomato:80, Onion:50, Lemon:30, Coriander:15, Sona masoori rice:100, Quinoa:200"
"soak only (white peas, urad dal, rice, chickpeas) - no dish cooked",1,Kartik & Dhara,2026-07-16,2026-07-16,
Soybean curry + jeera rice (soak moong dal),1,"Ishita, Harsh & Ekansha",2026-07-14,2026-07-14,"Soybean:100, Onion:50, Tomato:60, Garlic:10, Sona Masuri raw rice:150"
Spinach bajra parantha (little ghee); Baingan bharta; Low-fat paneer capsicum sabzi (+ leftover spring onion); Kachumbar salad,1,Pratik & Sakshi,2026-07-14,2026-07-14,
Spinach bajra parantha + baingan bharta + paneer capsicum + kachumbar,1,Pratik & Sakshi,2026-07-14,2026-07-14,"Brinjal:240, Onion:110, Tomato:100, Paneer:150, Green capsicum:100, Cucumber:60, Spinach/Palak:80, Garlic:10, Lemon:0"
Sprouts pulao + veg raita + zucchini sabzi (Radhika),1,Rahul & Radhika,2026-07-13,2026-07-13,"Zucchini:120, Strawberry yogurt:80, Carrot:15"
Sun D(2) — Veg Vietnamese rolls; spaghetti w/ chicken meatballs (200g of 3-Jul chicken mince); egg puff [B/L none],1,Kartik & Dhara,2026-07-05,2026-07-05,"Carrot:60, Coriander (dhania):15, Garlic:15, Ginger:10, Whole wheat spaghetti (yu):200, Tomato:150, Onion:100, Eggs:3, Tofu:100, Cucumber:150, Lettuce:50, Peanut butter:30, Hoisin sauce:20, Sriracha sauce:15, Honey:10, Tomato paste:30, Frozen puff pastry:1, Bread slices:2, Chicken mince:200"
Sweet potato tikki,1,Paxal & Sana,2026-07-17,2026-07-17,Sweet potato:300
tandoori chicken salad + cabbage-yogurt coleslaw + rice / Soozy: tandoori chicken salad + rice,1,Soozy & Munz,2026-07-16,2026-07-16,"Chicken breast:350, Cabbage:100, Yogurt:50, Cucumber:80, Tomato:60, Lemon:20"
Tawa roti pizza,1,Paxal & Sana,2026-07-23,2026-07-23,"Bread:60, Tomato:60, Green capsicum:60, Onion:50, Cheddar:40, Cabbage:30"
Tempeh pulao + cucumber-mint raita,1,Kartik & Dhara,2026-07-14,2026-07-14,"Tempeh:120, Onion:30, Carrot:30, Mint:10, Ginger:5, Garlic:5, Cucumber:80, Curd/yogurt:80"
Teriyaki chicken,1,Soozy & Munz,2026-06-08,2026-06-08,"Onion:220, Garlic:5"
Thecha [L],1,Kartik & Dhara,2026-07-13,2026-07-13,"Green chilli:15, Garlic:5, Coriander hybrid:5"
Thu B (1) — broccoli & bell-peppers omelette,1,Shunyam & Ishan — latest,2026-06-25,2026-06-25,"Broccoli:60, Red capsicum:40"
Thu B(1) — Oatmeal with egg & avocado (soak grains) [oats untracked; avocado pc—partial],1,Kartik & Dhara,2026-07-02,2026-07-02,Eggs:1
Thu B(2) — Anirudh: 1 banana + 2 scoops whey; Disha: Skyr 150g + spinach & feta omelette [captured by 3-Jul after-brekki count],1,Disha & Anirudh,2026-07-02,2026-07-02,
Thu B(4) — Munz oatmeal+5 almonds+7 eggs; Soozy 5 eggs; U&A egg curry (4 eggs) + 4 dosas [dosa from batter],1,Soozy & Munz,2026-07-02,2026-07-02,"Eggs:16, Rolled oats:60, Almonds:15, Milk:150, Onion:60, Tomato:50"
"Thu breakfast — dill-leaf idli, chutney & sambar (2)",1,Kartik & Dhara,2026-06-11,2026-06-11,"Dill:0, Coriander (dhania):0, Tomato:0, Ginger:0"
"Thu breakfast — egg club sandwich x2 (2; sandwich veg assumed, eggs/bread not tracked)",1,Disha & Anirudh,2026-06-18,2026-06-18,"Tomato:33, Cucumber:39"
Thu D (1) — palak & tomato curry + 2 rotis + kachumbar salad [rotis = atta pantry],1,Shunyam & Ishan — latest,2026-06-25,2026-06-25,"Spinach/Palak:150, Onion:60, Tomato:80, Ginger:5, Garlic:5, Green chilli:3, Cucumber:50, Coriander (dhania):10"
Thu D — Thai basil chicken (air-fried) + pan-fried broccoli & carrots (Munz); Soozy marinated chicken,1,Soozy & Munz,2026-06-18,2026-06-18,"Broccoli:70, Carrot:280"
Thu D(1) — Disha: protein powder + psyllium husk in milk with fruit [captured by count],1,Disha & Anirudh,2026-07-02,2026-07-02,
Thu D(1) — Paneer steak (mint marinade) (soak chickpeas),1,Kartik & Dhara,2026-07-02,2026-07-02,"Paneer:100, Mint:10"
Thu D(4) — Munz bang bang chicken + hung curd; Soozy marinated chicken; U&A rice + chicken curry,1,Soozy & Munz,2026-07-02,2026-07-02,"Chicken breast (boneless):300, Chicken curry cut:200, Rice (sonamasuri):150, Greek yogurt (Milky Mist):50"
Thu dinner — chilly garlic prawns (2),1,Kartik & Dhara,2026-06-11,2026-06-11,"Garlic:0, Green chilli:0, Onion:0"
Thu dinner — protein powder + psyllium husk in milk + pear (2),1,Disha & Anirudh,2026-06-18,2026-06-18,
Thu L (1) — cauliflower-chickpea curry + rice + lettuce-cabbage-zucchini salad [chickpea + rice = pantry],1,Shunyam & Ishan — latest,2026-06-25,2026-06-25,"Cauliflower:100, Onion:40, Tomato:40, Ginger:8, Garlic:8, Lettuce:40, Cabbage:50, Zucchini:50"
Thu L — chicken stew + rice + sauteed veggies (Munz) / herbed chicken salad + 200g quinoa (Soozy) [veg vague — not deducted],1,Soozy & Munz,2026-06-18,2026-06-18,"Green capsicum:60, Carrot:45, Broccoli:45, Cucumber:50, Tomato:50"
"Thu L(1) — Badi phula, rice & spine gourd fry [badi phula untracked]",1,Kartik & Dhara,2026-07-02,2026-07-02,"Rice (Bhoomi Farms):60, Spine gourd:150"
Thu L(2) — Anirudh: 2 chicken sandwiches; Disha: Tuscan herb chicken + garlic sauteed vegetables + lemon yogurt dip [captured by count],1,Disha & Anirudh,2026-07-02,2026-07-02,
Thu L(4) — Munz & Soozy bang bang chicken + salad rice bowl + hung curd (Soozy +200g rice); U&A rice + chicken curry,1,Soozy & Munz,2026-07-02,2026-07-02,"Chicken breast (boneless):300, Rice (sonamasuri):400, Greek yogurt (Milky Mist):100, Chicken curry cut:250, Onion:80, Tomato:50, Cucumber:60"
"Thu lunch — chicken roti wrap (masala chicken, onion, coriander, jalapeno, hung curd) + chopped carrot/cucumber/tomato salad + cut mangoes (2)",1,Disha & Anirudh,2026-06-18,2026-06-18,"Onion:48, Coriander (dhania):10, Green chilli:10, Carrot:54, Cucumber:78, Tomato:66"
"Thu lunch — mutton kebabs, raw-banana sukkha & ragi thaalipeeth (2)",1,Kartik & Dhara,2026-06-11,2026-06-11,"Onion:0, Ginger:0, Green chilli:0"
Tofu & mixed veg curry + 15 rotis,1,"Ishita, Harsh & Ekansha",2026-07-15,2026-07-15,"Tofu / soya paneer (Briyas):200, Carrot:60, Green capsicum:50, Frozen green peas:50, Onion:50, Tomato:60, Garlic:10, Aashirvaad atta with millets:300"
"Tofu fajitas (onion, capsicum, mushroom); Gobbleright quinoa-beet tortilla; Parsley sauce (little olive oil)",1,Pratik & Sakshi,2026-07-18,2026-07-18,
"Tofu, beans & capsicum curry + 15 rotis (soak moong for Wed lunch)",1,"Ishita, Harsh & Ekansha",2026-07-21,2026-07-21,"Tofu / soya paneer (Briyas):200, Green beans:150, Green capsicum:100, Onion:50, Tomato:50, Garlic:10, Aashirvaad atta with millets:300"
Tue B — 3 half-boiled eggs & skyr (2),1,Disha & Anirudh,2026-06-23,2026-06-23,
Tue B — devilled-egg sandwiches (Disha 2 eggs; Anirudh 2 eggs) [pre-anchor — already in 13-Jun count],1,Disha & Anirudh,2026-06-09,2026-06-09,
Tue B — eggs + oatmeal + almonds (as Mon) [pre-17-count — already absorbed in the 17-Jun count],1,Soozy & Munz,2026-06-16,2026-06-16,
"Tue B — masala omelette (1 egg, 2 bread) (1)",1,Shunyam & Ishan — latest,2026-06-23,2026-06-23,"Onion:20, Tomato:20, Green chilli:3"
Tue B — Parsuram: ragi dhokla (existing batter) + kadhi (2),1,Kartik & Dhara,2026-06-23,2026-06-23,"Ginger:10, Green chilli:5, Curry leaves:0, Onion:30"
Tue B(2) — No meal set,1,"Ishita, Harsh & Ekansha",2026-06-30,2026-06-30,
Tue breakfast — overnight oats / oats with brown sugar (2),1,Shunyam & Ishan — latest,2026-06-16,2026-06-16,
Tue breakfast — scrambled eggs & toast (2),1,Disha & Anirudh,2026-06-16,2026-06-16,
Tue breakfast — scrambled eggs with mushrooms & bell peppers + minced jackfruit stir-fry (2),1,Kartik & Dhara,2026-06-16,2026-06-16,"Green capsicum:80, Onion:40, Tomato:40"
"Tue D — curd rice with tadka (less mustard, extra curd, little rice) (2)",1,Disha & Anirudh,2026-06-23,2026-06-23,"Curry leaves:5, Green chilli:3, Ginger:5"
Tue D — Munz herb grilled chicken + stir-fried carrot & beans; Soozy marinated chicken [pre-17-count — already absorbed in the 17-Jun count],1,Soozy & Munz,2026-06-16,2026-06-16,
Tue D — overnight oats w/ protein powder + psyllium in milk & cut fruit [pre-anchor — already in 13-Jun count],1,Disha & Anirudh,2026-06-09,2026-06-09,
Tue D — palak paneer + 2 rotis + dahi boondi (1; soak sabudana for Wed),1,Shunyam & Ishan — latest,2026-06-23,2026-06-23,"Spinach/Palak:50, Onion:30, Tomato:20, Ginger:5, Garlic:0"
Tue D — Parsuram: black sesame chicken + pan-fried okra (2; soak horsegram for Wed),1,Kartik & Dhara,2026-06-23,2026-06-23,"Lady's finger:200, Onion:40, Garlic:6"
Tue D(3) — Chole + beans aloo poriyal + 15 rotis (soak rajma) [chole=kala chana; rotis not deducted],1,"Ishita, Harsh & Ekansha",2026-06-30,2026-06-30,"Kala chana (Whole Farm):200, Green beans:200, Potato:200, Onion:100, Tomato:100"
Tue dinner — KILRR marinated prawns with baby corn (2),1,Kartik & Dhara,2026-06-16,2026-06-16,"Baby corn:100, Onion:50, Garlic:10, Ginger:10, Green chilli:5, Tomato:30"
Tue dinner — protein powder with psyllium husk in milk & cut fruit (2),1,Disha & Anirudh,2026-06-16,2026-06-16,
Tue L — Ahalya: coconut-pineapple black-bean curry + dhingri dolma + rice (2),1,Kartik & Dhara,2026-06-23,2026-06-23,"Onion:200, Tomato:100, Ginger:20, Garlic:14, Coriander (dhania):10, Green capsicum:0"
"Tue L — Asian chicken salad w/ spring onions + chopped salad (carrot, tomato, cucumber, bell peppers) + cut fruit [pre-anchor — already in 13-Jun count]",1,Disha & Anirudh,2026-06-09,2026-06-09,
Tue L — chole masala & rice (chola soaked from Mon) (1),1,Shunyam & Ishan — latest,2026-06-23,2026-06-23,"Onion:40, Tomato:40, Ginger:8, Garlic:7, Green chilli:3"
"Tue L — curd rice with tadka (less mustard, extra curd, little rice) (2)",1,Disha & Anirudh,2026-06-23,2026-06-23,"Curry leaves:5, Green chilli:3, Ginger:5"
Tue L — grilled fish + rice/quinoa + sauteed vegetables + soy-ginger sauce [pre-17-count — already absorbed in the 17-Jun count],1,Soozy & Munz,2026-06-16,2026-06-16,
"Tue L(2) — Mediterranean paneer salad (romaine, cucumber, sweet corn, paneer, boiled chana, hung curd dressing packed separately) [est: sweet corn 70 & dahi 40 capped to on-hand]",1,"Ishita, Harsh & Ekansha",2026-06-30,2026-06-30,"Paneer:150, Romaine lettuce:80, Cucumber:100, Sweet corn:70, Kabuli chana (Tata Sampann):100, Dahi (Amul Masti):40"
Tue lunch — chettinad chicken + sauteed baby corn & carrot + cucumber/tomato/spring-onion salad + lemon + hung curd + cut fruit (2),1,Disha & Anirudh,2026-06-16,2026-06-16,"Baby corn:150, Carrot:108, Cucumber:104, Tomato:66, Spring onion:30, Lemon:10"
Tue lunch — Fish curry & rice (2),1,Shunyam & Ishan — latest,2026-06-16,2026-06-16,"Onion:100, Tomato:110, Ginger:15, Garlic:10, Green chilli:10"
"Tue lunch — grilled fish, rice & dalma with raw banana & baingan (2)",1,Kartik & Dhara,2026-06-16,2026-06-16,"Brinjal:150, Tomato:90, Onion:60, Ginger:15, Green chilli:5"
Tuvar (pigeon peas) lilva sabzi; Carrot greek yoghurt raita; Gobhi sabzi; Jowar-quinoa flour roti (GF),1,Pratik & Sakshi,2026-07-15,2026-07-15,
U&A egg curry,1,Soozy & Munz,2026-06-03,2026-06-03,"Onion:220, Tomato:220, Ginger:5, Green chilli:0"
U&A prawn curry,1,Soozy & Munz,2026-06-04,2026-06-04,"Onion:220, Tomato:0, Ginger:5, Garlic:5, Green chilli:0"
U&A sambar,1,Soozy & Munz,2026-06-05,2026-06-05,"Ash gourd:170, Carrot:175"
"Veg bhaji + chickpea, shredded low-fat paneer, GF sourdough, chopped cucumber+carrot+lime",1,Pratik & Sakshi,2026-07-16,2026-07-16,"Potato:150, Onion:40, Tomato:40, Green capsicum:40, Carrot:110, Chole:80, Ginger:10, Garlic:10, Green chilli:5, Butter:20, Coriander (dhania):5, Paneer:50, Green cucumber:100, Lemon:10"
Veg bhaji with chickpea; Shredded low-fat paneer on bhaji; GF sourdough bread; Chopped cucumber & carrot with lime,1,Pratik & Sakshi,2026-07-16,2026-07-16,
Veg upma/poha; Whole egg + 2 egg whites mushroom/spinach omelet; Sattu chaas + greek yoghurt,1,Pratik & Sakshi,2026-07-16,2026-07-16,
Vegan chickpea & edamame curry; Cauliflower rice + little basmati (S only); Snack: protein + almond milk + nut-seed ladoo,1,Pratik & Sakshi,2026-07-17,2026-07-17,
Vegetable & cheese whole wheat sandwich (bread & cheese absent),1,Paxal & Sana,2026-07-21,2026-07-21,"Cucumber:50, Tomato:30, Onion:20, Bread:120, Cheddar cheese block:40"
Vegetable khichdi,1,Shunyam & Ishan — latest,2026-06-05,2026-06-05,"Potato:130, Carrot:110, Green beans:110, Onion:100, Tomato:110, Ginger:10, Green chilli:10"
Watermelon feta salad + masala baby potatoes | Main: Dum aloo biryani + cucumber raita | Dessert: Seviyan kheer | Bev: mango-coconut kombucha (4 pax),1,Shunyam & Ishan — latest,2026-07-18,2026-07-18,"Watermelon:1000, Feta cheese (Delecta):150, Mint:20, Baby potato:250, Onion:200, Coriander:30, Basmati rice:400, Tomato:150, Set curd (Akshayakalpa):250, Cucumber:150, Ginger garlic paste:20, Green chilli:15, Garlic:15, Vermicelli:150, Cow milk (Akshayakalpa):1, Sugar:60, Cashews:30"
Wed B — extra-veggie masala omelette (Disha extra chilli; Anirudh + 2 slices toast) [pre-anchor — already in 13-Jun count],1,Disha & Anirudh,2026-06-10,2026-06-10,
Wed B — sabudana khichdi (1),1,Shunyam & Ishan — latest,2026-06-24,2026-06-24,"Potato:150, Green chilli:3, Curry leaves:0, Lemon:1"
Wed B(1) — Disha: Skyr 150g + soft scrambled eggs with herb mushrooms [Skyr not tracked],1,Disha & Anirudh,2026-07-01,2026-07-01,"Eggs:2, Button mushroom:40, Mint:5"
"Wed B(1) — Parsuram: vegetable ragi porridge (carrot, peas & capsicum) + rice [ragi flour & peas untracked]",1,Kartik & Dhara,2026-07-01,2026-07-01,"Carrot:50, Green capsicum:40, Rice (Bhoomi Farms):60"
Wed B(2) — No meal set [after-meal count],1,"Ishita, Harsh & Ekansha",2026-07-01,2026-07-01,
Wed B(2) — Sevai with veggies [after-B&L count — consumption already reflected],1,Paxal & Sana,2026-07-01,2026-07-01,
"Wed B(3) — Rahul: 2 poached eggs+1/3 avocado+sourdough+mushroom-spinach stir fry; Radhika: 1 egg+2 whites+1/4 avocado+stir fry+1/2 sourdough (post: coffee); Skye: overnight oats+chia+oat/almond milk+banana+nuts, +egg & fruit [after-meal count — consumption already reflected]",1,Rahul & Radhika,2026-07-01,2026-07-01,
Wed B(4) — Munz oatmeal+5 almonds+7 boiled eggs; Soozy 5 boiled eggs; U&A appam+kadala curry+2 boiled eggs [appam from batter — not gram-deducted],1,Soozy & Munz,2026-07-01,2026-07-01,"Eggs:14, Rolled oats:60, Almonds:15, Milk:150, Kala chana:100, Fresh coconut:20"
"Wed breakfast — Disha egg bhurji; Anirudh egg bhurji + 2 toast (2; eggs/toast not tracked, bread shows out)",1,Disha & Anirudh,2026-06-17,2026-06-17,"Onion:48, Tomato:44, Green chilli:5"
Wed D — Asian prawn stir-fry (fewer prawns) + mixed green salad; Soozy marinated chicken [greens vague — not deducted],1,Soozy & Munz,2026-06-17,2026-06-17,"Cucumber:60, Tomato:60"
"Wed D — mix veg subzi (beans, carrot, potato) + 2 rotis + cucumber raita (1)",1,Shunyam & Ishan — latest,2026-06-24,2026-06-24,"Green beans:80, Carrot:20, Potato:100, Cucumber:50"
Wed D — overnight oats w/ protein powder + psyllium in milk & cut fruit [pre-anchor — already in 13-Jun count],1,Disha & Anirudh,2026-06-10,2026-06-10,
Wed D(1) — Disha: protein powder + psyllium husk in milk with litchi & peach [psyllium & peach not tracked],1,Disha & Anirudh,2026-07-01,2026-07-01,"Protein powder:30, Litchi:60"
Wed D(1) — Parsuram: rava-fry kohlrabi + cut kiwi (fridge) [rava untracked],1,Kartik & Dhara,2026-07-01,2026-07-01,"Knol khol (kohlrabi):150, Kiwi (green):1"
Wed D(3) — 15 rotis [after-meal count — atta not FnV-deducted],1,"Ishita, Harsh & Ekansha",2026-07-01,2026-07-01,
Wed D(3) — Amritsari chole with ghee rice + cut cucumber & carrot; Paxal next-day: sprout chaat (soak rajma) [chana/rice/ghee untracked; cucumber not in count],1,Paxal & Sana,2026-07-01,2026-07-01,"Onion:150, Tomato:150, Ginger:15, Garlic:15, Carrot:150"
Wed D(3) — Tandoori salmon + dahi chutney + carrot–green bean poriyal (no coconut) + boiled jeera quinoa + cucumber-tomato-carrot kachumbar; drinks: fruit juice+soda; Radhika spearmint tea [after-meal count],1,Rahul & Radhika,2026-07-01,2026-07-01,
Wed D(4) — Munz guacamole chicken; Soozy marinated chicken; U&A cherupayar curry + bhindi masala [marinated=curry-cut est],1,Soozy & Munz,2026-07-01,2026-07-01,"Chicken breast (boneless):150, Avocado:1, Chicken curry cut:200, Green moong:150, Lady's finger:200, Fresh coconut:20"
Wed dinner — protein powder + psyllium husk in milk + cut fruits (2; protein/psyllium/milk not tracked),1,Disha & Anirudh,2026-06-17,2026-06-17,
"Wed L — honey lemon-pepper chicken skewers + sauteed veg (baby corn, beans, carrot, onion, capsicum, broccoli) + hung-curd garlic & cucumber dip + cut fruit [pre-anchor — already in 13-Jun count]",1,Disha & Anirudh,2026-06-10,2026-06-10,
Wed L — street-style vegetable noodles (1),1,Shunyam & Ishan — latest,2026-06-24,2026-06-24,"Carrot:60, Cabbage:80, Green capsicum:30, Onion:40, Spring onion:0, Garlic:5"
Wed L — Tandoori chicken salad (Munz rice bowl / Soozy +200g rice) + sauteed vegetables + yogurt dip [veg vague — not deducted],1,Soozy & Munz,2026-06-17,2026-06-17,"Green capsicum:60, Carrot:45, Broccoli:45"
Wed L(1) — Ahalya: Thai green prawns + veg noodles + ginger-lemon water [prawns untracked],1,Kartik & Dhara,2026-07-01,2026-07-01,"Whole wheat atta noodles (yu):80, Carrot:20, Ginger:5, Lemon:0"
Wed L(1) — Radhika: almond wrap + egg & 2-white bhurji + mushrooms + long-cut cucumber & cherry tomatoes (1–1.5 cups cooked); snack: fruit + 1 brazil nut [after-meal count],1,Rahul & Radhika,2026-07-01,2026-07-01,
Wed L(2) — Anirudh: 2 chicken sandwiches; Disha: Chettinad chicken dry roast + garlic baby corn & green beans + hung curd dip [chicken short: 150g on hand vs ~250g needed],1,Disha & Anirudh,2026-07-01,2026-07-01,"Bread:4, Chicken:150, Onion:60, Curry leaves:10, Green chilli:10, Baby corn:80, Green beans:100, Garlic:15, Yogurt:50"
Wed L(2) — Jeera rice (soak channa) [after-meal count — rice untracked; channa=next-day prep],1,"Ishita, Harsh & Ekansha",2026-07-01,2026-07-01,
Wed L(2) — Lobia sabzi (no onion/garlic) + 4 roti + green moong sprouts; Paxal snack: cucumber & onion salad [after-B&L count],1,Paxal & Sana,2026-07-01,2026-07-01,
Wed L(4) — Munz & Soozy guacamole chicken + green goddess salad (Soozy +200g rice); U&A rice + cherupayar curry + bhindi masala [bhindi w/o onion/tomato — none in count],1,Soozy & Munz,2026-07-01,2026-07-01,"Chicken breast (boneless):300, Avocado:1, Lettuce:20, Cucumber:150, Coriander (dhania):15, Lemon:0, Rice (sonamasuri):350, Green moong:150, Lady's finger:200, Fresh coconut:20"
"Wed lunch — McSpicy chicken salad + cut fruit (2; McSpicy ordered out, salad veg assumed)",1,Disha & Anirudh,2026-06-17,2026-06-17,"Cucumber:65, Tomato:55"
Weight-loss rajma tikki chaat; Little greek yoghurt base; Spinach soup; Snack: apple + almonds + flax,1,Pratik & Sakshi,2026-07-18,2026-07-18,
Yogurt pepper chicken salad,1,Soozy & Munz,2026-06-13,2026-06-13,"Lettuce:100, Tomato:150, Onion:180, Green chilli:10"
