SKU,Dashboard bucket,Staple sub-cat,Leafy?,Fruit?,g / piece,Shelf-life (d),Source,Seen-in-cats,Leaf class,Condition rule,Opened shelf-life (d)
10 on 10 whole wheat atta,Staple,Grains,no,no,,180,USDA FoodKeeper / SNAP ext,grains,,,
3 Roses tea,Staple,Beverages,no,no,,365,"FoodKeeper tea 18-36 mo, coffee 2 y sealed; PP class 365",beverage,,,
7-in-1 seed mix,Staple,Grains,no,no,,180,USDA FoodKeeper / SNAP ext,grains & pantry,,,
A2 cow ghee,Staple,Oils,no,no,,365,"clarified butter, shelf-stable ~12 mo",oil,,,
A2 ghee (Aadiras),Staple,Oils,no,no,,365,"clarified butter, shelf-stable ~12 mo",oil,,,
Aashirvaad atta,Staple,Grains,no,no,,180,USDA FoodKeeper / SNAP ext,grains,,,
Aashirvaad atta (2kg),Staple,Grains,no,no,,180,USDA FoodKeeper / SNAP ext,grains & pantry,,,
Aashirvaad atta (niacin),Staple,Grains,no,no,,180,USDA FoodKeeper / SNAP ext,grains & pantry,,,
Aashirvaad atta with millets,Staple,Other,no,no,,180,USDA FoodKeeper / SNAP ext,pantry,,,
Aashirwad atta,Staple,Grains,no,no,,180,USDA FoodKeeper / SNAP ext,grains,,,
Ajwain (carom seeds),Staple,Spices,no,no,,365,"McCormick/Healthline: ground 2-3 y, whole 3-4 y; PP class 365",spice,,,
Aka miso (Urban Platter),Staple,Condiments,no,no,,365,FoodKeeper ketchup/soy/vinegar 1-2 y sealed; PP class 365,condiment,,,
Akshayakalpa Paneer,Dairy,,no,no,,7,vacuum-packed paneer 7-15 d refrigerated; PP 7,dairy,,,
Almond & cashew mix,Staple,Grains,no,no,,180,USDA FoodKeeper / SNAP ext,grains & pantry,,,
Almond butter,Staple,Other,no,no,,180,USDA FoodKeeper / SNAP ext,pantry,,,
Almond drink (Alt Co),Staple,Beverages,no,no,,180,PantryPulse rule 31-Jul-2026,beverage,,OPEN-AND-USE: sealed = per pack expiry; OPENED = 4d countdown,4
Almond milk (open),Staple,Other,no,no,,180,PantryPulse rule 31-Jul-2026,pantry,,OPEN-AND-USE: sealed = per pack expiry; OPENED = 4d countdown,4
Almond milk (pack),Staple,Other,no,no,,180,PantryPulse rule 31-Jul-2026,pantry,,OPEN-AND-USE: sealed = per pack expiry; OPENED = 4d countdown,4
Almond/Oat beverage (Alt Co),Dairy,,no,no,,180,PantryPulse rule 31-Jul-2026,dairy,,OPEN-AND-USE: sealed = per pack expiry; OPENED = 4d countdown,4
Almonds,Staple,Other,no,no,,180,USDA FoodKeeper / SNAP ext,grains & pantry;nuts;pantry,,,
Alphonso mango juice (Raw Pressery),Staple,Beverages,no,no,,180,USDA FoodKeeper / SNAP ext,beverage,,,
Alt Co oat drink,Dairy,,no,no,,180,PantryPulse rule 31-Jul-2026,dairy,,OPEN-AND-USE: sealed = per pack expiry; OPENED = 4d countdown,4
Amaranth leaves,Vegetable,,yes,no,,6,PantryPulse rule 31-Jul-2026,fnv,thick,,
Amchur / dry mango (Everest),Staple,Spices,no,no,,365,dehydrated/dried 12 mo sealed,spice,,,
American mustard (Veeba),Staple,Condiments,no,no,,365,FoodKeeper ketchup/soy/vinegar 1-2 y sealed; PP class 365,condiment,,,
Amul lactose-free milk,Dairy,,no,no,,180,PantryPulse rule 31-Jul-2026,dairy,,OPEN-AND-USE: sealed = per pack expiry; OPENED = 4d countdown,4
Apple,Fruit,,no,yes,150,30,USDA FoodKeeper / SNAP ext,fnv;fruit,,,
Apple (Royal Gala),Fruit,,no,yes,150,30,USDA FoodKeeper / SNAP ext,fruit,,,
Apple / pomegranate,Fruit,,no,yes,150,21,whole 2-3 wk refrigerated,fruit,,,
Apple cider vinegar,Staple,Condiments,no,no,,365,FoodKeeper ketchup/soy/vinegar 1-2 y sealed; PP class 365,condiment,,,
Apple cider vinegar (HK Vitals),Staple,Other,no,no,,365,FoodKeeper ketchup/soy/vinegar 1-2 y sealed; PP class 365,vinegar,,,
Apple gourd (tinda),Fruit,,no,yes,150,6,PP 6-8 -> 6,fnv,,,
Apricot jam (Darbo),Staple,Condiments,no,no,,365,FoodKeeper ketchup/soy/vinegar 1-2 y sealed; PP class 365,condiment,,,
Arbi (taro/colocasia),Vegetable,,no,no,,10,"radish, colocasia, celery ~10 d",fnv,,,
Arhar dal (A),Staple,Dals,no,no,,365,FoodKeeper dried beans 1 y+; PP class 365,dals,,,
Arhar dal (B),Staple,Dals,no,no,,365,FoodKeeper dried beans 1 y+; PP class 365,dals,,,
Arhar/Toor dal,Staple,Dals,no,no,,365,FoodKeeper dried beans 1 y+; PP class 365,dals,,,
Arrabiata pasta sauce (Veeba),Staple,Grains,no,no,,365,FoodKeeper ketchup/soy/vinegar 1-2 y sealed; PP class 365,grains & pantry,,,
Ash gourd,Vegetable,,no,no,,30,PP rule PUMPKIN-WHOLE 30,fnv,,,
Asparagus,Vegetable,,no,no,,6,PP 6-8 -> 6,fnv;vegetable,,,
Athena yogurt,Dairy,,no,no,,10,FoodKeeper yogurt 1-2 wk refrigerated -> 10,dairy,,,
Atta,Staple,Other,no,no,,180,USDA FoodKeeper / SNAP ext,grains & pantry;pantry,,,
Atta (Aashirvaad High Fibre Multigrains),Staple,Grains,no,no,,180,USDA FoodKeeper / SNAP ext,grains & pantry,,,
Atta (Aashirvaad multigrain),Staple,Grains,no,no,,180,USDA FoodKeeper / SNAP ext,grains & pantry,,,
Atta (whole wheat),Staple,Grains,no,no,,180,USDA FoodKeeper / SNAP ext,grains & pantry,,,
Avocado,Fruit,,no,yes,170,6,USDA FoodKeeper / SNAP ext,fnv;fruit,,,
Baby corn,Vegetable,,no,no,150,6,USDA FoodKeeper / SNAP ext,fnv,,,
Baby potato,Vegetable,,no,no,150,30,USDA FoodKeeper / SNAP ext,fnv;vegetable,,,
Baby potatoes,Vegetable,,no,no,150,30,USDA FoodKeeper / SNAP ext,vegetable,,,
Bajra atta,Staple,Grains,no,no,,180,USDA FoodKeeper / SNAP ext,grains,,,
Bajra daliya,Staple,Grains,no,no,,180,USDA FoodKeeper / SNAP ext,grains,,,
Baked beans (American Garden),Staple,Dals,no,no,,365,FoodKeeper ketchup/soy/vinegar 1-2 y sealed; PP class 365,dals,,,
Baking powder,Staple,Spices,no,no,,365,12 mo sealed,spice,,,
Baking soda,Staple,Other,no,no,,365,12 mo sealed,pantry;spice,,,
Balsamic spray (De Nigris),Staple,Other,no,no,,365,spice/vinegar 12 mo,vinegar,,,
Balsamic vinegar,Staple,Condiments,no,no,,365,spice/vinegar 12 mo,condiment,,,
Banana,Fruit,,no,yes,50,5,USDA FoodKeeper / SNAP ext,fnv;fruit,,,
Banana (Yellaki),Fruit,,no,yes,50,5,USDA FoodKeeper / SNAP ext,fruit,,,
Banana leaf,Vegetable,,yes,no,50,6,PantryPulse rule 31-Jul-2026,fnv,thick,,
Barnyard millet,Staple,Grains,no,no,,180,USDA FoodKeeper / SNAP ext,grains,,,
Barnyard millet (samak),Staple,Grains,no,no,,180,USDA FoodKeeper / SNAP ext,grains,,,
Basil,Vegetable,,yes,no,,4,PantryPulse rule 31-Jul-2026,fnv;herb,normal,,
Basil (Keya),Staple,Spices,no,no,,365,dried herbs 1-3 y sealed; PP 365,spice,,,
"Basil (fresh, Italian)",Vegetable,,yes,no,,4,PantryPulse rule 31-Jul-2026,herb,normal,,
Basmati rice,Staple,Grains,no,no,,180,USDA FoodKeeper / SNAP ext,grains;grains & pantry,,,
Bassa / pangasius fillet,Meat,,no,no,,2,USDA FoodKeeper / SNAP ext,protein,,,
Bay leaf / dried patta,Staple,Grains,no,no,,365,dried herbs 1-3 y sealed; PP 365,grains & pantry,,,
Bay leaf / tejpat (Uttarakhand),Staple,Spices,no,no,,365,"McCormick/Healthline: ground 2-3 y, whole 3-4 y; PP class 365",spice,,,
Beans,Vegetable,,no,no,,6,USDA FoodKeeper / SNAP ext,fnv,,,
Beans (French),Vegetable,,no,no,,6,USDA FoodKeeper / SNAP ext,fnv,,,
Beet greens,Vegetable,,yes,no,,6,PantryPulse rule 31-Jul-2026,herb,thick,,
Beetroot,Vegetable,,no,no,150,12,PantryPulse rule 31-Jul-2026,fnv,none,"Hardened skin, not peeled before storage",
Bengal mustard kasundi,Staple,Condiments,no,no,,365,FoodKeeper ketchup/soy/vinegar 1-2 y sealed; PP class 365,condiment,,,
Besan,Staple,Other,no,no,,180,USDA FoodKeeper / SNAP ext,pantry,,,
Besan (DeHaat),Staple,Grains,no,no,,180,USDA FoodKeeper / SNAP ext,grains & pantry,,,
Besan (Organic Tattva),Staple,Grains,no,no,,180,USDA FoodKeeper / SNAP ext,grains,,,
Bhaji mirch,Vegetable,,no,no,,6,USDA FoodKeeper / SNAP ext,fnv,,,
Bhaji mirch (green chilli),Vegetable,,no,no,,6,USDA FoodKeeper / SNAP ext,fnv,,,
Bhindi (okra),Vegetable,,no,no,,6,USDA FoodKeeper / SNAP ext,fnv;vegetable,,,
Biryani masala powder,Staple,Spices,no,no,,365,"McCormick/Healthline: ground 2-3 y, whole 3-4 y; PP class 365",spices,,,
Biryani rice,Staple,Grains,no,no,,180,USDA FoodKeeper / SNAP ext,grains & pantry,,,
Black garlic caper spread,Staple,Condiments,no,no,,365,FoodKeeper ketchup/soy/vinegar 1-2 y sealed; PP class 365,condiment,,,
Black garlic miso,Staple,Condiments,no,no,,365,FoodKeeper ketchup/soy/vinegar 1-2 y sealed; PP class 365,condiment,,,
Black olives,Staple,Other,no,no,,365,FoodKeeper ketchup/soy/vinegar 1-2 y sealed; PP class 365,pantry,,,
"Black olives (Borges, pitted)",Staple,Grains,no,no,,365,FoodKeeper ketchup/soy/vinegar 1-2 y sealed; PP class 365,grains & pantry,,,
Black pepper (A),Staple,Spices,no,no,,365,"McCormick/Healthline: ground 2-3 y, whole 3-4 y; PP class 365",spice,,,
Black pepper (B),Staple,Spices,no,no,,365,"McCormick/Healthline: ground 2-3 y, whole 3-4 y; PP class 365",spice,,,
Black pepper (whole),Staple,Spices,no,no,,365,"McCormick/Healthline: ground 2-3 y, whole 3-4 y; PP class 365",spice,,,
Black pepper + rock salt grinder (Keya),Staple,Spices,no,no,,365,12 mo sealed,spice,,,
Black pepper powder (Catch),Staple,Spices,no,no,,365,"McCormick/Healthline: ground 2-3 y, whole 3-4 y; PP class 365",spice,,,
Black peppercorns (whole),Staple,Spices,no,no,,365,"McCormick/Healthline: ground 2-3 y, whole 3-4 y; PP class 365",spice,,,
Black pitted olives (Borges),Staple,Condiments,no,no,,365,FoodKeeper ketchup/soy/vinegar 1-2 y sealed; PP class 365,condiment,,,
Black raisins,Staple,Other,no,no,,180,USDA FoodKeeper / SNAP ext,grains & pantry;pantry,,,
Black salt,Staple,Spices,no,no,,730,indefinite when dry; PP class 730,spice,,,
Black salt grinder (Keya),Staple,Spices,no,no,,365,12 mo sealed,spice,,,
Black sesame,Staple,Spices,no,no,,365,"McCormick/Healthline: ground 2-3 y, whole 3-4 y; PP class 365",spice,,,
Black sesame oil,Staple,Oils,no,no,,365,"FoodKeeper oils 6-12 mo unopened, 3-5 mo opened; PP class 365",oil,,,
Black sesame seeds,Staple,Other,no,no,,365,"McCormick/Healthline: ground 2-3 y, whole 3-4 y; PP class 365",nuts,,,
Black til (sesame),Staple,Grains,no,no,,365,"McCormick/Healthline: ground 2-3 y, whole 3-4 y; PP class 365",grains & pantry,,,
Black-eyed peas (lobia),Staple,Dals,no,no,,365,FoodKeeper dried beans 1 y+; PP class 365,dals,,,
Blackberry,Fruit,,no,yes,,3,USDA FoodKeeper / SNAP ext,fruit,,,
Blue Tokai coffee (Attikan),Staple,Beverages,no,no,,365,"FoodKeeper tea 18-36 mo, coffee 2 y sealed; PP class 365",beverage,,,
Blue Tokai coffee (choco-nutty),Staple,Beverages,no,no,,365,"FoodKeeper tea 18-36 mo, coffee 2 y sealed; PP class 365",beverage,,,
Blue grapes,Fruit,,no,yes,,10,FoodKeeper grapes 1 wk; firm Indian grapes ~10 d,fruit,,,
Blueberries,Fruit,,no,yes,,3,USDA FoodKeeper / SNAP ext,fruit,,,
Blueberry,Dairy,,no,no,,7,USDA FoodKeeper / SNAP ext,dairy,,,
Blueberry (imported),Fruit,,no,yes,,3,USDA FoodKeeper / SNAP ext,fruit,,,
Bocconcini,Dairy,,no,no,,7,USDA FoodKeeper / SNAP ext,dairy,,,
Boiled rice,Staple,Grains,no,no,,3,leftovers 3-4 d refrigerated,grains & pantry,,,
Bok choy,Vegetable,,yes,no,,6,PantryPulse rule 31-Jul-2026,fnv,thick,,
Borges olive oil,Staple,Other,no,no,,365,"FoodKeeper oils 6-12 mo unopened, 3-5 mo opened; PP class 365",pantry,,,
Borges penne pasta,Staple,Grains,no,no,,180,USDA FoodKeeper / SNAP ext,grains,,,
Bottle gourd,Vegetable,,no,no,,6,PantryPulse rule 31-Jul-2026,fnv,none,SEASONAL: summer (Mar-Jun) 8d / monsoon (Jul-Sep) 6d / winter (Oct-Feb) 4d,
Bourbon natural vanilla,Staple,Other,no,no,,365,12 mo sealed,pantry,,,
Bournvita,Staple,Other,no,no,,365,"FoodKeeper tea 18-36 mo, coffee 2 y sealed; PP class 365",other,,,
Brazil nuts (Urban Platter),Staple,Grains,no,no,,180,USDA FoodKeeper / SNAP ext,grains & pantry,,,
Bread,Bread & bakery,Bakery,no,no,,6,PP correction 24-Aug: bread wrongly bucketed as Dairy with 180d,bread & bakery,,,
Bread crisps,Staple,Grains,no,no,,180,USDA FoodKeeper / SNAP ext,grains,,,
Bread slices,Bread & bakery,Bakery,no,no,,6,PP correction 24-Aug: bread wrongly bucketed as Dairy with 180d,bread & bakery,,,
Breadcrumbs,Staple,Other,no,no,,180,USDA FoodKeeper / SNAP ext,pantry,,,
Brew coffee,Staple,Beverages,no,no,,365,"FoodKeeper tea 18-36 mo, coffee 2 y sealed; PP class 365",beverage,,,
Brinjal,Vegetable,,no,no,200,7,USDA FoodKeeper / SNAP ext,fnv,,,
Broccoli,Vegetable,,no,no,300,4,USDA FoodKeeper / SNAP ext,fnv,,,
Broken cashew,Staple,Other,no,no,,180,USDA FoodKeeper / SNAP ext,pantry,,,
Brown coconut,Fruit,,no,yes,,30,PP correction 24-Aug: whole unhusked coconut keeps ~1 month (grated/chunks stay 6d),fruit,,,
Brown mustard seeds (rai),Staple,Spices,no,no,,365,"McCormick/Healthline: ground 2-3 y, whole 3-4 y; PP class 365",spice,,,
Brown rice,Staple,Grains,no,no,,180,USDA FoodKeeper / SNAP ext,grains,,,
Brown rice (Organic Tattva sonamasuri),Staple,Grains,no,no,,180,USDA FoodKeeper / SNAP ext,grains & pantry,,,
Brown rice (jar),Staple,Grains,no,no,,180,USDA FoodKeeper / SNAP ext,grains,,,
Brown rice (open),Staple,Grains,no,no,,180,USDA FoodKeeper / SNAP ext,grains,,,
Brown rice (sonamasuri),Staple,Grains,no,no,,180,USDA FoodKeeper / SNAP ext,grains & pantry,,,
Brown sugar,Staple,Other,no,no,,730,indefinite when dry; PP class 730,condiment;grains & pantry;pantry,,,
Buddha hot sauce,Staple,Condiments,no,no,,365,FoodKeeper ketchup/soy/vinegar 1-2 y sealed; PP class 365,condiment,,,
Butter,Dairy,,no,no,,60,FoodKeeper butter 1-3 mo refrigerated -> 60,dairy,,,
Butter (Amul),Dairy,,no,no,,60,FoodKeeper butter 1-3 mo refrigerated -> 60,dairy,,,
Buttermilk,Dairy,,no,no,,5,PP correction 24-Aug: fresh item wrongly given a dry-goods shelf life,dairy,,OPEN-AND-USE: sealed = per pack expiry; OPENED = 4d countdown,4
Button mushroom,Vegetable,,no,no,,4,USDA FoodKeeper / SNAP ext,fnv;vegetable,,,
Cabbage,Vegetable,,no,no,,12,USDA FoodKeeper / SNAP ext,fnv,,,
Cadbury Dairy Milk (26g),Staple,Bakery,no,no,,180,USDA FoodKeeper / SNAP ext,snacks & misc,,,
Californian prunes (Happilo),Staple,Other,no,no,,180,USDA FoodKeeper / SNAP ext,pantry,,,
Canned seafood (Jose Serrats),Meat,,no,no,,365,canned goods 1-2 y,meat & fish,,,
Canned sodas (assorted),Staple,Beverages,no,no,,365,canned goods 1-2 y,beverage,,,
Canned tuna (Tasty Nibbles),Meat,,no,no,,365,canned goods 1-2 y,meat & fish,,,
Caramel syrup,Staple,Condiments,no,no,,365,FoodKeeper ketchup/soy/vinegar 1-2 y sealed; PP class 365,condiment,,,
Caramel syrup (Carmine zero),Staple,Condiments,no,no,,365,FoodKeeper ketchup/soy/vinegar 1-2 y sealed; PP class 365,condiment,,,
Cardamom,Staple,Spices,no,no,,365,"McCormick/Healthline: ground 2-3 y, whole 3-4 y; PP class 365",spice,,,
Carrot,Vegetable,,no,no,70,12,PantryPulse rule 31-Jul-2026,fnv,none,"Hardened skin, not peeled before storage",
Cashew whole (Supreme Harvest),Staple,Grains,no,no,,180,USDA FoodKeeper / SNAP ext,grains & pantry,,,
Cashews,Staple,Other,no,no,,180,USDA FoodKeeper / SNAP ext,grains & pantry;nuts;pantry,,,
Cauliflower,Vegetable,,no,no,,4,USDA FoodKeeper / SNAP ext,fnv,,,
Chaat masala,Staple,Spices,no,no,,365,"McCormick/Healthline: ground 2-3 y, whole 3-4 y; PP class 365",spice,,,
Chamomile herb tea,Staple,Beverages,no,no,,365,"FoodKeeper tea 18-36 mo, coffee 2 y sealed; PP class 365",beverage,,,
Chana,Staple,Dals,no,no,,365,FoodKeeper dried beans 1 y+; PP class 365,dals,,,
Chana dal,Staple,Dals,no,no,,365,FoodKeeper dried beans 1 y+; PP class 365,dals,,,
Chana dal (A),Staple,Dals,no,no,,365,FoodKeeper dried beans 1 y+; PP class 365,dals,,,
Chana dal (B),Staple,Dals,no,no,,365,FoodKeeper dried beans 1 y+; PP class 365,dals,,,
Chana dal (C),Staple,Dals,no,no,,365,FoodKeeper dried beans 1 y+; PP class 365,dals,,,
Chana masala (Organic Tattva),Staple,Spices,no,no,,365,"McCormick/Healthline: ground 2-3 y, whole 3-4 y; PP class 365",spice,,,
Cheddar cheese (Milky Mist),Dairy,,no,no,,45,"FoodKeeper hard cheese opened 3-4 wk, sealed block ~6 wk -> 45",dairy,,,
Cheddar cheese block,Dairy,,no,no,,45,"FoodKeeper hard cheese opened 3-4 wk, sealed block ~6 wk -> 45",dairy,,,
Cheese,Dairy,,no,no,,45,"FoodKeeper hard cheese opened 3-4 wk, sealed block ~6 wk -> 45",dairy,,,
Cheese & jalapeno dip,Staple,Condiments,no,no,,365,jarred jalapenos 12 mo sealed,condiment,,,
Cheese & jalapeno spread,Staple,Grains,no,no,,365,jarred jalapenos 12 mo sealed,grains & pantry,,,
Cheese (Amul),Dairy,,no,no,,45,"FoodKeeper hard cheese opened 3-4 wk, sealed block ~6 wk -> 45",dairy,,,
Cheese cubes,Dairy,,no,no,,30,USDA FoodKeeper / SNAP ext,dairy,,,
Cheese sauce,Dairy,,no,no,,30,USDA FoodKeeper / SNAP ext,dairy,,,
Cheese slices,Dairy,,no,no,,30,USDA FoodKeeper / SNAP ext,dairy,,,
Cheese slices (Amul),Dairy,,no,no,,30,USDA FoodKeeper / SNAP ext,dairy,,,
Cherries,Fruit,,no,yes,,6,USDA FoodKeeper / SNAP ext,fruit,,,
Cherry pepper feta stuffed,Staple,Condiments,no,no,,365,"jarred/dried, 12 mo",condiment,,,
Cherry tomato,Vegetable,,no,no,100,7,USDA FoodKeeper / SNAP ext,fnv;vegetable,,,
Cherry tomatoes,Fruit,,no,yes,100,6,USDA FoodKeeper / SNAP ext,vegetable,,,
Chia seeds,Staple,Other,no,no,,180,USDA FoodKeeper / SNAP ext,grains & pantry;nuts;nuts & seeds;pantry,,,
Chia seeds (Farmley),Staple,Grains,no,no,,180,USDA FoodKeeper / SNAP ext,grains & pantry,,,
Chicken,Meat,,no,no,,2,USDA FoodKeeper / SNAP ext,meat & fish;protein,,,
Chicken (boneless),Meat,,no,no,,2,USDA FoodKeeper / SNAP ext,protein,,,
Chicken (curry cut),Meat,,no,no,,2,USDA FoodKeeper / SNAP ext,protein,,,
Chicken breast,Meat,,no,no,,2,USDA FoodKeeper / SNAP ext,meat & fish,,,
Chicken breast (Licious),Meat,,no,no,,2,USDA FoodKeeper / SNAP ext,meat & fish,,,
Chicken breast (boneless),Meat,,no,no,,2,USDA FoodKeeper / SNAP ext,protein,,,
Chicken curry cut,Meat,,no,no,,2,USDA FoodKeeper / SNAP ext,meat & fish,,,
Chicken gravy packets,Meat,,no,no,,2,USDA FoodKeeper / SNAP ext,protein,,,
Chicken masala,Staple,Spices,no,no,,365,"McCormick/Healthline: ground 2-3 y, whole 3-4 y; PP class 365",spice,,,
Chicken masala (Everest),Staple,Spices,no,no,,365,"McCormick/Healthline: ground 2-3 y, whole 3-4 y; PP class 365",spice,,,
"Chicken mince (Licious, frozen)",Staple,Frozen,no,no,,120,PP correction 24-Aug (Bhavya): was bucket=Meat SL=2,meat & fish,,,
Chicken mince / kheema,Meat,,no,no,,2,USDA FoodKeeper / SNAP ext,protein,,,
Chicken thigh (boneless),Meat,,no,no,,2,USDA FoodKeeper / SNAP ext,meat & fish,,,
Chickpeas (open),Staple,Dals,no,no,,365,FoodKeeper dried beans 1 y+; PP class 365,dals,,,
Chickpeas / kabuli chana,Staple,Dals,no,no,,365,FoodKeeper dried beans 1 y+; PP class 365,dals,,,
Chilli flakes,Staple,Other,no,no,,365,"McCormick/Healthline: ground 2-3 y, whole 3-4 y; PP class 365",grains & pantry;pantry;spice,,,
Chilli flakes grinder,Staple,Spices,no,no,,365,12 mo sealed,spice,,,
Chilli oil,Staple,Condiments,no,no,,365,"FoodKeeper oils 6-12 mo unopened, 3-5 mo opened; PP class 365",condiment,,,
Chilli powder,Staple,Grains,no,no,,365,"McCormick/Healthline: ground 2-3 y, whole 3-4 y; PP class 365",grains & pantry;spice,,,
Chin-Su sauce,Staple,Condiments,no,no,,365,FoodKeeper ketchup/soy/vinegar 1-2 y sealed; PP class 365,condiment,,,
Chings Sriracha,Staple,Other,no,no,,365,"McCormick/Healthline: ground 2-3 y, whole 3-4 y; PP class 365",pantry,,,
Chocolate oats,Staple,Grains,no,no,,180,USDA FoodKeeper / SNAP ext,grains & pantry,,,
Chocolate syrup (Hersheys),Staple,Grains,no,no,,365,FoodKeeper ketchup/soy/vinegar 1-2 y sealed; PP class 365,grains & pantry,,,
Chole,Staple,Dals,no,no,,365,FoodKeeper dried beans 1 y+; PP class 365,dals,,,
Chole masala,Staple,Spices,no,no,,365,"McCormick/Healthline: ground 2-3 y, whole 3-4 y; PP class 365",spice,,,
Chopped coriander,Vegetable,,yes,no,,4,PantryPulse rule 31-Jul-2026,fnv,normal,,
Chutney powder (MTR),Staple,Spices,no,no,,365,"McCormick/Healthline: ground 2-3 y, whole 3-4 y; PP class 365",spice,,,
Cinnamon,Staple,Spices,no,no,,365,"McCormick/Healthline: ground 2-3 y, whole 3-4 y; PP class 365",spice,,,
Cinnamon (Organic Tattva),Staple,Spices,no,no,,365,"McCormick/Healthline: ground 2-3 y, whole 3-4 y; PP class 365",spice,,,
Cinnamon powder,Staple,Spices,no,no,,365,"McCormick/Healthline: ground 2-3 y, whole 3-4 y; PP class 365",spice,,,
Clove (laung),Staple,Grains,no,no,,365,"McCormick/Healthline: ground 2-3 y, whole 3-4 y; PP class 365",grains & pantry,,,
Cloves,Staple,Spices,no,no,,365,"McCormick/Healthline: ground 2-3 y, whole 3-4 y; PP class 365",spice,,,
Cloves (laung),Staple,Spices,no,no,,365,"McCormick/Healthline: ground 2-3 y, whole 3-4 y; PP class 365",spice,,,
Coarse sea salt (Lucan),Staple,Spices,no,no,,730,indefinite when dry; PP class 730,spice,,,
Cocoa (Cadbury),Staple,Grains,no,no,,365,"FoodKeeper tea 18-36 mo, coffee 2 y sealed; PP class 365",grains & pantry,,,
Cocoa powder,Staple,Other,no,no,,365,"McCormick/Healthline: ground 2-3 y, whole 3-4 y; PP class 365",pantry,,,
Coconut (chunks),Vegetable,Other,no,no,,3,2-3 d refrigerated,pantry,,,
Coconut (fresh),Fruit,,no,yes,,6,USDA FoodKeeper / SNAP ext,fruit,,,
Coconut chunks,Fruit,,no,yes,,3,2-3 d refrigerated,fruit,,,
Coconut cream,Dairy,,no,no,,180,PantryPulse rule 31-Jul-2026,dairy,,OPEN-AND-USE: sealed = per pack expiry; OPENED = 4d countdown,4
Coconut milk,Dairy,,no,no,,180,PantryPulse rule 31-Jul-2026,dairy;pantry,,OPEN-AND-USE: sealed = per pack expiry; OPENED = 4d countdown,4
Coconut milk (unsweetened),Dairy,,no,no,,180,PantryPulse rule 31-Jul-2026,dairy,,OPEN-AND-USE: sealed = per pack expiry; OPENED = 4d countdown,4
Coconut oil,Staple,Oils,no,no,,365,"FoodKeeper oils 6-12 mo unopened, 3-5 mo opened; PP class 365",oil;pantry,,,
Coconut water (Coco Fresh),Staple,Beverages,no,no,,180,USDA FoodKeeper / SNAP ext,beverage,,,
Coffee (Blue Tokai),Staple,Beverages,no,no,,365,"FoodKeeper tea 18-36 mo, coffee 2 y sealed; PP class 365",beverage,,,
Coffee (ground),Staple,Beverages,no,no,,365,"FoodKeeper tea 18-36 mo, coffee 2 y sealed; PP class 365",beverage,,,
Coffee (jar),Staple,Beverages,no,no,,365,"FoodKeeper tea 18-36 mo, coffee 2 y sealed; PP class 365",beverage,,,
Collagen peptides (Isopure),Staple,Other,no,no,,365,sealed 12 mo,supplement,,,
Cooked chickpeas,Staple,Condiments,no,no,,365,FoodKeeper dried beans 1 y+; PP class 365,condiment,,,
Coriander,Vegetable,,yes,no,,4,PantryPulse rule 31-Jul-2026,fnv,normal,,
Coriander (dhania),Vegetable,,yes,no,,4,PantryPulse rule 31-Jul-2026,fnv,normal,,
Coriander (fresh),Vegetable,,yes,no,,4,PantryPulse rule 31-Jul-2026,herbs,normal,,
Coriander powder,Staple,Spices,no,no,,365,"McCormick/Healthline: ground 2-3 y, whole 3-4 y; PP class 365",spice,,,
Coriander powder (Double Parrot),Staple,Spices,no,no,,365,"McCormick/Healthline: ground 2-3 y, whole 3-4 y; PP class 365",spice,,,
Coriander powder (MTR),Staple,Spices,no,no,,365,"McCormick/Healthline: ground 2-3 y, whole 3-4 y; PP class 365",spice,,,
Coriander powder (dhania),Staple,Spices,no,no,,365,"McCormick/Healthline: ground 2-3 y, whole 3-4 y; PP class 365",spice,,,
Coriander seeds,Staple,Spices,no,no,,365,"McCormick/Healthline: ground 2-3 y, whole 3-4 y; PP class 365",spice,,,
Coriander seeds (whole),Staple,Spices,no,no,,365,"McCormick/Healthline: ground 2-3 y, whole 3-4 y; PP class 365",spice,,,
Corn flour,Staple,Other,no,no,,180,USDA FoodKeeper / SNAP ext,pantry,,,
Corn flour (Popular),Staple,Grains,no,no,,180,USDA FoodKeeper / SNAP ext,grains,,,
Corn powder,Staple,Other,no,no,,365,"McCormick/Healthline: ground 2-3 y, whole 3-4 y; PP class 365",pantry,,,
Corn starch,Staple,Grains,no,no,,365,12 mo sealed,grains & pantry,,,
Corn starch (Brown & Polson),Staple,Grains,no,no,,365,12 mo sealed,grains,,,
Corn syrup,Staple,Other,no,no,,730,indefinite when dry; PP class 730,pantry,,,
Cosmopolitan cocktail (Jimmys),Staple,Beverages,no,no,,365,12 mo+,beverage,,,
Cosmopolitan cocktail (Jimmy’s),Staple,Beverages,no,no,,365,12 mo+,beverage,,,
Cow ghee,Staple,Oils,no,no,,365,"clarified butter, shelf-stable ~12 mo",oil,,,
Cow milk (Akshayakalpa),Dairy,,no,no,,3,pasteurised pouch milk 2-3 d refrigerated (FoodKeeper opened milk 1 wk; Indian pouch 3),dairy,,,
Cow milk (fresh),Dairy,,no,no,,3,pasteurised pouch milk 2-3 d refrigerated (FoodKeeper opened milk 1 wk; Indian pouch 3),dairy,,,
Cow milk pouch (Akshayakalpa),Dairy,,no,no,,3,pasteurised pouch milk 2-3 d refrigerated (FoodKeeper opened milk 1 wk; Indian pouch 3),dairy,,,
Cream cheese spread (D’lecta),Dairy,,no,no,,30,PP correction 24-Aug: fresh item wrongly given a dry-goods shelf life,dairy,,OPEN-AND-USE: sealed = per pack expiry; OPENED = 4d countdown,4
Creatine (Isopure),Staple,Other,no,no,,365,sealed 12 mo,supplement,,,
Creatine monohydrate,Staple,Other,no,no,,365,sealed powders 12+ mo,supplement,,,
Crunchy chilli oil,Staple,Condiments,no,no,,365,"FoodKeeper oils 6-12 mo unopened, 3-5 mo opened; PP class 365",condiment,,,
Cucumber,Vegetable,,no,no,200,6,USDA FoodKeeper / SNAP ext,fnv,,,
Culinary Chinese rice wine,Staple,Other,no,no,,365,12 mo+,pantry,,,
Cumin / jeera (whole),Staple,Spices,no,no,,365,"McCormick/Healthline: ground 2-3 y, whole 3-4 y; PP class 365",spice,,,
Curd,Dairy,,no,no,,7,USDA FoodKeeper / SNAP ext,dairy,,,
Curd (Akshayakalpa),Dairy,,no,no,,10,FoodKeeper yogurt 1-2 wk refrigerated -> 10,dairy,,,
Curd (Sid's Farm),Dairy,,no,no,,10,FoodKeeper yogurt 1-2 wk refrigerated -> 10,dairy,,,
Curd/yogurt,Dairy,,no,no,,7,USDA FoodKeeper / SNAP ext,dairy,,,
Curry leaves,Vegetable,,yes,no,,4,PantryPulse rule 31-Jul-2026,fnv,normal,"STORAGE: cleaned+dried, airtight in fridge 12d / kept as bought 4d (default)",
Cut mango pickle,Staple,Condiments,no,no,,365,FoodKeeper ketchup/soy/vinegar 1-2 y sealed; PP class 365,condiment,,,
Dahi (Amul Masti),Dairy,,no,no,,10,FoodKeeper yogurt 1-2 wk refrigerated -> 10,dairy,,,
Dahi (curd) pack,Dairy,,no,no,,10,FoodKeeper yogurt 1-2 wk refrigerated -> 10,dairy,,,
Dairy Milk Silk Oreo,Staple,Other,no,no,,180,USDA FoodKeeper / SNAP ext,treat,,,
Dark soy sauce,Staple,Grains,no,no,,365,FoodKeeper ketchup/soy/vinegar 1-2 y sealed; PP class 365,condiment;grains & pantry,,,
Dates,Fruit,,no,yes,,180,PP class 180 (freeze for longer),fruit;nuts & seeds;pantry,,,
Del Monte pitted black olives,Staple,Condiments,no,no,,365,FoodKeeper ketchup/soy/vinegar 1-2 y sealed; PP class 365,condiment,,,
Delicata dairy cream,Dairy,,no,no,,15,PP correction 24-Aug: fresh item wrongly given a dry-goods shelf life,dairy,,OPEN-AND-USE: sealed = per pack expiry; OPENED = 4d countdown,4
Desi Khandsari sugar,Staple,Other,no,no,,730,indefinite when dry; PP class 730,pantry,,,
Dettol liquid handwash,Staple,Other,no,no,,9999,not perishable,household,,,
Dhaniya / haldi / spice jars,Staple,Spices,no,no,,365,"McCormick/Healthline: ground 2-3 y, whole 3-4 y; PP class 365",spice,,,
Dhaniya powder,Staple,Spices,no,no,,365,"McCormick/Healthline: ground 2-3 y, whole 3-4 y; PP class 365",spice,,,
Dhaniya seeds,Staple,Spices,no,no,,365,"McCormick/Healthline: ground 2-3 y, whole 3-4 y; PP class 365",spice,,,
Diet Coke (drink),Staple,Other,no,no,,180,USDA FoodKeeper / SNAP ext,pantry,,,
Digestive biscuits,Staple,Bakery,no,no,,180,USDA FoodKeeper / SNAP ext,snacks & misc,,,
Dill,Vegetable,,yes,no,,4,PantryPulse rule 31-Jul-2026,fnv,normal,,
Dill (sabbasige),Vegetable,,yes,no,,4,PantryPulse rule 31-Jul-2026,vegetable,normal,,
Dill leaves,Vegetable,,yes,no,,4,PantryPulse rule 31-Jul-2026,fnv,normal,,
Doggy chicken (pet food),Staple,Other,no,no,,2,raw pet meat 1-2 d,pet,,,
Dosa batter,Dairy,,no,no,,4,idli/dosa/ragi batter 3-4 d refrigerated,dairy;pantry,,,
Dosa/idli batter,Staple,Grains,no,no,,4,idli/dosa/ragi batter 3-4 d refrigerated,grains & pantry,,,
Dragon fruit,Fruit,,no,yes,,6,USDA FoodKeeper / SNAP ext,fruit,,,
Dried cranberry,Staple,Other,no,yes,,365,dehydrated/dried 12 mo sealed,fnv;fruit,,,
Dried flower shiitake,Staple,Other,no,no,,365,PP correction 24-Aug (Bhavya): was bucket=Vegetable SL=6,vegetable,,,
Dried herb mix,Staple,Spices,no,no,,365,dehydrated/dried 12 mo sealed,spice,,,
Dried mixed berries,Staple,Other,no,no,,365,dehydrated/dried 12 mo sealed,pantry,,,
Dried red chilli,Staple,Spices,no,no,,365,dehydrated/dried 12 mo sealed,spice,,,
Dried red chilli flakes,Staple,Spices,no,no,,365,dehydrated/dried 12 mo sealed,spice,,,
Dried shiitake mushroom,Staple,Other,no,no,,365,PP correction 24-Aug (Bhavya): was bucket=Vegetable SL=4,vegetable,,,
Dried tea-tree mushroom,Staple,Other,no,no,,365,PP correction 24-Aug (Bhavya): was bucket=Vegetable SL=4,vegetable,,,
Drumstick,Vegetable,,no,no,,6,USDA FoodKeeper / SNAP ext,fnv,,,
Drumstick (cut),Vegetable,,no,no,,6,USDA FoodKeeper / SNAP ext,fnv,,,
Drumstick (moringa),Vegetable,,no,no,,6,USDA FoodKeeper / SNAP ext,vegetable,,,
Drumstick (pods),Vegetable,,no,no,,6,USDA FoodKeeper / SNAP ext,fnv,,,
Dry coconut,Staple,Other,no,yes,,90,PP correction 24-Aug (Bhavya): was bucket=Vegetable SL=6,fnv;fruit;pantry,,,
Dry dates powder,Staple,Grains,no,no,,365,"McCormick/Healthline: ground 2-3 y, whole 3-4 y; PP class 365",cereal,,,
Dry mango powder,Staple,Spices,no,no,,365,dehydrated/dried 12 mo sealed,spice,,,
Dry mango powder (amchur),Staple,Spices,no,no,,365,dehydrated/dried 12 mo sealed,spice,,,
Dry prunes,Staple,Other,no,yes,,180,PP correction 24-Aug (Bhavya): was bucket=Fruit SL=6,fruit,,,
Dry red chilli (whole),Staple,Spices,no,no,,365,dehydrated/dried 12 mo sealed,spice,,,
ENO (lemon),Staple,Spices,no,no,,365,sealed 12 mo,spice,,,
Edamame (frozen),Staple,Frozen,no,no,,180,USDA FoodKeeper / SNAP ext,frozen,,,
Eggplant,Vegetable,,no,no,200,7,USDA FoodKeeper / SNAP ext,fnv,,,
Eggs,Meat,,no,no,,21,FoodKeeper shell eggs 3-5 wk refrigerated; Indian ambient retail -> 21,dairy;eggs;protein,,,
Eggs (free-range brown),Meat,,no,no,,21,FoodKeeper shell eggs 3-5 wk refrigerated; Indian ambient retail -> 21,eggs,,,
Elaichi,Staple,Spices,no,no,,365,"McCormick/Healthline: ground 2-3 y, whole 3-4 y; PP class 365",spice,,,
Elaichi (cardamom),Staple,Grains,no,no,,365,"McCormick/Healthline: ground 2-3 y, whole 3-4 y; PP class 365",grains & pantry,,,
Emmer wheat,Staple,Other,no,no,,180,USDA FoodKeeper / SNAP ext,grains;pantry,,,
Epigamia Greek yogurt (blueberry),Dairy,,no,no,,10,FoodKeeper yogurt 1-2 wk refrigerated -> 10,dairy,,,
Epigamia Greek yogurt (mixed berries),Dairy,,no,no,,10,FoodKeeper yogurt 1-2 wk refrigerated -> 10,dairy,,,
Epigamia Greek yogurt (natural),Dairy,,no,no,,10,FoodKeeper yogurt 1-2 wk refrigerated -> 10,dairy,,,
European cucumber,Vegetable,,no,no,200,6,USDA FoodKeeper / SNAP ext,fnv,,,
Everyday sweet sugar replacer,Staple,Other,no,no,,730,indefinite when dry; PP class 730,other,,,
Extra virgin olive oil,Staple,Oils,no,no,,365,12 mo+,oil;pantry,,,
Farfalle whole wheat (Dolce Vita),Staple,Other,no,no,,180,USDA FoodKeeper / SNAP ext,pasta,,,
Fennel seeds,Staple,Spices,no,no,,365,"McCormick/Healthline: ground 2-3 y, whole 3-4 y; PP class 365",spice,,,
Fennel seeds (saunf),Staple,Spices,no,no,,365,"McCormick/Healthline: ground 2-3 y, whole 3-4 y; PP class 365",spice,,,
Feta cheese,Dairy,,no,no,,30,USDA FoodKeeper / SNAP ext,dairy,,,
Feta cheese (Delecta),Dairy,,no,no,,30,USDA FoodKeeper / SNAP ext,dairy,,,
Fig vinegar (La Chinata),Staple,Other,no,no,,365,FoodKeeper ketchup/soy/vinegar 1-2 y sealed; PP class 365,vinegar,,,
Figaro olive oil,Staple,Oils,no,no,,365,"FoodKeeper oils 6-12 mo unopened, 3-5 mo opened; PP class 365",oil,,,
Figs,Fruit,,no,yes,,6,USDA FoodKeeper / SNAP ext,fruit,,,
Filter coffee,Staple,Beverages,no,no,,365,"FoodKeeper tea 18-36 mo, coffee 2 y sealed; PP class 365",beverage,,,
Fish,Meat,,no,no,,2,USDA FoodKeeper / SNAP ext,meat & fish;protein,,,
Fish (pabda catfish),Meat,,no,no,,2,USDA FoodKeeper / SNAP ext,protein,,,
Fish sauce,Staple,Other,no,no,,365,FoodKeeper ketchup/soy/vinegar 1-2 y sealed; PP class 365,pantry,,,
Fish sauce (Real Thai),Staple,Condiments,no,no,,365,PP correction 24-Aug (Bhavya): was bucket=Meat SL=2,meat & fish,,,
Flax seed masala,Staple,Other,no,no,,365,"McCormick/Healthline: ground 2-3 y, whole 3-4 y; PP class 365",nuts,,,
Flax seeds,Staple,Grains,no,no,,180,USDA FoodKeeper / SNAP ext,grains & pantry;nuts;nuts & seeds,,,
Flax seeds (Farmley),Staple,Grains,no,no,,180,USDA FoodKeeper / SNAP ext,grains & pantry,,,
Food colours (Blue/Yellow/Green),Staple,Other,no,no,,365,12 mo sealed,misc,,,
Foxtail millet,Staple,Grains,no,no,,180,USDA FoodKeeper / SNAP ext,grains,,,
French beans,Vegetable,,no,no,,6,USDA FoodKeeper / SNAP ext,fnv;vegetable,,,
French vinaigrette,Staple,Condiments,no,no,,365,12 mo sealed,condiment,,,
Fresh coconut,Fruit,,no,yes,,6,USDA FoodKeeper / SNAP ext,fruit,,,
Fresh cream,Dairy,,no,no,,15,PP correction 24-Aug: fresh item wrongly given a dry-goods shelf life,dairy,,OPEN-AND-USE: sealed = per pack expiry; OPENED = 4d countdown,4
Fresh cream (Amul),Dairy,,no,no,,15,PP correction 24-Aug: fresh item wrongly given a dry-goods shelf life,dairy,,OPEN-AND-USE: sealed = per pack expiry; OPENED = 4d countdown,4
Fresh methi,Vegetable,,yes,no,,4,PantryPulse rule 31-Jul-2026,fnv,normal,,
Fried pork,Meat,,no,no,,2,USDA FoodKeeper / SNAP ext,meat & fish,,,
Frozen corn (sweet corn),Staple,Frozen,no,no,,180,USDA FoodKeeper / SNAP ext,frozen,,,
Frozen green beans,Staple,Other,no,no,,180,USDA FoodKeeper / SNAP ext,freezer,,,
Frozen green peas,Staple,Frozen,no,no,,180,frozen 6 mo (PP PEAS-FROZEN 180),fnv,none,FROZEN pack — months; keep frozen,
Frozen green peas (Safal),Staple,Frozen,no,no,,180,frozen 6 mo (PP PEAS-FROZEN 180),fnv;grains & pantry,none,FROZEN pack — months; keep frozen,
Frozen peas,Staple,Frozen,no,no,,180,PantryPulse rule 31-Jul-2026,frozen,none,FROZEN pack — months; keep frozen,
Frozen peas (unpeeled),Staple,Grains,no,no,,180,PantryPulse rule 31-Jul-2026,grains & pantry,none,FROZEN pack — months; keep frozen,
Frozen puff pastry,Staple,Frozen,no,no,,180,USDA FoodKeeper / SNAP ext,frozen,,,
Frozen rice,Staple,Grains,no,no,,180,USDA FoodKeeper / SNAP ext,grains & pantry,,,
Frozen veg mix,Staple,Grains,no,no,,180,USDA FoodKeeper / SNAP ext,grains & pantry,,,
Fruit Treat bhindi chips,Staple,Bakery,no,no,,180,USDA FoodKeeper / SNAP ext,snacks & misc,,,
Fruit yoghurt cup,Dairy,,no,no,,7,USDA FoodKeeper / SNAP ext,dairy,,,
Full Moon ghee (Two Brothers),Staple,Oils,no,no,,365,"clarified butter, shelf-stable ~12 mo",oil,,,
Full cream milk (Heritage),Dairy,,no,no,,4,PP correction 24-Aug: fresh item wrongly given a dry-goods shelf life,dairy,,OPEN-AND-USE: sealed = per pack expiry; OPENED = 4d countdown,4
Fusilli/Bucatini pasta,Staple,Grains,no,no,,180,USDA FoodKeeper / SNAP ext,grains & pantry,,,
Garam masala,Staple,Grains,no,no,,365,"McCormick/Healthline: ground 2-3 y, whole 3-4 y; PP class 365",grains & pantry;spice,,,
Gardenia Idukki green cardamom,Staple,Spices,no,no,,365,"McCormick/Healthline: ground 2-3 y, whole 3-4 y; PP class 365",spices & pantry,,,
Garlic,Vegetable,,no,no,50,30,PantryPulse rule 31-Jul-2026,fnv,none,Whole unpeeled bulb,
Garlic paste,Vegetable,,no,no,50,18,PantryPulse rule 31-Jul-2026,condiment;fnv,none,HOMEMADE (no preservatives) 15-20d; market pack = 60d,
Garlic paste (Mothers Recipe),Vegetable,,no,no,50,60,PantryPulse rule 31-Jul-2026,fnv,none,MARKET pack (preservatives) 60d once opened-refrigerated,
Garlic powder,Staple,Other,no,no,,365,"McCormick/Healthline: ground 2-3 y, whole 3-4 y; PP class 365",pantry;spice,,,
German sweet & sour,Staple,Condiments,no,no,,365,12 mo sealed,condiment,,,
Ghee (Akshayakalpa),Dairy,,no,no,,365,"clarified butter, shelf-stable ~12 mo",dairy,,,
Ghee (Amul),Staple,Other,no,no,,365,"clarified butter, shelf-stable ~12 mo",pantry,,,
Ghee pouch,Staple,Other,no,no,,365,"clarified butter, shelf-stable ~12 mo",pantry,,,
Ginger,Vegetable,,no,no,,21,USDA FoodKeeper / SNAP ext,fnv,,,
Ginger Blossom gut shot,Staple,Grains,no,no,,365,sealed 12 mo,grains & pantry,,,
Ginger garlic paste,Staple,Condiments,no,no,,18,PantryPulse rule 31-Jul-2026,condiment,none,HOMEMADE 15-20d; market pack = 60d,
Ginger paste,Vegetable,,no,no,,18,PP rule PASTE-HOME 18 d,condiment;fnv,,,
Ginger paste (Dabur),Vegetable,,no,no,,60,PP rule PASTE-MARKET 60 d,fnv,,,
Ginger powder grinder,Staple,Spices,no,no,,365,12 mo sealed,spice,,,
Goan cafreal masala,Staple,Condiments,no,no,,365,"McCormick/Healthline: ground 2-3 y, whole 3-4 y; PP class 365",condiment,,,
Goat / mutton (boneless curry cut),Meat,,no,no,,2,USDA FoodKeeper / SNAP ext,meat & fish,,,
GobbleRight almond wrap,Staple,Bakery,no,no,,30,"sealed tortillas 1-2 mo, opened 7 d -> 30",snacks & misc,,,
GobbleRight beetroot & quinoa wrap,Staple,Bakery,no,no,,30,"sealed tortillas 1-2 mo, opened 7 d -> 30",snacks & misc,,,
Gobbleright crunchies,Staple,Other,no,no,,180,USDA FoodKeeper / SNAP ext,snacks,,,
Gobbleright quinoa beetroot,Staple,Grains,no,no,,180,USDA FoodKeeper / SNAP ext,grains & pantry,,,
Gobbleright spinach quinoa,Staple,Grains,no,no,,180,USDA FoodKeeper / SNAP ext,grains & pantry,,,
Gochujang,Staple,Condiments,no,no,,365,FoodKeeper ketchup/soy/vinegar 1-2 y sealed; PP class 365,condiment,,,
Gondhoraj lemon,Vegetable,,no,no,50,21,USDA FoodKeeper / SNAP ext,fnv,,,
Gongura leaves,Vegetable,,no,no,,6,USDA FoodKeeper / SNAP ext,fnv,,,
Gongura pickle,Staple,Condiments,no,no,,365,FoodKeeper ketchup/soy/vinegar 1-2 y sealed; PP class 365,condiment,,,
Grain muesli (Whole Truth),Staple,Other,no,no,,180,USDA FoodKeeper / SNAP ext,snacks,,,
Grapes,Fruit,,no,yes,,10,FoodKeeper grapes 1 wk; firm Indian grapes ~10 d,fruit,,,
Grated coconut,Fruit,,no,yes,,3,2-3 d refrigerated,fruit;pantry,,,
Greek yoghurt (Athena),Dairy,,no,no,,10,FoodKeeper yogurt 1-2 wk refrigerated -> 10,dairy,,,
Greek yogurt (Akshayakalpa plain),Dairy,,no,no,,10,FoodKeeper yogurt 1-2 wk refrigerated -> 10,dairy,,,
Greek yogurt (Milky Mist),Dairy,,no,no,,10,FoodKeeper yogurt 1-2 wk refrigerated -> 10,dairy,,,
Greek yogurt + set curd (Akshayakalpa),Dairy,,no,no,,10,FoodKeeper yogurt 1-2 wk refrigerated -> 10,dairy,,,
Greek yogurt / curd,Dairy,,no,no,,10,FoodKeeper yogurt 1-2 wk refrigerated -> 10,dairy,,,
Green beans,Vegetable,,no,no,,6,USDA FoodKeeper / SNAP ext,fnv,,,
Green capsicum,Vegetable,,no,no,125,12,USDA FoodKeeper / SNAP ext,fnv,,,
Green cardamom (whole),Staple,Spices,no,no,,365,"McCormick/Healthline: ground 2-3 y, whole 3-4 y; PP class 365",spice,,,
Green chilli,Vegetable,,no,no,,6,USDA FoodKeeper / SNAP ext,fnv,,,
Green cucumber,Vegetable,,no,no,200,6,USDA FoodKeeper / SNAP ext,fnv,,,
Green mango,Fruit,,no,yes,200,10,firm raw mango ~10 d,fruit,,,
Green moong,Staple,Dals,no,no,,365,PP correction 24-Aug (Bhavya): was bucket=Meat SL=2,dals;protein,,,
Green moong (whole),Staple,Dals,no,no,,365,FoodKeeper dried beans 1 y+; PP class 365,dals,,,
Green moong sprouts,Vegetable,,no,no,,3,PP rule: sprouts 3 d,fnv,,,
Green olives,Staple,Other,no,no,,365,FoodKeeper ketchup/soy/vinegar 1-2 y sealed; PP class 365,condiment;pantry,,,
Green olives (Del Monte),Staple,Grains,no,no,,365,FoodKeeper ketchup/soy/vinegar 1-2 y sealed; PP class 365,grains & pantry,,,
Green peas,Vegetable,,no,no,,7,PantryPulse rule 31-Jul-2026,fnv,none,FRESH peas — 7d,
Green peas (unpeeled),Vegetable,,no,no,,7,PantryPulse rule 31-Jul-2026,fnv,none,FRESH peas — 7d,
Green raisins,Staple,Grains,no,no,,180,USDA FoodKeeper / SNAP ext,grains & pantry,,,
Green tea,Staple,Grains,no,no,,365,"FoodKeeper tea 18-36 mo, coffee 2 y sealed; PP class 365",grains & pantry,,,
Green tomato,Vegetable,,no,no,100,7,USDA FoodKeeper / SNAP ext,fnv,,,
Ground coffee,Staple,Beverages,no,no,,365,"FoodKeeper tea 18-36 mo, coffee 2 y sealed; PP class 365",beverage,,,
Groundnut oil,Staple,Oils,no,no,,365,"FoodKeeper oils 6-12 mo unopened, 3-5 mo opened; PP class 365",oil,,,
Groundnut oil (Fortune),Staple,Other,no,no,,365,"FoodKeeper oils 6-12 mo unopened, 3-5 mo opened; PP class 365",pantry,,,
Groundnut oil (Saffola),Staple,Other,no,no,,365,"FoodKeeper oils 6-12 mo unopened, 3-5 mo opened; PP class 365",pantry,,,
Gruyere cheese,Dairy,,no,no,,45,"FoodKeeper hard cheese opened 3-4 wk, sealed block ~6 wk -> 45",dairy,,,
Guava,Fruit,,no,yes,200,6,USDA FoodKeeper / SNAP ext,fnv;fruit,,,
"Guava (white, premium)",Fruit,,no,yes,200,6,USDA FoodKeeper / SNAP ext,fruit,,,
Guava / pear,Fruit,,no,yes,150,10,ripe pears ~1 wk refrigerated -> 10,fruit,,,
Gulab jamun mix,Staple,Grains,no,no,,180,USDA FoodKeeper / SNAP ext,grains & pantry,,,
Hakka noodles,Staple,Other,no,no,,180,USDA FoodKeeper / SNAP ext,other,,,
Hakka noodles (Master Chow),Staple,Grains,no,no,,180,USDA FoodKeeper / SNAP ext,grains & pantry,,,
Haldi,Staple,Spices,no,no,,365,"McCormick/Healthline: ground 2-3 y, whole 3-4 y; PP class 365",spice,,,
Haldi powder,Staple,Spices,no,no,,365,"McCormick/Healthline: ground 2-3 y, whole 3-4 y; PP class 365",spice,,,
Happa cereals,Staple,Grains,no,no,,180,USDA FoodKeeper / SNAP ext,cereal,,,
Happa fruit melts,Staple,Grains,no,no,,180,USDA FoodKeeper / SNAP ext,cereal,,,
Hard tofu,Meat,,no,no,,7,"FoodKeeper tofu opened 3-5 d, sealed 2-4 wk -> 7",fnv,,,
Hari methi,Staple,Spices,no,no,,4,PP rule LEAF-NORMAL 4,spice,,,
Hariyali dhaniya,Staple,Spices,no,no,,365,"McCormick/Healthline: ground 2-3 y, whole 3-4 y; PP class 365",spice,,,
Hellmann mayonnaise,Staple,Other,no,no,,90,"FoodKeeper mayo opened 2 mo, sealed longer -> 90",pantry,,,
Hellmann mayonnaise (A),Staple,Condiments,no,no,,90,"FoodKeeper mayo opened 2 mo, sealed longer -> 90",condiment,,,
Hellmann mayonnaise (B),Staple,Condiments,no,no,,90,"FoodKeeper mayo opened 2 mo, sealed longer -> 90",condiment,,,
Herb salt (Zelisna),Staple,Spices,no,no,,730,indefinite when dry; PP class 730,spice,,,
Hershey’s strawberry syrup,Staple,Condiments,no,no,,365,FoodKeeper ketchup/soy/vinegar 1-2 y sealed; PP class 365,condiment,,,
High-protein atta,Staple,Grains,no,no,,180,USDA FoodKeeper / SNAP ext,grains,,,
High-protein oats (Eat Elements),Staple,Other,no,no,,180,USDA FoodKeeper / SNAP ext,snacks,,,
Himalayan kala namak,Staple,Other,no,no,,365,12 mo sealed,pantry,,,
Hing,Staple,Spices,no,no,,365,"McCormick/Healthline: ground 2-3 y, whole 3-4 y; PP class 365",spice,,,
Hing / asafoetida (VDH),Staple,Spices,no,no,,365,"McCormick/Healthline: ground 2-3 y, whole 3-4 y; PP class 365",spice,,,
Hoisin sauce,Staple,Other,no,no,,365,FoodKeeper ketchup/soy/vinegar 1-2 y sealed; PP class 365,pantry,,,
Homemade curd,Dairy,,no,no,,5,USDA FoodKeeper / SNAP ext,dairy,,,
Homemade paneer,Dairy,,no,no,,3,USDA FoodKeeper / SNAP ext,dairy,,,
Honey,Staple,Other,no,no,,730,indefinite when dry; PP class 730,pantry,,,
Honey (Apis multifloral),Staple,Condiments,no,no,,730,indefinite when dry; PP class 730,condiment,,,
"Honey (Organic India, multifloral)",Staple,Grains,no,no,,730,indefinite when dry; PP class 730,grains & pantry,,,
Honey / mango jam,Staple,Grains,no,no,,730,indefinite when dry; PP class 730,grains & pantry,,,
Honey mustard,Staple,Condiments,no,no,,730,indefinite when dry; PP class 730,condiment,,,
Honey mustard dip,Staple,Condiments,no,no,,730,indefinite when dry; PP class 730,condiment,,,
Hot chocolate dark (Darkins),Staple,Other,no,no,,365,"FoodKeeper tea 18-36 mo, coffee 2 y sealed; PP class 365",snacks,,,
Hot chocolate powder,Staple,Beverages,no,no,,365,"McCormick/Healthline: ground 2-3 y, whole 3-4 y; PP class 365",beverage,,,
Hot sauce,Staple,Condiments,no,no,,365,FoodKeeper ketchup/soy/vinegar 1-2 y sealed; PP class 365,condiment,,,
Hummus,Dairy,,no,no,,7,USDA FoodKeeper / SNAP ext,dairy,,,
Hummus (NOICE Lebanese),Staple,Condiments,no,no,,7,homemade dips 5-7 d refrigerated,condiment,,,
Hung curd,Dairy,,no,no,,7,USDA FoodKeeper / SNAP ext,dairy,,,
"Hydration/electrolyte (Fast&Up, LiquidIV)",Staple,Grains,no,no,,365,"FoodKeeper tea 18-36 mo, coffee 2 y sealed; PP class 365",grains & pantry,,,
Ice,Staple,Other,no,no,,9999,ice,pantry,,,
Iceberg lettuce,Vegetable,,yes,no,,6,PantryPulse rule 31-Jul-2026,fnv,thick,,
Idli dosa batter,Vegetable,,no,no,,6,USDA FoodKeeper / SNAP ext,fnv,,,
Idli/dosa batter,Staple,Other,no,no,,6,PP correction 24-Aug: duplicate SKU had conflicting shelf life — unified,grains & pantry;pantry,,,
Idli/dosa batter (iD),Staple,Grains,no,no,,4,idli/dosa/ragi batter 3-4 d refrigerated,grains & pantry,,,
Imli,Staple,Spices,no,no,,365,tamarind and concentrates 12 mo,spice,,,
Imli (tamarind),Staple,Other,no,no,,365,tamarind and concentrates 12 mo,condiment;pantry,,,
Indian tonic (Fever-Tree),Staple,Beverages,no,no,,180,USDA FoodKeeper / SNAP ext,beverage,,,
Indrayani rice,Staple,Grains,no,no,,180,USDA FoodKeeper / SNAP ext,grains & pantry,,,
Instant dry yeast,Staple,Other,no,no,,365,dehydrated/dried 12 mo sealed,pantry,,,
Isabgol,Staple,Other,no,no,,365,sealed powders 12+ mo,pantry,,,
Italian mix grinder,Staple,Spices,no,no,,365,12 mo sealed,spice,,,
Jackfruit (khatal),Vegetable,,no,no,,6,USDA FoodKeeper / SNAP ext,vegetable,,,
Jaggery,Staple,Condiments,no,no,,730,indefinite when dry; PP class 730,condiment,,,
Jaggery powder,Staple,Other,no,no,,730,indefinite when dry; PP class 730,pantry,,,
Jalapeno,Vegetable,,no,no,,6,USDA FoodKeeper / SNAP ext,fnv,,,
Jalapeno peppers (Cornitos),Staple,Condiments,no,no,,365,jarred jalapenos 12 mo sealed,condiment,,,
Jalapenos,Staple,Condiments,no,no,,365,jarred jalapenos 12 mo sealed,condiment,,,
Jaljira (Everest),Staple,Spices,no,no,,365,12 mo sealed,spice,,,
Jaljira powder,Staple,Spices,no,no,,365,12 mo sealed,spice,,,
Jam (apricot),Staple,Condiments,no,no,,365,FoodKeeper ketchup/soy/vinegar 1-2 y sealed; PP class 365,condiment,,,
Jamun,Fruit,,no,yes,,3,strawberry/blackberry 3 d (PP),condiment;fruit,,,
Jeera,Staple,Grains,no,no,,365,"McCormick/Healthline: ground 2-3 y, whole 3-4 y; PP class 365",grains & pantry;spice,,,
Jeera (A),Staple,Spices,no,no,,365,"McCormick/Healthline: ground 2-3 y, whole 3-4 y; PP class 365",spice,,,
Jeera (B),Staple,Spices,no,no,,365,"McCormick/Healthline: ground 2-3 y, whole 3-4 y; PP class 365",spice,,,
Jeera (cumin),Staple,Spices,no,no,,365,"McCormick/Healthline: ground 2-3 y, whole 3-4 y; PP class 365",spices,,,
Jeera aloo masala,Staple,Spices,no,no,,365,"McCormick/Healthline: ground 2-3 y, whole 3-4 y; PP class 365",spice,,,
Jeera powder (A),Staple,Spices,no,no,,365,"McCormick/Healthline: ground 2-3 y, whole 3-4 y; PP class 365",spice,,,
Jeera powder (B),Staple,Spices,no,no,,365,"McCormick/Healthline: ground 2-3 y, whole 3-4 y; PP class 365",spice,,,
Jeera seeds,Staple,Spices,no,no,,365,"McCormick/Healthline: ground 2-3 y, whole 3-4 y; PP class 365",spice,,,
Jerk seasoning (Dunns River),Staple,Spices,no,no,,365,12 mo sealed,spice,,,
Jowar atta,Staple,Grains,no,no,,180,USDA FoodKeeper / SNAP ext,grains,,,
Jowar flour,Staple,Grains,no,no,,180,USDA FoodKeeper / SNAP ext,grains,,,
Jowar flour (Organic Tattva),Staple,Grains,no,no,,180,USDA FoodKeeper / SNAP ext,grains,,,
Jowar puff (Sangam),Staple,Other,no,no,,180,USDA FoodKeeper / SNAP ext,snacks,,,
Kaara Pura butter murukku,Staple,Bakery,no,no,,180,USDA FoodKeeper / SNAP ext,snacks & misc,,,
Kabuli chana,Staple,Grains,no,no,,365,FoodKeeper dried beans 1 y+; PP class 365,grains & pantry,,,
Kabuli chana (Tata Sampann),Staple,Dals,no,no,,365,FoodKeeper dried beans 1 y+; PP class 365,dals,,,
Kala chana,Staple,Dals,no,no,,365,FoodKeeper dried beans 1 y+; PP class 365,dals,,,
Kala chana (Tata Sampann),Staple,Grains,no,no,,365,FoodKeeper dried beans 1 y+; PP class 365,grains & pantry,,,
Kala chana (Whole Farm),Staple,Dals,no,no,,365,FoodKeeper dried beans 1 y+; PP class 365,dals,,,
Kale,Vegetable,,yes,no,,6,PantryPulse rule 31-Jul-2026,fnv,thick,,
Kashmiri chilli powder,Staple,Spices,no,no,,365,"McCormick/Healthline: ground 2-3 y, whole 3-4 y; PP class 365",spice,,,
Kashmiri red chilli (whole),Staple,Spices,no,no,,365,"McCormick/Healthline: ground 2-3 y, whole 3-4 y; PP class 365",spice,,,
Kasuri methi,Staple,Spices,no,no,,365,dried herbs 1-3 y sealed; PP 365,spice,,,
Kasuri methi (Catch),Staple,Other,no,no,,365,dried herbs 1-3 y sealed; PP 365,pantry;spice,,,
Ketchup,Staple,Condiments,no,no,,365,FoodKeeper ketchup/soy/vinegar 1-2 y sealed; PP class 365,condiment,,,
Kimchi,Dairy,,no,no,,90,refrigerated ferments keep 2-3+ mo,dairy,,,
Kiwi,Fruit,,no,yes,75,14,kiwi 1-2 wk+ refrigerated -> 14,fnv;fruit,,,
Kiwi (green),Fruit,,no,yes,75,14,kiwi 1-2 wk+ refrigerated -> 14,fruit,,,
Knol khol (kohlrabi),Vegetable,,no,no,,12,PP 12,fnv,,,
Koji hot sauce,Staple,Condiments,no,no,,365,FoodKeeper ketchup/soy/vinegar 1-2 y sealed; PP class 365,condiment,,,
Kombucha,Staple,Beverages,no,no,,90,refrigerated ferments keep 2-3+ mo,beverage,,,
Kora sambar,Staple,Spices,no,no,,180,USDA FoodKeeper / SNAP ext,spice,,,
Korma masala,Staple,Spices,no,no,,365,"McCormick/Healthline: ground 2-3 y, whole 3-4 y; PP class 365",spice,,,
Krishi Veda Byadgi whole chilli,Staple,Spices,no,no,,365,"jarred/dried, 12 mo",spices & pantry,,,
Laal mirchi / haldi / rasam / meat / chicken masala,Staple,Spices,no,no,,365,"McCormick/Healthline: ground 2-3 y, whole 3-4 y; PP class 365",spice,,,
Lactose-free Amul milk,Dairy,,no,no,,180,"PP rule OPEN-AND-USE sealed 180, opened 4",dairy,,,
Lady's finger,Vegetable,,no,no,,6,USDA FoodKeeper / SNAP ext,fnv,,,
Lady's finger (okra),Vegetable,,no,no,,6,USDA FoodKeeper / SNAP ext,fnv,,,
Lasagne (Barilla),Staple,Other,no,no,,180,USDA FoodKeeper / SNAP ext,pasta,,,
Lauki (bottle gourd),Vegetable,,no,no,,6,PantryPulse rule 31-Jul-2026,fnv,none,SEASONAL: summer (Mar-Jun) 8d / monsoon (Jul-Sep) 6d / winter (Oct-Feb) 4d,
Leek,Vegetable,,yes,no,,6,PantryPulse rule 31-Jul-2026,vegetable,thick,,
Lemon,Vegetable,,no,no,50,21,USDA FoodKeeper / SNAP ext,fnv,,,
Lemon & dates achaar (Ruchi),Staple,Condiments,no,no,,365,FoodKeeper ketchup/soy/vinegar 1-2 y sealed; PP class 365,condiment,,,
Lemongrass,Vegetable,,no,no,50,10,"radish, colocasia, celery ~10 d",fnv,,,
Lettuce,Vegetable,,yes,no,,6,PantryPulse rule 31-Jul-2026,fnv,thick,,
Light olive oil (Del Monte),Staple,Oils,no,no,,365,"FoodKeeper oils 6-12 mo unopened, 3-5 mo opened; PP class 365",oil,,,
Litchi,Fruit,,no,yes,15,6,USDA FoodKeeper / SNAP ext,fruit,,,
Little millet (Satvyk),Staple,Grains,no,no,,180,USDA FoodKeeper / SNAP ext,grains,,,
Longan (imported),Fruit,,no,yes,10,6,USDA FoodKeeper / SNAP ext,fruit,,,
M16,Staple,Other,no,no,,180,USDA FoodKeeper / SNAP ext,other,,,
MTR Kashmiri chilli powder,Staple,Spices,no,no,,365,"McCormick/Healthline: ground 2-3 y, whole 3-4 y; PP class 365",spice,,,
Maccheroni (Barilla),Staple,Other,no,no,,180,USDA FoodKeeper / SNAP ext,pasta,,,
Mackerel,Meat,,no,no,,2,USDA FoodKeeper / SNAP ext,meat & fish,,,
Maggi,Staple,Grains,no,no,,180,USDA FoodKeeper / SNAP ext,grains & pantry,,,
Maharashtrian masala,Staple,Spices,no,no,,365,"McCormick/Healthline: ground 2-3 y, whole 3-4 y; PP class 365",spice,,,
Maida,Staple,Grains,no,no,,180,USDA FoodKeeper / SNAP ext,grains & pantry,,,
Maida (Bhagyalakshmi),Staple,Grains,no,no,,180,USDA FoodKeeper / SNAP ext,grains,,,
Makhana,Staple,Grains,no,no,,180,USDA FoodKeeper / SNAP ext,grains & pantry,,,
Makhana cream & onion (Farmley),Staple,Other,no,no,,180,USDA FoodKeeper / SNAP ext,snacks,,,
Manchurian sauce,Staple,Grains,no,no,,365,FoodKeeper ketchup/soy/vinegar 1-2 y sealed; PP class 365,grains & pantry,,,
Mandarin orange,Fruit,,no,yes,130,21,USDA FoodKeeper / SNAP ext,fruit,,,
Mango,Fruit,,no,yes,200,6,USDA FoodKeeper / SNAP ext,fnv;fruit,,,
Mango (ripe),Fruit,,no,yes,200,6,USDA FoodKeeper / SNAP ext,fruit,,,
Mango kombucha,Staple,Beverages,no,no,,90,refrigerated ferments keep 2-3+ mo,beverage,,,
Mango pickle,Staple,Condiments,no,no,,365,FoodKeeper ketchup/soy/vinegar 1-2 y sealed; PP class 365,condiment,,,
Maple syrup,Staple,Other,no,no,,730,indefinite when dry; PP class 730,pantry,,,
Marmite,Dairy,,no,no,,365,FoodKeeper ketchup/soy/vinegar 1-2 y sealed; PP class 365,dairy,,,
Masoor / brown lentil,Staple,Dals,no,no,,365,FoodKeeper dried beans 1 y+; PP class 365,dals,,,
Masoor dal (A),Staple,Dals,no,no,,365,FoodKeeper dried beans 1 y+; PP class 365,dals,,,
Masoor dal (B),Staple,Dals,no,no,,365,FoodKeeper dried beans 1 y+; PP class 365,dals,,,
Masoor dal (Tata Sampann),Staple,Other,no,no,,365,FoodKeeper dried beans 1 y+; PP class 365,pantry,,,
Masoor dal (open),Staple,Dals,no,no,,365,FoodKeeper dried beans 1 y+; PP class 365,dals,,,
Masoor dal (split),Staple,Dals,no,no,,365,FoodKeeper dried beans 1 y+; PP class 365,dals,,,
Master Chow chilli oil,Staple,Condiments,no,no,,365,"FoodKeeper oils 6-12 mo unopened, 3-5 mo opened; PP class 365",condiment,,,
Matcha green tea,Staple,Beverages,no,no,,365,"FoodKeeper tea 18-36 mo, coffee 2 y sealed; PP class 365",beverage,,,
Matta broken rice (Double Horse),Staple,Grains,no,no,,180,USDA FoodKeeper / SNAP ext,grains & pantry,,,
Mayonnaise,Dairy,,no,no,,90,"FoodKeeper mayo opened 2 mo, sealed longer -> 90",dairy,,,
Meat masala,Staple,Spices,no,no,,365,"McCormick/Healthline: ground 2-3 y, whole 3-4 y; PP class 365",spice,,,
Meat masala (Everest),Staple,Spices,no,no,,365,"McCormick/Healthline: ground 2-3 y, whole 3-4 y; PP class 365",spice,,,
Meaty kakori kebab,Meat,,no,no,,120,FoodKeeper frozen poultry/kebab 3-4 mo; PP class default 120,protein,,,
Mediterranean tonic (Fever-Tree),Staple,Beverages,no,no,,180,USDA FoodKeeper / SNAP ext,beverage,,,
Medjool dates,Staple,Other,no,no,,180,USDA FoodKeeper / SNAP ext,pantry,,,
Methi (fenugreek),Vegetable,,yes,no,,4,PantryPulse rule 31-Jul-2026,fnv,normal,,
Methi seeds (fenugreek),Staple,Spices,no,no,,365,"McCormick/Healthline: ground 2-3 y, whole 3-4 y; PP class 365",spice,,,
Microgreens / seedlings,Vegetable,,no,no,,6,USDA FoodKeeper / SNAP ext,herb,,,
Milk,Dairy,,no,no,,3,pasteurised pouch milk 2-3 d refrigerated (FoodKeeper opened milk 1 wk; Indian pouch 3),dairy,,,
Milk (Heritage full cream),Dairy,,no,no,,4,PP correction 24-Aug: fresh item wrongly given a dry-goods shelf life,dairy,,OPEN-AND-USE: sealed = per pack expiry; OPENED = 4d countdown,4
Milk (Heritage),Dairy,,no,no,,3,pasteurised pouch milk 2-3 d refrigerated (FoodKeeper opened milk 1 wk; Indian pouch 3),dairy,,,
Milk (small boxes),Dairy,,no,no,,180,"PP rule OPEN-AND-USE sealed 180, opened 4",dairy,,,
Milk bread,Bread & bakery,Bakery,no,no,,5,PP correction 24-Aug: bread wrongly bucketed as Dairy with 180d,grains,,,
"Milk bread (Health Factory, zero maida)",Bread & bakery,Bakery,no,no,,5,PP correction 24-Aug: bread wrongly bucketed as Dairy with 180d,bakery,,,
Milk bread (dough),Bread & bakery,Bakery,no,no,,3,PP correction 24-Aug: bread wrongly bucketed as Dairy with 180d,bread & bakery,,,
Milky Mist Skyr,Dairy,,no,no,,10,FoodKeeper yogurt 1-2 wk refrigerated -> 10,dairy,,,
Millet cookies (Bunter),Staple,Other,no,no,,180,USDA FoodKeeper / SNAP ext,snacks,,,
Millet noodles,Staple,Other,no,no,,180,USDA FoodKeeper / SNAP ext,pantry,,,
Millet pancake mix (Slurrp Farm),Staple,Grains,no,no,,180,USDA FoodKeeper / SNAP ext,grains & pantry,,,
Minced chicken,Meat,,no,no,,2,USDA FoodKeeper / SNAP ext,meat & fish,,,
Mini medjool dates (Flyberry),Staple,Other,no,no,,180,USDA FoodKeeper / SNAP ext,pantry,,,
Mint,Vegetable,,yes,no,,4,PantryPulse rule 31-Jul-2026,fnv,normal,,
Mint (pudina),Vegetable,,yes,no,,4,PantryPulse rule 31-Jul-2026,vegetable,normal,,
Mint (spoiling),Vegetable,,yes,no,,4,PantryPulse rule 31-Jul-2026,herbs,normal,,
Mixed berries (Nutty Gritties),Staple,Other,no,no,,180,USDA FoodKeeper / SNAP ext,pantry,,,
Mixed dal (panchmel),Staple,Dals,no,no,,365,FoodKeeper dried beans 1 y+; PP class 365,dals,,,
Mixed fruit drink,Staple,Beverages,no,no,,180,USDA FoodKeeper / SNAP ext,beverage,,,
Mixed fruit pouch,Staple,Beverages,no,no,,180,USDA FoodKeeper / SNAP ext,beverage,,,
Mixed masalas,Staple,Spices,no,no,,365,"McCormick/Healthline: ground 2-3 y, whole 3-4 y; PP class 365",spice,,,
Mixed nuts / walnuts,Staple,Grains,no,no,,180,USDA FoodKeeper / SNAP ext,grains & pantry,,,
Mixed seeds,Staple,Other,no,no,,180,USDA FoodKeeper / SNAP ext,nuts,,,
Moi Soi udon shirataki noodles,Staple,Other,no,no,,180,USDA FoodKeeper / SNAP ext,pantry,,,
Monin vanilla syrup,Staple,Condiments,no,no,,365,12 mo sealed,condiment,,,
Monk fruit sweetener,Staple,Condiments,no,no,,730,indefinite when dry; PP class 730,condiment,,,
Monk fruit sweetener (Metano),Staple,Condiments,no,no,,730,indefinite when dry; PP class 730,condiment,,,
Moong dal,Staple,Grains,no,no,,365,FoodKeeper dried beans 1 y+; PP class 365,dals;grains & pantry,,,
Moong dal (24 Mantra organic),Staple,Grains,no,no,,365,FoodKeeper dried beans 1 y+; PP class 365,grains & pantry,,,
Moong dal (A),Staple,Dals,no,no,,365,FoodKeeper dried beans 1 y+; PP class 365,dals,,,
Moong dal (B),Staple,Dals,no,no,,365,FoodKeeper dried beans 1 y+; PP class 365,dals,,,
Moong dal (Tata Sampann),Staple,Other,no,no,,365,FoodKeeper dried beans 1 y+; PP class 365,pantry,,,
Moong sprouts,Vegetable,,no,no,,3,PP rule: sprouts 3 d,fnv,,,
Moong whole (green),Staple,Dals,no,no,,365,FoodKeeper dried beans 1 y+; PP class 365,dals,,,
Moong/Pesarattu chilla batter (iD),Staple,Grains,no,no,,4,idli/dosa/ragi batter 3-4 d refrigerated,grains & pantry,,,
Mosquito repellent patches (Mother Sparsh),Staple,Other,no,no,,9999,not perishable,household,,,
Moth matki (whole),Staple,Grains,no,no,,365,FoodKeeper dried beans 1 y+; PP class 365,grains & pantry,,,
Mozzarella cheese,Dairy,,no,no,,45,"FoodKeeper hard cheese opened 3-4 wk, sealed block ~6 wk -> 45",dairy,,,
Muesli,Staple,Grains,no,no,,180,USDA FoodKeeper / SNAP ext,grains & pantry,,,
Muesli / berry cereal,Staple,Grains,no,no,,180,USDA FoodKeeper / SNAP ext,grains & pantry,,,
Multi millet noodles,Staple,Other,no,no,,180,USDA FoodKeeper / SNAP ext,pantry,,,
Multigrain atta,Staple,Grains,no,no,,180,USDA FoodKeeper / SNAP ext,grains & pantry,,,
Multigrain bread (Health Factory),Bread & bakery,Bakery,no,no,,5,PP correction 24-Aug: bread wrongly bucketed as Dairy with 180d,snacks & misc,,,
Multigrain bread (Zero Maida),Bread & bakery,Bakery,no,no,,5,PP correction 24-Aug: bread wrongly bucketed as Dairy with 180d,bread & bakery,,,
Mushroom (button),Vegetable,,no,no,,4,USDA FoodKeeper / SNAP ext,vegetable,,,
Mushroom seasoning w/ seaweed,Staple,Spices,no,no,,365,dehydrated/dried 12 mo sealed,spice,,,
Muskmelon,Fruit,,no,yes,,6,USDA FoodKeeper / SNAP ext,fruit,,,
Muskmelon (netted),Fruit,,no,yes,,6,USDA FoodKeeper / SNAP ext,fruit,,,
Mustard (yellow),Staple,Spices,no,no,,365,FoodKeeper ketchup/soy/vinegar 1-2 y sealed; PP class 365,spice,,,
Mustard / cooking oil,Staple,Grains,no,no,,365,"FoodKeeper oils 6-12 mo unopened, 3-5 mo opened; PP class 365",grains & pantry,,,
Mustard oil,Staple,Oils,no,no,,365,"FoodKeeper oils 6-12 mo unopened, 3-5 mo opened; PP class 365",grains & pantry;oil;pantry,,,
Mustard oil (Indic Wisdom),Staple,Oils,no,no,,365,"FoodKeeper oils 6-12 mo unopened, 3-5 mo opened; PP class 365",oil,,,
Mustard oil (RRO),Staple,Oils,no,no,,365,"FoodKeeper oils 6-12 mo unopened, 3-5 mo opened; PP class 365",oil,,,
Mustard sauce,Staple,Other,no,no,,365,FoodKeeper ketchup/soy/vinegar 1-2 y sealed; PP class 365,condiment;grains & pantry;pantry,,,
Mustard seeds,Staple,Spices,no,no,,365,"McCormick/Healthline: ground 2-3 y, whole 3-4 y; PP class 365",spice;spices,,,
Mustard seeds (whole),Staple,Spices,no,no,,365,"McCormick/Healthline: ground 2-3 y, whole 3-4 y; PP class 365",spice,,,
Namkeen (Haldiram),Staple,Other,no,no,,180,USDA FoodKeeper / SNAP ext,snacks,,,
Nandini GoodLife toned milk,Dairy,,no,no,,180,"PP rule OPEN-AND-USE sealed 180, opened 4",dairy,,,
Nilgiri red rice,Staple,Grains,no,no,,180,USDA FoodKeeper / SNAP ext,grains & pantry,,,
Nilgiris sonamasoori raw rice,Staple,Spices,no,no,,365,FoodKeeper dried beans 1 y+; PP class 365,spices & pantry,,,
Noodle packets,Staple,Other,no,no,,180,USDA FoodKeeper / SNAP ext,other,,,
Noodles,Staple,Grains,no,no,,180,USDA FoodKeeper / SNAP ext,grains & pantry,,,
Nutmeg powder,Staple,Spices,no,no,,365,"McCormick/Healthline: ground 2-3 y, whole 3-4 y; PP class 365",spice,,,
Nutri Choice crackers,Staple,Bakery,no,no,,365,FoodKeeper dried beans 1 y+; PP class 365,snacks & misc,,,
Nutritional cereal,Staple,Grains,no,no,,365,FoodKeeper dried beans 1 y+; PP class 365,cereal,,,
Nylon sev (Sangam),Staple,Other,no,no,,180,USDA FoodKeeper / SNAP ext,snacks,,,
Oat drink (Alt Co),Staple,Beverages,no,no,,180,PantryPulse rule 31-Jul-2026,beverage,,OPEN-AND-USE: sealed = per pack expiry; OPENED = 4d countdown,4
Oats,Staple,Other,no,no,,180,USDA FoodKeeper / SNAP ext,grains;grains & pantry;pantry,,,
Oats (Alpino Super Oats),Staple,Grains,no,no,,180,USDA FoodKeeper / SNAP ext,grains & pantry,,,
Olive & rosemary sourdough,Bread & bakery,Bakery,no,no,,5,PP correction 24-Aug: bread wrongly bucketed as Dairy with 180d,bakery,,,
Olive oil,Staple,Oils,no,no,,365,"FoodKeeper oils 6-12 mo unopened, 3-5 mo opened; PP class 365",oil;pantry,,,
Olive oil (Borges EV),Staple,Other,no,no,,365,"FoodKeeper oils 6-12 mo unopened, 3-5 mo opened; PP class 365",pantry,,,
Olive oil (Borges EVOO),Staple,Other,no,no,,365,"FoodKeeper oils 6-12 mo unopened, 3-5 mo opened; PP class 365",oils & vinegars,,,
Olive oil (Borges Extra Virgin),Staple,Grains,no,no,,365,12 mo+,grains & pantry,,,
Olive oil (Del Monte XL),Staple,Oils,no,no,,365,"FoodKeeper oils 6-12 mo unopened, 3-5 mo opened; PP class 365",oil,,,
Olive tapenade,Staple,Condiments,no,no,,365,FoodKeeper ketchup/soy/vinegar 1-2 y sealed; PP class 365,condiment,,,
Onion,Vegetable,,no,no,100,30,USDA FoodKeeper / SNAP ext,fnv,,,
Onion mixed pickle,Staple,Condiments,no,no,,365,FoodKeeper ketchup/soy/vinegar 1-2 y sealed; PP class 365,condiment,,,
Onion petals,Vegetable,,no,no,100,365,dehydrated/dried 12 mo sealed,fnv,,,
Onion powder (A),Staple,Spices,no,no,,365,"McCormick/Healthline: ground 2-3 y, whole 3-4 y; PP class 365",spice,,,
Onion powder (B),Staple,Spices,no,no,,365,"McCormick/Healthline: ground 2-3 y, whole 3-4 y; PP class 365",spice,,,
Open moong,Staple,Dals,no,no,,365,FoodKeeper dried beans 1 y+; PP class 365,dals,,,
Orange,Fruit,,no,yes,130,21,USDA FoodKeeper / SNAP ext,fnv;fruit,,,
Oranges / pomegranate,Fruit,,no,yes,200,21,USDA FoodKeeper / SNAP ext,fruit,,,
Orchard Lane spreadable fruit,Staple,Condiments,no,no,,365,FoodKeeper ketchup/soy/vinegar 1-2 y sealed; PP class 365,condiment,,,
Oregano,Staple,Other,no,no,,365,oregano sold dried in India,pantry;spice,,,
Oregano (Snapin),Staple,Spices,no,no,,365,oregano sold dried in India,spice,,,
Organic Arhar/Tur Dal,Staple,Dals,no,no,,365,FoodKeeper dried beans 1 y+; PP class 365,dals,,,
Organic Cowpea (white),Staple,Dals,no,no,,365,FoodKeeper dried beans 1 y+; PP class 365,dals,,,
Organic Green Moong,Staple,Dals,no,no,,365,FoodKeeper dried beans 1 y+; PP class 365,dals,,,
Organic Sattu,Staple,Grains,no,no,,365,FoodKeeper dried beans 1 y+; PP class 365,grains,,,
Organic besan,Staple,Grains,no,no,,180,USDA FoodKeeper / SNAP ext,grains & pantry,,,
Organic cumin seeds,Staple,Spices,no,no,,365,"McCormick/Healthline: ground 2-3 y, whole 3-4 y; PP class 365",spice,,,
Organic flour,Staple,Grains,no,no,,180,USDA FoodKeeper / SNAP ext,grains & pantry,,,
Organic sesame cooking oil,Staple,Oils,no,no,,365,"FoodKeeper oils 6-12 mo unopened, 3-5 mo opened; PP class 365",oil,,,
Organic whole moong,Staple,Dals,no,no,,365,FoodKeeper dried beans 1 y+; PP class 365,dals,,,
Origami toilet tissue,Staple,Other,no,no,,9999,not perishable,non-food,,,
Original kimchi,Staple,Condiments,no,no,,90,refrigerated ferments keep 2-3+ mo,condiment,,,
Orzo (Liguori),Staple,Other,no,no,,180,USDA FoodKeeper / SNAP ext,pasta,,,
Oyster sauce,Staple,Condiments,no,no,,365,FoodKeeper ketchup/soy/vinegar 1-2 y sealed; PP class 365,condiment,,,
Oyster sauce (Pantai),Staple,Condiments,no,no,,365,FoodKeeper ketchup/soy/vinegar 1-2 y sealed; PP class 365,condiment,,,
Panda oyster sauce,Staple,Condiments,no,no,,365,FoodKeeper ketchup/soy/vinegar 1-2 y sealed; PP class 365,condiment,,,
Paneer,Dairy,,no,no,,3,USDA FoodKeeper / SNAP ext,dairy;fnv,,,
Paneer (Akshayakalpa),Dairy,,no,no,,7,vacuum-packed paneer 7-15 d refrigerated; PP 7,dairy,,,
Paneer (Milky Mist),Dairy,,no,no,,7,vacuum-packed paneer 7-15 d refrigerated; PP 7,dairy,,,
Paneer (Sid’s Malai),Dairy,,no,no,,7,vacuum-packed paneer 7-15 d refrigerated; PP 7,dairy,,,
Paneer (malai),Dairy,,no,no,,3,USDA FoodKeeper / SNAP ext,dairy,,,
Papaya,Fruit,,no,yes,,6,USDA FoodKeeper / SNAP ext,fnv,,,
Paprika powder,Staple,Spices,no,no,,365,"McCormick/Healthline: ground 2-3 y, whole 3-4 y; PP class 365",spice,,,
Parachute coconut oil,Staple,Oils,no,no,,365,"FoodKeeper oils 6-12 mo unopened, 3-5 mo opened; PP class 365",oil,,,
Parchment paper,Staple,Other,no,no,,9999,not perishable,non-food,,,
Parsley,Vegetable,,yes,no,,4,PantryPulse rule 31-Jul-2026,herb;vegetable,normal,,
Parsley grinder,Staple,Spices,no,no,,365,dried herbs 1-3 y sealed; PP 365,spice,,,
Parwal,Vegetable,,no,no,,6,USDA FoodKeeper / SNAP ext,fnv,,,
Pasta,Staple,Grains,no,no,,180,USDA FoodKeeper / SNAP ext,grains & pantry,,,
Pasta (assorted),Staple,Other,no,no,,180,USDA FoodKeeper / SNAP ext,pasta,,,
Pav bhaji masala,Staple,Grains,no,no,,365,"jarred/dried, 12 mo",grains & pantry;spice,,,
Pav bhaji masala (Everest),Staple,Spices,no,no,,365,"jarred/dried, 12 mo",spice,,,
Pav bhaji masala (MTR),Staple,Spices,no,no,,365,"jarred/dried, 12 mo",spice,,,
Pav bhaji masala (Tata Sampann),Staple,Spices,no,no,,365,"jarred/dried, 12 mo",spice,,,
Peanut butter,Staple,,no,no,,180,"FoodKeeper peanut butter opened 2-3 mo, sealed 6-24 mo -> 180",dairy;pantry,,,
Peanut butter (Whole Truth),Staple,Other,no,no,,180,USDA FoodKeeper / SNAP ext,pantry,,,
Peanut oil,Staple,Oils,no,no,,365,"FoodKeeper oils 6-12 mo unopened, 3-5 mo opened; PP class 365",oil,,,
Peanuts,Staple,Other,no,no,,180,USDA FoodKeeper / SNAP ext,nuts,,,
Peanuts (Singh),Staple,Other,no,no,,180,USDA FoodKeeper / SNAP ext,nuts,,,
Peanuts (for chutney),Staple,Other,no,no,,180,USDA FoodKeeper / SNAP ext,nuts,,,
Pear,Fruit,,no,yes,150,10,ripe pears ~1 wk refrigerated -> 10,fnv,,,
Pear (Sweet Beauty Red),Fruit,,no,yes,150,10,ripe pears ~1 wk refrigerated -> 10,fruit,,,
Pear (blue),Fruit,,no,yes,150,10,ripe pears ~1 wk refrigerated -> 10,fruit,,,
Peas,Vegetable,,no,no,,7,PantryPulse rule 31-Jul-2026,vegetable,none,FRESH peas — 7d,
Peeled garlic (pack),Vegetable,,no,no,50,4,PantryPulse rule 31-Jul-2026,fnv;produce,none,Market-bought peeled cloves — 4d refrigerated,
Pepper grinder + cloves + elaichi + fennel,Staple,Spices,no,no,,365,12 mo sealed,spice,,,
Pepper powder,Staple,Spices,no,no,,365,"McCormick/Healthline: ground 2-3 y, whole 3-4 y; PP class 365",spice,,,
Peri peri ragi chips,Staple,Other,no,no,,180,USDA FoodKeeper / SNAP ext,snack,,,
Peri peri sauce,Staple,Condiments,no,no,,365,FoodKeeper ketchup/soy/vinegar 1-2 y sealed; PP class 365,condiment,,,
Pickle,Staple,Other,no,no,,365,FoodKeeper ketchup/soy/vinegar 1-2 y sealed; PP class 365,pantry,,,
Pickle / cooking sauce (Winn),Staple,Grains,no,no,,365,FoodKeeper ketchup/soy/vinegar 1-2 y sealed; PP class 365,grains & pantry,,,
Pink guava,Fruit,,no,yes,200,6,USDA FoodKeeper / SNAP ext,fruit,,,
Pink salt (A),Staple,Other,no,no,,730,indefinite when dry; PP class 730,pantry,,,
Pink salt (Aashirvaad),Staple,Spices,no,no,,730,indefinite when dry; PP class 730,spice,,,
Pink salt (B),Staple,Other,no,no,,730,indefinite when dry; PP class 730,pantry,,,
Pistachios,Staple,Other,no,no,,180,USDA FoodKeeper / SNAP ext,pantry,,,
Pizza bread,Bread & bakery,Bakery,no,no,,5,PP correction 24-Aug: bread wrongly bucketed as Dairy with 180d,bread & bakery,,,
Pizza oregano spice mix,Staple,Spices,no,no,,365,dried herbs 1-3 y sealed; PP 365,spice,,,
Pizza sauce,Staple,Condiments,no,no,,365,FoodKeeper ketchup/soy/vinegar 1-2 y sealed; PP class 365,condiment,,,
Pizza-pasta sauce,Staple,Condiments,no,no,,365,FoodKeeper ketchup/soy/vinegar 1-2 y sealed; PP class 365,condiment,,,
Pizza/pasta seasoning (Keya oregano),Staple,Grains,no,no,,365,dried herbs 1-3 y sealed; PP 365,grains & pantry,,,
Plant protein,Staple,Other,no,no,,365,sealed powders 12+ mo,pantry,,,
Plant protein (Nack),Staple,Other,no,no,,365,sealed powders 12+ mo,supplement,,,
Plums,Fruit,,no,yes,60,6,USDA FoodKeeper / SNAP ext,fruit,,,
Poha,Staple,Other,no,no,,180,USDA FoodKeeper / SNAP ext,grains;grains & pantry;pantry,,,
Poha (Tata Sampann),Staple,Grains,no,no,,180,USDA FoodKeeper / SNAP ext,grains,,,
Pomegranate,Fruit,,no,yes,200,21,whole 2-3 wk refrigerated,fnv;fruit,,,
Pomegranate molasses,Staple,Condiments,no,no,,365,"jarred/dried, 12 mo",condiment,,,
Pooja coconut (whole),Staple,Other,no,no,,30,whole mature coconut 2-4 wk+,pantry,,,
Pork fat,Meat,,no,no,,2,USDA FoodKeeper / SNAP ext,meat & fish,,,
Potato,Vegetable,,no,no,150,30,USDA FoodKeeper / SNAP ext,fnv,,,
Prawns,Meat,,no,no,,2,USDA FoodKeeper / SNAP ext,meat & fish,,,
Prawns (FreshToHome),Meat,,no,no,,2,USDA FoodKeeper / SNAP ext,meat & fish,,,
Premium blueberries,Fruit,,no,yes,,3,USDA FoodKeeper / SNAP ext,fruit,,,
Pretzel knots (Atom Eats),Staple,Other,no,no,,180,USDA FoodKeeper / SNAP ext,snacks,,,
Pro Nature Moong,Staple,Dals,no,no,,365,FoodKeeper dried beans 1 y+; PP class 365,dals,,,
Probiotic Greek yogurt,Dairy,,no,no,,10,FoodKeeper yogurt 1-2 wk refrigerated -> 10,dairy,,,
Probiotic curd (Turmerica),Dairy,,no,no,,10,FoodKeeper yogurt 1-2 wk refrigerated -> 10,dairy,,,
Protein atta,Staple,Other,no,no,,180,USDA FoodKeeper / SNAP ext,grains & pantry;pantry,,,
Protein pancake mix (Cosmix),Staple,Other,no,no,,180,USDA FoodKeeper / SNAP ext,supplement,,,
Protein powder,Staple,Other,no,no,,365,sealed powders 12+ mo,health,,,
Protein powder (A),Staple,Other,no,no,,365,sealed powders 12+ mo,supplement,,,
Protein powder (B),Staple,Other,no,no,,365,sealed powders 12+ mo,supplement,,,
Psyllium husk,Staple,Other,no,no,,365,sealed powders 12+ mo,pantry,,,
Puffed rice,Staple,Other,no,no,,180,USDA FoodKeeper / SNAP ext,pantry,,,
Puliyogare paste,Staple,Condiments,no,no,,365,tamarind and concentrates 12 mo,condiment,,,
Pumpkin,Vegetable,,no,no,,30,PantryPulse rule 31-Jul-2026,fnv,none,"WHOLE uncut; once cut 7d, chunks 5d",
Pumpkin seeds,Staple,Other,no,no,,180,USDA FoodKeeper / SNAP ext,pantry,,,
Pumpkin seeds (Farmley AAA),Staple,Grains,no,no,,180,USDA FoodKeeper / SNAP ext,grains & pantry,,,
Pumpkin-seed oil (Kuerbiskernoel),Staple,Oils,no,no,,365,"FoodKeeper oils 6-12 mo unopened, 3-5 mo opened; PP class 365",oil,,,
Pure Guntur chilli,Staple,Spices,no,no,,365,"jarred/dried, 12 mo",spice,,,
Pure ghee,Staple,Oils,no,no,,365,"clarified butter, shelf-stable ~12 mo",oil,,,
Quaker oats,Staple,Grains,no,no,,180,USDA FoodKeeper / SNAP ext,grains,,,
Quinoa,Staple,Other,no,no,,180,USDA FoodKeeper / SNAP ext,grains;grains & pantry;pantry,,,
Quinoa (Organeekz organic),Staple,Grains,no,no,,180,USDA FoodKeeper / SNAP ext,grains & pantry,,,
Quinoa (True Elements),Staple,Grains,no,no,,180,USDA FoodKeeper / SNAP ext,grains & pantry,,,
Quinoa (open),Staple,Grains,no,no,,180,USDA FoodKeeper / SNAP ext,grains,,,
Quinoa flour (Organic Tattva),Staple,Grains,no,no,,180,USDA FoodKeeper / SNAP ext,grains,,,
Radish (Bhoomi Farms),Vegetable,,no,no,100,10,USDA FoodKeeper / SNAP ext,vegetable,,,
Ragi chips (The Healthy),Staple,Grains,no,no,,180,USDA FoodKeeper / SNAP ext,grains & pantry,,,
Ragi flour,Staple,Other,no,no,,180,USDA FoodKeeper / SNAP ext,pantry,,,
Raisins,Staple,Other,no,yes,,180,PP correction 24-Aug (Bhavya): was bucket=Staple SL=6,fruit;pantry,,,
Rajma,Staple,Dals,no,no,,365,FoodKeeper dried beans 1 y+; PP class 365,dals,,,
Rajma (red kidney beans),Staple,Grains,no,no,,365,PP correction 24-Aug: duplicate SKU had conflicting shelf life — unified,grains & pantry,,,
Rajma Kashmiri (Supreme Harvest),Staple,Dals,no,no,,365,FoodKeeper dried beans 1 y+; PP class 365,dals,,,
Rambutan,Fruit,,no,yes,,6,USDA FoodKeeper / SNAP ext,fruit,,,
Ranch dressing (Veeba),Staple,Condiments,no,no,,365,12 mo sealed,condiment,,,
Rasam powder,Staple,Spices,no,no,,365,"McCormick/Healthline: ground 2-3 y, whole 3-4 y; PP class 365",spice,,,
Rava / semolina (sooji),Staple,Grains,no,no,,180,USDA FoodKeeper / SNAP ext,grains,,,
Rava idli mix (MTR),Staple,Grains,no,no,,180,USDA FoodKeeper / SNAP ext,grains & pantry,,,
Rava/suji,Staple,Grains,no,no,,180,USDA FoodKeeper / SNAP ext,grains & pantry,,,
Raw banana,Fruit,,no,yes,50,5,USDA FoodKeeper / SNAP ext,fruit,,,
Raw cow milk,Dairy,,no,no,,3,pasteurised pouch milk 2-3 d refrigerated (FoodKeeper opened milk 1 wk; Indian pouch 3),dairy,,,
Raw poultry,Meat,,no,no,,2,USDA FoodKeeper / SNAP ext,meat & fish,,,
Red Bull energy drink,Staple,Beverages,no,no,,180,USDA FoodKeeper / SNAP ext,beverage,,,
Red Label tea,Staple,Beverages,no,no,,180,USDA FoodKeeper / SNAP ext,beverage,,,
Red Thai noodles,Staple,Other,no,no,,180,USDA FoodKeeper / SNAP ext,other,,,
Red bell pepper,Vegetable,,no,no,,12,USDA FoodKeeper / SNAP ext,fnv,,,
Red cabbage,Vegetable,,no,no,,12,USDA FoodKeeper / SNAP ext,fnv,,,
Red capsicum,Vegetable,,no,no,125,12,USDA FoodKeeper / SNAP ext,fnv,,,
Red chilli,Staple,Spices,no,no,,365,"McCormick/Healthline: ground 2-3 y, whole 3-4 y; PP class 365",spice,,,
Red chilli powder,Staple,Spices,no,no,,365,"McCormick/Healthline: ground 2-3 y, whole 3-4 y; PP class 365",spice,,,
Red lentil fusilli (Pink Harvest),Staple,Other,no,no,,180,USDA FoodKeeper / SNAP ext,pasta,,,
Red lentil penne (Pink Harvest),Staple,Other,no,no,,180,USDA FoodKeeper / SNAP ext,pasta,,,
Red matta rice (broken),Staple,Grains,no,no,,180,USDA FoodKeeper / SNAP ext,grains,,,
Red radish,Vegetable,,no,no,100,10,USDA FoodKeeper / SNAP ext,fnv,,,
Red wine vinegar (Aceto),Staple,Other,no,no,,365,12 mo+,vinegar,,,
Ribbon pakoda (Sweet Karam),Staple,Other,no,no,,180,USDA FoodKeeper / SNAP ext,snacks,,,
Rice (Bhoomi Farms),Staple,Grains,no,no,,180,USDA FoodKeeper / SNAP ext,grains,,,
Rice (Daawat basmati),Staple,Grains,no,no,,180,USDA FoodKeeper / SNAP ext,grains & pantry,,,
Rice (sonamasuri),Staple,Grains,no,no,,180,USDA FoodKeeper / SNAP ext,grains,,,
Rice (white),Staple,Grains,no,no,,180,USDA FoodKeeper / SNAP ext,grains,,,
Rice bran oil (A),Staple,Oils,no,no,,365,"FoodKeeper oils 6-12 mo unopened, 3-5 mo opened; PP class 365",oil,,,
Rice bran oil (B),Staple,Oils,no,no,,365,"FoodKeeper oils 6-12 mo unopened, 3-5 mo opened; PP class 365",oil,,,
Rice flour,Staple,Grains,no,no,,180,USDA FoodKeeper / SNAP ext,grains,,,
Rice flour (24 Mantra),Staple,Grains,no,no,,180,USDA FoodKeeper / SNAP ext,grains & pantry,,,
Rice paper,Staple,Other,no,no,,180,USDA FoodKeeper / SNAP ext,pasta,,,
Rice vinegar,Staple,Condiments,no,no,,365,FoodKeeper ketchup/soy/vinegar 1-2 y sealed; PP class 365,condiment;vinegar,,,
Roasted chana,Staple,Grains,no,no,,365,FoodKeeper dried beans 1 y+; PP class 365,grains & pantry,,,
Roasted rice flour (Double Horse),Staple,Grains,no,no,,180,USDA FoodKeeper / SNAP ext,grains,,,
Roasted seaweed snack,Staple,Grains,no,no,,365,dehydrated/dried 12 mo sealed,grains & pantry,,,
Roasted suji,Staple,Other,no,no,,180,USDA FoodKeeper / SNAP ext,pantry,,,
Rocket leaves (arugula),Vegetable,,yes,no,,6,PantryPulse rule 31-Jul-2026,vegetable,thick,,
Rolled oats,Staple,Other,no,no,,180,USDA FoodKeeper / SNAP ext,grains & pantry;pantry,,,
Rolled oats (Quaker high-protein),Staple,Grains,no,no,,180,USDA FoodKeeper / SNAP ext,grains & pantry,,,
Rolled oats (Yogabar golden),Staple,Grains,no,no,,180,USDA FoodKeeper / SNAP ext,grains & pantry,,,
Romaine lettuce,Vegetable,,yes,no,,6,PantryPulse rule 31-Jul-2026,fnv,thick,,
Romanesco,Vegetable,,no,no,,6,USDA FoodKeeper / SNAP ext,fnv,,,
Rooh Afza,Staple,Grains,no,no,,365,"FoodKeeper tea 18-36 mo, coffee 2 y sealed; PP class 365",grains & pantry,,,
Rose harissa,Staple,Condiments,no,no,,365,12 mo sealed,condiment,,,
Rosemary,Vegetable,,yes,no,,4,PantryPulse rule 31-Jul-2026,fnv,normal,,
Rosemary (fresh),Vegetable,,yes,no,,4,PantryPulse rule 31-Jul-2026,herb,normal,,
Royal Chana Dal,Staple,Dals,no,no,,365,FoodKeeper dried beans 1 y+; PP class 365,dals,,,
Ruhi fish (rohu),Meat,,no,no,,2,USDA FoodKeeper / SNAP ext,protein,,,
Sabudana,Staple,Other,no,no,,180,USDA FoodKeeper / SNAP ext,grains & pantry;pantry,,,
Sabudana (open),Staple,Dals,no,no,,180,USDA FoodKeeper / SNAP ext,dals,,,
Saffron,Staple,Spices,no,no,,365,"McCormick/Healthline: ground 2-3 y, whole 3-4 y; PP class 365",spice,,,
Sago / sabudana (small),Staple,Other,no,no,,180,USDA FoodKeeper / SNAP ext,pantry,,,
Salmon,Meat,,no,no,,2,USDA FoodKeeper / SNAP ext,meat & fish,,,
Salmon (Atlantic fillet),Meat,,no,no,,2,USDA FoodKeeper / SNAP ext,meat & fish,,,
Salt,Staple,Other,no,no,,730,indefinite when dry; PP class 730,grains & pantry;pantry;spice,,,
Salt (Tata),Staple,Other,no,no,,730,indefinite when dry; PP class 730,pantry,,,
Sambar cucumber,Vegetable,,no,no,200,6,USDA FoodKeeper / SNAP ext,fnv,,,
Sambar masala powder,Staple,Spices,no,no,,365,"McCormick/Healthline: ground 2-3 y, whole 3-4 y; PP class 365",spice,,,
Sambar onion (shallots),Vegetable,,no,no,100,30,USDA FoodKeeper / SNAP ext,fnv,,,
Sambar powder,Staple,Spices,no,no,,365,"McCormick/Healthline: ground 2-3 y, whole 3-4 y; PP class 365",spice,,,
Sambar powder (Aachi),Staple,Spices,no,no,,365,"McCormick/Healthline: ground 2-3 y, whole 3-4 y; PP class 365",spice,,,
Sandwich bread (Modern Supreme),Bread & bakery,Bakery,no,no,,6,PP correction 24-Aug: bread wrongly bucketed as Dairy with 180d,snacks & misc,,,
Sardine,Meat,,no,no,,2,USDA FoodKeeper / SNAP ext,meat & fish,,,
Sardines,Meat,,no,no,,2,USDA FoodKeeper / SNAP ext,meat & fish,,,
Sattu,Staple,Grains,no,no,,365,FoodKeeper dried beans 1 y+; PP class 365,grains,,,
Sauces & spices,Staple,Condiments,no,no,,365,"McCormick/Healthline: ground 2-3 y, whole 3-4 y; PP class 365",condiment,,,
Sauerkraut (Bombucha),Dairy,,no,no,,90,refrigerated ferments keep 2-3+ mo,dairy,,,
Saunth powder (dry ginger),Staple,Spices,no,no,,365,dehydrated/dried 12 mo sealed,spice,,,
Sausages,Meat,,no,no,,7,"FoodKeeper opened deli meat 3-5 d, sealed 2 wk -> 7",protein,,,
Schezwan chutney (Wok),Staple,Grains,no,no,,365,FoodKeeper ketchup/soy/vinegar 1-2 y sealed; PP class 365,grains & pantry,,,
Schweppes tonic water,Staple,Beverages,no,no,,180,USDA FoodKeeper / SNAP ext,beverage,,,
Sea salt,Staple,Other,no,no,,730,indefinite when dry; PP class 730,pantry,,,
Seed mix (Farmley),Staple,Other,no,no,,180,USDA FoodKeeper / SNAP ext,pantry,,,
Seed mixture,Staple,Grains,no,no,,180,USDA FoodKeeper / SNAP ext,grains & pantry,,,
Seekh kebab (frozen),Staple,Frozen,no,no,,120,PP correction 24-Aug (Bhavya): was bucket=Meat SL=2,meat & fish,,,
Sesame oil,Staple,Other,no,no,,365,"FoodKeeper oils 6-12 mo unopened, 3-5 mo opened; PP class 365",pantry,,,
Sesame oil (BNB toasted),Staple,Oils,no,no,,365,"FoodKeeper oils 6-12 mo unopened, 3-5 mo opened; PP class 365",oil,,,
Sesame oil (Members Pick),Staple,Other,no,no,,365,"FoodKeeper oils 6-12 mo unopened, 3-5 mo opened; PP class 365",pantry,,,
Sesame oil (Thoughtful),Staple,Oils,no,no,,365,"FoodKeeper oils 6-12 mo unopened, 3-5 mo opened; PP class 365",oil,,,
Set curd,Dairy,,no,no,,7,USDA FoodKeeper / SNAP ext,dairy,,,
Set curd (Akshayakalpa),Dairy,,no,no,,10,FoodKeeper yogurt 1-2 wk refrigerated -> 10,dairy,,,
Sev bhujia,Staple,Bakery,no,no,,180,USDA FoodKeeper / SNAP ext,snacks & misc,,,
Sev puri (Sangam),Staple,Other,no,no,,180,USDA FoodKeeper / SNAP ext,snacks,,,
Shankar tikali chilli powder,Staple,Spices,no,no,,365,"McCormick/Healthline: ground 2-3 y, whole 3-4 y; PP class 365",spice,,,
Sharbati atta,Staple,Grains,no,no,,180,USDA FoodKeeper / SNAP ext,grains,,,
Sheba cat food (salmon),Staple,Other,no,no,,9999,not perishable,pet,,,
Shiitake mushroom,Vegetable,,no,no,,4,USDA FoodKeeper / SNAP ext,fnv,,,
Shirataki noodles,Staple,Grains,no,no,,180,USDA FoodKeeper / SNAP ext,grains & pantry,,,
Sichuan chilli oil,Staple,Other,no,no,,365,"FoodKeeper oils 6-12 mo unopened, 3-5 mo opened; PP class 365",pantry,,,
Sichuan peppercorn (Urban Platter),Staple,Spices,no,no,,365,"McCormick/Healthline: ground 2-3 y, whole 3-4 y; PP class 365",spice,,,
Skimmed milk,Dairy,,no,no,,3,pasteurised pouch milk 2-3 d refrigerated (FoodKeeper opened milk 1 wk; Indian pouch 3),dairy,,,
Skyr,Dairy,,no,no,,10,FoodKeeper yogurt 1-2 wk refrigerated -> 10,dairy,,,
Skyr (Milky Mist),Dairy,,no,no,,10,FoodKeeper yogurt 1-2 wk refrigerated -> 10,dairy,,,
Sliced jalapeno (Amur),Staple,Condiments,no,no,,365,jarred jalapenos 12 mo sealed,condiment,,,
Sliced jalapeno peppers,Staple,Condiments,no,no,,365,jarred jalapenos 12 mo sealed,condiment,,,
Sliced red paprika (Neo),Staple,Condiments,no,no,,365,"McCormick/Healthline: ground 2-3 y, whole 3-4 y; PP class 365",condiment,,,
Slurrp Farm Ragi,Staple,Grains,no,no,,180,USDA FoodKeeper / SNAP ext,grains,,,
Smoked paprika,Staple,Spices,no,no,,365,"McCormick/Healthline: ground 2-3 y, whole 3-4 y; PP class 365",spice,,,
Smokey BBQ sauce (Veeba),Staple,Condiments,no,no,,365,12 mo sealed,condiment,,,
Snack bars / chocolate,Staple,Grains,no,no,,180,USDA FoodKeeper / SNAP ext,grains & pantry,,,
Soda (Kinley),Staple,Beverages,no,no,,180,USDA FoodKeeper / SNAP ext,beverages,,,
Soda (Lehar),Staple,Grains,no,no,,180,USDA FoodKeeper / SNAP ext,grains & pantry,,,
Soft tofu,Meat,,no,no,,7,"FoodKeeper tofu opened 3-5 d, sealed 2-4 wk -> 7",fnv,,,
Sona Masuri raw rice,Staple,Other,no,no,,180,USDA FoodKeeper / SNAP ext,pantry,,,
Sona masoori raw rice (A),Staple,Grains,no,no,,365,FoodKeeper dried beans 1 y+; PP class 365,grains,,,
Sona masoori raw rice (B),Staple,Grains,no,no,,365,FoodKeeper dried beans 1 y+; PP class 365,grains,,,
Sona masoori rice,Staple,Other,no,no,,365,FoodKeeper dried beans 1 y+; PP class 365,grains & pantry;pantry,,,
Sona masoori rice (Kurnool),Staple,Grains,no,no,,365,FoodKeeper dried beans 1 y+; PP class 365,grains & pantry,,,
Sona rice,Staple,Grains,no,no,,180,USDA FoodKeeper / SNAP ext,grains,,,
Sooji/rava (Aashirvaad),Staple,Grains,no,no,,180,USDA FoodKeeper / SNAP ext,grains,,,
Sourdough (olive & rosemary),Bread & bakery,Bakery,no,no,,5,PP correction 24-Aug: bread wrongly bucketed as Dairy with 180d,bread & bakery,,,
Sourdough bread,Bread & bakery,Bakery,no,no,,5,PP correction 24-Aug: bread wrongly bucketed as Dairy with 180d,bread & bakery,,,
Sourdough bread (Brik Oven),Bread & bakery,Bakery,no,no,,5,PP correction 24-Aug: bread wrongly bucketed as Dairy with 180d,bread & bakery,,,
Soy sauce,Staple,Other,no,no,,365,FoodKeeper ketchup/soy/vinegar 1-2 y sealed; PP class 365,pantry,,,
Soy sauce (Kikkoman),Staple,Condiments,no,no,,365,FoodKeeper ketchup/soy/vinegar 1-2 y sealed; PP class 365,condiment,,,
Soya chunks,Staple,Other,no,no,,365,"PP correction 24-Aug: dry soya chunks are shelf-stable, were 2d",meat & fish,,,
"Sparkling water (Maison Perrier, Lime)",Staple,Grains,no,no,,180,USDA FoodKeeper / SNAP ext,grains & pantry,,,
Spiced buttermilk (Amul Masti),Dairy,,no,no,,180,sealed tetra 180 (PP OPEN-AND-USE); fresh 5 d,dairy,,OPEN-AND-USE: sealed = per pack expiry; OPENED = 4d countdown,4
"Spices (pav-bhaji, chaat, hing, coriander pwd, black pepper, turmeric)",Staple,Grains,no,no,,365,"jarred/dried, 12 mo",grains & pantry,,,
Spicy gherkins (Neo),Staple,Condiments,no,no,,365,FoodKeeper ketchup/soy/vinegar 1-2 y sealed; PP class 365,condiment,,,
Spicy peanuts,Staple,Other,no,no,,180,USDA FoodKeeper / SNAP ext,nuts,,,
Spinach/Palak,Vegetable,,yes,no,,4,PantryPulse rule 31-Jul-2026,fnv,normal,,
Spine gourd,Vegetable,,no,no,,6,USDA FoodKeeper / SNAP ext,fnv,,,
Split moong dal,Staple,Dals,no,no,,365,FoodKeeper dried beans 1 y+; PP class 365,dals,,,
Spring onion,Vegetable,,no,no,100,30,USDA FoodKeeper / SNAP ext,fnv,,,
Sprouts (box),Staple,Other,no,no,,3,PP rule: sprouts 3 d,sprouts,,,
Sprouts (green moong),Vegetable,,no,no,,3,PP rule: sprouts 3 d,fnv,,,
Sri Lankan cinnamon (Keya),Staple,Spices,no,no,,365,"McCormick/Healthline: ground 2-3 y, whole 3-4 y; PP class 365",spice,,,
Sriracha chilli sauce,Staple,Condiments,no,no,,365,FoodKeeper ketchup/soy/vinegar 1-2 y sealed; PP class 365,condiment,,,
Sriracha green chilli sauce,Staple,Condiments,no,no,,365,FoodKeeper ketchup/soy/vinegar 1-2 y sealed; PP class 365,condiment,,,
Sriracha hot chilli,Staple,Condiments,no,no,,365,FoodKeeper ketchup/soy/vinegar 1-2 y sealed; PP class 365,condiment,,,
Sriracha hot chilli sauce,Staple,Condiments,no,no,,365,FoodKeeper ketchup/soy/vinegar 1-2 y sealed; PP class 365,condiment,,,
Sriracha sauce,Staple,Other,no,no,,365,FoodKeeper ketchup/soy/vinegar 1-2 y sealed; PP class 365,grains & pantry;pantry,,,
Star anise,Staple,Spices,no,no,,365,"McCormick/Healthline: ground 2-3 y, whole 3-4 y; PP class 365",spice,,,
Star anise (whole),Staple,Spices,no,no,,365,"McCormick/Healthline: ground 2-3 y, whole 3-4 y; PP class 365",spice,,,
Stock cubes (Knorr caldo de carne),Staple,Spices,no,no,,365,12 mo sealed,spice,,,
Strawberry,Fruit,,no,yes,,3,USDA FoodKeeper / SNAP ext,fruit,,,
Strawberry cake drink,Staple,Beverages,no,no,,180,USDA FoodKeeper / SNAP ext,beverage,,,
Strawberry jam,Staple,Other,no,no,,365,FoodKeeper ketchup/soy/vinegar 1-2 y sealed; PP class 365,pantry,,,
Strawberry spread,Staple,Other,no,no,,365,FoodKeeper ketchup/soy/vinegar 1-2 y sealed; PP class 365,pantry,,,
Strawberry yogurt,Dairy,,no,no,,7,USDA FoodKeeper / SNAP ext,dairy,,,
Sugar,Staple,Grains,no,no,,730,indefinite when dry; PP class 730,condiment;grains & pantry,,,
Sugar (A),Staple,Other,no,no,,730,indefinite when dry; PP class 730,pantry,,,
Sugar (B),Staple,Other,no,no,,730,indefinite when dry; PP class 730,pantry,,,
Sugar free cookies,Staple,Bakery,no,no,,180,USDA FoodKeeper / SNAP ext,snacks & misc,,,
Sugar powder (open),Staple,Other,no,no,,730,indefinite when dry; PP class 730,pantry,,,
Sugar-free,Staple,Other,no,no,,730,indefinite when dry; PP class 730,other,,,
Sugar-free stevia,Staple,Other,no,no,,730,indefinite when dry; PP class 730,other,,,
Suji,Staple,Other,no,no,,180,USDA FoodKeeper / SNAP ext,pantry,,,
Suji (organic),Staple,Grains,no,no,,180,USDA FoodKeeper / SNAP ext,grains,,,
Suji (rava),Staple,Grains,no,no,,180,USDA FoodKeeper / SNAP ext,grains & pantry,,,
Sumac (ground sachet),Staple,Spices,no,no,,365,12 mo sealed,spice,,,
Sumac powder,Staple,Spices,no,no,,365,12 mo sealed,spice,,,
Sumac powder (Urban Platter),Staple,Spices,no,no,,365,12 mo sealed,spice,,,
Sun-dried tomatoes,Staple,Condiments,no,no,,365,dehydrated/dried 12 mo sealed,condiment,,,
Sundried tomatoes,Staple,Other,no,no,,365,dehydrated/dried 12 mo sealed,condiment;pantry,,,
Sunflower oil (Anveshan),Staple,Oils,no,no,,365,"FoodKeeper oils 6-12 mo unopened, 3-5 mo opened; PP class 365",oil,,,
Sunflower seeds,Staple,Nuts & seeds,no,no,,180,USDA FoodKeeper / SNAP ext,nuts & seeds,,,
Sweet corn,Vegetable,,no,no,150,6,USDA FoodKeeper / SNAP ext,fnv,,,
Sweet corn (frozen),Staple,Frozen,no,no,150,180,PP correction 24-Aug (Bhavya): was bucket=Vegetable SL=6,vegetable,,,
Sweet paprika (Sphio),Staple,Spices,no,no,,365,"McCormick/Healthline: ground 2-3 y, whole 3-4 y; PP class 365",spice,,,
Sweet peanuts,Staple,Other,no,no,,180,USDA FoodKeeper / SNAP ext,nuts,,,
Sweet potato,Vegetable,,no,no,150,30,USDA FoodKeeper / SNAP ext,fnv;vegetable,,,
Sweet potato glass noodles (Platter),Staple,Other,no,no,,180,USDA FoodKeeper / SNAP ext,pasta,,,
Synthetic vinegar,Staple,Other,no,no,,365,FoodKeeper ketchup/soy/vinegar 1-2 y sealed; PP class 365,condiment;pantry,,,
Tabasco,Staple,Condiments,no,no,,365,FoodKeeper ketchup/soy/vinegar 1-2 y sealed; PP class 365,condiment,,,
Table butter (Milky Mist),Dairy,,no,no,,60,FoodKeeper butter 1-3 mo refrigerated -> 60,dairy,,,
Tadka mix,Staple,Spices,no,no,,365,12 mo sealed,spice,,,
Tagliatelle/Mezze pasta,Staple,Grains,no,no,,180,USDA FoodKeeper / SNAP ext,grains & pantry,,,
Tahini paste (white),Staple,Other,no,no,,180,USDA FoodKeeper / SNAP ext,pantry,,,
Taj Mahal tea,Staple,Beverages,no,no,,365,"FoodKeeper tea 18-36 mo, coffee 2 y sealed; PP class 365",beverage,,,
Tamarind,Staple,Spices,no,no,,365,tamarind and concentrates 12 mo,spice,,,
"Tamarind (seeded, Whole Farm)",Staple,Condiments,no,no,,365,tamarind and concentrates 12 mo,condiment,,,
Tamarind chutney,Staple,Condiments,no,no,,365,tamarind and concentrates 12 mo,condiment,,,
Tamarind concentrate,Staple,Condiments,no,no,,365,tamarind and concentrates 12 mo,condiment,,,
Tang orange,Staple,Beverages,no,no,,365,"FoodKeeper tea 18-36 mo, coffee 2 y sealed; PP class 365",beverage,,,
Tata salt,Staple,Other,no,no,,730,indefinite when dry; PP class 730,pantry,,,
Tea (Catch chai + tea bags),Staple,Grains,no,no,,365,"FoodKeeper tea 18-36 mo, coffee 2 y sealed; PP class 365",grains & pantry,,,
Tea leaves,Staple,Beverages,no,no,,365,"FoodKeeper tea 18-36 mo, coffee 2 y sealed; PP class 365",beverage,,,
Tea powder,Staple,Beverages,no,no,,365,"McCormick/Healthline: ground 2-3 y, whole 3-4 y; PP class 365",beverage,,,
Tej patta,Staple,Spices,no,no,,365,"McCormick/Healthline: ground 2-3 y, whole 3-4 y; PP class 365",spice,,,
Tender coconut (chopped),Fruit,,no,yes,,3,cut 2-3 d; whole 7 d refrigerated,fnv;fruit,,,
Thai basil leaves,Vegetable,,yes,no,,4,PantryPulse rule 31-Jul-2026,fnv,normal,,
Thai chilli paste,Staple,Condiments,no,no,,365,FoodKeeper ketchup/soy/vinegar 1-2 y sealed; PP class 365,condiment,,,
Thai green paste,Staple,Condiments,no,no,,365,FoodKeeper ketchup/soy/vinegar 1-2 y sealed; PP class 365,condiment,,,
Thai guava,Fruit,,no,yes,200,6,USDA FoodKeeper / SNAP ext,fruit,,,
The Healthy Binge millet baked chips,Staple,Bakery,no,no,,180,USDA FoodKeeper / SNAP ext,snacks & misc,,,
Three citrus marmalade,Staple,Condiments,no,no,,365,"jarred/dried, 12 mo",condiment,,,
Thums Up (drink),Staple,Other,no,no,,180,USDA FoodKeeper / SNAP ext,pantry,,,
Tilapia (fish),Meat,,no,no,,2,USDA FoodKeeper / SNAP ext,meat & fish,,,
Tissue (non-food),Staple,Grains,no,no,,9999,not perishable,grains & pantry,,,
Toasted sesame oil,Staple,Oils,no,no,,365,"FoodKeeper oils 6-12 mo unopened, 3-5 mo opened; PP class 365",oil,,,
Tofu,Meat,,no,no,,7,"FoodKeeper tofu opened 3-5 d, sealed 2-4 wk -> 7",dairy;meat & fish;protein,,,
Tofu (Health on Plants),Meat,,no,no,,7,"FoodKeeper tofu opened 3-5 d, sealed 2-4 wk -> 7",grains & pantry,,,
Tofu (soft),Meat,,no,no,,7,"FoodKeeper tofu opened 3-5 d, sealed 2-4 wk -> 7",dairy,,,
Tofu / soya paneer (Briyas),Meat,,no,no,,7,vacuum-packed paneer 7-15 d refrigerated; PP 7,meat & fish,,,
Tomato,Vegetable,,no,no,100,7,USDA FoodKeeper / SNAP ext,fnv,,,
Tomato ketchup,Staple,Grains,no,no,,365,FoodKeeper ketchup/soy/vinegar 1-2 y sealed; PP class 365,condiment;grains & pantry,,,
Tomato ketchup (Delmonte),Staple,Condiments,no,no,,365,FoodKeeper ketchup/soy/vinegar 1-2 y sealed; PP class 365,condiment,,,
Tomato ketchup (Kissan),Staple,Other,no,no,,365,FoodKeeper ketchup/soy/vinegar 1-2 y sealed; PP class 365,pantry,,,
Tomato ketchup (Orchard Lane),Staple,Condiments,no,no,,365,FoodKeeper ketchup/soy/vinegar 1-2 y sealed; PP class 365,condiment,,,
Tomato ketchup sweet & spicy,Staple,Condiments,no,no,,365,FoodKeeper ketchup/soy/vinegar 1-2 y sealed; PP class 365,condiment,,,
Tomato paste,Staple,Other,no,no,,365,FoodKeeper ketchup/soy/vinegar 1-2 y sealed; PP class 365,pantry,,,
Tomato paste (Indira’s),Staple,Grains,no,no,,365,FoodKeeper ketchup/soy/vinegar 1-2 y sealed; PP class 365,grains & pantry,,,
Tomato sauce,Staple,Condiments,no,no,,365,FoodKeeper ketchup/soy/vinegar 1-2 y sealed; PP class 365,condiment,,,
Toned milk (Heritage),Dairy,,no,no,,3,pasteurised pouch milk 2-3 d refrigerated (FoodKeeper opened milk 1 wk; Indian pouch 3),dairy,,,
Tonic water (Sepoy & Co),Staple,Beverages,no,no,,180,USDA FoodKeeper / SNAP ext,beverage,,,
Toor / arhar dal,Staple,Dals,no,no,,365,FoodKeeper dried beans 1 y+; PP class 365,dals,,,
Toor dal,Staple,Dals,no,no,,365,FoodKeeper dried beans 1 y+; PP class 365,dals,,,
Toor dal (Tata Sampann),Staple,Other,no,no,,365,FoodKeeper dried beans 1 y+; PP class 365,dals;pantry,,,
Tortilla wraps (beetroot-carrot),Staple,Bakery,no,no,,30,"sealed tortillas 1-2 mo, opened 7 d -> 30",bread & bakery,,,
Trail mix (Farmley dry fruits/nuts/seeds),Staple,Grains,no,no,,365,dehydrated/dried 12 mo sealed,grains & pantry,,,
Troovy healthy protein puffs,Staple,Bakery,no,no,,180,USDA FoodKeeper / SNAP ext,snacks & misc,,,
Troovy protein veggie chips,Meat,,no,no,,180,sealed snacks/chocolate 6-12 mo,snacks & misc,,,
Tteokbokki carbonara,Staple,Other,no,no,,180,USDA FoodKeeper / SNAP ext,other,,,
Turmeric,Staple,Spices,no,no,,365,"McCormick/Healthline: ground 2-3 y, whole 3-4 y; PP class 365",spice,,,
Turmeric powder,Staple,Grains,no,no,,365,"McCormick/Healthline: ground 2-3 y, whole 3-4 y; PP class 365",grains & pantry;spice,,,
Twinings English breakfast tea,Staple,Beverages,no,no,,365,"FoodKeeper tea 18-36 mo, coffee 2 y sealed; PP class 365",beverage,,,
Umami paste,Staple,Condiments,no,no,,365,FoodKeeper ketchup/soy/vinegar 1-2 y sealed; PP class 365,condiment,,,
Unpolished moong dal,Staple,Dals,no,no,,365,FoodKeeper dried beans 1 y+; PP class 365,dals,,,
Unsalted butter,Dairy,,no,no,,60,FoodKeeper butter 1-3 mo refrigerated -> 60,dairy,,,
Unsweetened peanut butter,Dairy,,no,no,,180,"FoodKeeper peanut butter opened 2-3 mo, sealed 6-24 mo -> 180",dairy,,,
Urad black whole,Staple,Dals,no,no,,365,FoodKeeper dried beans 1 y+; PP class 365,dals,,,
Urad dal,Staple,Dals,no,no,,365,FoodKeeper dried beans 1 y+; PP class 365,dals,,,
Urad dal (whole),Staple,Dals,no,no,,365,FoodKeeper dried beans 1 y+; PP class 365,dals,,,
Urban Platter coconut milk,Staple,Other,no,no,,180,PantryPulse rule 31-Jul-2026,pantry,,OPEN-AND-USE: sealed = per pack expiry; OPENED = 4d countdown,4
Usal misal masala,Staple,Spices,no,no,,365,"McCormick/Healthline: ground 2-3 y, whole 3-4 y; PP class 365",spice,,,
Vanilla extract,Staple,Other,no,no,,365,12 mo sealed,condiment;pantry,,,
Vanilla milkshake,Staple,Other,no,no,,365,12 mo sealed,pantry,,,
Veg mayonnaise (Dr Oetker FunFoods),Staple,Grains,no,no,,90,"FoodKeeper mayo opened 2 mo, sealed longer -> 90",grains & pantry,,,
Vegetable peeler,Staple,Other,no,no,,9999,not perishable,household,,,
Vermicelli,Staple,Grains,no,no,,180,USDA FoodKeeper / SNAP ext,grains & pantry,,,
Vinegar,Staple,Grains,no,no,,365,FoodKeeper ketchup/soy/vinegar 1-2 y sealed; PP class 365,condiment;grains & pantry,,,
Walnut,Staple,Nuts & seeds,no,yes,,180,PP correction 24-Aug: nut wrongly bucketed as Fruit with 6d,fruit,,,
Walnuts,Staple,Other,no,no,,180,USDA FoodKeeper / SNAP ext,nuts;pantry,,,
Wasabi (S&B),Staple,Condiments,no,no,,365,FoodKeeper ketchup/soy/vinegar 1-2 y sealed; PP class 365,condiment,,,
Watermelon,Fruit,,no,yes,,6,USDA FoodKeeper / SNAP ext,fruit,,,
Watermelon (cut),Fruit,,no,yes,,3,FoodKeeper cut melon 2-4 d,fnv;fruit,,,
Wheat pasta,Staple,Other,no,no,,180,USDA FoodKeeper / SNAP ext,pantry,,,
Whey concentrate,Staple,Other,no,no,,365,sealed powders 12+ mo,supplement,,,
Whey protein,Meat,,no,no,,365,sealed powders 12+ mo,grains & pantry;protein,,,
White chia seeds,Staple,Other,no,no,,180,USDA FoodKeeper / SNAP ext,nuts,,,
White dal (moong),Staple,Grains,no,no,,365,FoodKeeper dried beans 1 y+; PP class 365,grains & pantry,,,
White label sugar,Staple,Other,no,no,,730,indefinite when dry; PP class 730,pantry,,,
White moong dal,Staple,Dals,no,no,,365,FoodKeeper dried beans 1 y+; PP class 365,dals,,,
White poha,Staple,Other,no,no,,180,USDA FoodKeeper / SNAP ext,pantry,,,
White puttupodi (Double Horse),Staple,Grains,no,no,,365,"McCormick/Healthline: ground 2-3 y, whole 3-4 y; PP class 365",grains,,,
White rajma,Staple,Dals,no,no,,365,FoodKeeper dried beans 1 y+; PP class 365,dals,,,
White rajma (open),Staple,Dals,no,no,,365,FoodKeeper dried beans 1 y+; PP class 365,dals,,,
White sesame / til,Staple,Spices,no,no,,365,"McCormick/Healthline: ground 2-3 y, whole 3-4 y; PP class 365",spice,,,
White sesame seeds,Staple,Spices,no,no,,365,"McCormick/Healthline: ground 2-3 y, whole 3-4 y; PP class 365",spice,,,
White sesame seeds (A),Staple,Other,no,no,,365,"McCormick/Healthline: ground 2-3 y, whole 3-4 y; PP class 365",nuts,,,
White sesame seeds (B),Staple,Other,no,no,,365,"McCormick/Healthline: ground 2-3 y, whole 3-4 y; PP class 365",nuts,,,
White sesame seeds (Whole Farm),Staple,Spices,no,no,,365,PP correction 24-Aug (Bhavya): was bucket=Dairy SL=7,dairy,,,
White tahini paste,Staple,Condiments,no,no,,180,USDA FoodKeeper / SNAP ext,condiment,,,
Whole Truth chocolate,Staple,Grains,no,no,,180,USDA FoodKeeper / SNAP ext,cereal,,,
Whole millet,Staple,Grains,no,no,,180,USDA FoodKeeper / SNAP ext,grains,,,
Whole moong,Staple,Dals,no,no,,365,FoodKeeper dried beans 1 y+; PP class 365,dals,,,
Whole sabudana,Staple,Grains,no,no,,180,USDA FoodKeeper / SNAP ext,grains,,,
Whole spices (Zoff),Staple,Spices,no,no,,365,"jarred/dried, 12 mo",spice,,,
Whole urad (open),Staple,Dals,no,no,,365,FoodKeeper dried beans 1 y+; PP class 365,dals,,,
Whole wheat atta noodles (yu),Staple,Other,no,no,,180,USDA FoodKeeper / SNAP ext,pasta,,,
Whole wheat bread (Health Factory),Bread & bakery,Bakery,no,no,,5,PP correction 24-Aug: bread wrongly bucketed as Dairy with 180d,bread & bakery,,,
Whole wheat noodles,Staple,Other,no,no,,180,USDA FoodKeeper / SNAP ext,pasta,,,
Whole wheat spaghetti (yu),Staple,Other,no,no,,180,USDA FoodKeeper / SNAP ext,pasta,,,
Wild forest honey,Staple,Condiments,no,no,,730,indefinite when dry; PP class 730,condiment,,,
Wingreens cheese sauce,Dairy,,no,no,,30,USDA FoodKeeper / SNAP ext,dairy,,,
XO sauce (Meishi),Staple,Condiments,no,no,,365,FoodKeeper ketchup/soy/vinegar 1-2 y sealed; PP class 365,condiment,,,
Yelakki banana,Fruit,,no,yes,50,5,USDA FoodKeeper / SNAP ext,fnv,,,
Yellaki banana,Fruit,,no,yes,50,5,USDA FoodKeeper / SNAP ext,fruit,,,
Yellow capsicum,Vegetable,,no,no,125,12,USDA FoodKeeper / SNAP ext,fnv,,,
Yellow moong dal,Staple,Dals,no,no,,365,FoodKeeper dried beans 1 y+; PP class 365,dals,,,
Yellow split moong dal,Staple,Dals,no,no,,365,FoodKeeper dried beans 1 y+; PP class 365,dals,,,
Yellow sweet corn,Vegetable,,no,no,150,6,USDA FoodKeeper / SNAP ext,fnv,,,
Yoga Bar health mix,Staple,Grains,no,no,,180,USDA FoodKeeper / SNAP ext,cereal,,,
Yoga Bar muesli,Staple,Grains,no,no,,180,USDA FoodKeeper / SNAP ext,grains & pantry,,,
Yogurt,Dairy,,no,no,,7,USDA FoodKeeper / SNAP ext,dairy,,,
Yuzu kombucha,Staple,Beverages,no,no,,90,refrigerated ferments keep 2-3+ mo,beverage,,,
Zaatar powder,Staple,Spices,no,no,,365,"McCormick/Healthline: ground 2-3 y, whole 3-4 y; PP class 365",spice,,,
Zero maida bread,Bread & bakery,Bakery,no,no,,5,PP correction 24-Aug: bread wrongly bucketed as Dairy with 180d,bread & bakery,,,
Zero maida protein bread,Bread & bakery,Bakery,no,no,,5,PP correction 24-Aug: bread wrongly bucketed as Dairy with 180d,bread & bakery,,,
Zero-fat BBQ (Veeba),Staple,Condiments,no,no,,365,12 mo sealed,condiment,,,
Zucchini,Vegetable,,no,no,280,6,USDA FoodKeeper / SNAP ext,fnv,,,
Cremini mushroom,Vegetable,,no,no,,4,USDA FoodKeeper / SNAP ext,h3 22-Jul add,,,
Roasted Bengal gram,Staple,Nuts & seeds,no,no,,180,-,h5 22-Jul add,,,
Toilet roll,Staple,Other,no,no,,9999,not perishable,h5 22-Jul add,,,
Mutton,Meat,,no,no,,2,USDA FoodKeeper,h5 22-Jul add,,,
Spinach,Vegetable,,yes,no,,4,PantryPulse rule 31-Jul-2026,h5 add,normal,,
Pumpkin (cut),Vegetable,,no,no,,7,PantryPulse rule 31-Jul-2026,h5 23-Jul add,none,Cut pumpkin — use within 7d,
Horse gram (Kulthi),Staple,Dals,no,no,,365,FoodKeeper dried beans 1 y+; PP class 365,h5 23-Jul add,,,
Chicken thighs,Meat,,no,no,,2,-,h5 23-Jul add,,,
Coccinia (ivy gourd),Vegetable,,no,no,,6,-,h5 23-Jul add,,,
Dettol hand wash,Staple,Other,no,no,,9999,not perishable,h5 23-Jul add,,,
Garlic peeled,Vegetable,,no,no,,4,PantryPulse rule 31-Jul-2026,h5 23-Jul add,none,Market-bought peeled cloves — 4d refrigerated,
Chicken boneless (FreshToHome),Meat,,no,no,,2,-,h1b 23-Jul add,,,
Protein Chef high-protein bread,Bread & bakery,Bakery,no,no,,5,PP correction 24-Aug: bread wrongly bucketed as Dairy with 180d,h1b 23-Jul add,,,
Green kiwi,Fruit,,no,yes,,14,kiwi 1-2 wk+ refrigerated -> 14,h1b 23-Jul add,,,
Natural yogurt,Dairy,,no,no,,7,-,h8 23-Jul add,,,
Wheat bread,Bread & bakery,Bakery,no,no,,5,PP correction 24-Aug: bread wrongly bucketed as Dairy with 180d,h8 23-Jul add,,,
Basa fish,Meat,,no,no,,2,-,h5 23-Jul add,,,
Whole wheat bread,Bread & bakery,Bakery,no,no,,5,PP correction 24-Aug: bread wrongly bucketed as Dairy with 180d,h2 22-Jul add,,,
Butter (Milky Mist),Dairy,,no,no,,60,FoodKeeper butter 1-3 mo refrigerated -> 60,h2 22-Jul add,,,
Milky Mist Greek yogurt,Dairy,,no,no,,10,-,h2 22-Jul add,,,
Walnut raisin sourdough,Bread & bakery,Bakery,no,no,,5,PP correction 24-Aug: bread wrongly bucketed as Dairy with 180d,h2 23-Jul add,,,
Frozen sweet corn,Staple,Frozen,no,no,,180,-,h2 23-Jul add,,,
Mooz feta,Dairy,,no,no,,30,-,h2 23-Jul add,,,
Bisleri water 1L,Staple,Beverages,no,no,,180,-,h2 23-Jul add,,,
Greek yogurt (bulk),Dairy,,no,no,,10,-,h2 23-Jul add,,,
Akshayakalpa salted butter,Dairy,,no,no,,60,FoodKeeper butter 1-3 mo refrigerated -> 60,h9 default,,,
Amul fresh cream,Dairy,,no,no,,15,PP correction 24-Aug: fresh item wrongly given a dry-goods shelf life,h9 default,,OPEN-AND-USE: sealed = per pack expiry; OPENED = 4d countdown,4
Akshayakalpa probiotic curd,Dairy,,no,no,,10,FoodKeeper yogurt 1-2 wk refrigerated -> 10,h9 default,,,
AltCo oat drink,Dairy,,no,no,,180,PP correction 24-Aug: duplicate SKU had conflicting shelf life — unified,h9 default,,,
Akshayakalpa malai paneer,Dairy,,no,no,,7,vacuum-packed paneer 7-15 d refrigerated; PP 7,h9 default,,,
Akshayakalpa cow ghee,Dairy,,no,no,,365,"clarified butter, shelf-stable ~12 mo",h9 default,,,
Arvi (colocasia),Vegetable,,no,no,,10,"radish, colocasia, celery ~10 d",h9 default,,,
Baby bottle gourd,Vegetable,,no,no,,6,PantryPulse rule 31-Jul-2026,h9 default,none,SEASONAL: summer (Mar-Jun) 8d / monsoon (Jul-Sep) 6d / winter (Oct-Feb) 4d,
Ridge gourd,Vegetable,,no,no,,6,-,h9 default,,,
Tinda,Vegetable,,no,no,,6,-,h9 default,,,
Palak (spinach),Vegetable,,yes,no,,4,PantryPulse rule 31-Jul-2026,h9 default,normal,,
Health Factory bread,Bread & bakery,Bakery,no,no,,5,PP correction 24-Aug: bread wrongly bucketed as Dairy with 180d,h9 default,,,
Ginger garlic paste (Catch),Staple,Condiments,no,no,,60,PantryPulse rule 31-Jul-2026,h9 default,none,MARKET pack 60d,
Green chilli mustard pickle,Staple,Condiments,no,no,,365,FoodKeeper ketchup/soy/vinegar 1-2 y sealed; PP class 365,h9 default,,,
Sesame oil (Tattva),Staple,Oils,no,no,,365,"FoodKeeper oils 6-12 mo unopened, 3-5 mo opened; PP class 365",h9 default,,,
Chai masala,Staple,Spices,no,no,,365,"McCormick/Healthline: ground 2-3 y, whole 3-4 y; PP class 365",h9 default,,,
Chilli flakes (Snapin),Staple,Spices,no,no,,365,"McCormick/Healthline: ground 2-3 y, whole 3-4 y; PP class 365",h9 default,,,
Sesame oil (Gramiyaa),Staple,Oils,no,no,,365,"FoodKeeper oils 6-12 mo unopened, 3-5 mo opened; PP class 365",h9 default,,,
Mustard oil (Gramiyaa),Staple,Oils,no,no,,365,"FoodKeeper oils 6-12 mo unopened, 3-5 mo opened; PP class 365",h9 default,,,
Ajwain,Staple,Spices,no,no,,365,"McCormick/Healthline: ground 2-3 y, whole 3-4 y; PP class 365",h9 default,,,
Imli chutney dip,Staple,Condiments,no,no,,365,tamarind and concentrates 12 mo,h9 default,,,
Raisin,Staple,Nuts & seeds,no,no,,180,-,h9 default,,,
Chaat masala (Everest),Staple,Spices,no,no,,365,"McCormick/Healthline: ground 2-3 y, whole 3-4 y; PP class 365",h9 default,,,
Sambar masala (Catch),Staple,Spices,no,no,,365,"McCormick/Healthline: ground 2-3 y, whole 3-4 y; PP class 365",h9 default,,,
Cumin whole (Tata Sampann),Staple,Spices,no,no,,365,"McCormick/Healthline: ground 2-3 y, whole 3-4 y; PP class 365",h9 default,,,
Black pepper whole (Tata Sampann),Staple,Spices,no,no,,365,"McCormick/Healthline: ground 2-3 y, whole 3-4 y; PP class 365",h9 default,,,
Red chilli powder (Everest),Staple,Spices,no,no,,365,"McCormick/Healthline: ground 2-3 y, whole 3-4 y; PP class 365",h9 default,,,
Jeera powder (MTR),Staple,Spices,no,no,,365,"McCormick/Healthline: ground 2-3 y, whole 3-4 y; PP class 365",h9 default,,,
Kasuri methi (Dehat),Staple,Spices,yes,no,,365,dried herbs 1-3 y sealed; PP 365,h9 default,,,
Bay leaves (Zoff),Staple,Spices,no,no,,365,dried herbs 1-3 y sealed; PP 365,h9 default,,,
Garam masala (Everest),Staple,Spices,no,no,,365,"McCormick/Healthline: ground 2-3 y, whole 3-4 y; PP class 365",h9 default,,,
Besan (Tattva),Staple,Grains,no,no,,180,-,h9 default,,,
Coriander powder (Tata Sampann),Staple,Spices,yes,no,,365,"McCormick/Healthline: ground 2-3 y, whole 3-4 y; PP class 365",h9 default,,,
Gourmet cashews,Staple,Nuts & seeds,no,no,,180,-,h9 default,,,
Nutella,Staple,Condiments,no,no,,180,-,h9 default,,,
Cumin whole (Tattva),Staple,Spices,no,no,,365,"McCormick/Healthline: ground 2-3 y, whole 3-4 y; PP class 365",h9 default,,,
Oat flour,Staple,Grains,no,no,,180,-,h9 default,,,
Tea,Staple,Beverages,no,no,,365,"FoodKeeper tea 18-36 mo, coffee 2 y sealed; PP class 365",h9 default,,,
Rolled oats (Yogabar),Staple,Grains,no,no,,180,-,h9 default,,,
Mayonnaise (Dr Oetker),Staple,Condiments,no,no,,90,"FoodKeeper mayo opened 2 mo, sealed longer -> 90",h9 default,,,
Kasuri methi (Krishiveda),Staple,Spices,yes,no,,365,dried herbs 1-3 y sealed; PP 365,h9 default,,,
Soya chunks (Fortune),Staple,Other,no,no,,365,FoodKeeper dried beans 1 y+; PP class 365,h9 default,,,
Honey (Dabur),Staple,Other,no,no,,730,indefinite when dry; PP class 730,h9 default,,,
Green chilli sauce (Chings),Staple,Condiments,no,no,,365,FoodKeeper ketchup/soy/vinegar 1-2 y sealed; PP class 365,h9 default,,,
Tata Sampann dal,Staple,Dals,no,no,,365,FoodKeeper dried beans 1 y+; PP class 365,h9 default,,,
Channa dal,Staple,Dals,no,no,,365,FoodKeeper dried beans 1 y+; PP class 365,h9 default,,,
Turmeric whole (Popular),Staple,Spices,no,no,,365,"McCormick/Healthline: ground 2-3 y, whole 3-4 y; PP class 365",h9 default,,,
Sooji,Staple,Grains,no,no,,180,-,h9 default,,,
Green moong dal,Staple,Dals,no,no,,365,FoodKeeper dried beans 1 y+; PP class 365,h9 default,,,
Bengal gram,Staple,Dals,no,no,,365,FoodKeeper dried beans 1 y+; PP class 365,h9 default,,,
Black urad dal,Staple,Dals,no,no,,365,FoodKeeper dried beans 1 y+; PP class 365,h9 default,,,
Black rajma,Staple,Dals,no,no,,365,FoodKeeper dried beans 1 y+; PP class 365,h9 default,,,
Humpy channa dal,Staple,Dals,no,no,,365,FoodKeeper dried beans 1 y+; PP class 365,h9 default,,,
Thin poha (Tata Sampann),Staple,Grains,no,no,,180,-,h9 default,,,
Penne pasta,Staple,Grains,no,no,,180,-,h9 default,,,
White peas,Staple,Dals,no,no,,365,FoodKeeper dried beans 1 y+; PP class 365,h9 default,,,
Black pepper (Catch),Staple,Spices,no,no,,365,"McCormick/Healthline: ground 2-3 y, whole 3-4 y; PP class 365",h9 default,,,
Black salt (Catch),Staple,Spices,no,no,,730,indefinite when dry; PP class 730,h9 default,,,
Malai paneer,Dairy,,no,no,,3,-,h3 24-Jul,,,
Cheese block,Dairy,,no,no,,45,"FoodKeeper hard cheese opened 3-4 wk, sealed block ~6 wk -> 45",h3 24-Jul,,,
"Red chilli (long, fresh)",Vegetable,,no,no,,7,-,h3 24-Jul,,,
Garlic (fresh),Vegetable,,no,no,,30,PantryPulse rule 31-Jul-2026,h3 24-Jul,none,Whole unpeeled bulb,
Manual hand-press juicer,Staple,Other,no,no,,9999,-,h3 24-Jul,,,
Tilapia,Meat,,no,no,,2,-,h4 25-Jul,,,
Jackfruit (ripe bulb),Fruit,,no,yes,,3,FoodKeeper cut melon 2-4 d,h5 24-Jul,,,
Green lettuce,Vegetable,,yes,no,,6,PantryPulse rule 31-Jul-2026,h5 24-Jul,thick,,
Mosambi,Fruit,,no,yes,,21,"FoodKeeper citrus 1-2 wk fridge, 3 wk at best -> 21 (PP lemon 21)",h5 24-Jul,,,
Pecan nuts,Staple,Nuts & seeds,no,no,,180,-,h5 25-Jul,,,
Cranberries,Staple,Nuts & seeds,no,no,,180,-,h5 25-Jul,,,
Buns,Dairy,,no,no,,5,-,h4 25-Jul,,,
Akshaya cheese slices,Dairy,,no,no,,30,-,h4 25-Jul,,,
Thai basil,Vegetable,,yes,no,,6,PantryPulse rule 31-Jul-2026,h2 25-Jul,thick,,
Amaranth (grain),Staple,Grains, , ,,180,PP rule 24-Aug: flour/grain — shelf stable,16-Jul h4 staples baseline,,,
Amchur powder,Staple,Other, , ,,365,PP rule 24-Aug: dried/dehydrated — shelf stable,16-Jul h4 staples baseline,,,
Black jeera (shahi),Staple,Spices, , ,,365,PP rule 24-Aug: spice/powder — shelf stable,16-Jul h4 staples baseline,,,
Black mustard,Staple,Spices, , ,,365,PP rule 24-Aug: spice/powder — shelf stable,16-Jul h4 staples baseline,,,
Black olive,Staple,Condiments, , ,,365,PP rule 24-Aug: jarred — shelf stable,16-Jul h4 staples baseline,,,
Black pepper powder,Staple,Spices, , ,,365,PP rule 24-Aug: spice/powder — shelf stable,16-Jul h4 staples baseline,,,
Black sesame oil (Anveshan),Staple,Oils, , ,,365,PP rule 24-Aug: oil/ghee — shelf stable,16-Jul h4 staples baseline,,,
Black/purple rice,Staple,Grains, , ,,180,PP rule 24-Aug: flour/grain — shelf stable,16-Jul h4 staples baseline,,,
Bombay biryani masala,Staple,Spices, , ,,365,PP rule 24-Aug: spice/powder — shelf stable,16-Jul h4 staples baseline,,,
Broken brown rice,Staple,Grains, , ,,180,PP rule 24-Aug: flour/grain — shelf stable,16-Jul h4 staples baseline,,,
Brown fennel seeds,Staple,Spices, , ,,365,PP rule 24-Aug: spice/powder — shelf stable,16-Jul h4 staples baseline,,,
Brown sesame seeds,Staple,Spices, , ,,365,PP rule 24-Aug: spice/powder — shelf stable,16-Jul h4 staples baseline,,,
Cornflour,Staple,Grains, , ,,365,12 mo sealed,16-Jul h4 staples baseline,,,
Dagad phool (stone flower),Staple,Other, , ,,365,PP rule 24-Aug: dried/dehydrated — shelf stable,16-Jul h4 staples baseline,,,
Dahi mirchi (curd chilli),Staple,Spices, , ,,365,PP rule 24-Aug: spice/powder — shelf stable,16-Jul h4 staples baseline,,,
Dhaniya (coriander) powder,Staple,Spices, , ,,365,PP rule 24-Aug: spice/powder — shelf stable,16-Jul h4 staples baseline,,,
Dried mace (javitri),Staple,Other, , ,,365,PP rule 24-Aug: dried/dehydrated — shelf stable,16-Jul h4 staples baseline,,,
Dried seaweed,Staple,Other, , ,,365,PP rule 24-Aug: dried/dehydrated — shelf stable,16-Jul h4 staples baseline,,,
Dry red chilli,Staple,Other, , ,,365,PP rule 24-Aug: dried/dehydrated — shelf stable,16-Jul h4 staples baseline,,,
Eno,Staple,Other, , ,,365,PP rule 24-Aug: baking agent — shelf stable,16-Jul h4 staples baseline,,,
Farfalle pasta,Staple,Grains, , ,,180,PP rule 24-Aug: flour/grain — shelf stable,16-Jul h4 staples baseline,,,
Freshivores Guntur chilli,Staple,Spices, , ,,365,PP rule 24-Aug: spice/powder — shelf stable,16-Jul h4 staples baseline,,,
Green cardamom,Staple,Spices, , ,,365,PP rule 24-Aug: spice/powder — shelf stable,16-Jul h4 staples baseline,,,
Groundnut oil (Anveshan),Staple,Oils, , ,,365,PP rule 24-Aug: oil/ghee — shelf stable,16-Jul h4 staples baseline,,,
Hing (asafoetida),Staple,Spices, , ,,365,PP rule 24-Aug: spice/powder — shelf stable,16-Jul h4 staples baseline,,,
Hot & sweet ketchup,Staple,Condiments, , ,,365,PP rule 24-Aug: sauce/condiment — shelf stable sealed,16-Jul h4 staples baseline,,,
Japanese all-purpose meat seasoning,Staple,Spices, , ,,365,PP rule 24-Aug: spice/powder — shelf stable,16-Jul h4 staples baseline,,,
Japanese chilli paste,Staple,Spices, , ,,365,PP rule 24-Aug: spice/powder — shelf stable,16-Jul h4 staples baseline,,,
Kalonji (nigella),Staple,Spices, , ,,365,PP rule 24-Aug: spice/powder — shelf stable,16-Jul h4 staples baseline,,,
Kasundi paste,Staple,Condiments, , ,,365,PP rule 24-Aug: sauce/condiment — shelf stable sealed,16-Jul h4 staples baseline,,,
Kewra essence,Staple,Condiments, , ,,365,PP rule 24-Aug: sauce/condiment — shelf stable sealed,16-Jul h4 staples baseline,,,
Keya oregano,Staple,Spices, , ,,365,PP rule 24-Aug: spice/powder — shelf stable,16-Jul h4 staples baseline,,,
Khade masala / whole spice patta,Staple,Spices, , ,,365,PP rule 24-Aug: spice/powder — shelf stable,16-Jul h4 staples baseline,,,
Khao suey paste,Staple,Condiments, , ,,365,PP rule 24-Aug: sauce/condiment — shelf stable sealed,16-Jul h4 staples baseline,,,
Khus khus (poppy),Staple,Spices, , ,,365,PP rule 24-Aug: spice/powder — shelf stable,16-Jul h4 staples baseline,,,
Kokum,Staple,Other, , ,,365,PP rule 24-Aug: dried/dehydrated — shelf stable,16-Jul h4 staples baseline,,,
Kyoto chilli oil,Staple,Oils, , ,,365,PP rule 24-Aug: oil/ghee — shelf stable,16-Jul h4 staples baseline,,,
Kyoto chilli oil furikake,Staple,Oils, , ,,365,PP rule 24-Aug: oil/ghee — shelf stable,16-Jul h4 staples baseline,,,
Kyoto dashi,Staple,Condiments, , ,,365,PP rule 24-Aug: sauce/condiment — shelf stable sealed,16-Jul h4 staples baseline,,,
Kyoto mala sauce,Staple,Condiments, , ,,365,PP rule 24-Aug: sauce/condiment — shelf stable sealed,16-Jul h4 staples baseline,,,
Maggi tomato ketchup,Staple,Condiments, , ,,365,PP rule 24-Aug: sauce/condiment — shelf stable sealed,16-Jul h4 staples baseline,,,
Methi (fenugreek) seeds,Staple,Spices, , ,,365,PP rule 24-Aug: spice/powder — shelf stable,16-Jul h4 staples baseline,,,
Mozzarella,Dairy,, , ,,45,"FoodKeeper hard cheese opened 3-4 wk, sealed block ~6 wk -> 45",16-Jul h4 staples baseline,,,
Mustard oil (Gramiya),Staple,Oils, , ,,365,PP rule 24-Aug: oil/ghee — shelf stable,16-Jul h4 staples baseline,,,
Nannari roots,Staple,Other, , ,,365,dehydrated/dried 12 mo sealed,16-Jul h4 staples baseline,,,
Omani dates,Staple,Other, , ,,180,PP rule 24-Aug: dried fruit — shelf stable,16-Jul h4 staples baseline,,,
Organic bajra,Staple,Grains, , ,,180,PP rule 24-Aug: flour/grain — shelf stable,16-Jul h4 staples baseline,,,
Organic ghee (Bilona),Staple,Oils, , ,,365,PP rule 24-Aug: oil/ghee — shelf stable,16-Jul h4 staples baseline,,,
Organic jowar flour,Staple,Grains, , ,,180,PP rule 24-Aug: flour/grain — shelf stable,16-Jul h4 staples baseline,,,
Puff pastry,Staple,Frozen, , ,,180,PP rule PEAS-FROZEN 180 (FoodKeeper frozen veg 8-12 mo),16-Jul h4 staples baseline,,,
Puliogare paste,Staple,Condiments, , ,,365,PP rule 24-Aug: sauce/condiment — shelf stable sealed,16-Jul h4 staples baseline,,,
Ragi atta,Staple,Grains, , ,,180,PP rule 24-Aug: flour/grain — shelf stable,16-Jul h4 staples baseline,,,
Red mustard seeds,Staple,Spices, , ,,365,PP rule 24-Aug: spice/powder — shelf stable,16-Jul h4 staples baseline,,,
Refined wheat flour,Staple,Grains, , ,,180,PP rule 24-Aug: flour/grain — shelf stable,16-Jul h4 staples baseline,,,
Sabudana papad,Staple,Other, , ,,180,"FoodKeeper flour 6-8 mo opened, rice 1 y; PP class 180",16-Jul h4 staples baseline,,,
Sakura soba noodles,Staple,Grains, , ,,180,PP rule 24-Aug: flour/grain — shelf stable,16-Jul h4 staples baseline,,,
Sambhar masala,Staple,Spices, , ,,365,PP rule 24-Aug: spice/powder — shelf stable,16-Jul h4 staples baseline,,,
Seed mix,Staple,Nuts & seeds, , ,,180,PP rule 24-Aug: nut/seed — shelf stable,16-Jul h4 staples baseline,,,
Spaghetti,Staple,Grains, , ,,180,PP rule 24-Aug: flour/grain — shelf stable,16-Jul h4 staples baseline,,,
Sushi nori,Staple,Other, , ,,365,PP rule 24-Aug: dried/dehydrated — shelf stable,16-Jul h4 staples baseline,,,
Sushi rice,Staple,Grains, , ,,180,PP rule 24-Aug: flour/grain — shelf stable,16-Jul h4 staples baseline,,,
Sushi rice (Urban Platter),Staple,Grains, , ,,180,PP rule 24-Aug: flour/grain — shelf stable,16-Jul h4 staples baseline,,,
Tanita miso,Staple,Condiments, , ,,365,PP rule 24-Aug: sauce/condiment — shelf stable sealed,16-Jul h4 staples baseline,,,
Thai bird chilli,Staple,Spices, , ,,6,PP 6,16-Jul h4 staples baseline,,,
Thai red paste,Staple,Condiments, , ,,365,PP rule 24-Aug: sauce/condiment — shelf stable sealed,16-Jul h4 staples baseline,,,
Thai yellow paste,Staple,Condiments, , ,,365,PP rule 24-Aug: sauce/condiment — shelf stable sealed,16-Jul h4 staples baseline,,,
Truffle seasoning,Staple,Spices, , ,,365,PP rule 24-Aug: spice/powder — shelf stable,16-Jul h4 staples baseline,,,
Turmeric/haldi powder,Staple,Spices, , ,,365,PP rule 24-Aug: spice/powder — shelf stable,16-Jul h4 staples baseline,,,
Uji matcha green,Staple,Beverages, , ,,365,PP rule 24-Aug: beverage/dry mix — shelf stable,16-Jul h4 staples baseline,,,
Vintage home tea,Staple,Beverages, , ,,365,PP rule 24-Aug: beverage/dry mix — shelf stable,16-Jul h4 staples baseline,,,
Wasabi furikake seasoning,Staple,Spices, , ,,365,PP rule 24-Aug: spice/powder — shelf stable,16-Jul h4 staples baseline,,,
Wheat flour,Staple,Grains, , ,,180,PP rule 24-Aug: flour/grain — shelf stable,16-Jul h4 staples baseline,,,
White miso dashi,Staple,Condiments, , ,,365,PP rule 24-Aug: sauce/condiment — shelf stable sealed,16-Jul h4 staples baseline,,,
White rice,Staple,Grains, , ,,180,PP rule 24-Aug: flour/grain — shelf stable,16-Jul h4 staples baseline,,,
Whole black pepper,Staple,Spices, , ,,365,PP rule 24-Aug: spice/powder — shelf stable,16-Jul h4 staples baseline,,,
Whole walnuts,Staple,Nuts & seeds, , ,,180,PP rule 24-Aug: nut/seed — shelf stable,16-Jul h4 staples baseline,,,
Yellow mustard,Staple,Spices, , ,,365,PP rule 24-Aug: spice/powder — shelf stable,16-Jul h4 staples baseline,,,
Walnut kernels,Staple,Nuts & seeds, , ,,180,PP rule 24-Aug: nut/seed — shelf stable,16-Jul staples baseline,,,
Safal matar (frozen peas),Staple,Frozen,no, ,,180,PantryPulse rule 31-Jul-2026,16-Jul staples baseline,none,FROZEN pack — months; keep frozen,
Noice seedless black raisins,Staple,Other, , ,,180,PP rule 24-Aug: dried fruit — shelf stable,16-Jul staples baseline,,,
Maida (refined flour),Staple,Grains, , ,,180,PP rule 24-Aug: flour/grain — shelf stable,17-Jul add,,,
Soya sauce,Staple,Condiments, , ,,365,PP rule 24-Aug: sauce/condiment — shelf stable sealed,17-Jul add,,,
Mangalam ghee,Staple,Oils, , ,,365,PP rule 24-Aug: oil/ghee — shelf stable,25-Jul add (default ghee),,,
Haricot beans,Vegetable,Other, , ,,8,PP correction 24-Aug: fresh item wrongly given a dry-goods shelf life,26-Jul order,,,
Chow chow,Vegetable,Other, , ,,10,PP correction 24-Aug: fresh item wrongly given a dry-goods shelf life,26-Jul order,,,
Ooty beetroot,Vegetable,,no, ,,12,PantryPulse rule 31-Jul-2026,26-Jul order,none,"Hardened skin, not peeled before storage",
Red poha,Staple,Grains, , ,,180,PP rule 24-Aug: flour/grain — shelf stable,26-Jul order,,,
Mutton liver (kaleji),Meat,, , ,,3,PantryPulse perishable rule 1-Aug-2026,26-Jul order,,,
Catla head (fish),Meat,, , ,,2,PantryPulse perishable rule 1-Aug-2026,26-Jul order,,,
pULIYOGARE,Staple,Other, , ,,365,tamarind and concentrates 12 mo,24-Jul RR staples check,,,
Two brother full moon ghee,Staple,Oils, , ,,365,PP rule 24-Aug: oil/ghee — shelf stable,24-Jul RR staples check,,,
Borges Extra virgin Olive oil,Staple,Oils, , ,,365,PP rule 24-Aug: oil/ghee — shelf stable,24-Jul RR staples check,,,
Anveshan Sunflower oil,Staple,Oils, , ,,365,PP rule 24-Aug: oil/ghee — shelf stable,24-Jul RR staples check,,,
Wood pressed Mustard Oil,Staple,Oils, , ,,365,PP rule 24-Aug: oil/ghee — shelf stable,24-Jul RR staples check,,,
RRO Mustard oil,Staple,Oils, , ,,365,PP rule 24-Aug: oil/ghee — shelf stable,24-Jul RR staples check,,,
Pumpkin seed oil,Staple,Oils, , ,,365,PP rule 24-Aug: oil/ghee — shelf stable,24-Jul RR staples check,,,
forest honey,Staple,Other, , ,,730,PP rule 24-Aug: sugar/salt/honey — indefinite,24-Jul RR staples check,,,
Farm honey,Staple,Other, , ,,730,PP rule 24-Aug: sugar/salt/honey — indefinite,24-Jul RR staples check,,,
Crystallized honey,Staple,Other, , ,,730,PP rule 24-Aug: sugar/salt/honey — indefinite,24-Jul RR staples check,,,
Pepper,Staple,Spices, , ,,365,PP rule 24-Aug: spice/powder — shelf stable,24-Jul RR staples check,,,
Snapin Garlic powder,Staple,Spices, , ,,365,PP rule 24-Aug: spice/powder — shelf stable,24-Jul RR staples check,,,
Keya Basil,Staple,Other, , ,,365,dried herbs 1-3 y sealed; PP 365,24-Jul RR staples check,,,
Zahtar,Staple,Other, , ,,365,12 mo sealed,24-Jul RR staples check,,,
the only Parsley,Herb,,yes, ,,4,PP rule LEAF-NORMAL 4,24-Jul RR staples check,normal,,
Ginger powder,Staple,Spices, , ,,365,PP rule 24-Aug: spice/powder — shelf stable,24-Jul RR staples check,,,
Keya red Chili flakes,Staple,Other, , ,,365,"McCormick/Healthline: ground 2-3 y, whole 3-4 y; PP class 365",24-Jul RR staples check,,,
Black pepper,Staple,Spices, , ,,365,PP rule 24-Aug: spice/powder — shelf stable,24-Jul RR staples check,,,
Red Dry Chilly,Staple,Other, , ,,365,spice/vinegar 12 mo,24-Jul RR staples check,,,
Khomli Barbery Grounded,Staple,Other, , ,,365,spice/vinegar 12 mo,24-Jul RR staples check,,,
BAY LEAVES SEASONING,Staple,Spices, , ,,365,PP rule 24-Aug: spice/powder — shelf stable,24-Jul RR staples check,,,
Biryani masala,Staple,Spices, , ,,365,PP rule 24-Aug: spice/powder — shelf stable,24-Jul RR staples check,,,
Jaljira,Staple,Other, , ,,365,12 mo sealed,24-Jul RR staples check,,,
Amchur,Staple,Other, , ,,365,PP rule 24-Aug: dried/dehydrated — shelf stable,24-Jul RR staples check,,,
Jeera powder,Staple,Spices, , ,,365,PP rule 24-Aug: spice/powder — shelf stable,24-Jul RR staples check,,,
Chettinad masala,Staple,Spices, , ,,365,PP rule 24-Aug: spice/powder — shelf stable,24-Jul RR staples check,,,
Cumin,Staple,Spices, , ,,365,PP rule 24-Aug: spice/powder — shelf stable,24-Jul RR staples check,,,
Fennel,Staple,Spices, , ,,365,PP rule 24-Aug: spice/powder — shelf stable,24-Jul RR staples check,,,
Sichuan pepper corn,Staple,Spices, , ,,365,PP rule 24-Aug: spice/powder — shelf stable,24-Jul RR staples check,,,
Whole spices,Staple,Spices, , ,,365,PP rule 24-Aug: spice/powder — shelf stable,24-Jul RR staples check,,,
Garlic podi,Staple,Other, , ,,365,"McCormick/Healthline: ground 2-3 y, whole 3-4 y; PP class 365",24-Jul RR staples check,,,
MTR chutney pudi,Staple,Condiments, , ,,365,PP rule 24-Aug: sauce/condiment — shelf stable sealed,24-Jul RR staples check,,,
Hema chutney powder,Staple,Spices, , ,,365,PP rule 24-Aug: spice/powder — shelf stable,24-Jul RR staples check,,,
Pudina chutney mix,Staple,Condiments, , ,,365,PP rule 24-Aug: sauce/condiment — shelf stable sealed,24-Jul RR staples check,,,
Basmati White rice,Staple,Grains, , ,,180,PP rule 24-Aug: flour/grain — shelf stable,24-Jul RR staples check,,,
Sonamasuri brown rice,Staple,Grains, , ,,180,PP rule 24-Aug: flour/grain — shelf stable,24-Jul RR staples check,,,
Khapli flour,Staple,Grains, , ,,180,PP rule 24-Aug: flour/grain — shelf stable,24-Jul RR staples check,,,
Quinoa flour,Staple,Grains, , ,,180,PP rule 24-Aug: flour/grain — shelf stable,24-Jul RR staples check,,,
Sujji (semolina),Staple,Other, , ,,180,PP rule 24-Aug: dry pantry default — shelf stable,24-Jul RR staples check,,,
Idly rice,Staple,Grains, , ,,180,PP rule 24-Aug: flour/grain — shelf stable,24-Jul RR staples check,,,
Barley,Staple,Grains, , ,,180,PP rule 24-Aug: flour/grain — shelf stable,24-Jul RR staples check,,,
Almond flour,Staple,Grains, , ,,180,PP rule 24-Aug: flour/grain — shelf stable,24-Jul RR staples check,,,
Red rice broken,Staple,Grains, , ,,180,PP rule 24-Aug: flour/grain — shelf stable,24-Jul RR staples check,,,
Besan flour,Staple,Grains, , ,,180,PP correction 24-Aug (Bhavya): was bucket=Staple SL=180,24-Jul RR staples check,,,
Dark chocolate oats,Staple,Grains, , ,,180,PP rule 24-Aug: flour/grain — shelf stable,24-Jul RR staples check,,,
Brown lentils,Staple,Other, , ,,365,FoodKeeper dried beans 1 y+; PP class 365,24-Jul RR staples check,,,
Little millet,Staple,Grains, , ,,180,PP rule 24-Aug: flour/grain — shelf stable,24-Jul RR staples check,,,
Masoor dal,Staple,Dals, , ,,365,PP rule 24-Aug: dal/legume — shelf stable,24-Jul RR staples check,,,
Whole green gram,Staple,Other, , ,,365,FoodKeeper dried beans 1 y+; PP class 365,24-Jul RR staples check,,,
Urad dal split,Staple,Dals, , ,,365,PP rule 24-Aug: dal/legume — shelf stable,24-Jul RR staples check,,,
White kidney beans,Staple,Other, , ,,365,FoodKeeper dried beans 1 y+; PP class 365,24-Jul RR staples check,,,
Whole moth beans,Staple,Other, , ,,365,FoodKeeper dried beans 1 y+; PP class 365,24-Jul RR staples check,,,
Black eye peas,Staple,Other, , ,,365,FoodKeeper dried beans 1 y+; PP class 365,24-Jul RR staples check,,,
Pearl barley,Staple,Grains, , ,,180,PP rule 24-Aug: flour/grain — shelf stable,24-Jul RR staples check,,,
Mixed legumes,Staple,Dals, , ,,365,PP rule 24-Aug: dal/legume — shelf stable,24-Jul RR staples check,,,
Brown chickpeas,Staple,Dals, , ,,365,PP rule 24-Aug: dal/legume — shelf stable,24-Jul RR staples check,,,
Tapioca pearls (sabudana),Staple,Other, , ,,180,"FoodKeeper flour 6-8 mo opened, rice 1 y; PP class 180",24-Jul RR staples check,,,
Split black gram with skin,Staple,Other, , ,,365,FoodKeeper dried beans 1 y+; PP class 365,24-Jul RR staples check,,,
Maccheroni,Staple,Other, , ,,180,PP rule 24-Aug: dry pantry default — shelf stable,24-Jul RR staples check,,,
Red lentil penne,Staple,Spices, , ,,180,dry pasta 1-2 y; PP class 180,24-Jul RR staples check,,,
Red lentil fusilli,Staple,Spices, , ,,180,dry pasta 1-2 y; PP class 180,24-Jul RR staples check,,,
Sweet potato noodles,Staple,Grains, , ,,180,PP rule 24-Aug: flour/grain — shelf stable,24-Jul RR staples check,,,
Barilla Collezione Lasagne (rice paper),Staple,Grains, , ,,180,PP rule 24-Aug: flour/grain — shelf stable,24-Jul RR staples check,,,
Koka Tom Yum gluten-free rice fettuccine,Staple,Grains, , ,,180,PP rule 24-Aug: flour/grain — shelf stable,24-Jul RR staples check,,,
Brazil nuts,Staple,Nuts & seeds, , ,,180,PP rule 24-Aug: nut/seed — shelf stable,24-Jul RR staples check,,,
Sesame seeds,Staple,Spices, , ,,365,PP rule 24-Aug: spice/powder — shelf stable,24-Jul RR staples check,,,
Medjool dates (2 brands),Staple,Other, , ,,180,PP rule 24-Aug: dry pantry default — shelf stable,24-Jul RR staples check,,,
Prunes,Staple,Other, , ,,180,PP rule 24-Aug: dried fruit — shelf stable,24-Jul RR staples check,,,
Trail mix,Staple,Other, , ,,180,PP rule 24-Aug: dry pantry default — shelf stable,24-Jul RR staples check,,,
Banana chips,Staple,Other, , ,,180,PP rule 24-Aug: dry pantry default — shelf stable,24-Jul RR staples check,,,
Dijon mustard wholegrain,Staple,Spices, , ,,365,PP rule 24-Aug: spice/powder — shelf stable,24-Jul RR staples check,,,
Red wine vinegar,Staple,Condiments, , ,,365,PP rule 24-Aug: sauce/condiment — shelf stable sealed,24-Jul RR staples check,,,
Fig vinegar cream glaze (Higo),Staple,Condiments, , ,,365,PP rule 24-Aug: sauce/condiment — shelf stable sealed,24-Jul RR staples check,,,
Blue Tokai coffee,Staple,Beverages, , ,,365,PP rule 24-Aug: beverage/dry mix — shelf stable,24-Jul RR staples check,,,
Arabica coffee,Staple,Beverages, , ,,365,PP rule 24-Aug: beverage/dry mix — shelf stable,24-Jul RR staples check,,,
Vietnamese coffee,Staple,Beverages, , ,,365,PP rule 24-Aug: beverage/dry mix — shelf stable,24-Jul RR staples check,,,
Hot chocolate mix,Staple,Other, , ,,365,"FoodKeeper tea 18-36 mo, coffee 2 y sealed; PP class 365",24-Jul RR staples check,,,
Indonesian coffee,Staple,Beverages, , ,,365,PP rule 24-Aug: beverage/dry mix — shelf stable,24-Jul RR staples check,,,
Hot chocolate original,Staple,Other, , ,,365,"FoodKeeper tea 18-36 mo, coffee 2 y sealed; PP class 365",24-Jul RR staples check,,,
Darkin hot chocolate,Staple,Other, , ,,365,"FoodKeeper tea 18-36 mo, coffee 2 y sealed; PP class 365",24-Jul RR staples check,,,
Darjeeling tea,Staple,Beverages, , ,,365,PP rule 24-Aug: beverage/dry mix — shelf stable,24-Jul RR staples check,,,
Earl Grey tea,Staple,Beverages, , ,,365,PP rule 24-Aug: beverage/dry mix — shelf stable,24-Jul RR staples check,,,
Chamomile tea,Staple,Beverages, , ,,365,PP rule 24-Aug: beverage/dry mix — shelf stable,24-Jul RR staples check,,,
Lemongrass Ginger Turmeric tea,Staple,Spices, , ,,365,PP rule 24-Aug: spice/powder — shelf stable,24-Jul RR staples check,,,
Spearmint tea,Staple,Beverages, , ,,365,PP rule 24-Aug: beverage/dry mix — shelf stable,24-Jul RR staples check,,,
White tea,Staple,Beverages, , ,,365,PP rule 24-Aug: beverage/dry mix — shelf stable,24-Jul RR staples check,,,
Herbal blends tea,Staple,Beverages, , ,,365,PP rule 24-Aug: beverage/dry mix — shelf stable,24-Jul RR staples check,,,
Pancake mix,Staple,Other, , ,,180,PP rule 24-Aug: dry pantry default — shelf stable,24-Jul RR staples check,,,
Oat and wheat pancake mix,Staple,Grains, , ,,180,PP rule 24-Aug: flour/grain — shelf stable,24-Jul RR staples check,,,
Hot chocolate peanut butter,Staple,Nuts & seeds, , ,,180,PP rule 24-Aug: nut/seed — shelf stable,24-Jul RR staples check,,,
Electrolytes,Staple,Other, , ,,365,"FoodKeeper tea 18-36 mo, coffee 2 y sealed; PP class 365",24-Jul RR staples check,,,
Samahan,Staple,Other, , ,,365,spice/vinegar 12 mo,24-Jul RR staples check,,,
Isopure,Staple,Other, , ,,365,sealed 12 mo,24-Jul RR staples check,,,
Dark chocolate peanut butter,Staple,Nuts & seeds, , ,,180,PP rule 24-Aug: nut/seed — shelf stable,24-Jul RR staples check,,,
Dried flower shiitake mushrooms,Staple,Other, , ,,365,PP rule 24-Aug: dried/dehydrated — shelf stable,24-Jul RR staples check,,,
Dried Garcinia Indica (kokum),Staple,Other, , ,,365,PP rule 24-Aug: dried/dehydrated — shelf stable,24-Jul RR staples check,,,
Groundnuts,Staple,Nuts & seeds, , ,,180,PP rule 24-Aug: nut/seed — shelf stable,24-Jul RR staples check,,,
Black lemon,Staple,Other, , ,,365,"McCormick/Healthline: ground 2-3 y, whole 3-4 y; PP class 365",24-Jul RR staples check,,,
Dried shiitake mushrooms,Staple,Other, , ,,365,PP rule 24-Aug: dried/dehydrated — shelf stable,24-Jul RR staples check,,,
Seaweed sheets,Staple,Other, , ,,365,PP rule 24-Aug: dried/dehydrated — shelf stable,24-Jul RR staples check,,,
Kilrr marination masala,Staple,Spices, , ,,365,PP rule 24-Aug: spice/powder — shelf stable,24-Jul RR staples check,,,
Barbeque instant popcorn,Staple,Other, , ,,180,PP rule 24-Aug: dry pantry default — shelf stable,24-Jul RR staples check,,,
Original taco seasoning,Staple,Spices, , ,,365,PP rule 24-Aug: spice/powder — shelf stable,24-Jul RR staples check,,,
Baked beans,Staple,Other, , ,,365,FoodKeeper ketchup/soy/vinegar 1-2 y sealed; PP class 365,24-Jul RR staples check,,,
Borges black pitted olives,Staple,Condiments, , ,,365,PP rule 24-Aug: jarred — shelf stable,24-Jul RR staples check,,,
Vanilla bean,Staple,Other, , ,,365,12 mo sealed,24-Jul RR staples check,,,
Huy Fong Sriracha hot chili sauce,Staple,Condiments, , ,,365,PP rule 24-Aug: sauce/condiment — shelf stable sealed,24-Jul RR staples check,,,
Red curry paste,Staple,Condiments, , ,,365,PP rule 24-Aug: sauce/condiment — shelf stable sealed,24-Jul RR staples check,,,
Hot Koji sauce,Staple,Condiments, , ,,365,PP rule 24-Aug: sauce/condiment — shelf stable sealed,24-Jul RR staples check,,,
Knorr Caldo de Carne,Staple,Other, , ,,365,12 mo sealed,24-Jul RR staples check,,,
Malabar tamarind,Staple,Other, , ,,365,tamarind and concentrates 12 mo,24-Jul RR staples check,,,
Chiroti rava,Staple,Grains, , ,,180,PP rule 24-Aug: flour/grain — shelf stable,24-Jul RR staples check,,,
Arabica coffee (2),Staple,Beverages, , ,,365,PP rule 24-Aug: beverage/dry mix — shelf stable,24-Jul RR staples check,,,
Red paprika sliced,Staple,Spices, , ,,365,PP rule 24-Aug: spice/powder — shelf stable,24-Jul RR staples check,,,
Sliced green jalapeno,Staple,Other, , ,,365,PP rule 24-Aug: baking agent — shelf stable,24-Jul RR staples check,,,
Chana masala,Staple,Spices, , ,,365,PP rule 24-Aug: spice/powder — shelf stable,24-Jul RR staples check,,,
Sauerkraut original,Staple,Other, , ,,90,refrigerated ferments keep 2-3+ mo,24-Jul RR staples check,,,
Soup sauteed vegetables,Staple,Other, , ,,365,dry soup mix 12 mo sealed (bucket Staple),24-Jul RR staples check,,,
Marmite truffle extract,Staple,Condiments, , ,,365,PP rule 24-Aug: sauce/condiment — shelf stable sealed,24-Jul RR staples check,,,
Chilli seed powder,Staple,Spices, , ,,365,PP rule 24-Aug: spice/powder — shelf stable,24-Jul RR staples check,,,
Italian mix,Staple,Other, , ,,365,spice/vinegar 12 mo,24-Jul RR staples check,,,
Jerk seasoning,Staple,Spices, , ,,365,PP rule 24-Aug: spice/powder — shelf stable,24-Jul RR staples check,,,
White puttu podi flour,Staple,Grains, , ,,365,"McCormick/Healthline: ground 2-3 y, whole 3-4 y; PP class 365",24-Jul RR staples check,,,
Aashirvaad pink salt,Staple,Other, , ,,730,PP rule 24-Aug: sugar/salt/honey — indefinite,24-Jul RR staples check,,,
Appam idiyappam mix,Staple,Other, , ,,180,PP rule 24-Aug: dry pantry default — shelf stable,24-Jul RR staples check,,,
10 on 10 jowar atta,Staple,Grains, , ,,180,PP rule 24-Aug: flour/grain — shelf stable,24-Jul RR staples check,,,
Sesame oil BNB,Staple,Oils, , ,,365,PP rule 24-Aug: oil/ghee — shelf stable,24-Jul RR staples check,,,
De Nigris Senza Caramello vinegar,Staple,Condiments, , ,,365,PP rule 24-Aug: sauce/condiment — shelf stable sealed,24-Jul RR staples check,,,
Thyme,Herb,,yes, ,,4,PantryPulse rule 31-Jul-2026,26-Jul PS count,normal,,
Rocket leaves,Vegetable,,yes, ,,6,PantryPulse rule 31-Jul-2026,26-Jul PS count,thick,,
Spinach (palak),Vegetable,,yes, ,,4,PantryPulse rule 31-Jul-2026,h1b 27-Jul,normal,,
Sweet corn (peeled),Vegetable,Other, , ,,5,PP correction 24-Aug: fresh item wrongly given a dry-goods shelf life,h1b 27-Jul,,,
Roasted seeds mix,Staple,Other, , ,,180,PP rule 24-Aug: dry pantry default — shelf stable,h5 27-Jul,,,
Parmesan cheese (D'lecta),Dairy,, , ,,90,"FoodKeeper hard cheese opened 3-4 wk, block/grated parmesan 2-3 mo -> 90",h2 27-Jul,,,
Mixed sprouts,Vegetable,, , ,,3,PP rule 24-Aug: sprouts are highly perishable,h7 27-Jul count,,,
Amul butter,Dairy,, , ,,60,FoodKeeper butter 1-3 mo refrigerated -> 60,h7 27-Jul count,,,
Amul Lite butter,Dairy,, , ,,60,FoodKeeper butter 1-3 mo refrigerated -> 60,h7 27-Jul count,,,
Goodlife slim milk,Dairy,, , ,,180,"PP rule OPEN-AND-USE sealed 180, opened 4",h7 27-Jul count,,,
Amul high protein dahi,Dairy,Other, , ,,10,PP correction 24-Aug: fresh item wrongly given a dry-goods shelf life,h7 27-Jul count,,,
Cream,Dairy,, , ,,15,PP correction 24-Aug: fresh item wrongly given a dry-goods shelf life,h7 27-Jul count,,OPEN-AND-USE: sealed = per pack expiry; OPENED = 4d countdown,4
English cucumber,Vegetable,Other, , ,,8,PP correction 24-Aug: fresh item wrongly given a dry-goods shelf life,h7 after-lunch 27-Jul,,,
Chings green chilli sauce,Staple,Spices, , ,,365,PP rule 24-Aug: spice/powder — shelf stable,h7 staple mega 27-Jul,,,
Wok Tok red chilli sauce,Staple,Spices, , ,,365,PP rule 24-Aug: spice/powder — shelf stable,h7 staple mega 27-Jul,,,
Soy sauce (Chings),Staple,Spices, , ,,365,PP rule 24-Aug: spice/powder — shelf stable,h7 staple mega 27-Jul,,,
Kewra water,Staple,Other, , ,,180,PP rule 24-Aug: dry pantry default — shelf stable,h7 staple mega 27-Jul,,,
Hershey's syrup,Staple,Condiments, , ,,365,PP rule 24-Aug: sauce/condiment — shelf stable sealed,h7 staple mega 27-Jul,,,
Veeba sriracha sauce,Staple,Condiments, , ,,365,PP rule 24-Aug: sauce/condiment — shelf stable sealed,h7 staple mega 27-Jul,,,
Gond,Staple,Other, , ,,365,dehydrated/dried 12 mo sealed,h7 staple mega 27-Jul,,,
Mix dry masala,Staple,Spices, , ,,365,PP rule 24-Aug: spice/powder — shelf stable,h7 staple mega 27-Jul,,,
Anardana powder,Staple,Spices, , ,,365,PP rule 24-Aug: spice/powder — shelf stable,h7 staple mega 27-Jul,,,
BBQ makhana seasoning,Staple,Spices, , ,,365,PP rule 24-Aug: spice/powder — shelf stable,h7 staple mega 27-Jul,,,
Chocolate,Staple,Other, , ,,180,PP rule 24-Aug: dry pantry default — shelf stable,h7 staple mega 27-Jul,,,
Del Monte spaghetti,Staple,Grains, , ,,180,PP rule 24-Aug: flour/grain — shelf stable,h7 staple mega 27-Jul,,,
Gur (jaggery),Staple,Other, , ,,730,PP rule 24-Aug: sugar/salt/honey — indefinite,h7 staple mega 27-Jul,,,
Ghee,Staple,Oils, , ,,365,PP rule 24-Aug: oil/ghee — shelf stable,h7 staple mega 27-Jul,,,
Sugar (packet),Staple,Other, , ,,730,PP rule 24-Aug: sugar/salt/honey — indefinite,h7 staple mega 27-Jul,,,
Roasted vermicelli,Staple,Grains, , ,,180,PP rule 24-Aug: flour/grain — shelf stable,h7 staple mega 27-Jul,,,
Short vermicelli,Staple,Grains, , ,,180,PP rule 24-Aug: flour/grain — shelf stable,h7 staple mega 27-Jul,,,
Refined wheat flour (maida),Staple,Grains, , ,,180,PP rule 24-Aug: flour/grain — shelf stable,h7 staple mega 27-Jul,,,
Oregano seasoning,Staple,Spices, , ,,365,PP rule 24-Aug: spice/powder — shelf stable,h7 staple mega 27-Jul,,,
Sweet care sugar,Staple,Other, , ,,730,PP rule 24-Aug: sugar/salt/honey — indefinite,h7 staple mega 27-Jul,,,
Pink salt,Staple,Other, , ,,730,PP rule 24-Aug: sugar/salt/honey — indefinite,h7 staple mega 27-Jul,,,
Sambhar powder,Staple,Spices, , ,,365,PP rule 24-Aug: spice/powder — shelf stable,h7 staple mega 27-Jul,,,
White vatana,Staple,Other, , ,,365,FoodKeeper dried beans 1 y+; PP class 365,h7 staple mega 27-Jul,,,
Rajma red (kidney beans),Staple,Dals, , ,,365,PP rule 24-Aug: dal/legume — shelf stable,h7 staple mega 27-Jul,,,
Green moong dal (whole),Staple,Dals, , ,,365,PP rule 24-Aug: dal/legume — shelf stable,h7 staple mega 27-Jul,,,
Rajma chitra,Staple,Dals, , ,,365,PP rule 24-Aug: dal/legume — shelf stable,h7 staple mega 27-Jul,,,
Lobia,Staple,Dals, , ,,365,PP rule 24-Aug: dal/legume — shelf stable,h7 staple mega 27-Jul,,,
Moong dal chilka,Staple,Dals, , ,,365,PP rule 24-Aug: dal/legume — shelf stable,h7 staple mega 27-Jul,,,
Finger millet (ragi),Staple,Grains, , ,,180,PP rule 24-Aug: flour/grain — shelf stable,h7 staple mega 27-Jul,,,
Chilli flake sachets,Staple,Spices, , ,,365,PP rule 24-Aug: spice/powder — shelf stable,h7 staple mega 27-Jul,,,
Sunflower oil,Staple,Oils, , ,,365,PP rule 24-Aug: oil/ghee — shelf stable,h7 staple mega 27-Jul,,,
Badiyan (star anise),Staple,Spices, , ,,365,PP rule 24-Aug: spice/powder — shelf stable,h7 staple mega 27-Jul,,,
Clove,Staple,Spices, , ,,365,PP rule 24-Aug: spice/powder — shelf stable,h7 staple mega 27-Jul,,,
Cinnamon stick,Staple,Spices, , ,,365,PP rule 24-Aug: spice/powder — shelf stable,h7 staple mega 27-Jul,,,
Sugar (open),Staple,Other, , ,,730,PP rule 24-Aug: sugar/salt/honey — indefinite,h7 staple mega 27-Jul,,,
Kissan jam,Staple,Condiments, , ,,365,PP rule 24-Aug: sauce/condiment — shelf stable sealed,h7 staple mega 27-Jul,,,
Salt (opened),Staple,Other, , ,,730,PP rule 24-Aug: sugar/salt/honey — indefinite,h7 staple mega 27-Jul,,,
Pintola peanut butter,Staple,Nuts & seeds, , ,,180,PP rule 24-Aug: nut/seed — shelf stable,h7 staple mega 27-Jul,,,
Bisi bele bath masala,Staple,Spices, , ,,365,PP rule 24-Aug: spice/powder — shelf stable,h7 staple mega 27-Jul,,,
Puliogare powder,Staple,Spices, , ,,365,PP rule 24-Aug: spice/powder — shelf stable,h7 staple mega 27-Jul,,,
Fenugreek seeds,Staple,Other, , ,,365,spice/vinegar 12 mo,h7 staple mega 27-Jul,,,
Kachi ghani oil,Staple,Oils, , ,,365,PP rule 24-Aug: oil/ghee — shelf stable,h7 staple mega 27-Jul,,,
Ketchup (no onion no garlic),Staple,Condiments, , ,,365,PP rule 24-Aug: sauce/condiment — shelf stable sealed,h7 staple mega 27-Jul,,,
Rainbow sprinkles,Staple,Other, , ,,365,12 mo sealed,h7 staple mega 27-Jul,,,
Peri peri seasoning,Staple,Spices, , ,,365,PP rule 24-Aug: spice/powder — shelf stable,h7 staple mega 27-Jul,,,
Custard powder,Staple,Spices, , ,,365,PP rule 24-Aug: spice/powder — shelf stable,h7 staple mega 27-Jul,,,
White millet,Staple,Grains, , ,,180,PP rule 24-Aug: flour/grain — shelf stable,h7 staple mega 27-Jul,,,
Mixed masala powder,Staple,Spices, , ,,365,PP rule 24-Aug: spice/powder — shelf stable,h7 staple mega 27-Jul,,,
Roasted seeds,Staple,Other, , ,,180,PP rule 24-Aug: dry pantry default — shelf stable,h7 staple mega 27-Jul,,,
Pepper (whole),Staple,Spices, , ,,365,PP rule 24-Aug: spice/powder — shelf stable,h7 staple mega 27-Jul,,,
Pista,Staple,Nuts & seeds, , ,,180,PP rule 24-Aug: nut/seed — shelf stable,h7 staple mega 27-Jul,,,
Ajwain powder,Staple,Spices, , ,,365,PP rule 24-Aug: spice/powder — shelf stable,h7 staple mega 27-Jul,,,
Haldi (turmeric),Staple,Spices, , ,,365,PP rule 24-Aug: spice/powder — shelf stable,h7 staple mega 27-Jul,,,
Dried green peas,Staple,Other, , ,,365,PP rule 24-Aug: dried/dehydrated — shelf stable,h7 staple mega 27-Jul,,,
Dried soybean,Staple,Other, , ,,365,PP rule 24-Aug: dried/dehydrated — shelf stable,h7 staple mega 27-Jul,,,
Bhujia sev (Haldiram),Staple,Spices, , ,,365,PP rule 24-Aug: spice/powder — shelf stable,h7 28-Jul,,,
Indian plum,Fruit,Other, , ,,7,PP correction 24-Aug: fresh item wrongly given a dry-goods shelf life,h5 28-Jul,,,
Sambar veg combo,Vegetable,Other, , ,,6,PP correction 24-Aug: fresh item wrongly given a dry-goods shelf life,h5 28-Jul,,,
Cherry (imported),Fruit,Other, , ,,7,PP correction 24-Aug: fresh item wrongly given a dry-goods shelf life,h5 28-Jul,,,
Banana (Yelakki),Fruit,Other, , ,,5,PP correction 24-Aug: fresh item wrongly given a dry-goods shelf life,h8 28-Jul mega,,,
Frozen peas (Sapal Mudra),Staple,Frozen,no, ,,180,PantryPulse rule 31-Jul-2026,h8 28-Jul mega,none,FROZEN pack — months; keep frozen,
Bay leaf (tejpatta),Staple,Spices, , ,,365,PP rule 24-Aug: spice/powder — shelf stable,h8 28-Jul mega,,,
Himalayan multiflora honey,Staple,Other, , ,,730,PP rule 24-Aug: sugar/salt/honey — indefinite,h8 28-Jul mega,,,
Strawberry fruit spread,Staple,Other, , ,,365,FoodKeeper ketchup/soy/vinegar 1-2 y sealed; PP class 365,h8 28-Jul mega,,,
Crunchy chili garlic oil,Staple,Oils, , ,,365,PP rule 24-Aug: oil/ghee — shelf stable,h8 28-Jul mega,,,
Saffola cold-pressed groundnut oil,Staple,Oils, , ,,365,PP rule 24-Aug: oil/ghee — shelf stable,h8 28-Jul mega,,,
Coconut milk (Urban Platter),Staple,, , ,,180,PantryPulse rule 31-Jul-2026,h8 28-Jul mega,,OPEN-AND-USE: sealed = per pack expiry; OPENED = 4d countdown,4
Premium dark soy sauce,Staple,Condiments, , ,,365,PP rule 24-Aug: sauce/condiment — shelf stable sealed,h8 28-Jul mega,,,
Chinese rice wine,Staple,Grains, , ,,365,12 mo+,h8 28-Jul mega,,,
Coconut aminos umami sauce,Staple,Condiments, , ,,365,PP rule 24-Aug: sauce/condiment — shelf stable sealed,h8 28-Jul mega,,,
Sriracha,Staple,Condiments, , ,,365,PP rule 24-Aug: sauce/condiment — shelf stable sealed,h8 28-Jul mega,,,
Hellmann's mayonnaise,Staple,Condiments, , ,,90,"FoodKeeper mayo opened 2 mo, sealed longer -> 90",h8 28-Jul mega,,,
Chocolate protein powder,Staple,Spices, , ,,365,PP rule 24-Aug: spice/powder — shelf stable,h8 28-Jul mega,,,
Whole Truth Double Cocoa (juniors),Staple,Other, , ,,365,"FoodKeeper tea 18-36 mo, coffee 2 y sealed; PP class 365",h8 28-Jul mega,,,
Kids power shake,Staple,Other, , ,,365,sealed 12 mo,h8 28-Jul mega,,,
Drinking chocolate,Staple,Other, , ,,365,"FoodKeeper tea 18-36 mo, coffee 2 y sealed; PP class 365",h8 28-Jul mega,,,
Sofit almond milk,Staple,Nuts & seeds, , ,,180,PP rule 24-Aug: nut/seed — shelf stable,h8 28-Jul mega,,,
Athena Greek yogurt,Dairy,, , ,,10,PP correction 24-Aug: yogurt belongs in Dairy,h8 28-Jul mega,,,
Akshayakalpa ghee,Staple,Oils, , ,,365,PP rule 24-Aug: oil/ghee — shelf stable,h8 28-Jul mega,,,
Zaatar seasoning,Staple,Spices, , ,,365,PP rule 24-Aug: spice/powder — shelf stable,h8 28-Jul mega,,,
Sweet paprika,Staple,Spices, , ,,365,PP rule 24-Aug: spice/powder — shelf stable,h8 28-Jul mega,,,
Urfa chili flakes,Staple,Other, , ,,365,"McCormick/Healthline: ground 2-3 y, whole 3-4 y; PP class 365",h8 28-Jul mega,,,
Chili flakes,Staple,Other, , ,,365,"McCormick/Healthline: ground 2-3 y, whole 3-4 y; PP class 365",h8 28-Jul mega,,,
Cardamom powder,Staple,Spices, , ,,365,PP rule 24-Aug: spice/powder — shelf stable,h8 28-Jul mega,,,
Hing powder,Staple,Spices, , ,,365,PP rule 24-Aug: spice/powder — shelf stable,h8 28-Jul mega,,,
Kalonji,Staple,Spices, , ,,365,PP rule 24-Aug: spice/powder — shelf stable,h8 28-Jul mega,,,
Coriander powder (Prakriti),Staple,Spices, , ,,365,PP rule 24-Aug: spice/powder — shelf stable,h8 28-Jul mega,,,
Everest garam masala,Staple,Spices, , ,,365,PP rule 24-Aug: spice/powder — shelf stable,h8 28-Jul mega,,,
Mustard seeds (yellow),Staple,Spices, , ,,365,PP rule 24-Aug: spice/powder — shelf stable,h8 28-Jul mega,,,
Farm Organic Cinnamon Latte,Staple,Spices, , ,,365,PP rule 24-Aug: spice/powder — shelf stable,h8 28-Jul mega,,,
Farm Organic Turmeric Latte,Staple,Spices, , ,,365,PP rule 24-Aug: spice/powder — shelf stable,h8 28-Jul mega,,,
Farm Organic Clove Whole,Staple,Spices, , ,,365,PP rule 24-Aug: spice/powder — shelf stable,h8 28-Jul mega,,,
Farm Organic Curry Masala,Staple,Spices, , ,,365,PP rule 24-Aug: spice/powder — shelf stable,h8 28-Jul mega,,,
Bourbon vanilla,Staple,Other, , ,,365,12 mo sealed,h8 28-Jul mega,,,
ORS,Staple,Other, , ,,365,sealed 12 mo,h8 28-Jul mega,,,
White sugar,Staple,Other, , ,,730,PP rule 24-Aug: sugar/salt/honey — indefinite,h8 28-Jul mega,,,
Khandsari desi sugar,Staple,Other, , ,,730,PP rule 24-Aug: sugar/salt/honey — indefinite,h8 28-Jul mega,,,
Powdered sugar,Staple,Other, , ,,730,PP rule 24-Aug: sugar/salt/honey — indefinite,h8 28-Jul mega,,,
Bread crumbs,Staple,Other, , ,,180,PP rule 24-Aug: dry pantry default — shelf stable,h8 28-Jul mega,,,
Bruschetta loaf,Staple,Other, , ,,5,FoodKeeper bread 5-7 d; PP 5,h8 28-Jul mega,,,
Gobblerite spinach quinoa wraps,Staple,Grains, , ,,30,"sealed tortillas 1-2 mo, opened 7 d -> 30",h8 28-Jul mega,,,
Gobblerite beetroot quinoa wraps,Staple,Grains, , ,,30,"sealed tortillas 1-2 mo, opened 7 d -> 30",h8 28-Jul mega,,,
Little Blossom brown rice puffs,Staple,Grains, , ,,180,PP rule 24-Aug: flour/grain — shelf stable,h8 28-Jul mega,,,
Lil Miss cookies,Staple,Other, , ,,180,PP rule 24-Aug: dry pantry default — shelf stable,h8 28-Jul mega,,,
Chocos,Staple,Other, , ,,180,PP rule 24-Aug: dry pantry default — shelf stable,h8 28-Jul mega,,,
Millet pancake mix,Staple,Grains, , ,,180,PP rule 24-Aug: flour/grain — shelf stable,h8 28-Jul mega,,,
Japanese seasoning,Staple,Spices, , ,,365,PP rule 24-Aug: spice/powder — shelf stable,h8 28-Jul mega,,,
Dalia khichdi,Staple,Other, , ,,180,PP rule 24-Aug: dry pantry default — shelf stable,h8 28-Jul mega,,,
Chickpea pasta,Staple,Dals, , ,,180,"FoodKeeper flour 6-8 mo opened, rice 1 y; PP class 180",h8 28-Jul mega,,,
Red masoor pasta,Staple,Dals, , ,,180,"FoodKeeper flour 6-8 mo opened, rice 1 y; PP class 180",h8 28-Jul mega,,,
Borges mini penne pasta,Staple,Grains, , ,,180,PP rule 24-Aug: flour/grain — shelf stable,h8 28-Jul mega,,,
Moong chilka dal,Staple,Dals, , ,,365,PP rule 24-Aug: dal/legume — shelf stable,h8 28-Jul mega,,,
Black moong,Staple,Dals, , ,,365,PP rule 24-Aug: dal/legume — shelf stable,h8 28-Jul mega,,,
Red masoor dal,Staple,Dals, , ,,365,PP rule 24-Aug: dal/legume — shelf stable,h8 28-Jul mega,,,
Roasted chana dal (Pro Nature),Staple,Dals, , ,,365,PP rule 24-Aug: dal/legume — shelf stable,h8 28-Jul mega,,,
Roasted yellow chana,Staple,Dals, , ,,365,PP rule 24-Aug: dal/legume — shelf stable,h8 28-Jul mega,,,
White chole,Staple,Other, , ,,365,FoodKeeper dried beans 1 y+; PP class 365,h8 28-Jul mega,,,
Black dal,Staple,Dals, , ,,365,PP rule 24-Aug: dal/legume — shelf stable,h8 28-Jul mega,,,
Lobia (black-eyed peas),Staple,Dals, , ,,365,PP rule 24-Aug: dal/legume — shelf stable,h8 28-Jul mega,,,
Moth beans,Staple,Other, , ,,365,FoodKeeper dried beans 1 y+; PP class 365,h8 28-Jul mega,,,
Chitra rajma,Staple,Dals, , ,,365,PP rule 24-Aug: dal/legume — shelf stable,h8 28-Jul mega,,,
Dawat brown basmati rice,Staple,Grains, , ,,180,PP rule 24-Aug: flour/grain — shelf stable,h8 28-Jul mega,,,
Millet,Staple,Grains, , ,,180,PP rule 24-Aug: flour/grain — shelf stable,h8 28-Jul mega,,,
Barley millet,Staple,Grains, , ,,180,PP rule 24-Aug: flour/grain — shelf stable,h8 28-Jul mega,,,
Khapli emmer wheat,Staple,Grains, , ,,180,PP rule 24-Aug: flour/grain — shelf stable,h8 28-Jul mega,,,
Aashirvaad multigrain atta,Staple,Grains, , ,,180,PP rule 24-Aug: flour/grain — shelf stable,h8 28-Jul mega,,,
Makka atta,Staple,Grains, , ,,180,PP rule 24-Aug: flour/grain — shelf stable,h8 28-Jul mega,,,
Sprouted ragi flour,Staple,Grains, , ,,180,PP correction 24-Aug: flour wrongly given 3d,h8 28-Jul mega,,,
Peanuts (roasted),Staple,Nuts & seeds, , ,,180,PP rule 24-Aug: nut/seed — shelf stable,h8 28-Jul mega,,,
Peanut chocolate ladoos,Staple,Nuts & seeds, , ,,180,PP rule 24-Aug: nut/seed — shelf stable,h8 28-Jul mega,,,
Watermelon seeds (raw),Staple,Other, , ,,180,PP rule 24-Aug: dry pantry default — shelf stable,h8 28-Jul mega,,,
Hungritoes Aloo Popcorn,Staple,Other, , ,,180,PP rule 24-Aug: dry pantry default — shelf stable,h8 28-Jul mega,,,
Hungritoes Corn Cheese Burst,Staple,Other, , ,,180,PP rule 24-Aug: dry pantry default — shelf stable,h8 28-Jul mega,,,
Hungritoes Potato Mojas,Staple,Other, , ,,180,PP rule 24-Aug: dry pantry default — shelf stable,h8 28-Jul mega,,,
Longan,Fruit,Other, , ,,7,PP correction 24-Aug: fresh item wrongly given a dry-goods shelf life,h8 28-Jul mega,,,
Suchali country sourdough loaf,Bread & bakery,Bakery, , ,,5,PP correction 24-Aug: bread wrongly bucketed as Dairy with 180d,h8 28-Jul mega,,,
Citronella & sandalwood incense sticks,Non-food,Other, , ,,9999,not perishable,h4 29-Jul,,,
Hard cheese,Dairy,, , ,,45,"FoodKeeper hard cheese opened 3-4 wk, sealed block ~6 wk -> 45",h2 29-Jul,,,
White brinjal,Vegetable,Other, , ,,8,PP correction 24-Aug: fresh item wrongly given a dry-goods shelf life,h1b 29-Jul,,,
Italian basil,Vegetable,,yes, ,,4,PantryPulse rule 31-Jul-2026,h8 29-Jul,normal,,
Radish,Vegetable,Other, , ,,10,"radish, colocasia, celery ~10 d",h8 29-Jul,,,
Poha (Fortune Indori),Staple,Grains, , ,,180,PP rule 24-Aug: flour/grain — shelf stable,h8 29-Jul,,,
Rajma masala (Catch),Staple,Spices, , ,,365,PP rule 24-Aug: spice/powder — shelf stable,h8 29-Jul,,,
Kashmiri chilli powder (Everest),Staple,Spices, , ,,365,PP rule 24-Aug: spice/powder — shelf stable,h8 29-Jul,,,
Basmati rice (Daawat),Staple,Grains, , ,,180,PP rule 24-Aug: flour/grain — shelf stable,h8 29-Jul,,,
Honey (Last Forest wild),Staple,Other, , ,,730,PP rule 24-Aug: sugar/salt/honey — indefinite,h1b 30-Jul,,,
Vaal dal,Staple,Dals, , ,,365,PP rule 24-Aug: dal/legume — shelf stable,h1b 30-Jul,,,
Amul cheese,Dairy,, , ,,45,"FoodKeeper hard cheese opened 3-4 wk, sealed block ~6 wk -> 45",h1b 30-Jul,,,
Dill (shepu),Vegetable,,yes, ,,4,PantryPulse rule 31-Jul-2026,h2 30-Jul,normal,,
Cream cheese (Dlecta),Dairy,, , ,,30,PP correction 24-Aug: fresh item wrongly given a dry-goods shelf life,h2 30-Jul,,OPEN-AND-USE: sealed = per pack expiry; OPENED = 4d countdown,4
Sichuan chilli oil (MasterChow),Staple,Oils, , ,,365,PP rule 24-Aug: oil/ghee — shelf stable,h2 30-Jul,,,
Shakthi fish masala,Staple,Spices, , ,,365,PP rule 24-Aug: spice/powder — shelf stable,h5 30-Jul,,,
Achi fish curry masala,Staple,Spices, , ,,365,PP rule 24-Aug: spice/powder — shelf stable,h5 30-Jul,,,
Catla fish,Meat,, , ,,2,PantryPulse perishable rule 1-Aug-2026,h5 30-Jul,,,
Coconut,Vegetable,Nuts & seeds, , ,,30,PP correction 24-Aug: fresh item wrongly given a dry-goods shelf life,h7 30-Jul,,,
Low fat paneer,Dairy,, , ,,3,PantryPulse perishable rule 1-Aug-2026,h7 30-Jul,,,
Toned milk,Dairy,, , ,,4,PantryPulse perishable rule 1-Aug-2026,h7 30-Jul,,,
Epigamia Greek yogurt,Dairy,,,,,10,FoodKeeper yogurt 1-2 wk refrigerated -> 10,,,,
Coriander hybrid,Staple,,no,no,,4,PP rule LEAF-NORMAL 4,"Disha,Kartik,Padmaja,Paxal,Pratik,Rahul,Shunyam,Soozy,Yash",,,
Peeled garlic,Staple,,no,no,,4,PP rule GARLIC-PEELED 4 d,"Disha,Kartik,Padmaja,Paxal,Pratik,Rahul,Shunyam,Soozy,Yash",,,
Curry leaves (pack 2),Staple,,no,no,,4,PP rule CURRY-STORE default 4 d,Shunyam,,,
Chilli garlic paste,Vegetable,,no,no,,365,FoodKeeper ketchup/soy/vinegar 1-2 y sealed; PP class 365,Shunyam,,,
Milkmaid condensed milk,Dairy,,no,no,,365,sealed can/pack 12 mo (opened 14 d),Shunyam,,,
Rai (mustard seeds),Grains & pantry,,no,no,,365,"McCormick/Healthline: ground 2-3 y, whole 3-4 y; PP class 365",Shunyam,,,
Vinegar (synthetic),Grains & pantry,,no,no,,365,FoodKeeper ketchup/soy/vinegar 1-2 y sealed; PP class 365,Shunyam,,,
Split white urad dal,Dals,,no,no,,365,FoodKeeper dried beans 1 y+; PP class 365,Shunyam,,,
Groundnut (peanuts),Nuts,,no,no,,180,PP class 180 (freeze for longer),Shunyam,,,
Capsicum (pool: green/red/yellow),Vegetable,,no,no,,12,PP 12,"Pratik,Shunyam",,,
Chicken breast — FreshToHome (merged into Chicken breast (boneless)),Protein,,no,no,,2,FSIS raw poultry/fish/mince 1-2 d refrigerated,Shunyam,,,
Rava,Grains & pantry,,no,no,,180,"FoodKeeper flour 6-8 mo opened, rice 1 y; PP class 180","Rahul,Shunyam",,,
Red matta rice,Grains & pantry,,no,no,,180,"FoodKeeper flour 6-8 mo opened, rice 1 y; PP class 180",Shunyam,,,
Wheat atta,Grains & pantry,,no,no,,180,"FoodKeeper flour 6-8 mo opened, rice 1 y; PP class 180",Shunyam,,,
Stone wheat atta,Grains & pantry,,no,no,,180,"FoodKeeper flour 6-8 mo opened, rice 1 y; PP class 180",Shunyam,,,
Overnight oats,Grains & pantry,,no,no,,180,"FoodKeeper flour 6-8 mo opened, rice 1 y; PP class 180",Shunyam,,,
Jeera (open),Spice,,no,no,,365,"McCormick/Healthline: ground 2-3 y, whole 3-4 y; PP class 365",Shunyam,,,
Tea powder (pack 2),Beverage,,no,no,,365,"McCormick/Healthline: ground 2-3 y, whole 3-4 y; PP class 365",Shunyam,,,
Everbest Kori Mint masala,Spice,,no,no,,365,"McCormick/Healthline: ground 2-3 y, whole 3-4 y; PP class 365",Shunyam,,,
Everest Kitchen King masala,Spice,,no,no,,365,"McCormick/Healthline: ground 2-3 y, whole 3-4 y; PP class 365",Shunyam,,,
Black pepper grinder,Spice,,no,no,,365,12 mo sealed,Shunyam,,,
Piri piri sauce,Condiment,,no,no,,365,FoodKeeper ketchup/soy/vinegar 1-2 y sealed; PP class 365,Shunyam,,,
Turmeric whole,Spice,,no,no,,365,"McCormick/Healthline: ground 2-3 y, whole 3-4 y; PP class 365",Shunyam,,,
Provilac cacao,Grains & pantry,,no,no,,365,"FoodKeeper tea 18-36 mo, coffee 2 y sealed; PP class 365",Shunyam,,,
Tricolour capsicum,Vegetable,,no,no,,12,PP 12,"Pratik,Shunyam",,,
Green zucchini,Vegetable,,no,no,,6,PP 6-8 -> 6,"Pratik,Rahul,Shunyam,Yash",,,
Orange carrot,Vegetable,,no,no,,21,"FoodKeeper citrus 1-2 wk fridge, 3 wk at best -> 21 (PP lemon 21)",Shunyam,,,
Hybrid tomato,Vegetable,,no,no,,7,PP 7,"Paxal,Shunyam",,,
Health On Plants tofu,Dairy,,no,no,,7,"FoodKeeper tofu opened 3-5 d, sealed 2-4 wk -> 7",Shunyam,,,
Eggoz white eggs,Dairy,,no,no,,21,FoodKeeper shell eggs 3-5 wk refrigerated; Indian ambient retail -> 21,Shunyam,,,
Licious chicken breast,Meat,,no,no,,2,FSIS raw poultry/fish/mince 1-2 d refrigerated,Shunyam,,,
Ching's white chilli vinegar,Staple,,no,no,,365,"McCormick/Healthline: ground 2-3 y, whole 3-4 y; PP class 365",Shunyam,,,
Ching's red chilli sauce,Staple,,no,no,,365,"McCormick/Healthline: ground 2-3 y, whole 3-4 y; PP class 365","Kartik,Shunyam",,,
Chicken keema,Meat,,no,no,,2,FSIS raw poultry/fish/mince 1-2 d refrigerated,"Shunyam,Yash",,,
Quaker Rolled High Protein Instant Oats,Staple,,no,no,,180,"FoodKeeper flour 6-8 mo opened, rice 1 y; PP class 180",Shunyam,,,
Akshayakalpa Organic High Protein Paneer,Meat,,no,no,,7,vacuum-packed paneer 7-15 d refrigerated; PP 7,Shunyam,,,
MTR Kashmiri Chilli,Staple,,no,no,,365,"McCormick/Healthline: ground 2-3 y, whole 3-4 y; PP class 365",Shunyam,,,
Everest Kashmiri red chilli powder,Staple,,no,no,,365,"McCormick/Healthline: ground 2-3 y, whole 3-4 y; PP class 365",Shunyam,,,
Amul Masti chaach,Dairy,,no,no,,180,sealed tetra 180 (PP OPEN-AND-USE); fresh 5 d,Shunyam,,,
Moire butter,Dairy,,no,no,,60,FoodKeeper butter 1-3 mo refrigerated -> 60,Shunyam,,,
Blueberry (frozen),Fruit,,no,no,,180,PP rule PEAS-FROZEN 180 (FoodKeeper frozen veg 8-12 mo),Shunyam,,,
Rajma masala powder,Staple,,no,no,,365,"McCormick/Healthline: ground 2-3 y, whole 3-4 y; PP class 365",Shunyam,,,
Chole masala powder,Staple,,no,no,,365,"McCormick/Healthline: ground 2-3 y, whole 3-4 y; PP class 365",Shunyam,,,
Blackberry (frozen),Staple,,no,no,,180,PP rule PEAS-FROZEN 180 (FoodKeeper frozen veg 8-12 mo),Shunyam,,,
Capsicum (pooled green/red/yellow),Vegetable,,no,no,,12,PP 12,Soozy,,,
Chicken (open),Meat & fish,,no,no,,2,FSIS raw poultry/fish/mince 1-2 d refrigerated,Soozy,,,
Fish (rohu),Meat & fish,,no,no,,2,FSIS raw poultry/fish/mince 1-2 d refrigerated,Soozy,,,
Frozen sweet corn (Safal),Frozen,,no,no,,180,frozen 6 mo (PP PEAS-FROZEN 180),"Rahul,Soozy",,,
Sliced black olives,Staple,,no,no,,365,FoodKeeper ketchup/soy/vinegar 1-2 y sealed; PP class 365,Soozy,,,
Ragi dosa batter,Dairy,,no,no,,4,idli/dosa/ragi batter 3-4 d refrigerated,Soozy,,,
White puttu podi,Grains & pantry,,no,no,,365,"McCormick/Healthline: ground 2-3 y, whole 3-4 y; PP class 365","Rahul,Soozy",,,
Moro Kisomo coffee,Beverage,,no,no,,365,"FoodKeeper tea 18-36 mo, coffee 2 y sealed; PP class 365",Soozy,,,
Rwanda Superior coffee,Beverage,,no,no,,365,"FoodKeeper tea 18-36 mo, coffee 2 y sealed; PP class 365",Soozy,,,
Blue Zinubu coffee,Beverage,,no,no,,365,"FoodKeeper tea 18-36 mo, coffee 2 y sealed; PP class 365",Soozy,,,
Kisan chilli peanut thecha chutney,Condiment,,no,no,,180,"Kisan packaged chutney: sealed 12 mo, opened refrigerated ~6 mo -> 180",Soozy,,,
Thalassery special pickle,Condiment,,no,no,,365,FoodKeeper ketchup/soy/vinegar 1-2 y sealed; PP class 365,Soozy,,,
Other pickles,Condiment,,no,no,,365,FoodKeeper ketchup/soy/vinegar 1-2 y sealed; PP class 365,Soozy,,,
Thousand island dressing (Biba),Condiment,,no,no,,365,12 mo sealed,Soozy,,,
Open haldi powder,Spice,,no,no,,365,"McCormick/Healthline: ground 2-3 y, whole 3-4 y; PP class 365",Soozy,,,
Open red chilli powder,Spice,,no,no,,365,"McCormick/Healthline: ground 2-3 y, whole 3-4 y; PP class 365",Soozy,,,
Lal mirch,Spice,,no,no,,365,"McCormick/Healthline: ground 2-3 y, whole 3-4 y; PP class 365",Soozy,,,
Dried red chilli (Vedaka),Spice,,no,no,,365,dehydrated/dried 12 mo sealed,Soozy,,,
Open dhaniya powder,Spice,,no,no,,365,"McCormick/Healthline: ground 2-3 y, whole 3-4 y; PP class 365",Soozy,,,
Biryani khada masala,Spice,,no,no,,365,"McCormick/Healthline: ground 2-3 y, whole 3-4 y; PP class 365",Soozy,,,
Manjige menasu,Spice,,no,no,,365,"McCormick/Healthline: ground 2-3 y, whole 3-4 y; PP class 365",Soozy,,,
Korean gochujang sauce,Condiment,,no,no,,365,FoodKeeper ketchup/soy/vinegar 1-2 y sealed; PP class 365,Soozy,,,
"Muesli (fruits, nuts & seeds)",Staple,,no,no,,180,"FoodKeeper flour 6-8 mo opened, rice 1 y; PP class 180",Soozy,,,
Dhaniya powder (pack 2),Spice,,no,no,,365,"McCormick/Healthline: ground 2-3 y, whole 3-4 y; PP class 365",Soozy,,,
Dhaniya powder (pack 3),Spice,,no,no,,365,"McCormick/Healthline: ground 2-3 y, whole 3-4 y; PP class 365",Soozy,,,
Tea powder (open),Beverage,,no,no,,365,"McCormick/Healthline: ground 2-3 y, whole 3-4 y; PP class 365",Soozy,,,
Kiwi (Zespri SunGold),Fruit,,no,no,,14,kiwi 1-2 wk+ refrigerated -> 14,Soozy,,,
Taj Mahal tea (sample),Beverage,,no,no,,365,"FoodKeeper tea 18-36 mo, coffee 2 y sealed; PP class 365","Rahul,Soozy",,,
Ragi batter,Grains & pantry,,no,no,,4,idli/dosa/ragi batter 3-4 d refrigerated,Soozy,,,
Prawns (older lot),Meat & fish,,no,no,,2,FSIS raw poultry/fish/mince 1-2 d refrigerated,Soozy,,,
Marinated meat,Meat,,no,no,,2,FSIS raw poultry/fish/mince 1-2 d refrigerated,Soozy,,,
Peanut butter (2),Pantry,,no,no,,180,"FoodKeeper peanut butter opened 2-3 mo, sealed 6-24 mo -> 180",Soozy,,,
White mustard seeds,Spice,,no,no,,365,"McCormick/Healthline: ground 2-3 y, whole 3-4 y; PP class 365",Soozy,,,
Dhaniya powder (open),Spice,,no,no,,365,"McCormick/Healthline: ground 2-3 y, whole 3-4 y; PP class 365",Soozy,,,
Jeera rice,Grains & pulses,,no,no,,180,rice variety 6-12 mo,"Rahul,Soozy",,,
Haldi powder (2),Spice,,no,no,,365,"McCormick/Healthline: ground 2-3 y, whole 3-4 y; PP class 365",Soozy,,,
Ginger (bulk),Vegetable,,no,no,,21,PP 21,Soozy,,,
Biryani spices,Spice,,no,no,,365,"McCormick/Healthline: ground 2-3 y, whole 3-4 y; PP class 365",Soozy,,,
Dry yeast,Grains & pulses,,no,no,,365,dehydrated/dried 12 mo sealed,Soozy,,,
Black pepper with salt,Spice,,no,no,,365,spice blend 12 mo,Soozy,,,
Haldi (open),Spice,,no,no,,365,"McCormick/Healthline: ground 2-3 y, whole 3-4 y; PP class 365",Soozy,,,
Milk (Amul Taaza),Dairy,,no,no,,180,"PP rule OPEN-AND-USE sealed 180, opened 4",Soozy,,,
Yelakki banana (EST),Fruit,,no,no,,5,PP 5 d,Soozy,,,
NOICE high protein eggs,Dairy,,no,no,,21,FoodKeeper shell eggs 3-5 wk refrigerated; Indian ambient retail -> 21,Soozy,,,
Akshayakalpa yogurt (3x90g),Dairy,,no,no,,10,FoodKeeper yogurt 1-2 wk refrigerated -> 10,Soozy,,,
Kabuli chana (Whole Farm),Staple,,no,no,,365,FoodKeeper dried beans 1 y+; PP class 365,Soozy,,,
Akshayakalpa A2 milk,Dairy,,no,no,,3,pasteurised pouch milk 2-3 d refrigerated (FoodKeeper opened milk 1 wk; Indian pouch 3),Soozy,,,
Del Monte tomato ketchup,Staple,,no,no,,365,FoodKeeper ketchup/soy/vinegar 1-2 y sealed; PP class 365,Soozy,,,
MasterChow chilli vinegar,Staple,,no,no,,365,FoodKeeper ketchup/soy/vinegar 1-2 y sealed; PP class 365,Soozy,,,
FreshToHome prawns,Meat,,no,no,,2,FSIS raw poultry/fish/mince 1-2 d refrigerated,Soozy,,,
KLF Coconad coconut oil,Staple,,no,no,,365,"FoodKeeper oils 6-12 mo unopened, 3-5 mo opened; PP class 365",Soozy,,,
Creatine,Staple,,no,no,,365,sealed powders 12+ mo,Soozy,,,
Milky Mist salted butter,Dairy,,no,no,,60,FoodKeeper butter 1-3 mo refrigerated -> 60,Soozy,,,
Greek yogurt (EXPIRED — 4x100g),Dairy,,no,no,,10,FoodKeeper yogurt 1-2 wk refrigerated -> 10,Soozy,,,
Kerala garlic mixture (VS Mani),Snacks,,no,no,,180,sealed snacks/chocolate 6-12 mo,Soozy,,,
Sambhar onion (shallots),Vegetable,,no,no,,30,PP 30,Soozy,,,
Matta rice,Grains & pantry,,no,no,,180,"FoodKeeper flour 6-8 mo opened, rice 1 y; PP class 180","Rahul,Soozy",,,
Wieli,Spice,,no,no,,365,"UNVERIFIED - brand not identified, default 12 mo; please confirm",Soozy,,,
Coconut milk (opened),Dairy,,no,no,,4,PP rule OPEN-AND-USE opened 4 d,Disha,,,
Black olives (pitted),Condiment,,no,no,,365,FoodKeeper ketchup/soy/vinegar 1-2 y sealed; PP class 365,Disha,,,
Pomegranate (peeled),Fruit,,no,no,,3,2-3 d,Disha,,,
Tzatziki,Dairy,,no,no,,7,homemade dips 5-7 d refrigerated,Disha,,,
Green chutney,Condiment,,no,no,,7,homemade dips 5-7 d refrigerated,Disha,,,
Knorr chicken cube,Pantry,,no,no,,365,"McCormick/Healthline: ground 2-3 y, whole 3-4 y; PP class 365",Disha,,,
Sweet corn kernels,Frozen,,no,no,,180,frozen 6 mo (PP PEAS-FROZEN 180),Disha,,,
Butterhead lettuce,Vegetable,,no,no,,6,PP rule LEAF-THICK 6,Disha,,,
Pork (packet),Meat & fish,,no,no,,2,FSIS raw poultry/fish/mince 1-2 d refrigerated,Disha,,,
Keya hot red chilli flakes,Spice,,no,no,,365,"McCormick/Healthline: ground 2-3 y, whole 3-4 y; PP class 365",Disha,,,
Indian cucumber,Vegetable,,no,no,,6,PP 6,Disha,,,
Godrej Jersey Slim skimmed milk,Dairy,,no,no,,180,"PP rule OPEN-AND-USE sealed 180, opened 4",Disha,,,
Buttermilk (tetra pack),Dairy,,no,no,,180,sealed tetra 180 (PP OPEN-AND-USE); fresh 5 d,Disha,,,
Yellow sweet corn (cob),Vegetable,,no,no,,6,PP 6-8 -> 6,Disha,,,
Onion shallots,Vegetable,,no,no,,30,PP 30,Disha,,,
Chicken (Blinkit) (EST),Meat,,no,no,,2,FSIS raw poultry/fish/mince 1-2 d refrigerated,Disha,,,
Pink Lady apple,Fruit,,no,no,,30,FoodKeeper apples 4-6 wk refrigerated -> 30,Disha,,,
Packham pear,Fruit,,no,no,,10,ripe pears ~1 wk refrigerated -> 10,Disha,,,
Indian tomato,Vegetable,,no,no,,7,PP 7,Disha,,,
Imported blueberry,Fruit,,no,no,,5,FoodKeeper berries up to 1 wk -> 5,Disha,,,
Lactose free milk (Amul),Dairy,,no,no,,180,"PP rule OPEN-AND-USE sealed 180, opened 4",Disha,,,
Nandini milk,Dairy,,no,no,,3,pasteurised pouch milk 2-3 d refrigerated (FoodKeeper opened milk 1 wk; Indian pouch 3),Disha,,,
Chicken mince,Meat,,no,no,,2,FSIS raw poultry/fish/mince 1-2 d refrigerated,Disha,,,
Akshayakalpa high protein milk,Dairy,,no,no,,180,"PP rule OPEN-AND-USE sealed 180, opened 4",Disha,,,
Chicken breast — merged (do not use),Protein,,no,no,,2,FSIS raw poultry/fish/mince 1-2 d refrigerated,Kartik,,,
Tilapia — merged (do not use),Meat & fish,,no,no,,2,FSIS raw poultry/fish/mince 1-2 d refrigerated,Kartik,,,
Roasted peanuts,Nuts & seeds,,no,no,,180,PP class 180 (freeze for longer),"Kartik,Pratik",,,
Soba noodles,Pasta,,no,no,,180,"FoodKeeper flour 6-8 mo opened, rice 1 y; PP class 180",Kartik,,,
Wheat noodles,Pasta,,no,no,,180,"FoodKeeper flour 6-8 mo opened, rice 1 y; PP class 180","Kartik,Yash",,,
Chings vinegar,Staple,,no,no,,365,"McCormick/Healthline: ground 2-3 y, whole 3-4 y; PP class 365",Kartik,,,
Tempeh (Hello Tempayy masala cubes),Meat,,no,no,,7,"FoodKeeper tofu opened 3-5 d, sealed 2-4 wk -> 7",Kartik,,,
Idli rice,Staple,,no,no,,180,"FoodKeeper flour 6-8 mo opened, rice 1 y; PP class 180","Kartik,Paxal",,,
Ooty strawberry,Fruit,,no,no,,3,strawberry/blackberry 3 d (PP),Kartik,,,
French ring beans,Vegetable,,no,no,,6,PP 6-8 -> 6,"Kartik,Rahul",,,
Bathua (saag),Vegetable,,no,no,,4,PP rule LEAF-NORMAL 4,Kartik,,,
Yeast,Staple,,no,no,,365,12 mo sealed,Kartik,,,
NOICE Bombay laadi pav,Bread & bakery,,no,no,,5,FoodKeeper bread 5-7 d; PP 5,Kartik,,,
"Mutton (Bamburies, lamb-labeled)",Meat,,no,no,,2,FSIS raw poultry/fish/mince 1-2 d refrigerated,Kartik,,,
Jeera (cumin seeds),Staple,,no,no,,365,"McCormick/Healthline: ground 2-3 y, whole 3-4 y; PP class 365",Kartik,,,
Cow ghee (Mangalam),Staple,,no,no,,365,"clarified butter, shelf-stable ~12 mo",Kartik,,,
Uthukulli butter (Mangalam),Dairy,,no,no,,60,FoodKeeper butter 1-3 mo refrigerated -> 60,Kartik,,,
Malabar spinach (poi saag),Vegetable,,no,no,,4,PP rule LEAF-NORMAL 4,Kartik,,,
Passion fruit,Fruit,,no,no,,5,FoodKeeper plums/cherries ~5 d,"Kartik,Pratik",,,
Plum,Fruit,,no,no,,5,FoodKeeper plums/cherries ~5 d,Kartik,,,
Custard apple,Fruit,,no,no,,30,FoodKeeper apples 4-6 wk refrigerated -> 30,"Kartik,Pratik",,,
Hilsa fish,Meat,,no,no,,2,FSIS raw poultry/fish/mince 1-2 d refrigerated,Kartik,,,
Organic Tattva sona masoori,Grains,,no,no,,365,FoodKeeper dried beans 1 y+; PP class 365,Kartik,,,
Parmesan cheese,Dairy,,no,no,,90,"FoodKeeper hard cheese opened 3-4 wk, block/grated parmesan 2-3 mo -> 90","Kartik,Rahul",,,
"Paul John coffee (French Press, 250g)",Beverage,,no,no,,365,"FoodKeeper tea 18-36 mo, coffee 2 y sealed; PP class 365",Kartik,,,
Khapli atta (Two Brothers),Grains,,no,no,,180,"FoodKeeper flour 6-8 mo opened, rice 1 y; PP class 180",Kartik,,,
Dark chocolate,Snacks & misc,,no,no,,180,canned/bottled soft drinks ~6-9 mo,"Kartik,Rahul",,,
Drumsticks,Vegetable,,no,no,,6,PP 6-8 -> 6,Kartik,,,
Bitter gourd,Vegetable,,no,no,,6,PP 6-8 -> 6,Kartik,,,
Sonamasoori raw rice (Nilgiris),Grains,,no,no,,365,FoodKeeper dried beans 1 y+; PP class 365,Kartik,,,
Diet coke,Beverage,,no,no,,180,canned/bottled soft drinks ~6-9 mo,Kartik,,,
Mutton keema,Meat,,no,no,,2,FSIS raw poultry/fish/mince 1-2 d refrigerated,Kartik,,,
Banana flower,Vegetable,,no,no,,6,PP 6-8 -> 6,Kartik,,,
Radhuni (JK Masala Green),Spice,,no,no,,365,"McCormick/Healthline: ground 2-3 y, whole 3-4 y; PP class 365",Kartik,,,
Raw papaya,Vegetable,,no,no,,7,whole 1 wk refrigerated,Kartik,,,
Urad masala bori (badi),Staple,,no,no,,365,"McCormick/Healthline: ground 2-3 y, whole 3-4 y; PP class 365",Kartik,,,
Ragi (whole),Grains,,no,no,,180,"FoodKeeper flour 6-8 mo opened, rice 1 y; PP class 180","Kartik,Pratik",,,
Red banana,Fruit,,no,no,,5,PP 5 d,Kartik,,,
Muscat grapes,Fruit,,no,no,,10,FoodKeeper grapes 1 wk; firm Indian grapes ~10 d,Kartik,,,
Lemons,Vegetable,,no,no,,21,"FoodKeeper citrus 1-2 wk fridge, 3 wk at best -> 21 (PP lemon 21)",Rahul,,,
Mint leaves,Vegetable,,no,no,,4,PP rule LEAF-NORMAL 4,Rahul,,,
_dup_onion_18,Vegetable,,no,no,,30,PP 30,Rahul,,,
_dup_potato_19,Vegetable,,no,no,,30,PP 30 (cool dark),Rahul,,,
Sourdough bread (0.5 loaf),Bread & bakery,,no,no,,5,FoodKeeper bread 5-7 d; PP 5,Rahul,,,
Nandini GoodLife milk,Dairy,,no,no,,180,"PP rule OPEN-AND-USE sealed 180, opened 4",Rahul,,,
Almond wrap,Bread & bakery,,no,no,,30,"sealed tortillas 1-2 mo, opened 7 d -> 30",Rahul,,,
Indian asparagus,Vegetable,,no,no,,6,PP 6-8 -> 6,Rahul,,,
Sid Farms curd,Dairy,,no,no,,10,FoodKeeper yogurt 1-2 wk refrigerated -> 10,Rahul,,,
Strawberry yogurt (x2),Dairy,,no,no,,10,FoodKeeper yogurt 1-2 wk refrigerated -> 10,Rahul,,,
Brazil nut,Nuts & seeds,,no,no,,180,PP class 180 (freeze for longer),Rahul,,,
Borges olive oil (EV),Oils,,no,no,,365,"FoodKeeper oils 6-12 mo unopened, 3-5 mo opened; PP class 365",Rahul,,,
Bell pepper (pool),Vegetable,,no,no,,12,PP 12,Rahul,,,
Apple (Granny Smith),Fruit,,no,no,,30,FoodKeeper apples 4-6 wk refrigerated -> 30,Rahul,,,
Mixed dal,Staple,,no,no,,365,FoodKeeper dried beans 1 y+; PP class 365,Rahul,,,
Celery,Vegetable,,no,no,,10,"radish, colocasia, celery ~10 d","Pratik,Rahul",,,
Lady's fingers (bhindi),Vegetable,,no,no,,6,PP 6-8 -> 6,Rahul,,,
Dragon fruit (red flesh),Fruit,,no,no,,5,FoodKeeper plums/cherries ~5 d,Rahul,,,
Epigamia Greek yogurt (no added sugar),Dairy,,no,no,,10,FoodKeeper yogurt 1-2 wk refrigerated -> 10,Rahul,,,
"Chicken (fresh, 3 packs)",Protein,,no,no,,2,FSIS raw poultry/fish/mince 1-2 d refrigerated,Rahul,,,
Modern white bread,Bread & bakery,,no,no,,5,FoodKeeper bread 5-7 d; PP 5,Rahul,,,
Makhana (black salt roasted),Staple,,no,no,,365,spice blend 12 mo,Rahul,,,
Makhana (cream & onion),Staple,,no,no,,180,PP class 180 (freeze for longer),Rahul,,,
Beco 3-ply toilet tissue,Non-food,,no,no,,9999,not perishable,Rahul,,,
Frozen edamame,Vegetable,,no,no,,180,frozen 6 mo (PP PEAS-FROZEN 180),Rahul,,,
Zoey chicken (dog),Staple,,no,no,,2,FSIS raw poultry 1-2 d,Rahul,,,
Chicken (fresh),Meat & fish,,no,no,,2,FSIS raw poultry/fish/mince 1-2 d refrigerated,Rahul,,,
American cranberries,Fruit,,no,no,,180,PP class 180 (freeze for longer),Rahul,,,
Green apple,Fruit,,no,no,,30,FoodKeeper apples 4-6 wk refrigerated -> 30,Rahul,,,
Original sauerkraut,Condiment,,no,no,,90,refrigerated ferments keep 2-3+ mo,Rahul,,,
Yeast extract,Condiment,,no,no,,365,12 mo sealed,Rahul,,,
Soup sauteed vegetable,Staple,,no,no,,365,dry soup mix 12 mo sealed (bucket Staple),Rahul,,,
Fareeda dry fruits,Nuts,,no,no,,365,dehydrated/dried 12 mo sealed,Rahul,,,
Baron Hasselhoff's chocolate,Staple,,no,no,,180,canned/bottled soft drinks ~6-9 mo,Rahul,,,
Butter (Sid Farm),Dairy,,no,no,,60,FoodKeeper butter 1-3 mo refrigerated -> 60,Rahul,,,
Dijon whole grain mustard,Condiment,,no,no,,365,FoodKeeper ketchup/soy/vinegar 1-2 y sealed; PP class 365,Rahul,,,
Three Citrus Maram Malai,Condiment,,no,no,,365,"jarred/dried, 12 mo",Rahul,,,
Sliced jalapeno,Condiment,,no,no,,365,jarred jalapenos 12 mo sealed,Rahul,,,
Sliced red paprika,Condiment,,no,no,,365,"McCormick/Healthline: ground 2-3 y, whole 3-4 y; PP class 365",Rahul,,,
Wasabi,Condiment,,no,no,,365,FoodKeeper ketchup/soy/vinegar 1-2 y sealed; PP class 365,Rahul,,,
Smoked honey,Condiment,,no,no,,730,indefinite when dry; PP class 730,Rahul,,,
Hot honey,Condiment,,no,no,,730,indefinite when dry; PP class 730,Rahul,,,
Almond syrup,Condiment,,no,no,,365,FoodKeeper ketchup/soy/vinegar 1-2 y sealed; PP class 365,Rahul,,,
Vanilla flavor,Condiment,,no,no,,365,12 mo sealed,Rahul,,,
Vanilla essence,Condiment,,no,no,,365,12 mo sealed,Rahul,,,
Chocolate spread,Condiment,,no,no,,180,"FoodKeeper peanut butter opened 2-3 mo, sealed 6-24 mo -> 180",Rahul,,,
Thai chili paste,Condiment,,no,no,,365,FoodKeeper ketchup/soy/vinegar 1-2 y sealed; PP class 365,Rahul,,,
Oriental Gourmet XO sauce,Condiment,,no,no,,365,FoodKeeper ketchup/soy/vinegar 1-2 y sealed; PP class 365,Rahul,,,
Higo sauce,Condiment,,no,no,,365,FoodKeeper ketchup/soy/vinegar 1-2 y sealed; PP class 365,Rahul,,,
Tabasco sauce,Condiment,,no,no,,365,FoodKeeper ketchup/soy/vinegar 1-2 y sealed; PP class 365,Rahul,,,
Goji hot sauce,Condiment,,no,no,,365,FoodKeeper ketchup/soy/vinegar 1-2 y sealed; PP class 365,Rahul,,,
Organic tomato ketchup,Condiment,,no,no,,365,FoodKeeper ketchup/soy/vinegar 1-2 y sealed; PP class 365,Rahul,,,
Kikkoman soy sauce,Condiment,,no,no,,365,FoodKeeper ketchup/soy/vinegar 1-2 y sealed; PP class 365,Rahul,,,
Esotero,Condiment,,no,no,,365,FoodKeeper ketchup/soy/vinegar 1-2 y sealed; PP class 365,Rahul,,,
"Parmesan cheese, grated",Dairy,,no,no,,90,"FoodKeeper hard cheese opened 3-4 wk, block/grated parmesan 2-3 mo -> 90",Rahul,,,
Almond drink,Beverage,,no,no,,180,"PP rule OPEN-AND-USE sealed 180, opened 4",Rahul,,,
Hershey's cocoa powder,Staple,,no,no,,365,"McCormick/Healthline: ground 2-3 y, whole 3-4 y; PP class 365",Rahul,,,
Darkins Indian Artisan Hot Chocolate (Dark),Staple,,no,no,,365,"FoodKeeper tea 18-36 mo, coffee 2 y sealed; PP class 365",Rahul,,,
Haart Hot Chocolate (Original),Staple,,no,no,,365,"FoodKeeper tea 18-36 mo, coffee 2 y sealed; PP class 365",Rahul,,,
Pancake mix (vanilla),Grains & pulses,,no,no,,365,12 mo sealed,Rahul,,,
Crumcraft Oats & Wheat Pancake Mix,Grains & pulses,,no,no,,180,sealed dry mix 6-12 mo,Rahul,,,
Vanilla beans,Spice,,no,no,,365,12 mo sealed,Rahul,,,
Crumb Craft,Grains & pulses,,no,no,,180,"FoodKeeper flour 6-8 mo opened, rice 1 y; PP class 180",Rahul,,,
Vankaya Original Singapore Taste,Condiment,,no,no,,365,FoodKeeper ketchup/soy/vinegar 1-2 y sealed; PP class 365,Rahul,,,
Pudina (dried),Spice,,no,no,,365,dried herbs 1-3 y sealed; PP 365,Rahul,,,
Chutney pudi powder,Spice,,no,no,,365,spice blend 12 mo,Rahul,,,
Garlic podi powder,Spice,,no,no,,365,"McCormick/Healthline: ground 2-3 y, whole 3-4 y; PP class 365",Rahul,,,
Black seeds (kalonji),Spice,,no,no,,365,"McCormick/Healthline: ground 2-3 y, whole 3-4 y; PP class 365",Rahul,,,
Camellia Bayleaf Orange Tea,Staple,,no,no,,365,"McCormick/Healthline: ground 2-3 y, whole 3-4 y; PP class 365",Rahul,,,
Blue Tea Spearmint Tea,Staple,,no,no,,365,"FoodKeeper tea 18-36 mo, coffee 2 y sealed; PP class 365",Rahul,,,
Twinings Lemon & Ginger Infusion Tea,Staple,,no,no,,365,"FoodKeeper tea 18-36 mo, coffee 2 y sealed; PP class 365",Rahul,,,
Twinings Earl Grey Tea,Staple,,no,no,,365,"FoodKeeper tea 18-36 mo, coffee 2 y sealed; PP class 365",Rahul,,,
Flurry Camellia Tea,Staple,,no,no,,365,"FoodKeeper tea 18-36 mo, coffee 2 y sealed; PP class 365",Rahul,,,
Camellia White Tea,Staple,,no,no,,365,"FoodKeeper tea 18-36 mo, coffee 2 y sealed; PP class 365",Rahul,,,
Samahan Tea Mix,Staple,,no,no,,365,spice/vinegar 12 mo,Rahul,,,
Darjeeling Black Tea,Staple,,no,no,,365,"FoodKeeper tea 18-36 mo, coffee 2 y sealed; PP class 365",Rahul,,,
Arugula,Vegetable,,no,no,,6,PP rule LEAF-THICK 6,Rahul,,,
Safal frozen peas,Frozen,,no,no,,180,frozen 6 mo (PP PEAS-FROZEN 180),Rahul,,,
Safal sweet corn,Frozen,,no,no,,180,frozen 6 mo (PP PEAS-FROZEN 180),"Rahul,Yash",,,
Safal green peas,Frozen,,no,no,,180,frozen 6 mo (PP PEAS-FROZEN 180),Rahul,,,
Chicken thigh,Meat,,no,no,,2,FSIS raw poultry/fish/mince 1-2 d refrigerated,Rahul,,,
Rice,Grains & pulses,,no,no,,180,"FoodKeeper flour 6-8 mo opened, rice 1 y; PP class 180","Rahul,Yash",,,
Normal rice,Grains & pulses,,no,no,,180,"FoodKeeper flour 6-8 mo opened, rice 1 y; PP class 180",Rahul,,,
Organic little millet,Grains & pulses,,no,no,,180,"FoodKeeper flour 6-8 mo opened, rice 1 y; PP class 180",Rahul,,,
Moth dal,Dals,,no,no,,365,FoodKeeper dried beans 1 y+; PP class 365,Rahul,,,
Sardo bread,Bread & bakery,,no,no,,5,FoodKeeper bread 5-7 d; PP 5,Rahul,,,
Black pitted olives,Staple,,no,no,,365,FoodKeeper ketchup/soy/vinegar 1-2 y sealed; PP class 365,Rahul,,,
Cat food,Staple,,no,no,,9999,not perishable,Rahul,,,
Oat milk,Dairy,,no,no,,180,"PP rule OPEN-AND-USE sealed 180, opened 4",Rahul,,,
Strong soda,Staple,,no,no,,180,canned/bottled soft drinks ~6-9 mo,Rahul,,,
Peppercorn,Spice,,no,no,,365,"McCormick/Healthline: ground 2-3 y, whole 3-4 y; PP class 365",Rahul,,,
Basil powder,Spice,,no,no,,365,dried herbs 1-3 y sealed; PP 365,Rahul,,,
Parsley seasoning,Spice,,no,no,,365,dried herbs 1-3 y sealed; PP 365,Rahul,,,
Black pepper salt grinder,Spice,,no,no,,365,12 mo sealed,Rahul,,,
Italian mix seasoning,Spice,,no,no,,365,12 mo sealed,Rahul,,,
Dry chutney bhel,Condiment,,no,no,,365,12 mo sealed,Rahul,,,
Two Brothers cultured,Dairy,,no,no,,7,FoodKeeper yogurt 1-2 wk; Indian set curd sours ~7 d,Rahul,,,
On A Hill honey,Condiment,,no,no,,730,indefinite when dry; PP class 730,Rahul,,,
White til (sesame),Staple,,no,no,,365,"McCormick/Healthline: ground 2-3 y, whole 3-4 y; PP class 365",Rahul,,,
Black til (black sesame),Staple,,no,no,,365,"McCormick/Healthline: ground 2-3 y, whole 3-4 y; PP class 365",Rahul,,,
Fish fry masala,Spice,,no,no,,365,"McCormick/Healthline: ground 2-3 y, whole 3-4 y; PP class 365",Rahul,,,
Fish curry masala,Spice,,no,no,,365,"McCormick/Healthline: ground 2-3 y, whole 3-4 y; PP class 365",Rahul,,,
Kashmiri red chilli,Spice,,no,no,,365,"McCormick/Healthline: ground 2-3 y, whole 3-4 y; PP class 365",Rahul,,,
Cinnamon sticks,Spice,,no,no,,365,"McCormick/Healthline: ground 2-3 y, whole 3-4 y; PP class 365","Pratik,Rahul,Yash",,,
Usal masala,Spice,,no,no,,365,"McCormick/Healthline: ground 2-3 y, whole 3-4 y; PP class 365",Rahul,,,
Khada masala,Spice,,no,no,,365,"McCormick/Healthline: ground 2-3 y, whole 3-4 y; PP class 365",Rahul,,,
Cumin powder,Spice,,no,no,,365,"McCormick/Healthline: ground 2-3 y, whole 3-4 y; PP class 365",Rahul,,,
10on10 wheat atta,Grains,,no,no,,180,"FoodKeeper flour 6-8 mo opened, rice 1 y; PP class 180",Rahul,,,
Roasted rice flour,Grains,,no,no,,180,"FoodKeeper flour 6-8 mo opened, rice 1 y; PP class 180",Rahul,,,
Organic quinoa flour,Grains,,no,no,,180,"FoodKeeper flour 6-8 mo opened, rice 1 y; PP class 180",Rahul,,,
Red rice,Grains & pulses,,no,no,,180,"FoodKeeper flour 6-8 mo opened, rice 1 y; PP class 180",Rahul,,,
Wheatgrass,Staple,,no,no,,180,"FoodKeeper flour 6-8 mo opened, rice 1 y; PP class 180",Rahul,,,
Moong dal split,Dals,,no,no,,365,FoodKeeper dried beans 1 y+; PP class 365,Rahul,,,
Stone ground whole wheat atta,Grains,,no,no,,180,"FoodKeeper flour 6-8 mo opened, rice 1 y; PP class 180",Rahul,,,
White beans,Dals,,no,no,,365,FoodKeeper dried beans 1 y+; PP class 365,Rahul,,,
Broken white rice,Grains & pulses,,no,no,,180,"FoodKeeper flour 6-8 mo opened, rice 1 y; PP class 180",Rahul,,,
Black masoor dal,Dals,,no,no,,365,FoodKeeper dried beans 1 y+; PP class 365,Rahul,,,
Orange masoor dal,Dals,,no,no,,365,FoodKeeper dried beans 1 y+; PP class 365,Rahul,,,
Kokam,Condiment,,no,no,,365,"McCormick/Healthline: ground 2-3 y, whole 3-4 y; PP class 365","Rahul,Yash",,,
Sugar powder,Condiment,,no,no,,730,indefinite when dry; PP class 730,Rahul,,,
Gur,Condiment,,no,no,,730,indefinite when dry; PP class 730,"Pratik,Rahul",,,
White urad dal,Dals,,no,no,,365,FoodKeeper dried beans 1 y+; PP class 365,Rahul,,,
Quinoa (2),Grains & pulses,,no,no,,180,"FoodKeeper flour 6-8 mo opened, rice 1 y; PP class 180",Rahul,,,
Black split urad dal,Dals,,no,no,,365,FoodKeeper dried beans 1 y+; PP class 365,Rahul,,,
Red broken rice,Grains & pulses,,no,no,,180,"FoodKeeper flour 6-8 mo opened, rice 1 y; PP class 180",Rahul,,,
Cardamom (green),Spice,,no,no,,365,"McCormick/Healthline: ground 2-3 y, whole 3-4 y; PP class 365",Rahul,,,
Cinnamon powder (Keya Sri Lankan),Spice,,no,no,,365,"McCormick/Healthline: ground 2-3 y, whole 3-4 y; PP class 365",Rahul,,,
The Whole Truth peanut butter (EST),Staple,,no,no,,180,"FoodKeeper peanut butter opened 2-3 mo, sealed 6-24 mo -> 180",Rahul,,,
Red cherry tomato,Vegetable,,no,no,,7,PP 7,Rahul,,,
Methi leaves,Vegetable,,no,no,,4,PP rule LEAF-NORMAL 4,"Pratik,Rahul,Yash",,,
Tomato (hybrid + desi),Vegetable,,no,no,,7,PP 7,Rahul,,,
Yellow zucchini,Vegetable,,no,no,,6,PP 6-8 -> 6,Rahul,,,
Health on Plants tofu (classic 200g),Dairy,,no,no,,7,"FoodKeeper tofu opened 3-5 d, sealed 2-4 wk -> 7",Rahul,,,
Whole wheat pita,Bread & bakery,,no,no,,30,"sealed tortillas 1-2 mo, opened 7 d -> 30",Rahul,,,
Sids Farm malai paneer,Meat,,no,no,,7,vacuum-packed paneer 7-15 d refrigerated; PP 7,Rahul,,,
Royal Gala apple,Fruit,,no,no,,30,FoodKeeper apples 4-6 wk refrigerated -> 30,Rahul,,,
Milk (full cream),Dairy,,no,no,,3,pasteurised pouch milk 2-3 d refrigerated (FoodKeeper opened milk 1 wk; Indian pouch 3),Rahul,,,
Imported cherry,Fruit,,no,no,,5,FoodKeeper plums/cherries ~5 d,Rahul,,,
Green pear,Fruit,,no,no,,10,ripe pears ~1 wk refrigerated -> 10,Rahul,,,
Zespri kiwi,Fruit,,no,no,,14,kiwi 1-2 wk+ refrigerated -> 14,Rahul,,,
Paneer (Sids Farm malai),Meat,,no,no,,7,vacuum-packed paneer 7-15 d refrigerated; PP 7,Rahul,,,
24 Mantra Sonamasuri brown rice,Staple,,no,no,,180,"FoodKeeper flour 6-8 mo opened, rice 1 y; PP class 180",Rahul,,,
NOICE chocolate peanut butter,Staple,,no,no,,180,"FoodKeeper peanut butter opened 2-3 mo, sealed 6-24 mo -> 180",Rahul,,,
Coriander leaves,Vegetable,,no,no,,4,PP rule LEAF-NORMAL 4,"Padmaja,Pratik,Rahul,Yash",,,
Sour House sourdough,Staple,,no,no,,5,FoodKeeper bread 5-7 d; PP 5,Rahul,,,
Beef mince (Bamburies),Meat,,no,no,,2,FSIS raw poultry/fish/mince 1-2 d refrigerated,Rahul,,,
Ooty Carrot,Vegetable,,no,no,,12,PP rule ROOT-HARD 12,"Paxal,Rahul",,,
Diet Coke (caffeine-free),Exotic drinks,,no,no,,180,canned/bottled soft drinks ~6-9 mo,Rahul,,,
Seer fish,Meat,,no,no,,2,FSIS raw poultry/fish/mince 1-2 d refrigerated,Rahul,,,
"Italian basil (fresh, hydroponics)",Vegetable,,no,no,,4,PP rule LEAF-NORMAL 4,Rahul,,,
Amul unsalted butter,Dairy,,no,no,,60,FoodKeeper butter 1-3 mo refrigerated -> 60,Rahul,,,
Almond milk,Dairy,,no,no,,180,"PP rule OPEN-AND-USE sealed 180, opened 4","Pratik,Rahul",,,
Almond milk (opened),Dairy,,no,no,,4,PP rule OPEN-AND-USE opened 4 d,Rahul,,,
Blueberry yogurt (100g),Dairy,,no,no,,10,FoodKeeper yogurt 1-2 wk refrigerated -> 10,Rahul,,,
Strawberry yogurt (100g),Dairy,,no,no,,10,FoodKeeper yogurt 1-2 wk refrigerated -> 10,Rahul,,,
Mixed berry yogurt,Dairy,,no,no,,7,FoodKeeper yogurt 1-2 wk; Indian set curd sours ~7 d,Rahul,,,
Red apple,Fruit,,no,no,,30,FoodKeeper apples 4-6 wk refrigerated -> 30,Rahul,,,
Borecha kombucha,Exotic drinks,,no,no,,90,refrigerated ferments keep 2-3+ mo,Rahul,,,
Aranciata Rossa,Exotic drinks,,no,no,,180,canned/bottled soft drinks ~6-9 mo,Rahul,,,
Coca-Cola Plus,Exotic drinks,,no,no,,180,canned/bottled soft drinks ~6-9 mo,Rahul,,,
Coca-Cola Cherry,Exotic drinks,,no,no,,180,canned/bottled soft drinks ~6-9 mo,Rahul,,,
Farm Made Brown Eggs (12pc),Meat,,no,no,,21,FoodKeeper shell eggs 3-5 wk refrigerated; Indian ambient retail -> 21,Rahul,,,
Gadre Edamame (frozen),Vegetable,,no,no,,180,PP rule PEAS-FROZEN 180 (FoodKeeper frozen veg 8-12 mo),Rahul,,,
Beauty Pear Red,Fruit,,no,no,,10,ripe pears ~1 wk refrigerated -> 10,Rahul,,,
Licious Chicken Breast Boneless,Meat,,no,no,,2,FSIS raw poultry/fish/mince 1-2 d refrigerated,Rahul,,,
Health on Plants tofu (350g),Meat,,no,no,,7,"FoodKeeper tofu opened 3-5 d, sealed 2-4 wk -> 7",Rahul,,,
Heritage full cream milk,Dairy,,no,no,,3,pasteurised pouch milk 2-3 d refrigerated (FoodKeeper opened milk 1 wk; Indian pouch 3),"Pratik,Rahul",,,
Double Horse matta broken rice,Staple,,no,no,,180,"FoodKeeper flour 6-8 mo opened, rice 1 y; PP class 180",Rahul,,,
Nutritional yeast,Staple,,no,no,,365,12 mo sealed,"Pratik,Rahul",,,
Organic Tattva poha,Staple,,no,no,,180,"FoodKeeper flour 6-8 mo opened, rice 1 y; PP class 180",Rahul,,,
Supreme Harvest cashew whole,Staple,,no,no,,180,PP class 180 (freeze for longer),Rahul,,,
Open Secret pecan nuts,Staple,,no,no,,180,PP class 180 (freeze for longer),Rahul,,,
Corn cob,Vegetable,,no,no,,6,PP 6-8 -> 6,"Pratik,Rahul",,,
Bread (staff),Bread & bakery,,no,no,,5,FoodKeeper bread 5-7 d; PP 5,Rahul,,,
Lemonade lemon,Fruit,,no,no,,21,fresh lemon variety; PP lemon 21,Rahul,,,
Chicken breast — dog (Zoey),Pet,,no,no,,2,FSIS raw poultry 1-2 d,Rahul,,,
Sourdough loaf (28-Aug),Bread & bakery,,no,no,,5,FoodKeeper bread 5-7 d; PP 5,Rahul,,,
White radish,Vegetable,,no,no,,10,"radish, colocasia, celery ~10 d","Pratik,Rahul",,,
Pumpkin chunks,Vegetable,,no,no,,5,PP rule PUMPKIN-CUT 7 / CHUNK 5,Rahul,,,
Skyr (6 x 100g),Dairy,,no,no,,10,FoodKeeper yogurt 1-2 wk refrigerated -> 10,Rahul,,,
Vermicelli rice noodles,Grains,,no,no,,180,"FoodKeeper flour 6-8 mo opened, rice 1 y; PP class 180",Rahul,,,
Paper Boat green apple sparkling water,Beverage,,no,no,,180,canned/bottled soft drinks ~6-9 mo,Paxal,,,
Paper Boat dark roast sparkling coffee,Beverage,,no,no,,365,"FoodKeeper tea 18-36 mo, coffee 2 y sealed; PP class 365",Paxal,,,
Paper Boat zero cranberry lime sparkling water,Beverage,,no,no,,180,canned/bottled soft drinks ~6-9 mo,Paxal,,,
Harpic Power Plus toilet cleaner,Non-food,,no,no,,9999,not perishable,Paxal,,,
Scotch-Brite Silver Sparks scrub pad,Non-food,,no,no,,9999,not perishable,Paxal,,,
Presto medium garbage bags,Non-food,,no,no,,9999,not perishable,Paxal,,,
Pineapple,Fruit,,no,no,,7,whole 1 wk refrigerated,Paxal,,,
Fiji fruit punch,Beverage,,no,no,,180,canned/bottled soft drinks ~6-9 mo,Paxal,,,
Crunchy roasted edamame,Staple,,no,no,,180,sealed snacks/chocolate 6-12 mo,Paxal,,,
Troovy puffs (pudina),Staple,,no,no,,180,sealed snacks/chocolate 6-12 mo,Paxal,,,
Chickpea baked puff,Staple,,no,no,,180,sealed snacks/chocolate 6-12 mo,Paxal,,,
Nandini slim skimmed milk,Dairy,,no,no,,3,pasteurised pouch milk 2-3 d refrigerated (FoodKeeper opened milk 1 wk; Indian pouch 3),Paxal,,,
Bhagyalakshmi rice flour,Staple,,no,no,,180,"FoodKeeper flour 6-8 mo opened, rice 1 y; PP class 180",Paxal,,,
Vijay Gold jowar flour,Staple,,no,no,,180,"FoodKeeper flour 6-8 mo opened, rice 1 y; PP class 180",Paxal,,,
Daawat basmati rice,Staple,,no,no,,180,"FoodKeeper flour 6-8 mo opened, rice 1 y; PP class 180",Paxal,,,
Daawat sona masoori rice,Staple,,no,no,,365,FoodKeeper dried beans 1 y+; PP class 365,Paxal,,,
Punjab Sind paneer,Meat,,no,no,,7,vacuum-packed paneer 7-15 d refrigerated; PP 7,Paxal,,,
Hot & Sweet,Staple,,no,no,,365,FoodKeeper ketchup/soy/vinegar 1-2 y sealed; PP class 365,Paxal,,,
Imported blueberry 125g,Fruit,,no,no,,5,FoodKeeper berries up to 1 wk -> 5,Paxal,,,
Hass avocado,Fruit,,no,no,,5,FoodKeeper ripe avocado 3-4 d -> 5,Paxal,,,
Akshayakalpa set curd,Dairy,,no,no,,10,FoodKeeper yogurt 1-2 wk refrigerated -> 10,Paxal,,,
Raw mango,Fruit,,no,no,,10,firm raw mango ~10 d,Paxal,,,
Kabuli chana (chole),Dals,,no,no,,365,FoodKeeper dried beans 1 y+; PP class 365,Paxal,,,
Jam,Condiment,,no,no,,365,FoodKeeper ketchup/soy/vinegar 1-2 y sealed; PP class 365,Paxal,,,
Schezwan sauce,Condiment,,no,no,,365,FoodKeeper ketchup/soy/vinegar 1-2 y sealed; PP class 365,Paxal,,,
Paneer (homemade),Meat,,no,no,,3,PP rule: fresh paneer 3 d,Pratik,,,
White chana,Staple,,no,no,,365,FoodKeeper dried beans 1 y+; PP class 365,Pratik,,,
Biryani rice (Daawat basmati),Staple,,no,no,,180,"FoodKeeper flour 6-8 mo opened, rice 1 y; PP class 180",Pratik,,,
Mangodi,Staple,,no,no,,365,"McCormick/Healthline: ground 2-3 y, whole 3-4 y; PP class 365","Pratik,Yash",,,
Curly parsley,Vegetable,,no,no,,4,PP rule LEAF-NORMAL 4,Pratik,,,
Tender coconut,Fruit,,no,no,,7,cut 2-3 d; whole 7 d refrigerated,Pratik,,,
Bhindi,Vegetable,,no,no,,6,PP 6-8 -> 6,Pratik,,,
Akshayakalpa milk (tetra 250ml x2),Dairy,,no,no,,180,"PP rule OPEN-AND-USE sealed 180, opened 4",Pratik,,,
Cauliflower (EST),Vegetable,,no,no,,4,PP 4 (FoodKeeper 3-5 d),Pratik,,,
Matta rice (bb Royal),Staple,,no,no,,180,"FoodKeeper flour 6-8 mo opened, rice 1 y; PP class 180",Pratik,,,
Red lentil spaghetti,Pantry,,no,no,,180,dry pasta 1-2 y; PP class 180,Pratik,,,
Dlecta cheddar cheese,Dairy,,no,no,,45,"FoodKeeper hard cheese opened 3-4 wk, sealed block ~6 wk -> 45",Pratik,,,
Quinoa (Grain),Vegetable,,no,no,,180,"FoodKeeper flour 6-8 mo opened, rice 1 y; PP class 180",Pratik,,,
Feta cheese block,Dairy,,no,no,,30,feta in brine ~1 mo opened,Pratik,,,
Yellow corn cob,Vegetable,,no,no,,6,PP 6-8 -> 6,Pratik,,,
Akshayakalpa cow milk (tetrapak),Dairy,,no,no,,180,"PP rule OPEN-AND-USE sealed 180, opened 4",Pratik,,,
Heritage toned milk,Dairy,,no,no,,3,pasteurised pouch milk 2-3 d refrigerated (FoodKeeper opened milk 1 wk; Indian pouch 3),Pratik,,,
Akshayakalpa milk (500ml),Dairy,,no,no,,3,pasteurised pouch milk 2-3 d refrigerated (FoodKeeper opened milk 1 wk; Indian pouch 3),Pratik,,,
Bangalore grapes,Fruit,,no,no,,10,FoodKeeper grapes 1 wk; firm Indian grapes ~10 d,Pratik,,,
Bitter gourd (karela),Vegetable,,no,no,,6,PP 6-8 -> 6,Pratik,,,
Nuts mix,Nuts & seeds,,no,no,,180,PP class 180 (freeze for longer),Pratik,,,
Sweet corn (Safal),Frozen,,no,no,,180,frozen 6 mo (PP PEAS-FROZEN 180),Pratik,,,
Green peas (Safal),Frozen,,no,no,,180,frozen 6 mo (PP PEAS-FROZEN 180),Pratik,,,
Edamame,Frozen,,no,no,,180,frozen 6 mo (PP PEAS-FROZEN 180),Pratik,,,
Nut seed ladoo,Snacks & misc,,no,no,,180,PP class 180 (freeze for longer),Pratik,,,
Organic white urad whole,Dals,,no,no,,365,FoodKeeper dried beans 1 y+; PP class 365,Pratik,,,
Green curry paste,Pantry,,no,no,,365,FoodKeeper ketchup/soy/vinegar 1-2 y sealed; PP class 365,Pratik,,,
Okra,Vegetable,,no,no,,6,PP 6-8 -> 6,Pratik,,,
Bajra dalia,Grains,,no,no,,180,"FoodKeeper flour 6-8 mo opened, rice 1 y; PP class 180",Pratik,,,
Haldi (turmeric) powder,Spice,,no,no,,365,"McCormick/Healthline: ground 2-3 y, whole 3-4 y; PP class 365",Pratik,,,
Methi seeds,Spice,,no,no,,365,"McCormick/Healthline: ground 2-3 y, whole 3-4 y; PP class 365","Padmaja,Pratik",,,
Cumin (jeera) seeds,Spice,,no,no,,365,"McCormick/Healthline: ground 2-3 y, whole 3-4 y; PP class 365",Pratik,,,
Whole truth kids drink,Staple,,no,no,,180,canned/bottled soft drinks ~6-9 mo,Pratik,,,
Peach wine,Condiment,,no,no,,365,12 mo+,Pratik,,,
Sherry vinegar,Condiment,,no,no,,365,FoodKeeper ketchup/soy/vinegar 1-2 y sealed; PP class 365,Pratik,,,
Davide campari,Condiment,,no,no,,365,12 mo+,Pratik,,,
Olive oil extra virgin,Condiment,,no,no,,365,12 mo+,Pratik,,,
Olive oil borges,Condiment,,no,no,,365,"FoodKeeper oils 6-12 mo unopened, 3-5 mo opened; PP class 365",Pratik,,,
Fermented yeast protein,Staple,,no,no,,365,12 mo sealed,Pratik,,,
Bay leaves,Spice,,no,no,,365,"McCormick/Healthline: ground 2-3 y, whole 3-4 y; PP class 365","Padmaja,Pratik",,,
Kaala chana,Dals,,no,no,,365,FoodKeeper dried beans 1 y+; PP class 365,Pratik,,,
Arhar dal,Dals,,no,no,,365,FoodKeeper dried beans 1 y+; PP class 365,"Pratik,Yash",,,
Bruschetta bread,Bread & bakery,,no,no,,5,FoodKeeper bread 5-7 d; PP 5,Pratik,,,
Pasta chips,Grains,,no,no,,180,"FoodKeeper flour 6-8 mo opened, rice 1 y; PP class 180",Pratik,,,
Risotto al limone,Staple,,no,no,,180,dry pasta 1-2 y; PP class 180,Pratik,,,
Pennette all arrabbiata,Grains,,no,no,,180,dry pasta 1-2 y; PP class 180,Pratik,,,
Culinary wine,Condiment,,no,no,,365,12 mo+,Pratik,,,
Shahi biryani masala,Spice,,no,no,,365,"McCormick/Healthline: ground 2-3 y, whole 3-4 y; PP class 365",Pratik,,,
Vegetarian sauce,Condiment,,no,no,,365,FoodKeeper ketchup/soy/vinegar 1-2 y sealed; PP class 365,Pratik,,,
Veg mayonnaise,Condiment,,no,no,,90,"FoodKeeper mayo opened 2 mo, sealed longer -> 90","Pratik,Yash",,,
Anjeer,Fruit,,no,no,,180,PP class 180 (freeze for longer),"Pratik,Yash",,,
Peanut laddu,Staple,,no,no,,180,PP class 180 (freeze for longer),Pratik,,,
Karela,Vegetable,,no,no,,6,PP 6-8 -> 6,Pratik,,,
"Urad (white, whole)",Dals,,no,no,,365,FoodKeeper dried beans 1 y+; PP class 365,Pratik,,,
Gochugaru,Spice,,no,no,,365,12 mo sealed,Pratik,,,
Sweet corn dalia,Grains,,no,no,,180,"FoodKeeper flour 6-8 mo opened, rice 1 y; PP class 180",Pratik,,,
Sweet corn atta,Grains,,no,no,,180,"FoodKeeper flour 6-8 mo opened, rice 1 y; PP class 180",Pratik,,,
Quinoa seeds,Grains,,no,no,,180,"FoodKeeper flour 6-8 mo opened, rice 1 y; PP class 180",Pratik,,,
Cheese slice,Dairy,,no,no,,30,FoodKeeper processed cheese slices 3-4 wk; cream cheese 2 wk sealed longer -> 30,Yash,,,
Pasta sauce,Condiment,,no,no,,365,FoodKeeper ketchup/soy/vinegar 1-2 y sealed; PP class 365,Yash,,,
Tea masala,Spice,,no,no,,365,"McCormick/Healthline: ground 2-3 y, whole 3-4 y; PP class 365",Yash,,,
Beans(cut),Vegetable,,no,no,,6,PP 6-8 -> 6,Yash,,,
Vitafusion,Supplement,,no,no,,365,sealed 12 mo,Yash,,,
Peanut powder,Spice,,no,no,,365,"McCormick/Healthline: ground 2-3 y, whole 3-4 y; PP class 365",Yash,,,
Cashew split,Nuts & seeds,,no,no,,180,PP class 180 (freeze for longer),"Padmaja,Yash",,,
One a day,Supplement,,no,no,,365,sealed 12 mo,Yash,,,
Coffee powder,Spice,,no,no,,365,"McCormick/Healthline: ground 2-3 y, whole 3-4 y; PP class 365",Yash,,,
Boondi (raita),Staple,,no,no,,90,fried dry boondi 2-3 mo sealed,Yash,,,
Mix seeds,Spice,,no,no,,180,sealed 6-12 mo,Yash,,,
Red chilli sauce,Condiment,,no,no,,365,"McCormick/Healthline: ground 2-3 y, whole 3-4 y; PP class 365",Yash,,,
Lemoneez,Condiment,,no,no,,180,sealed 6-12 mo,Yash,,,
Chilli vinegar,Condiment,,no,no,,365,FoodKeeper ketchup/soy/vinegar 1-2 y sealed; PP class 365,Yash,,,
Agave syrup,Condiment,,no,no,,365,FoodKeeper ketchup/soy/vinegar 1-2 y sealed; PP class 365,Yash,,,
Chipotle sauce,Condiment,,no,no,,365,FoodKeeper ketchup/soy/vinegar 1-2 y sealed; PP class 365,Yash,,,
Green chilli sauce,Staple,,no,no,,365,FoodKeeper ketchup/soy/vinegar 1-2 y sealed; PP class 365,Yash,,,
Kesar,Spice,,no,no,,365,"McCormick/Healthline: ground 2-3 y, whole 3-4 y; PP class 365",Yash,,,
Amul taaza milk,Dairy,,no,no,,180,"PP rule OPEN-AND-USE sealed 180, opened 4",Yash,,,
Peanut,Nuts & seeds,,no,no,,180,PP class 180 (freeze for longer),Yash,,,
Garlic leaves,Vegetable,,no,no,,4,PP rule LEAF-NORMAL 4,Yash,,,
Capsicum,Vegetable,,no,no,,12,PP 12,"Padmaja,Yash",,,
Frozen pea,Frozen,,no,no,,180,frozen 6 mo (PP PEAS-FROZEN 180),Yash,,,
Malabar paratha,Bread & bakery,,no,no,,180,frozen 6 mo,Yash,,,
Atta (wheat flour),Grains,,no,no,,180,"FoodKeeper flour 6-8 mo opened, rice 1 y; PP class 180",Yash,,,
Elaichi powder,Spice,,no,no,,365,"McCormick/Healthline: ground 2-3 y, whole 3-4 y; PP class 365",Yash,,,
Black mustard seed,Spice,,no,no,,365,"McCormick/Healthline: ground 2-3 y, whole 3-4 y; PP class 365",Yash,,,
Red chilli(dry),Spice,,no,no,,365,"McCormick/Healthline: ground 2-3 y, whole 3-4 y; PP class 365",Yash,,,
Big cardamom,Spice,,no,no,,365,"McCormick/Healthline: ground 2-3 y, whole 3-4 y; PP class 365",Yash,,,
Mango Pickles,Condiment,,no,no,,365,FoodKeeper ketchup/soy/vinegar 1-2 y sealed; PP class 365,Yash,,,
Schezwan chutney,Condiment,,no,no,,365,FoodKeeper ketchup/soy/vinegar 1-2 y sealed; PP class 365,"Padmaja,Yash",,,
Fennel seed powder,Spice,,no,no,,365,"McCormick/Healthline: ground 2-3 y, whole 3-4 y; PP class 365",Yash,,,
Pikkle shikkle,Condiment,,no,no,,365,12 mo sealed,Yash,,,
Oats powder,Grains,,no,no,,365,"McCormick/Healthline: ground 2-3 y, whole 3-4 y; PP class 365",Yash,,,
Dhaga mishri,Condiment,,no,no,,730,sealed dry mix 6-12 mo,Yash,,,
Chole masale,Dals,,no,no,,365,FoodKeeper dried beans 1 y+; PP class 365,Yash,,,
Gunpowder,Spice,,no,no,,365,"McCormick/Healthline: ground 2-3 y, whole 3-4 y; PP class 365",Yash,,,
Masoor dal(yellow),Dals,,no,no,,365,FoodKeeper dried beans 1 y+; PP class 365,Yash,,,
Rice (basmati),Grains,,no,no,,180,"FoodKeeper flour 6-8 mo opened, rice 1 y; PP class 180",Yash,,,
Split urad dal(white),Dals,,no,no,,365,FoodKeeper dried beans 1 y+; PP class 365,Yash,,,
Moong (hara),Dals,,no,no,,365,FoodKeeper dried beans 1 y+; PP class 365,Yash,,,
Rajma(black),Dals,,no,no,,365,FoodKeeper dried beans 1 y+; PP class 365,Yash,,,
Coffee(nescafe),Beverage,,no,no,,365,"FoodKeeper tea 18-36 mo, coffee 2 y sealed; PP class 365",Yash,,,
Shell pista,Nuts & seeds,,no,no,,180,PP class 180 (freeze for longer),Yash,,,
Red label,Beverage,,no,no,,180,sealed 6-12 mo,Yash,,,
Dhaniya(whole),Spice,,no,no,,365,"McCormick/Healthline: ground 2-3 y, whole 3-4 y; PP class 365",Yash,,,
Homemade chicken masala,Spice,,no,no,,365,"McCormick/Healthline: ground 2-3 y, whole 3-4 y; PP class 365",Yash,,,
Homemade masala,Spice,,no,no,,365,"McCormick/Healthline: ground 2-3 y, whole 3-4 y; PP class 365",Yash,,,
Chicken (boneless thigh),Meat,,no,no,,2,FSIS raw poultry/fish/mince 1-2 d refrigerated,Yash,,,
"Bread (zero maida, 250g packet)",Bread & bakery,,no,no,,5,FoodKeeper bread 5-7 d; PP 5,Yash,,,
Bread (sourdough loaf),Bread & bakery,,no,no,,5,FoodKeeper bread 5-7 d; PP 5,Yash,,,
Arbi (colocasia),Vegetable,,no,no,,10,"radish, colocasia, celery ~10 d",Yash,,,
Coconut milk (tetra),Pantry,,no,no,,180,"PP rule OPEN-AND-USE sealed 180, opened 4",Yash,,,
Seer fish (surmai),Meat & fish,,no,no,,2,FSIS raw poultry/fish/mince 1-2 d refrigerated,Yash,,,
Tortilla wrap,Bread & bakery,,no,no,,30,"sealed tortillas 1-2 mo, opened 7 d -> 30","Padmaja,Yash",,,
Sweet corn (cob),Vegetable,,no,no,,6,PP 6-8 -> 6,Yash,,,
Almond,Staple,,no,no,,180,PP class 180 (freeze for longer),Padmaja,,,
Popcorn seeds,Staple,,no,no,,180,sealed snacks/chocolate 6-12 mo,Padmaja,,,
Moong dal split yellow,Dals,,no,no,,365,FoodKeeper dried beans 1 y+; PP class 365,Padmaja,,,
White dry peas,Dals,,no,no,,365,FoodKeeper dried beans 1 y+; PP class 365,Padmaja,,,
Split green moong dal,Dals,,no,no,,365,FoodKeeper dried beans 1 y+; PP class 365,Padmaja,,,
Whole masoor dal,Dals,,no,no,,365,FoodKeeper dried beans 1 y+; PP class 365,Padmaja,,,
Rava (sooji),Grains,,no,no,,180,"FoodKeeper flour 6-8 mo opened, rice 1 y; PP class 180",Padmaja,,,
Basil (dried),Spice,,no,no,,365,dried herbs 1-3 y sealed; PP 365,Padmaja,,,
Fruit seasoning,Spice,,no,no,,365,12 mo sealed,Padmaja,,,
Red chilli (dried whole),Spice,,no,no,,365,dehydrated/dried 12 mo sealed,Padmaja,,,
Millet muesli,Grains,,no,no,,180,"FoodKeeper flour 6-8 mo opened, rice 1 y; PP class 180",Padmaja,,,
Ragi,Grains,,no,no,,180,"FoodKeeper flour 6-8 mo opened, rice 1 y; PP class 180",Padmaja,,,
Fennel seeds powder,Spice,,no,no,,365,"McCormick/Healthline: ground 2-3 y, whole 3-4 y; PP class 365",Padmaja,,,
Macaroni,Grains,,no,no,,180,dry pasta 1-2 y; PP class 180,Padmaja,,,
Sfoglia ruvida (pasta),Grains,,no,no,,180,"FoodKeeper flour 6-8 mo opened, rice 1 y; PP class 180",Padmaja,,,
Safal peas,Frozen,,no,no,,180,frozen 6 mo (PP PEAS-FROZEN 180),Padmaja,,,
Rajma masala,Spice,,no,no,,365,"McCormick/Healthline: ground 2-3 y, whole 3-4 y; PP class 365",Padmaja,,,
Cheese spread,Dairy,,no,no,,30,FoodKeeper processed cheese slices 3-4 wk; cream cheese 2 wk sealed longer -> 30,Padmaja,,,
Lebanese pita,Bread & bakery,,no,no,,30,"sealed tortillas 1-2 mo, opened 7 d -> 30",Padmaja,,,
Cheesy melt,Dairy,,no,no,,180,sealed 6-12 mo,Padmaja,,,
Chocolate syrup,Condiment,,no,no,,365,FoodKeeper ketchup/soy/vinegar 1-2 y sealed; PP class 365,Padmaja,,,
Mild mustard (French),Condiment,,no,no,,365,FoodKeeper ketchup/soy/vinegar 1-2 y sealed; PP class 365,Padmaja,,,
Honey mustard sauce,Condiment,,no,no,,730,indefinite when dry; PP class 730,Padmaja,,,
Amaranthus,Vegetable,,no,no,,180,"FoodKeeper flour 6-8 mo opened, rice 1 y; PP class 180",Padmaja,,,
Basa fillets,Meat,,no,no,,2,FSIS raw fish 1-2 d,Padmaja,,,
Pudina (mint),Vegetable,,no,no,,4,PP rule LEAF-NORMAL 4,Padmaja,,,
Chipotle dressing,Condiment,,no,no,,365,12 mo sealed,Padmaja,,,
Amul Taaza,Dairy,,no,no,,180,"Amul Taaza UHT tetra 180 sealed (if pouch, 3)",Padmaja,,,
