Household,Sheet,Row,SKU,Category,Unit,CanonKey,Aliases,NeverMatch,UsageNote
Shunyam & Ishan - latest,Shunyam & Ishan - latest,5,Methi (fenugreek),Spice,g,methi,fenugreek|fenugreek leaves|methi|methi leaves,chutney|ketchup|masala|oil|paste|pickle|powder|sauce|syrup,staple; never wiped by produce counts
Shunyam & Ishan - latest,Shunyam & Ishan - latest,6,Cucumber,Vegetable,g,cucumber,cucumber|english cucumber|kheera,chutney|ketchup|masala|oil|paste|pickle|powder|sauce|syrup,perishable; MoH fresh<5; types pooled
Shunyam & Ishan - latest,Shunyam & Ishan - latest,7,Chilli garlic paste,Vegetable,g,chilli garlic paste,chilli|chilli garlic paste|chilligarlicpaste|chilly|garlic|garlic peeled|mirch|mirchi|peeled garlic,black garlic|bread|caper|chutney|crisp|flakes|mayo|miso|oil|pickle|powder|salt|sauce|vinegar,perishable; MoH fresh<5
Shunyam & Ishan - latest,Shunyam & Ishan - latest,8,Green chilli,Vegetable,g,green chilli,chilli|chilly|green chilli|greenchilli|mirch|mirchi,chutney|crisp|flakes|ketchup|masala|oil|paste|pickle|powder|sauce|syrup|vinegar,perishable; MoH fresh<5
Shunyam & Ishan - latest,Shunyam & Ishan - latest,12,Bread,Bread & bakery,g,bread,bread,chutney|ketchup|masala|oil|paste|pickle|powder|sauce|syrup,perishable
Shunyam & Ishan - latest,Shunyam & Ishan - latest,13,Butter (Amul),Dairy,g,butter,butter,almond|chutney|cocoa|fruit|ketchup|masala|milk|oil|paste|peanut|pickle|powder|sauce|scotch|syrup,perishable
Shunyam & Ishan - latest,Shunyam & Ishan - latest,14,Cheese (Amul),Dairy,slice,cheese,cheese,ball|chutney|ketchup|masala|oil|paste|pickle|powder|sauce|slice (sep)|syrup,perishable
Shunyam & Ishan - latest,Shunyam & Ishan - latest,15,Cow milk pouch (Akshayakalpa),Dairy,packet,cow milk pouch,cow milk pouch|cowmilkpouch,almond|butter|chocolate|chutney|coconut|condensed|ketchup|masala|milkmaid|oat|oil|paste|pickle|powder|sauce|skyr|soy|syrup,perishable
Shunyam & Ishan - latest,Shunyam & Ishan - latest,16,Curd (Akshayakalpa),Dairy,ml,curd,curd|dahi|yoghurt|yogurt,chutney|greek|gur|jaggery|ketchup|masala|oil|paste|pickle|powder|sauce|syrup,perishable
Shunyam & Ishan - latest,Shunyam & Ishan - latest,17,Fresh cream (Amul),Dairy,ml,cream,cream,chutney|ketchup|masala|oil|paste|pickle|powder|sauce|syrup,perishable
Shunyam & Ishan - latest,Shunyam & Ishan - latest,18,Ghee (Akshayakalpa),Dairy,ml,ghee,ghee,chutney|ketchup|masala|oil|paste|pickle|powder|sauce|syrup,perishable; ALWAYS keep on board; always-keep; not part of produce counts
Shunyam & Ishan - latest,Shunyam & Ishan - latest,19,Greek yoghurt (Athena),Dairy,pc,greek yoghurt,curd|dahi|greek yoghurt|greekyoghurt|yoghurt|yogurt,chutney|ketchup|masala|oil|paste|pickle|powder|sauce|syrup,perishable
Shunyam & Ishan - latest,Shunyam & Ishan - latest,20,Milkmaid condensed milk,Dairy,g,condensed milk,condensed milk|condensedmilk,almond|butter|chocolate|chutney|coconut|ketchup|masala|oat|oil|paste|pickle|powder|sauce|skyr|soy|syrup,perishable
Shunyam & Ishan - latest,Shunyam & Ishan - latest,21,Set curd (Akshayakalpa),Dairy,g,set curd,curd|dahi|set curd|setcurd|yoghurt|yogurt,chutney|greek|gur|jaggery|ketchup|masala|oil|paste|pickle|powder|sauce|syrup,perishable
Shunyam & Ishan - latest,Shunyam & Ishan - latest,22,Eggs,Protein,pc,eggs,eggs,chutney|eggplant|ketchup|less|masala|noodle|oil|paste|pickle|powder|sauce|syrup|white (sep),perishable
Shunyam & Ishan - latest,Shunyam & Ishan - latest,24,Carrot,Vegetable,g,carrot,carrot,chutney|ketchup|masala|oil|paste|pickle|powder|sauce|syrup,perishable; MoH fresh<5
Shunyam & Ishan - latest,Shunyam & Ishan - latest,25,Curry leaves,FnV,g,curry leaves,curry leaves|curryleaves,chutney|ketchup|masala|oil|paste|pickle|powder|sauce|syrup,
Shunyam & Ishan - latest,Shunyam & Ishan - latest,28,Paneer,Meat,g,paneer,paneer,chutney|ketchup|masala|oil|paste|pickle|powder|sauce|syrup|tofu,perishable
Shunyam & Ishan - latest,Shunyam & Ishan - latest,30,7-in-1 seed mix,Grains & pantry,g,7 in 1 seed mix,7 in 1 seed mix|7in1seedmix,chutney|ketchup|masala|oil|paste|pickle|powder|sauce|syrup,staple; never wiped by produce counts
Shunyam & Ishan - latest,Shunyam & Ishan - latest,31,Almonds,Grains & pantry,g,almonds,almonds,butter|chutney|flour|ketchup|masala|milk|oil|paste|pickle|powder|sauce|syrup|wrap,staple; never wiped by produce counts
Shunyam & Ishan - latest,Shunyam & Ishan - latest,32,Arrabiata pasta sauce (Veeba),Grains & pantry,g,arrabiata pasta sauce,arrabiata pasta sauce|arrabiatapastasauce,,staple; never wiped by produce counts
Shunyam & Ishan - latest,Shunyam & Ishan - latest,33,Cashews,Grains & pantry,g,cashews,cashews,chutney|ketchup|masala|oil|paste|pickle|powder|sauce|syrup,staple; never wiped by produce counts
Shunyam & Ishan - latest,Shunyam & Ishan - latest,34,Chia seeds,Grains & pantry,g,chia seeds,chia seeds|chiaseeds,,staple; never wiped by produce counts
Shunyam & Ishan - latest,Shunyam & Ishan - latest,35,Chocolate syrup (Hersheys),Grains & pantry,ml,chocolate syrup,chocolate syrup|chocolatesyrup,fresh|raw,staple; never wiped by produce counts
Shunyam & Ishan - latest,Shunyam & Ishan - latest,36,Cocoa (Cadbury),Grains & pantry,g,cocoa,cocoa,chutney|ketchup|masala|oil|paste|pickle|powder|sauce|syrup,staple; never wiped by produce counts
Shunyam & Ishan - latest,Shunyam & Ishan - latest,37,Soy sauce,Grains & pantry,ml,soy sauce,soy sauce|soysauce,,staple; never wiped by produce counts
Shunyam & Ishan - latest,Shunyam & Ishan - latest,38,Flax seeds,Grains & pantry,g,flax seeds,flax seeds|flaxseeds,,staple; never wiped by produce counts
Shunyam & Ishan - latest,Shunyam & Ishan - latest,39,Frozen green peas (Safal),Grains & pantry,g,green peas,green peas|greenpeas|matar|peas,chutney|dried|ketchup|masala|oil|paste|pickle|powder|protein|sauce|syrup|wasabi,staple; never wiped by produce counts
Shunyam & Ishan - latest,Shunyam & Ishan - latest,40,Frozen veg mix,Grains & pantry,g,veg mix,veg mix|vegmix,chutney|ketchup|masala|oil|paste|pickle|powder|sauce|syrup,staple; never wiped by produce counts
Shunyam & Ishan - latest,Shunyam & Ishan - latest,41,Ginger Blossom gut shot,Grains & pantry,pc,ginger blossom gut shot,ginger blossom gut shot|gingerblossomgutshot,candy|chutney|garlic|ketchup|masala|oil|paste|pickle|powder|sauce|syrup|tea,staple; never wiped by produce counts
Shunyam & Ishan - latest,Shunyam & Ishan - latest,42,Green olives (Del Monte),Grains & pantry,g,green olives,green olives|greenolives,chutney|ketchup|masala|oil|paste|pickle|powder|sauce|syrup,staple; never wiped by produce counts
Shunyam & Ishan - latest,Shunyam & Ishan - latest,43,"Honey (Organic India, multifloral)",Grains & pantry,g,honey,honey,chutney|ketchup|masala|oil|paste|pickle|powder|sauce|syrup,staple; never wiped by produce counts
Shunyam & Ishan - latest,Shunyam & Ishan - latest,44,Honey / mango jam,Grains & pantry,g,honey mango jam,honey mango jam|honeymangojam,chutney|ketchup|masala|oil|paste|pickle|powder|sauce|syrup,staple; never wiped by produce counts
Shunyam & Ishan - latest,Shunyam & Ishan - latest,45,"Hydration/electrolyte (Fast&Up, LiquidIV)",Grains & pantry,g,hydration electrolyte,hydration electrolyte|hydrationelectrolyte,chutney|ketchup|masala|oil|paste|pickle|powder|sauce|syrup,staple; never wiped by produce counts
Shunyam & Ishan - latest,Shunyam & Ishan - latest,46,Millet pancake mix (Slurrp Farm),Grains & pantry,g,millet pancake mix,millet pancake mix|milletpancakemix,chutney|ketchup|masala|oil|paste|pickle|powder|sauce|syrup,staple; never wiped by produce counts
Shunyam & Ishan - latest,Shunyam & Ishan - latest,47,Mixed nuts / walnuts,Grains & pantry,g,mixed nuts walnuts,mixed nuts walnuts|mixednutswalnuts,chutney|ketchup|masala|oil|paste|pickle|powder|sauce|syrup,staple; never wiped by produce counts
Shunyam & Ishan - latest,Shunyam & Ishan - latest,48,Moong dal,Grains & pantry,g,moong dal,moong dal|moongdal,chutney|ketchup|masala|oil|paste|pickle|powder|sauce|syrup,staple; never wiped by produce counts
Shunyam & Ishan - latest,Shunyam & Ishan - latest,49,Muesli / berry cereal,Grains & pantry,g,muesli berry cereal,muesli berry cereal|muesliberrycereal,chutney|ketchup|masala|oil|paste|pickle|powder|sauce|syrup,staple; never wiped by produce counts
Shunyam & Ishan - latest,Shunyam & Ishan - latest,50,Rai (mustard seeds),Grains & pantry,g,rai,mustard seeds|rai|sarson,chutney|ketchup|masala|oil|paste|pickle|powder|sauce|syrup,staple; never wiped by produce counts
Shunyam & Ishan - latest,Shunyam & Ishan - latest,51,Mustard / cooking oil,Grains & pantry,g,mustard cooking oil,mustard cooking oil|mustardcookingoil,essential,staple; never wiped by produce counts
Shunyam & Ishan - latest,Shunyam & Ishan - latest,52,Mustard sauce,Grains & pantry,ml,mustard sauce,mustard sauce|mustardsauce,,staple; never wiped by produce counts
Shunyam & Ishan - latest,Shunyam & Ishan - latest,53,Oats (Alpino Super Oats),Grains & pantry,packet,oats,oats,chutney|ketchup|masala|oil|paste|pickle|powder|sauce|syrup,staple; never wiped by produce counts
Shunyam & Ishan - latest,Shunyam & Ishan - latest,54,Olive oil (Borges Extra Virgin),Grains & pantry,ml,olive oil,olive oil|oliveoil,essential,staple; never wiped by produce counts
Shunyam & Ishan - latest,Shunyam & Ishan - latest,55,Pickle / cooking sauce (Winn),Grains & pantry,g,pickle cooking sauce,pickle cooking sauce|picklecookingsauce,,staple; never wiped by produce counts
Shunyam & Ishan - latest,Shunyam & Ishan - latest,56,Pizza/pasta seasoning (Keya oregano),Grains & pantry,g,pizza pasta seasoning,pizza pasta seasoning|pizzapastaseasoning,chutney|ketchup|masala|oil|paste|pickle|powder|sauce|syrup,staple; never wiped by produce counts
Shunyam & Ishan - latest,Shunyam & Ishan - latest,57,Ragi chips (The Healthy),Grains & pantry,g,ragi chips,ragi chips|ragichips,chutney|ketchup|masala|oil|paste|pickle|powder|sauce|syrup,staple; never wiped by produce counts
Shunyam & Ishan - latest,Shunyam & Ishan - latest,58,Beans (French),Vegetable,g,beans,beans,black bean sauce|chutney|coffee|ketchup|masala|moong|oil|paste|pickle|powder|rajma|sauce|syrup|vanilla,perishable; MoH fresh<5
Shunyam & Ishan - latest,Shunyam & Ishan - latest,59,Rice (Daawat basmati),Grains & pantry,g,rice,flattened rice|poha|rice,bran|chutney|flakes|flour|ketchup|masala|noodle|oil|paper|paste|pickle|poha|powder|puffed|sauce|syrup|vinegar|wine,staple; never wiped by produce counts
Shunyam & Ishan - latest,Shunyam & Ishan - latest,60,Roasted chana,Grains & pantry,g,roasted chana,roasted chana|roastedchana,chutney|ketchup|masala|oil|paste|pickle|powder|sauce|syrup,staple; never wiped by produce counts
Shunyam & Ishan - latest,Shunyam & Ishan - latest,61,Schezwan chutney (Wok),Grains & pantry,g,schezwan chutney,schezwan chutney|schezwanchutney,,staple; never wiped by produce counts
Shunyam & Ishan - latest,Shunyam & Ishan - latest,62,Snack bars / chocolate,Grains & pantry,pc,snack bars chocolate,snack bars chocolate|snackbarschocolate,chutney|fresh|ketchup|masala|oil|paste|pickle|powder|raw|sauce|syrup,staple; never wiped by produce counts
Shunyam & Ishan - latest,Shunyam & Ishan - latest,63,Soda (Lehar),Grains & pantry,ml,soda,soda,chutney|fresh|ketchup|masala|oil|paste|pickle|powder|raw|sauce|syrup,staple; never wiped by produce counts
Shunyam & Ishan - latest,Shunyam & Ishan - latest,64,Pepper powder,Grains & pantry,g,pepper powder,pepper powder|pepperpowder,,staple; never wiped by produce counts
Shunyam & Ishan - latest,Shunyam & Ishan - latest,65,Tea (Catch chai + tea bags),Grains & pantry,g,tea,tea,chutney|fresh|ketchup|masala|oil|paste|pickle|powder|raw|sauce|syrup,staple; never wiped by produce counts
Shunyam & Ishan - latest,Shunyam & Ishan - latest,66,Tissue (non-food),Grains & pantry,pc,tissue,tissue,chutney|ketchup|masala|oil|paste|pickle|powder|sauce|syrup,staple; never wiped by produce counts
Shunyam & Ishan - latest,Shunyam & Ishan - latest,67,Tomato ketchup,Grains & pantry,g,tomato ketchup,tomato ketchup|tomatoketchup,cherry|hybrid|pasta|paste|puree|soup|sun,staple; never wiped by produce counts; pool MoH<10
Shunyam & Ishan - latest,Shunyam & Ishan - latest,68,Veg mayonnaise (Dr Oetker FunFoods),Grains & pantry,g,veg mayonnaise,veg mayonnaise|vegmayonnaise,chutney|ketchup|masala|oil|paste|pickle|powder|sauce|syrup,staple; never wiped by produce counts
Shunyam & Ishan - latest,Shunyam & Ishan - latest,69,Vinegar (synthetic),Grains & pantry,ml,vinegar,vinegar,chutney|ketchup|masala|oil|paste|pickle|powder|sauce|syrup,staple; never wiped by produce counts
Shunyam & Ishan - latest,Shunyam & Ishan - latest,70,Chicken,Meat,g,chicken,chicken,chutney|cube|essence|ketchup|knorr|masala|oil|paste|pickle|powder|sauce|seasoning|stock|syrup,perishable
Shunyam & Ishan - latest,Shunyam & Ishan - latest,71,Chicken (curry cut),Protein,g,chicken,chicken,chutney|cube|essence|ketchup|knorr|masala|oil|paste|pickle|powder|sauce|seasoning|stock|syrup,perishable
Shunyam & Ishan - latest,Shunyam & Ishan - latest,72,Fish,Protein,g,fish,fish,chutney|ketchup|masala|oil|paste|pickle|powder|sauce|syrup,perishable
Shunyam & Ishan - latest,Shunyam & Ishan - latest,73,Whey protein,Protein,g,whey protein,whey protein|wheyprotein,chutney|ketchup|masala|oil|paste|pickle|powder|sauce|syrup,perishable
Shunyam & Ishan - latest,Shunyam & Ishan - latest,74,Multigrain bread (Health Factory),Snacks & misc,g,multigrain bread,multigrain bread|multigrainbread|mustard seeds|rai|sarson,chutney|ketchup|masala|oil|paste|pickle|powder|sauce|syrup,
Shunyam & Ishan - latest,Shunyam & Ishan - latest,79,Ginger garlic paste,Condiment,pouch,ginger garlic paste,garlic|garlic peeled|ginger garlic paste|gingergarlicpaste|peeled garlic,black garlic|blossom|bread|candy|caper|chutney|mayo|miso|oil|pickle|powder|salt|tea,staple; never wiped by produce counts
Shunyam & Ishan - latest,Shunyam & Ishan - latest,80,Coriander powder,Spice,g,coriander powder,cilantro|coriander|coriander leaves|coriander powder|corianderpowder|dhania,seeds|leaves|fresh|whole|sabut,CONFUSABLE FAMILY (coriander powder) — never match to the other forms of this ingredient
Shunyam & Ishan - latest,Shunyam & Ishan - latest,81,Kombucha,Beverage,g,kombucha,kombucha,chutney|fresh|ketchup|masala|oil|paste|pickle|powder|raw|sauce|syrup,
Shunyam & Ishan - latest,Shunyam & Ishan - latest,82,Urad dal,Dals,g,urad dal,urad dal|uraddal,chutney|ketchup|masala|oil|paste|pickle|powder|sauce|syrup,staple; never wiped by produce counts
Shunyam & Ishan - latest,Shunyam & Ishan - latest,83,Chana dal,Dals,g,chana dal,chana dal|chanadal,chutney|ketchup|masala|oil|paste|pickle|powder|sauce|syrup,staple; never wiped by produce counts
Shunyam & Ishan - latest,Shunyam & Ishan - latest,84,Sugar,Grains & pantry,g,sugar,sugar,brown|chutney|free|icing|ketchup|masala|oil|paste|pickle|powder|powdered|sauce|syrup,staple; never wiped by produce counts
Shunyam & Ishan - latest,Shunyam & Ishan - latest,85,Chaat masala,Spice,g,chaat masala,chaat masala|chaatmasala,,staple; never wiped by produce counts
Shunyam & Ishan - latest,Shunyam & Ishan - latest,86,White dal (moong),Grains & pantry,g,white dal,white dal|whitedal,chutney|ketchup|masala|oil|paste|pickle|powder|sauce|syrup,staple; never wiped by produce counts
Shunyam & Ishan - latest,Shunyam & Ishan - latest,87,Nilgiri red rice,Grains & pantry,g,nilgiri red rice,nilgiri red rice|nilgiriredrice,bran|chutney|flakes|flour|ketchup|masala|noodle|oil|paper|paste|pickle|poha|powder|puffed|sauce|syrup|vinegar|wine,staple; never wiped by produce counts
Shunyam & Ishan - latest,Shunyam & Ishan - latest,88,Aashirvaad atta (2kg),Grains & pantry,g,atta,aata|atta|bay leaf|chakki atta|wheat aata|wheat flour|whole wheat atta|whole wheat flour,bajra|besan|chutney|jowar|ketchup|maida|masala|noodle|oil|paste|patta|pickle|powder|ragi|sauce|syrup|tej patta,staple; never wiped by produce counts [28-Aug: removed cross-item aliases that are a known fuzzy trap]
Shunyam & Ishan - latest,Shunyam & Ishan - latest,89,Kabuli chana,Grains & pantry,g,kabuli chana,chickpea|chickpeas|chole|garbanzo|kabuli chana|kabulichana|white chana,chutney|ketchup|masala|oil|paste|pickle|powder|sauce|syrup,staple; never wiped by produce counts
Shunyam & Ishan - latest,Shunyam & Ishan - latest,90,Salt,Grains & pantry,g,salt,salt,chutney|ketchup|masala|oil|paste|pickle|powder|sauce|syrup,staple; never wiped by produce counts
Shunyam & Ishan - latest,Shunyam & Ishan - latest,91,Brown sugar,Grains & pantry,g,brown sugar,brown sugar|brownsugar,chutney|free|icing|ketchup|masala|oil|paste|pickle|powder|powdered|sauce|syrup,staple; never wiped by produce counts
Shunyam & Ishan - latest,Shunyam & Ishan - latest,92,Sriracha sauce,Grains & pantry,ml,sriracha sauce,sriracha sauce|srirachasauce,,staple; never wiped by produce counts
Shunyam & Ishan - latest,Shunyam & Ishan - latest,93,Bay leaf / dried patta,Grains & pantry,g,bay leaf dried patta,bay leaf|bay leaf dried patta|bayleafdriedpatta|chakki atta|tej patta|wheat aata|wheat flour|whole wheat atta|whole wheat flour,bajra|besan|chutney|jowar|ketchup|maida|masala|noodle|oil|paste|pickle|powder|ragi|sauce|syrup|tej patta,staple; never wiped by produce counts [28-Aug: removed cross-item aliases that are a known fuzzy trap]
Shunyam & Ishan - latest,Shunyam & Ishan - latest,94,Chilli flakes,Grains & pantry,g,chilli flakes,chilli|chilli flakes|chilliflakes|chilly|mirch|mirchi,chutney|crisp|ketchup|masala|oil|paste|pickle|powder|sauce|syrup|vinegar,staple; never wiped by produce counts
Shunyam & Ishan - latest,Shunyam & Ishan - latest,95,Clove (laung),Grains & pantry,g,clove,clove|laung,chutney|ketchup|masala|oil|paste|pickle|powder|sauce|syrup,staple; never wiped by produce counts
Shunyam & Ishan - latest,Shunyam & Ishan - latest,96,Poha,Grains & pantry,g,poha,beaten rice|flattened rice|poha,chutney|ketchup|masala|oil|paste|pickle|powder|sauce|syrup,staple; never wiped by produce counts
Shunyam & Ishan - latest,Shunyam & Ishan - latest,97,Biryani rice,Grains & pantry,g,biryani rice,biryani rice|biryanirice,bran|chutney|flakes|flour|ketchup|masala|noodle|oil|paper|paste|pickle|poha|powder|puffed|sauce|syrup|vinegar|wine,staple; never wiped by produce counts
Shunyam & Ishan - latest,Shunyam & Ishan - latest,98,Protein atta,Grains & pantry,g,protein atta,aata|atta|chakki atta|protein atta|proteinatta|wheat aata|wheat flour|whole wheat atta|whole wheat flour,bajra|besan|chutney|jowar|ketchup|maida|masala|noodle|oil|paste|patta|pickle|powder|ragi|sauce|syrup|tej patta,staple; never wiped by produce counts
Shunyam & Ishan - latest,Shunyam & Ishan - latest,99,Sabudana,Grains & pantry,g,sabudana,sabudana,chutney|ketchup|masala|oil|paste|pickle|powder|sauce|syrup,staple; never wiped by produce counts
Shunyam & Ishan - latest,Shunyam & Ishan - latest,100,Organic besan,Grains & pantry,g,besan,besan|chana flour|chickpea flour|gram flour,chutney|ketchup|masala|oil|paste|pickle|powder|sauce|syrup,staple; never wiped by produce counts
Shunyam & Ishan - latest,Shunyam & Ishan - latest,101,Makhana,Grains & pantry,g,makhana,makhana,chutney|ketchup|masala|oil|paste|pickle|powder|sauce|syrup,staple; never wiped by produce counts
Shunyam & Ishan - latest,Shunyam & Ishan - latest,102,Rooh Afza,Grains & pantry,ml,rooh afza,rooh afza|roohafza,chutney|ketchup|masala|oil|paste|pickle|powder|sauce|syrup,staple; never wiped by produce counts
Shunyam & Ishan - latest,Shunyam & Ishan - latest,103,Manchurian sauce,Grains & pantry,ml,manchurian sauce,manchurian sauce|manchuriansauce,,staple; never wiped by produce counts
Shunyam & Ishan - latest,Shunyam & Ishan - latest,104,Pav bhaji masala,Grains & pantry,g,pav bhaji masala,pav bhaji masala|pavbhajimasala,,staple; never wiped by produce counts
Shunyam & Ishan - latest,Shunyam & Ishan - latest,105,Cheese & jalapeno spread,Grains & pantry,g,cheese jalapeno spread,cheese jalapeno spread|cheesejalapenospread,ball|chutney|ketchup|masala|oil|paste|pickle|powder|sauce|slice (sep)|syrup,staple; never wiped by produce counts
Shunyam & Ishan - latest,Shunyam & Ishan - latest,106,Chilli powder,Grains & pantry,g,chilli powder,chilli|chilli powder|chillipowder|chilly|mirch|mirchi,crisp|flakes|oil|paste|sauce|vinegar,staple; never wiped by produce counts
Shunyam & Ishan - latest,Shunyam & Ishan - latest,107,Jeera,Grains & pantry,g,jeera,cumin|jeera,chutney|ketchup|masala|oil|paste|pickle|powder|sauce|syrup,staple; never wiped by produce counts
Shunyam & Ishan - latest,Shunyam & Ishan - latest,108,Turmeric powder,Grains & pantry,g,turmeric powder,haldi|turmeric|turmeric powder|turmericpowder,,staple; never wiped by produce counts
Shunyam & Ishan - latest,Shunyam & Ishan - latest,109,Black til (sesame),Grains & pantry,g,black til,black til|blacktil|sesame|til,chutney|ketchup|masala|oil|paste|pickle|powder|sauce|syrup,staple; never wiped by produce counts
Shunyam & Ishan - latest,Shunyam & Ishan - latest,110,Elaichi (cardamom),Grains & pantry,g,elaichi,cardamom|elaichi|green cardamom,chutney|ketchup|masala|oil|paste|pickle|powder|sauce|syrup,staple; never wiped by produce counts
Shunyam & Ishan - latest,Shunyam & Ishan - latest,111,Green tea,Grains & pantry,g,green tea,green tea|greentea,chutney|fresh|ketchup|masala|oil|paste|pickle|powder|raw|sauce|syrup,staple; never wiped by produce counts
Shunyam & Ishan - latest,Shunyam & Ishan - latest,112,Green raisins,Grains & pantry,g,green raisins,green raisins|greenraisins|mustard seeds|rai|sarson,chutney|ketchup|masala|oil|paste|pickle|powder|sauce|syrup,staple; never wiped by produce counts
Shunyam & Ishan - latest,Shunyam & Ishan - latest,113,Black raisins,Grains & pantry,g,black raisins,black raisins|blackraisins|mustard seeds|rai|sarson,chutney|ketchup|masala|oil|paste|pickle|powder|sauce|syrup,staple; never wiped by produce counts
Shunyam & Ishan - latest,Shunyam & Ishan - latest,114,Chocolate oats,Grains & pantry,g,chocolate oats,chocolate oats|chocolateoats,chutney|fresh|ketchup|masala|oil|paste|pickle|powder|raw|sauce|syrup,staple; never wiped by produce counts
Shunyam & Ishan - latest,Shunyam & Ishan - latest,115,Garam masala,Grains & pantry,g,garam masala,garam masala|garammasala,,staple; never wiped by produce counts
Shunyam & Ishan - latest,Shunyam & Ishan - latest,116,Corn starch,Grains & pantry,g,corn starch,corn starch|cornstarch,chutney|ketchup|masala|oil|paste|pickle|powder|sauce|syrup,staple; never wiped by produce counts
Shunyam & Ishan - latest,Shunyam & Ishan - latest,117,Frozen peas (unpeeled),Grains & pantry,g,peas,chickpea|chickpeas|chole|garbanzo|green peas|kabuli chana|matar|peas|white chana,chutney|dried|ketchup|masala|oil|paste|pickle|powder|protein|sauce|syrup|wasabi,staple; never wiped by produce counts
Shunyam & Ishan - latest,Shunyam & Ishan - latest,118,Almond & cashew mix,Grains & pantry,g,almond cashew mix,almond cashew mix|almondcashewmix,chutney|ketchup|masala|oil|paste|pickle|powder|sauce|syrup,staple; never wiped by produce counts
Shunyam & Ishan - latest,Shunyam & Ishan - latest,119,Seed mixture,Grains & pantry,g,seed mixture,seed mixture|seedmixture,chutney|ketchup|masala|oil|paste|pickle|powder|sauce|syrup,staple; never wiped by produce counts
Shunyam & Ishan - latest,Shunyam & Ishan - latest,120,Mustard oil,Grains & pantry,ml,mustard oil,mustard oil|mustardoil,essential,staple; never wiped by produce counts
Shunyam & Ishan - latest,Shunyam & Ishan - latest,122,Paprika powder,Spice,pack,paprika powder,paprika powder|paprikapowder,,staple; never wiped by produce counts
Shunyam & Ishan - latest,Shunyam & Ishan - latest,123,Peri peri sauce,Condiment,ml,peri peri sauce,peri peri sauce|periperisauce,,staple; never wiped by produce counts
Shunyam & Ishan - latest,Shunyam & Ishan - latest,124,Smoked paprika,Spice,g,smoked paprika,smoked paprika|smokedpaprika,chutney|ketchup|masala|oil|paste|pickle|powder|sauce|syrup,staple; never wiped by produce counts
Shunyam & Ishan - latest,Shunyam & Ishan - latest,125,Kasuri methi,Spice,g,kasuri methi,fenugreek|fenugreek leaves|kasuri methi|kasurimethi|methi|methi leaves,methi leaves|fresh methi|methi seeds|methi dana|fenugreek seeds,CONFUSABLE FAMILY (kasuri methi) — never match to the other forms of this ingredient
Shunyam & Ishan - latest,Shunyam & Ishan - latest,126,Peanuts,Nuts,g,peanuts,peanuts,chutney|ketchup|masala|oil|paste|pickle|powder|sauce|syrup,
Shunyam & Ishan - latest,Shunyam & Ishan - latest,127,Wheat pasta,Pantry,g,wheat pasta,wheat pasta|wheatpasta,chutney|ketchup|masala|oil|paste|pickle|powder|sauce|syrup,staple; never wiped by produce counts
Shunyam & Ishan - latest,Shunyam & Ishan - latest,128,Multi millet noodles,Pantry,g,multi millet noodles,multi millet noodles|multimilletnoodles,chutney|ketchup|masala|oil|paste|pickle|powder|sauce|syrup,staple; never wiped by produce counts
Shunyam & Ishan - latest,Shunyam & Ishan - latest,129,Dosa batter,Pantry,g,dosa batter,dosa batter|dosabatter,chutney|ketchup|masala|oil|paste|pickle|powder|sauce|syrup,staple; never wiped by produce counts
Shunyam & Ishan - latest,Shunyam & Ishan - latest,130,Sambar masala powder,Spice,g,sambar masala powder,sambar masala powder|sambarmasalapowder,,staple; never wiped by produce counts
Shunyam & Ishan - latest,Shunyam & Ishan - latest,131,Chicken breast (boneless),Protein,g,chicken breast,chicken breast|chickenbreast,chutney|cube|essence|ketchup|knorr|masala|oil|paste|pickle|powder|sauce|seasoning|stock|syrup,perishable
Shunyam & Ishan - latest,Shunyam & Ishan - latest,132,Onion,Vegetable,g,onion,onion,chutney|flakes|fried|ketchup|masala|oil|paste|petal|pickle|powder|sauce|spring|syrup,perishable; MoH fresh<5; pool MoH<10
Shunyam & Ishan - latest,Shunyam & Ishan - latest,133,Tomato,Vegetable,g,tomato,tomato,cherry|chutney|hybrid|ketchup|masala|oil|pasta|paste|pickle|powder|puree|sauce|soup|sun|syrup,perishable; MoH fresh<5; pool MoH<10
Shunyam & Ishan - latest,Shunyam & Ishan - latest,134,Capsicum (pool: green/red/yellow),Vegetable,g,capsicum,bell pepper|capsicum|shimla mirch,chutney|ketchup|masala|oil|paste|pickle|powder|sauce|syrup,perishable; MoH fresh<5; ALL colours = ONE pool; dashboard single row; MoH<10
Shunyam & Ishan - latest,Shunyam & Ishan - latest,135,Bhindi (okra),FnV,g,bhindi,bhindi|ladies finger|okra,chutney|ketchup|masala|oil|paste|pickle|powder|sauce|syrup,
Shunyam & Ishan - latest,Shunyam & Ishan - latest,136,Mint,Vegetable,g,mint,mint|mint leaves|pudina,chutney|chutney (bottled)|ketchup|masala|oil|paste|pickle|powder|sauce|syrup|tea,perishable; MoH fresh<5
Shunyam & Ishan - latest,Shunyam & Ishan - latest,137,Lemon,FnV,pc,lemon,lemon|lemons|lime|nimbu,chutney|curd (lemon)|grass|ketchup|lemonade|masala|oil|paste|pickle|powder|sauce|soda|syrup|tea,
Shunyam & Ishan - latest,Shunyam & Ishan - latest,138,Potato,Vegetable,g,potato,potato,chutney|ketchup|masala|oil|paste|pickle|powder|sauce|syrup,perishable; MoH fresh<5; pool MoH<10
Shunyam & Ishan - latest,Shunyam & Ishan - latest,139,Watermelon,Fruit,g,watermelon,watermelon,chutney|ketchup|masala|oil|paste|pickle|powder|sauce|syrup,perishable; MoH fresh<5
Shunyam & Ishan - latest,Shunyam & Ishan - latest,140,Broccoli,FnV,pc,broccoli,broccoli,chutney|ketchup|masala|oil|paste|pickle|powder|sauce|syrup,
Shunyam & Ishan - latest,Shunyam & Ishan - latest,141,Baby potato,FnV,g,baby potato,baby potato|babypotato,chutney|ketchup|masala|oil|paste|pickle|powder|sauce|syrup,pool MoH<10
Shunyam & Ishan - latest,Shunyam & Ishan - latest,142,Yellaki banana,Fruit,g,yellaki banana,yellaki banana|yellakibanana,chips|chutney|flour|ketchup|masala|oil|paste|pickle|powder|sauce|syrup,perishable; MoH fresh<5
Shunyam & Ishan - latest,Shunyam & Ishan - latest,143,Feta cheese (Delecta),Dairy,g,feta cheese,feta cheese|fetacheese,ball|chutney|ketchup|masala|oil|paste|pickle|powder|sauce|slice (sep)|syrup,perishable
Shunyam & Ishan - latest,Shunyam & Ishan - latest,144,Saffron,Spice,packet,saffron,saffron,chutney|ketchup|masala|oil|paste|pickle|powder|sauce|syrup,staple; never wiped by produce counts
Shunyam & Ishan - latest,Shunyam & Ishan - latest,145,Cinnamon,Spice,g,cinnamon,cinnamon,chutney|ketchup|masala|oil|paste|pickle|powder|sauce|syrup,staple; never wiped by produce counts
Shunyam & Ishan - latest,Shunyam & Ishan - latest,146,Vermicelli,Grains & pantry,g,vermicelli,semiya|seviyan|vermicelli,chutney|ketchup|masala|oil|paste|pickle|powder|sauce|syrup,staple; never wiped by produce counts
Shunyam & Ishan - latest,Shunyam & Ishan - latest,147,Basmati rice,Grains & pantry,g,basmati rice,basmati rice|basmatirice,bran|chutney|flakes|flour|ketchup|masala|noodle|oil|paper|paste|pickle|poha|powder|puffed|sauce|syrup|vinegar|wine,staple; never wiped by produce counts
Shunyam & Ishan - latest,Shunyam & Ishan - latest,148,Cow milk (Akshayakalpa),Dairy,ml,cow milk,cow milk|cowmilk,almond|butter|chocolate|chutney|coconut|condensed|ketchup|masala|milkmaid|oat|oil|paste|pickle|powder|sauce|skyr|soy|syrup,perishable
Shunyam & Ishan - latest,Shunyam & Ishan - latest,149,Red bell pepper,FnV,g,red bell pepper,bell pepper|capsicum|red bell pepper|redbellpepper|shimla mirch,chutney|ketchup|masala|oil|paste|pickle|powder|sauce|syrup,
Shunyam & Ishan - latest,Shunyam & Ishan - latest,150,Beans (French),FnV,g,beans,beans,black bean sauce|chutney|coffee|ketchup|masala|moong|oil|paste|pickle|powder|rajma|sauce|syrup|vanilla,
Shunyam & Ishan - latest,Shunyam & Ishan - latest,151,Coriander,Vegetable,g,coriander,cilantro|coriander|coriander leaves|dhania,chutney|ketchup|masala|oil|paste|pickle|powder|sauce|seed|syrup,perishable; MoH fresh<5; pool MoH<10
Shunyam & Ishan - latest,Shunyam & Ishan - latest,152,Brinjal,FnV,g,brinjal,aubergine|baingan|brinjal|eggplant,chutney|ketchup|masala|oil|paste|pickle|powder|sauce|syrup,
Shunyam & Ishan - latest,Shunyam & Ishan - latest,153,Ginger,Vegetable,g,ginger,ginger,blossom|candy|chutney|garlic|ketchup|masala|oil|paste|pickle|powder|sauce|syrup|tea,perishable; MoH fresh<5
Shunyam & Ishan - latest,Shunyam & Ishan - latest,154,Chicken breast — FreshToHome (merged into Chicken breast (boneless)),Protein,g,chicken breast,,chutney|ketchup|masala|oil|paste|pickle|powder|sauce|syrup,"DO NOT USE — merged/dead row, never deduct"
Shunyam & Ishan - latest,Shunyam & Ishan - latest,155,Fresh methi,FnV,g,methi,fenugreek|fenugreek leaves|methi|methi leaves,kasuri|kasoori|seeds|dana|powder|dried,CONFUSABLE FAMILY (methi leaves) — never match to the other forms of this ingredient
Shunyam & Ishan - latest,Shunyam & Ishan - latest,156,Red capsicum,FnV,pc,red capsicum,bell pepper|capsicum|red capsicum|redcapsicum|shimla mirch,chutney|ketchup|masala|oil|paste|pickle|powder|sauce|syrup,ALL colours = ONE pool; dashboard single row; MoH<10
Shunyam & Ishan - latest,Shunyam & Ishan - latest,157,Yellow capsicum,FnV,pc,yellow capsicum,bell pepper|capsicum|shimla mirch|yellow capsicum|yellowcapsicum,chutney|ketchup|masala|oil|paste|pickle|powder|sauce|syrup,ALL colours = ONE pool; dashboard single row; MoH<10
Shunyam & Ishan - latest,Shunyam & Ishan - latest,158,Spring onion,FnV,g,spring onion,spring onion|springonion,chutney|flakes|fried|ketchup|masala|oil|paste|petal|pickle|powder|sauce|syrup,pool MoH<10
Shunyam & Ishan - latest,Shunyam & Ishan - latest,159,Lady's finger (okra),FnV,g,lady s finger,lady s finger|ladysfinger,chutney|ketchup|masala|oil|paste|pickle|powder|sauce|syrup,
Shunyam & Ishan - latest,Shunyam & Ishan - latest,160,Protein Chef high-protein bread,Bakery,packet,protein chef high protein bread,protein chef high protein bread|proteinchefhighproteinbread,chutney|ketchup|masala|oil|paste|pickle|powder|sauce|syrup,perishable
Shunyam & Ishan - latest,Shunyam & Ishan - latest,161,Green kiwi,Fruit,pc,green kiwi,green kiwi|greenkiwi,chutney|ketchup|masala|oil|paste|pickle|powder|sauce|syrup,perishable; MoH fresh<5
Shunyam & Ishan - latest,Shunyam & Ishan - latest,162,Fresh cream,Dairy,ml,cream,cream,chutney|ketchup|masala|oil|paste|pickle|powder|sauce|syrup,perishable
Shunyam & Ishan - latest,Shunyam & Ishan - latest,163,Spinach (palak),Vegetable,bunch,spinach,palak|spinach,chutney|ketchup|masala|oil|paste|pickle|powder|sauce|syrup,perishable; MoH fresh<5
Shunyam & Ishan - latest,Shunyam & Ishan - latest,164,Sweet corn (peeled),Vegetable,g,sweet corn,corn kernels|sweet corn|sweetcorn,chutney|ketchup|masala|oil|paste|pickle|powder|sauce|syrup,perishable; MoH fresh<5
Shunyam & Ishan - latest,Shunyam & Ishan - latest,165,Ridge gourd,Vegetable,g,ridge gourd,ridge gourd|ridgegourd,chutney|ketchup|masala|oil|paste|pickle|powder|sauce|syrup,perishable; MoH fresh<5
Shunyam & Ishan - latest,Shunyam & Ishan - latest,166,White brinjal,Vegetable,g,white brinjal,aubergine|baingan|brinjal|eggplant|white brinjal|whitebrinjal,chutney|ketchup|masala|oil|paste|pickle|powder|sauce|syrup,perishable; MoH fresh<5
Shunyam & Ishan - latest,Shunyam & Ishan - latest,167,Haricot beans,Vegetable,g,haricot beans,haricot beans|haricotbeans,black bean sauce|chutney|coffee|ketchup|masala|moong|oil|paste|pickle|powder|rajma|sauce|syrup|vanilla,perishable; MoH fresh<5
Shunyam & Ishan - latest,Shunyam & Ishan - latest,168,Zucchini,Vegetable,g,zucchini,zucchini,chutney|ketchup|masala|oil|paste|pickle|powder|sauce|syrup,perishable; MoH fresh<5
Shunyam & Ishan - latest,Shunyam & Ishan - latest,169,Honey (Last Forest wild),Staple,bottle,honey,honey,chutney|ketchup|masala|oil|paste|pickle|powder|sauce|syrup,staple; never wiped by produce counts
Shunyam & Ishan - latest,Shunyam & Ishan - latest,170,Vaal dal,Staple,g,vaal dal,vaal dal|vaaldal,chutney|ketchup|masala|oil|paste|pickle|powder|sauce|syrup,staple; never wiped by produce counts
Shunyam & Ishan - latest,Shunyam & Ishan - latest,171,Spinach,Vegetable,g,spinach,palak|spinach,chutney|ketchup|masala|oil|paste|pickle|powder|sauce|syrup,perishable; MoH fresh<5
Shunyam & Ishan - latest,Shunyam & Ishan - latest,172,Bottle gourd,Vegetable,g,bottle gourd,bottle gourd|bottlegourd|dudhi|ghiya|lauki,chutney|ketchup|masala|oil|paste|pickle|powder|sauce|syrup,perishable; MoH fresh<5
Shunyam & Ishan - latest,Shunyam & Ishan - latest,173,Amul cheese,Dairy,block,cheese,cheese,ball|chutney|ketchup|masala|oil|paste|pickle|powder|sauce|slice (sep)|syrup,perishable
Shunyam & Ishan - latest,Shunyam & Ishan - latest,174,Rava,Grains & pantry,g,rava,rava|semolina|sooji|suji,chutney|ketchup|masala|oil|paste|pickle|powder|sauce|syrup,staple; never wiped by produce counts
Shunyam & Ishan - latest,Shunyam & Ishan - latest,175,Toor dal,Dals,g,toor dal,toor dal|toordal,chutney|ketchup|masala|oil|paste|pickle|powder|sauce|syrup,staple; never wiped by produce counts
Shunyam & Ishan - latest,Shunyam & Ishan - latest,176,Curry leaves (pack 2),FnV,g,curry leaves,curry leaves|curryleaves,chutney|ketchup|masala|oil|paste|pickle|powder|sauce|syrup,
Shunyam & Ishan - latest,Shunyam & Ishan - latest,177,Red matta rice,Grains & pantry,g,red matta rice,aata|atta|chakki atta|red matta rice|redmattarice|wheat aata|wheat flour|whole wheat atta|whole wheat flour,bajra|besan|bran|chutney|flakes|flour|jowar|ketchup|maida|masala|noodle|oil|paper|paste|patta|pickle|poha|powder|puffed|ragi|sauce|syrup|tej patta|vinegar|wine,staple; never wiped by produce counts
Shunyam & Ishan - latest,Shunyam & Ishan - latest,178,Wheat atta,Grains & pantry,g,wheat atta,aata|atta|chakki atta|wheat aata|wheat atta|wheat flour|wheatatta|whole wheat atta|whole wheat flour,bajra|besan|chutney|jowar|ketchup|maida|masala|noodle|oil|paste|patta|pickle|powder|ragi|sauce|syrup|tej patta,staple; never wiped by produce counts
Shunyam & Ishan - latest,Shunyam & Ishan - latest,179,Stone wheat atta,Grains & pantry,g,stone wheat atta,aata|atta|chakki atta|stone wheat atta|stonewheatatta|wheat aata|wheat flour|whole wheat atta|whole wheat flour,bajra|besan|chutney|jowar|ketchup|maida|masala|noodle|oil|paste|patta|pickle|powder|ragi|sauce|syrup|tej patta,staple; never wiped by produce counts
Shunyam & Ishan - latest,Shunyam & Ishan - latest,180,Quaker oats,Grains & pantry,g,quaker oats,quaker oats|quakeroats,chutney|ketchup|masala|oil|paste|pickle|powder|sauce|syrup,staple; never wiped by produce counts
Shunyam & Ishan - latest,Shunyam & Ishan - latest,181,Goat Life oats,Grains & pantry,packet,goat life oats,goat life oats|goatlifeoats,chutney|ketchup|masala|oil|paste|pickle|powder|sauce|syrup,staple; never wiped by produce counts
Shunyam & Ishan - latest,Shunyam & Ishan - latest,182,Jaggery powder,Grains & pantry,g,jaggery powder,gud|gur|jaggery|jaggery powder|jaggerypowder,,staple; never wiped by produce counts
Shunyam & Ishan - latest,Shunyam & Ishan - latest,183,Hot chocolate powder,Beverage,g,hot chocolate powder,hot chocolate powder|hotchocolatepowder,fresh|raw,
Shunyam & Ishan - latest,Shunyam & Ishan - latest,184,Jeera (open),Spice,g,jeera,cumin|jeera,chutney|ketchup|masala|oil|paste|pickle|powder|sauce|syrup,staple; never wiped by produce counts
Shunyam & Ishan - latest,Shunyam & Ishan - latest,185,Hing,Spice,g,hing,asafoetida|hing,chutney|ketchup|masala|oil|paste|pickle|powder|sauce|syrup,staple; never wiped by produce counts
Shunyam & Ishan - latest,Shunyam & Ishan - latest,186,Tea powder (pack 2),Beverage,g,tea powder,tea powder|teapowder,fresh|raw,
Shunyam & Ishan - latest,Shunyam & Ishan - latest,187,Pistachios,Nuts,g,pistachios,pistachios,chutney|ketchup|masala|oil|paste|pickle|powder|sauce|syrup,
Shunyam & Ishan - latest,Shunyam & Ishan - latest,188,English cucumber,FnV,pc,english cucumber,cucumber|english cucumber|englishcucumber|kheera,chutney|ketchup|masala|oil|paste|pickle|powder|sauce|syrup,types pooled
Shunyam & Ishan - latest,Shunyam & Ishan - latest,189,Everbest Kori Mint masala,Spice,box,everbest kori mint masala,everbest kori mint masala|everbestkorimintmasala|mint|mint leaves|pudina,chutney (bottled)|tea,staple; never wiped by produce counts
Shunyam & Ishan - latest,Shunyam & Ishan - latest,190,Everest Kitchen King masala,Spice,box,kitchen king masala,kitchen king masala|kitchenkingmasala,,staple; never wiped by produce counts
Shunyam & Ishan - latest,Shunyam & Ishan - latest,191,Black pepper grinder,Spice,pc,black pepper grinder,black pepper grinder|blackpeppergrinder,chutney|ketchup|masala|oil|paste|pickle|powder|sauce|syrup,staple; never wiped by produce counts
Shunyam & Ishan - latest,Shunyam & Ishan - latest,192,Piri piri sauce,Condiment,bottle,piri piri sauce,piri piri sauce|piripirisauce,,staple; never wiped by produce counts
Shunyam & Ishan - latest,Shunyam & Ishan - latest,193,Turmeric whole,Spice,g,turmeric whole,haldi|turmeric|turmeric whole|turmericwhole,chutney|ketchup|masala|oil|paste|pickle|powder|sauce|syrup,staple; never wiped by produce counts
Shunyam & Ishan - latest,Shunyam & Ishan - latest,194,Provilac cacao,Grains & pantry,g,provilac cacao,provilac cacao|provilaccacao,chutney|ketchup|masala|oil|paste|pickle|powder|sauce|syrup,staple; never wiped by produce counts
Shunyam & Ishan - latest,Shunyam & Ishan - latest,195,Milky Mist Greek Yogurt,Dairy,g,greek yogurt,curd|dahi|greek yogurt|greekyogurt|jaggery|yoghurt|yogurt,chutney|curd (plain)|ketchup|masala|oil|paste|pickle|powder|sauce|syrup,perishable [28-Aug: removed cross-item aliases that are a known fuzzy trap]
Shunyam & Ishan - latest,Shunyam & Ishan - latest,196,Button mushroom,Vegetable,g,button mushroom,button mushroom|buttonmushroom|mushroom,chutney|ketchup|masala|oil|paste|pickle|powder|sauce|soup|syrup,perishable; MoH fresh<5
Shunyam & Ishan - latest,Shunyam & Ishan - latest,197,Tricolour capsicum,Vegetable,g,tricolour capsicum,bell pepper|capsicum|shimla mirch|tricolour capsicum|tricolourcapsicum,chutney|ketchup|masala|oil|paste|pickle|powder|sauce|syrup,perishable; MoH fresh<5; ALL colours = ONE pool; dashboard single row; MoH<10
Shunyam & Ishan - latest,Shunyam & Ishan - latest,198,Broccoli,Vegetable,g,broccoli,broccoli,chutney|ketchup|masala|oil|paste|pickle|powder|sauce|syrup,perishable; MoH fresh<5
Shunyam & Ishan - latest,Shunyam & Ishan - latest,199,Green zucchini,Vegetable,pc,green zucchini,green zucchini|greenzucchini,chutney|ketchup|masala|oil|paste|pickle|powder|sauce|syrup,perishable; MoH fresh<5
Shunyam & Ishan - latest,Shunyam & Ishan - latest,200,Green cucumber,Vegetable,g,green cucumber,cucumber|english cucumber|green cucumber|greencucumber|kheera,chutney|ketchup|masala|oil|paste|pickle|powder|sauce|syrup,perishable; MoH fresh<5; types pooled
Shunyam & Ishan - latest,Shunyam & Ishan - latest,201,Orange carrot,Vegetable,g,orange carrot,orange carrot|orangecarrot,chutney|ketchup|masala|oil|paste|pickle|powder|sauce|syrup,perishable; MoH fresh<5
Shunyam & Ishan - latest,Shunyam & Ishan - latest,202,Hybrid tomato,Vegetable,g,hybrid tomato,hybrid tomato|hybridtomato,cherry|chutney|ketchup|masala|oil|pasta|paste|pickle|powder|puree|sauce|soup|sun|syrup,perishable; MoH fresh<5; pool MoH<10
Shunyam & Ishan - latest,Shunyam & Ishan - latest,203,Akshayakalpa probiotic curd,Dairy,g,probiotic curd,curd|dahi|probiotic curd|probioticcurd|yoghurt|yogurt,chutney|greek|gur|jaggery|ketchup|masala|oil|paste|pickle|powder|sauce|syrup,perishable
Shunyam & Ishan - latest,Shunyam & Ishan - latest,204,Health On Plants tofu,Dairy,g,health on plants tofu,health on plants tofu|healthonplantstofu,chutney|ketchup|masala|oil|paneer|paste|pickle|powder|sauce|syrup,perishable
Shunyam & Ishan - latest,Shunyam & Ishan - latest,205,Eggoz white eggs,Dairy,pc,eggoz white eggs,eggoz white eggs|eggozwhiteeggs,chutney|eggplant|ketchup|less|masala|noodle|oil|paste|pickle|powder|sauce|syrup|white (sep),perishable
Shunyam & Ishan - latest,Shunyam & Ishan - latest,206,Licious chicken breast,Meat,g,chicken breast,chicken breast|chickenbreast,chutney|cube|essence|ketchup|knorr|masala|oil|paste|pickle|powder|sauce|seasoning|stock|syrup,perishable
Shunyam & Ishan - latest,Shunyam & Ishan - latest,207,Ching's white chilli vinegar,Staple,ml,white chilli vinegar,asafoetida|chilli|chilly|mirch|mirchi|white chilli vinegar|whitechillivinegar,chutney|crisp|flakes|ketchup|masala|oil|paste|pickle|powder|sauce|syrup,staple; never wiped by produce counts
Shunyam & Ishan - latest,Shunyam & Ishan - latest,208,Ching's red chilli sauce,Staple,ml,red chilli sauce,chilli|chilly|mirch|mirchi|red chilli sauce|redchillisauce,crisp|flakes|oil|paste|powder|vinegar,staple; never wiped by produce counts
Shunyam & Ishan - latest,Shunyam & Ishan - latest,209,Chicken keema,Meat,g,chicken keema,chicken keema|chickenkeema,chutney|cube|essence|ketchup|knorr|masala|oil|paste|pickle|powder|sauce|seasoning|stock|syrup,perishable
Shunyam & Ishan - latest,Shunyam & Ishan - latest,210,Quaker Rolled High Protein Instant Oats,Staple,g,quaker rolled high protein instant oats,quaker rolled high protein instant oats|quakerrolledhighproteininstantoats,chutney|ketchup|masala|oil|paste|pickle|powder|sauce|syrup,staple; never wiped by produce counts
Shunyam & Ishan - latest,Shunyam & Ishan - latest,211,Akshayakalpa Organic High Protein Paneer,Meat,g,high protein paneer,high protein paneer|highproteinpaneer,chutney|ketchup|masala|oil|paste|pickle|powder|sauce|syrup|tofu,perishable
Shunyam & Ishan - latest,Shunyam & Ishan - latest,212,Iceberg lettuce,Vegetable,pc,iceberg lettuce,iceberg lettuce|iceberglettuce,chutney|ketchup|masala|oil|paste|pickle|powder|sauce|syrup,perishable; MoH fresh<5
Shunyam & Ishan - latest,Shunyam & Ishan - latest,213,Milky Mist Skyr,Dairy,pc,skyr,milky mist skyr|skyr,chutney|ketchup|masala|oil|paste|pickle|powder|sauce|syrup,perishable
Shunyam & Ishan - latest,Shunyam & Ishan - latest,214,Ooty beetroot,Vegetable,g,ooty beetroot,ooty beetroot|ootybeetroot,chutney|ketchup|masala|oil|paste|pickle|powder|sauce|syrup,perishable; MoH fresh<5
Shunyam & Ishan - latest,Shunyam & Ishan - latest,215,Onion,Vegetable,pc,onion,onion,chutney|flakes|fried|ketchup|masala|oil|paste|petal|pickle|powder|sauce|spring|syrup,perishable; MoH fresh<5; pool MoH<10
Shunyam & Ishan - latest,Shunyam & Ishan - latest,216,MTR Kashmiri Chilli,Staple,g,kashmiri chilli,chilli|chilly|kashmiri chilli|kashmirichilli|mirch|mirchi,chutney|crisp|flakes|ketchup|masala|oil|paste|pickle|powder|sauce|syrup|vinegar,staple; never wiped by produce counts
Shunyam & Ishan - latest,Shunyam & Ishan - latest,217,Everest Kashmiri red chilli powder,Staple,g,kashmiri red chilli powder,chilli|chilly|kashmiri red chilli powder|kashmiriredchillipowder|mirch|mirchi,crisp|flakes|oil|paste|sauce|vinegar,staple; never wiped by produce counts
Shunyam & Ishan - latest,Shunyam & Ishan - latest,218,Milkmaid condensed milk,Dairy,packet,condensed milk,condensed milk|condensedmilk,almond|butter|chocolate|chutney|coconut|ketchup|masala|oat|oil|paste|pickle|powder|sauce|skyr|soy|syrup,perishable
Shunyam & Ishan - latest,Shunyam & Ishan - latest,219,Amul Masti chaach,Dairy,ml,masti chaach,masti chaach|mastichaach,chutney|ketchup|masala|oil|paste|pickle|powder|sauce|syrup,perishable
Shunyam & Ishan - latest,Shunyam & Ishan - latest,220,Moire butter,Dairy,g,moire butter,moire butter|moirebutter,almond|chutney|cocoa|fruit|ketchup|masala|milk|oil|paste|peanut|pickle|powder|sauce|scotch|syrup,perishable
Shunyam & Ishan - latest,Shunyam & Ishan - latest,221,Papaya,Fruit,pc,papaya,papaya,chutney|ketchup|masala|oil|paste|pickle|powder|sauce|syrup,perishable; MoH fresh<5
Shunyam & Ishan - latest,Shunyam & Ishan - latest,222,Apple,Fruit,pc,apple,apple,chutney|cider|custard|green apple|ketchup|masala|oil|paste|pickle|pine|powder|sauce|syrup|vinegar,perishable; MoH fresh<5
Shunyam & Ishan - latest,Shunyam & Ishan - latest,223,Blueberry (frozen),Fruit,g,blueberry,blueberry|imported blueberry,chutney|ketchup|masala|oil|paste|pickle|powder|sauce|syrup,perishable; MoH fresh<5
Shunyam & Ishan - latest,Shunyam & Ishan - latest,224,Rajma masala powder,,g,rajma masala powder,rajma masala powder|rajmamasalapowder,,
Shunyam & Ishan - latest,Shunyam & Ishan - latest,225,Chole masala powder,,g,chole masala powder,chickpea|chickpeas|chole|chole masala powder|cholemasalapowder|garbanzo|kabuli chana|white chana,,
Shunyam & Ishan - latest,Shunyam & Ishan - latest,226,Frozen green peas (Safal),,g,green peas,green peas|greenpeas|matar|peas,chutney|dried|ketchup|masala|oil|paste|pickle|powder|protein|sauce|syrup|wasabi,
Soozy & Munz,Soozy & Munz,5,Cabbage,Vegetable,g,cabbage,cabbage,chutney|ketchup|masala|oil|paste|pickle|powder|sauce|syrup,perishable; MoH fresh<5
Soozy & Munz,Soozy & Munz,6,Carrot,Vegetable,g,carrot,carrot,chutney|ketchup|masala|oil|paste|pickle|powder|sauce|syrup,perishable; MoH fresh<5
Soozy & Munz,Soozy & Munz,7,Coriander (dhania),Vegetable,g,coriander,cilantro|coriander|coriander leaves|dhania,chutney|ketchup|masala|oil|paste|pickle|powder|sauce|seed|syrup,perishable; MoH fresh<5; pool MoH<10
Soozy & Munz,Soozy & Munz,8,Cucumber,Vegetable,g,cucumber,cucumber|english cucumber|kheera,chutney|ketchup|masala|oil|paste|pickle|powder|sauce|syrup,perishable; MoH fresh<5; types pooled
Soozy & Munz,Soozy & Munz,9,Green beans,Vegetable,g,green beans,green beans|greenbeans,black bean sauce|chutney|coffee|ketchup|masala|moong|oil|paste|pickle|powder|rajma|sauce|syrup|vanilla,perishable; MoH fresh<5
Soozy & Munz,Soozy & Munz,10,Capsicum (pooled green/red/yellow),Vegetable,g,capsicum,bell pepper|capsicum|shimla mirch,chutney|ketchup|masala|oil|paste|pickle|powder|sauce|syrup,perishable; MoH fresh<5; ALL colours = ONE pool; dashboard single row; MoH<10
Soozy & Munz,Soozy & Munz,11,Lettuce,Vegetable,g,lettuce,lettuce,chutney|ketchup|masala|oil|paste|pickle|powder|sauce|syrup,perishable; MoH fresh<5
Soozy & Munz,Soozy & Munz,12,Red Label tea,Beverage,g,red label tea,red label tea|redlabeltea,chutney|fresh|ketchup|masala|oil|paste|pickle|powder|raw|sauce|syrup,
Soozy & Munz,Soozy & Munz,13,Caramel syrup (Carmine zero),Condiment,ml,caramel syrup,caramel syrup|caramelsyrup,fresh|raw,staple; never wiped by produce counts
Soozy & Munz,Soozy & Munz,14,Honey (Apis multifloral),Condiment,g,honey,honey,chutney|ketchup|masala|oil|paste|pickle|powder|sauce|syrup,staple; never wiped by produce counts
Soozy & Munz,Soozy & Munz,15,Jalapeno peppers (Cornitos),Condiment,g,jalapeno peppers,jalapeno peppers|jalapenopeppers,chutney|ketchup|masala|oil|paste|pickle|powder|sauce|syrup,staple; never wiped by produce counts
Soozy & Munz,Soozy & Munz,16,Ghee (Akshayakalpa),Dairy,g,ghee,ghee,chutney|ketchup|masala|oil|paste|pickle|powder|sauce|syrup,perishable; always-keep; not part of produce counts
Soozy & Munz,Soozy & Munz,17,Greek yogurt (Milky Mist),Dairy,g,greek yogurt,curd|dahi|greek yogurt|greekyogurt|jaggery|yoghurt|yogurt,chutney|curd (plain)|ketchup|masala|oil|paste|pickle|powder|sauce|syrup,perishable; daily −4 pots on cook days (h2) [28-Aug: removed cross-item aliases that are a known fuzzy trap]
Soozy & Munz,Soozy & Munz,18,Milk,Dairy,ml,milk,milk|milky mist skyr|skyr,almond|butter|chocolate|chutney|coconut|condensed|ketchup|masala|milkmaid|oat|oil|paste|pickle|powder|sauce|skyr|soy|syrup,perishable; daily −700ml cadence (h2)
Soozy & Munz,Soozy & Munz,19,Kala chana,Dals,g,kala chana,black chana|brown chana|desi chana|kala chana|kalachana,chutney|ketchup|masala|oil|paste|pickle|powder|sauce|syrup,staple; never wiped by produce counts
Soozy & Munz,Soozy & Munz,20,Rajma,Dals,g,rajma,rajma,chutney|ketchup|masala|oil|paste|pickle|powder|sauce|syrup,staple; never wiped by produce counts
Soozy & Munz,Soozy & Munz,21,Eggs,Meat,pc,eggs,eggs,chutney|eggplant|ketchup|less|masala|noodle|oil|paste|pickle|powder|sauce|syrup|white (sep),perishable
Soozy & Munz,Soozy & Munz,22,Blueberries,Fruit,g,blueberries,blueberries,chutney|ketchup|masala|oil|paste|pickle|powder|sauce|syrup,perishable; MoH fresh<5
Soozy & Munz,Soozy & Munz,23,Dates,Fruit,g,dates,dates,chutney|ketchup|masala|oil|paste|pickle|powder|sauce|syrup,perishable; MoH fresh<5
Soozy & Munz,Soozy & Munz,24,Aashirvaad atta,Grains,g,atta,aata|atta|bay leaf|chakki atta|wheat aata|wheat flour|whole wheat atta|whole wheat flour,bajra|besan|chutney|jowar|ketchup|maida|masala|noodle|oil|paste|patta|pickle|powder|ragi|sauce|syrup|tej patta,staple; never wiped by produce counts [28-Aug: removed cross-item aliases that are a known fuzzy trap]
Soozy & Munz,Soozy & Munz,25,Brown rice (jar),Grains,g,brown rice,brown rice|brownrice,bran|chutney|flakes|flour|ketchup|masala|noodle|oil|paper|paste|pickle|poha|powder|puffed|sauce|syrup|vinegar|wine,staple; never wiped by produce counts
Soozy & Munz,Soozy & Munz,26,Maida (Bhagyalakshmi),Grains,g,maida,all purpose flour|maida|refined flour,chutney|ketchup|masala|oil|paste|pickle|powder|sauce|syrup,staple; never wiped by produce counts
Soozy & Munz,Soozy & Munz,27,Poha (Tata Sampann),Grains,pack,poha,beaten rice|flattened rice|poha,chutney|ketchup|masala|oil|paste|pickle|powder|sauce|syrup,staple; never wiped by produce counts
Soozy & Munz,Soozy & Munz,28,Sooji/rava (Aashirvaad),Grains,packet,sooji rava,rava|semolina|sooji|sooji rava|soojirava|suji,chutney|ketchup|masala|oil|paste|pickle|powder|sauce|syrup,staple; never wiped by produce counts
Soozy & Munz,Soozy & Munz,29,Whey protein,Grains & pantry,g,whey protein,whey protein|wheyprotein,chutney|ketchup|masala|oil|paste|pickle|powder|sauce|syrup,staple; never wiped by produce counts
Soozy & Munz,Soozy & Munz,30,Light olive oil (Del Monte),Oil,ml,light olive oil,light olive oil|lightoliveoil,essential,staple; never wiped by produce counts
Soozy & Munz,Soozy & Munz,31,Peanut butter (Whole Truth),Pantry,g,peanut butter,peanut butter|peanutbutter,almond|chutney|cocoa|fruit|ketchup|masala|milk|oil|paste|pickle|powder|sauce|scotch|syrup,staple; never wiped by produce counts
Soozy & Munz,Soozy & Munz,32,Sausages,Protein,g,sausages,sausages,chutney|ketchup|masala|oil|paste|pickle|powder|sauce|syrup,perishable
Soozy & Munz,Soozy & Munz,33,Dhaniya / haldi / spice jars,Spice,pc,dhaniya haldi spice jars,dhaniya haldi spice jars|dhaniyahaldispicejars|haldi|turmeric,chutney|ketchup|masala|oil|paste|pickle|powder|sauce|syrup,staple; never wiped by produce counts
Soozy & Munz,Soozy & Munz,34,Laal mirchi / haldi / rasam / meat / chicken masala,Spice,pc,laal mirchi haldi rasam meat chicken masala,chilli|chilly|haldi|laal mirchi haldi rasam meat chicken masala|laalmirchihaldirasammeatchickenmasala|mirch|mirchi|turmeric,cube|essence|knorr|seasoning|stock,staple; never wiped by produce counts
Soozy & Munz,Soozy & Munz,35,Pepper grinder + cloves + elaichi + fennel,Spice,pc,pepper grinder cloves elaichi fennel,cardamom|clove|elaichi|green cardamom|laung|pepper grinder cloves elaichi fennel|peppergrindercloveselaichifennel,fennel|saunf|elaichi|cardamom|clove|laung|pepper|kali mirch,COMBINED row (pepper grinder + cloves + elaichi) — never match a single-spice request to it; create or use the dedicated spice row
Soozy & Munz,Soozy & Munz,36,Salt,Spice,g,salt,salt,chutney|ketchup|masala|oil|paste|pickle|powder|sauce|syrup,staple; never wiped by produce counts
Soozy & Munz,Soozy & Munz,37,Sambar powder (Aachi),Spice,packet,sambar powder,sambar powder|sambarpowder,,staple; never wiped by produce counts
Soozy & Munz,Soozy & Munz,38,Bhindi (okra),Vegetable,g,bhindi,bhindi|ladies finger|okra,chutney|ketchup|masala|oil|paste|pickle|powder|sauce|syrup,perishable; MoH fresh<5
Soozy & Munz,Soozy & Munz,43,Olive oil (Del Monte XL),Oil,ml,olive oil,olive oil|oliveoil,essential,staple; never wiped by produce counts
Soozy & Munz,Soozy & Munz,44,Rice (sonamasuri),Grains,packet,rice,flattened rice|poha|rice,bran|chutney|flakes|flour|ketchup|masala|noodle|oil|paper|paste|pickle|poha|powder|puffed|sauce|syrup|vinegar|wine,staple; never wiped by produce counts
Soozy & Munz,Soozy & Munz,45,Olive oil,Oil,bottle,olive oil,olive oil|oliveoil,essential,staple; never wiped by produce counts
Soozy & Munz,Soozy & Munz,46,Cow ghee,Oil,bottle,cow ghee,cow ghee|cowghee,chutney|ketchup|masala|oil|paste|pickle|powder|sauce|syrup,staple; never wiped by produce counts; always-keep; not part of produce counts
Soozy & Munz,Soozy & Munz,47,Coriander seeds,Spice,g,coriander seeds,cilantro|coriander|coriander leaves|coriander seeds|corianderseeds|dhania,powder|leaves|fresh|pisa,CONFUSABLE FAMILY (coriander seeds) — never match to the other forms of this ingredient
Soozy & Munz,Soozy & Munz,48,Dhaniya powder,Spice,g,dhaniya powder,coriander powder|dhania powder|dhaniya powder|dhaniyapowder,seeds|leaves|fresh|whole|sabut,CONFUSABLE FAMILY (coriander powder) — never match to the other forms of this ingredient
Soozy & Munz,Soozy & Munz,49,Turmeric powder,Spice,g,turmeric powder,haldi|turmeric|turmeric powder|turmericpowder,,staple; never wiped by produce counts
Soozy & Munz,Soozy & Munz,50,Tej patta,Spice,g,tej patta,bay leaf|bay leaves|chakki atta|tej patta|tejpatta|wheat aata|wheat flour|whole wheat atta|whole wheat flour,bajra|besan|chutney|jowar|ketchup|maida|masala|noodle|oil|paste|pickle|powder|ragi|sauce|syrup,staple; never wiped by produce counts [28-Aug: removed cross-item aliases that are a known fuzzy trap]
Soozy & Munz,Soozy & Munz,51,Cloves,Spice,g,cloves,clove|cloves|laung,chutney|ketchup|masala|oil|paste|pickle|powder|sauce|syrup,staple; never wiped by produce counts
Soozy & Munz,Soozy & Munz,52,Rasam powder,Spice,g,rasam powder,rasam powder|rasampowder,,staple; never wiped by produce counts
Soozy & Munz,Soozy & Munz,53,Meat masala,Spice,g,meat masala,meat masala|meatmasala,,staple; never wiped by produce counts
Soozy & Munz,Soozy & Munz,54,Elaichi,Spice,pc,elaichi,cardamom|elaichi|green cardamom,chutney|ketchup|masala|oil|paste|pickle|powder|sauce|syrup,staple; never wiped by produce counts
Soozy & Munz,Soozy & Munz,55,Haldi,Spice,g,haldi,haldi|turmeric,chutney|ketchup|masala|oil|paste|pickle|powder|sauce|syrup,staple; never wiped by produce counts
Soozy & Munz,Soozy & Munz,56,Biryani rice,Grains & pantry,g,biryani rice,biryani rice|biryanirice,bran|chutney|flakes|flour|ketchup|masala|noodle|oil|paper|paste|pickle|poha|powder|puffed|sauce|syrup|vinegar|wine,staple; never wiped by produce counts
Soozy & Munz,Soozy & Munz,57,Chilli flakes,Spice,g,chilli flakes,chilli|chilli flakes|chilliflakes|chilly|mirch|mirchi,chutney|crisp|ketchup|masala|oil|paste|pickle|powder|sauce|syrup|vinegar,staple; never wiped by produce counts
Soozy & Munz,Soozy & Munz,58,Oregano,Spice,g,oregano,oregano,chutney|ketchup|masala|oil|paste|pickle|powder|sauce|syrup,staple; never wiped by produce counts
Soozy & Munz,Soozy & Munz,59,Sugar free cookies,Snacks & misc,pack,sugar free cookies,sugar free cookies|sugarfreecookies,brown|chutney|icing|ketchup|masala|oil|paste|pickle|powder|powdered|sauce|syrup,
Soozy & Munz,Soozy & Munz,60,Digestive biscuits,Snacks & misc,packet,digestive biscuits,digestive biscuits|digestivebiscuits,chutney|ketchup|masala|oil|paste|pickle|powder|sauce|syrup,
Soozy & Munz,Soozy & Munz,61,Chicken masala,Spice,g,chicken masala,chicken masala|chickenmasala,cube|essence|knorr|seasoning|stock,staple; never wiped by produce counts
Soozy & Munz,Soozy & Munz,62,Basil,Herb,g,basil,basil,chutney|ketchup|masala|oil|paste|pickle|powder|sauce|syrup,perishable; MoH fresh<5
Soozy & Munz,Soozy & Munz,63,Beetroot,Vegetable,g,beetroot,beetroot,chutney|ketchup|masala|oil|paste|pickle|powder|sauce|syrup,perishable; MoH fresh<5
Soozy & Munz,Soozy & Munz,64,Brinjal,Vegetable,g,brinjal,aubergine|baingan|brinjal|eggplant,chutney|ketchup|masala|oil|paste|pickle|powder|sauce|syrup,perishable; MoH fresh<5
Soozy & Munz,Soozy & Munz,65,Broccoli,Vegetable,g,broccoli,broccoli,chutney|ketchup|masala|oil|paste|pickle|powder|sauce|syrup,perishable; MoH fresh<5
Soozy & Munz,Soozy & Munz,66,Curry leaves,Vegetable,g,curry leaves,curry leaves|curryleaves,chutney|ketchup|masala|oil|paste|pickle|powder|sauce|syrup,perishable; MoH fresh<5
Soozy & Munz,Soozy & Munz,67,Dill,Vegetable,g,dill,dill,chutney|ketchup|masala|oil|paste|pickle|powder|sauce|syrup,perishable; MoH fresh<5
Soozy & Munz,Soozy & Munz,68,Garlic,Vegetable,g,garlic,garlic|garlic peeled|peeled garlic,black garlic|bread|caper|chutney|ketchup|masala|mayo|miso|oil|paste|pickle|powder|salt|sauce|syrup,perishable; MoH fresh<5
Soozy & Munz,Soozy & Munz,69,Ginger,Vegetable,g,ginger,ginger,blossom|candy|chutney|garlic|ketchup|masala|oil|paste|pickle|powder|sauce|syrup|tea,perishable; MoH fresh<5
Soozy & Munz,Soozy & Munz,70,Green chilli,Vegetable,g,green chilli,chilli|chilly|green chilli|greenchilli|mirch|mirchi,chutney|crisp|flakes|ketchup|masala|oil|paste|pickle|powder|sauce|syrup|vinegar,perishable; MoH fresh<5
Soozy & Munz,Soozy & Munz,71,Lemon,Vegetable,g,lemon,lemon|lemons|lime|nimbu,chutney|curd (lemon)|grass|ketchup|lemonade|masala|oil|paste|pickle|powder|sauce|soda|syrup|tea,perishable; MoH fresh<5
Soozy & Munz,Soozy & Munz,72,Mint,Herb,g,mint,mint|mint leaves|pudina,chutney|chutney (bottled)|ketchup|masala|oil|paste|pickle|powder|sauce|syrup|tea,perishable; MoH fresh<5
Soozy & Munz,Soozy & Munz,73,Onion,Vegetable,g,onion,onion,chutney|flakes|fried|ketchup|masala|oil|paste|petal|pickle|powder|sauce|spring|syrup,perishable; MoH fresh<5; pool MoH<10
Soozy & Munz,Soozy & Munz,74,Pumpkin,Vegetable,g,pumpkin,pumpkin,chutney|ketchup|masala|oil|paste|pickle|powder|sauce|syrup,perishable; MoH fresh<5
Soozy & Munz,Soozy & Munz,75,Spring onion,Vegetable,g,spring onion,spring onion|springonion,chutney|flakes|fried|ketchup|masala|oil|paste|petal|pickle|powder|sauce|syrup,perishable; MoH fresh<5; pool MoH<10
Soozy & Munz,Soozy & Munz,76,Sweet corn,Vegetable,g,sweet corn,corn kernels|sweet corn|sweetcorn,chutney|ketchup|masala|oil|paste|pickle|powder|sauce|syrup,perishable; MoH fresh<5
Soozy & Munz,Soozy & Munz,77,Tomato,Vegetable,pc,tomato,tomato,cherry|chutney|hybrid|ketchup|masala|oil|pasta|paste|pickle|powder|puree|sauce|soup|sun|syrup,perishable; MoH fresh<5; pool MoH<10
Soozy & Munz,Soozy & Munz,78,3 Roses tea,Beverage,box,3 roses tea,3 roses tea|3rosestea,chutney|fresh|ketchup|masala|oil|paste|pickle|powder|raw|sauce|syrup,
Soozy & Munz,Soozy & Munz,79,Alphonso mango juice (Raw Pressery),Beverage,ml,alphonso mango juice,alphonso mango juice|alphonsomangojuice,chutney|fresh|ketchup|masala|oil|paste|pickle|powder|raw|sauce|syrup,
Soozy & Munz,Soozy & Munz,80,Blue Tokai coffee (Attikan),Beverage,g,coffee,,chutney|fresh|ketchup|masala|oil|paste|pickle|powder|raw|sauce|syrup, [28-Aug: produce aliases stripped — a packaged drink must never stand in for fresh produce]
Soozy & Munz,Soozy & Munz,81,Blue Tokai coffee (choco-nutty),Beverage,g,coffee,,chutney|fresh|ketchup|masala|oil|paste|pickle|powder|raw|sauce|syrup, [28-Aug: produce aliases stripped — a packaged drink must never stand in for fresh produce]
Soozy & Munz,Soozy & Munz,82,Coconut water (Coco Fresh),Beverage,pc,coconut water,coconut water|coconutwater,aminos|chutney|ketchup|masala|milk powder|oil|paste|pickle|powder|sauce|sugar|syrup|vinegar,
Soozy & Munz,Soozy & Munz,83,Ground coffee,Beverage,pc,ground coffee,ground coffee|groundcoffee,chutney|fresh|ketchup|masala|oil|paste|pickle|powder|raw|sauce|syrup,
Soozy & Munz,Soozy & Munz,84,Hot chocolate powder,Beverage,g,hot chocolate powder,hot chocolate powder|hotchocolatepowder,fresh|raw,
Soozy & Munz,Soozy & Munz,85,Tang orange,Beverage,g,tang orange,tang orange|tangorange,chutney|ketchup|masala|oil|paste|pickle|powder|sauce|syrup,
Soozy & Munz,Soozy & Munz,86,Aka miso (Urban Platter),Condiment,g,aka miso,aka miso|akamiso,chutney|ketchup|masala|oil|paste|pickle|powder|sauce|syrup,staple; never wiped by produce counts
Soozy & Munz,Soozy & Munz,87,American mustard (Veeba),Condiment,g,american mustard,american mustard|americanmustard,chutney|ketchup|masala|oil|paste|pickle|powder|sauce|syrup,staple; never wiped by produce counts
Soozy & Munz,Soozy & Munz,88,Apricot jam (Darbo),Condiment,g,apricot jam,apricot jam|apricotjam,chutney|ketchup|masala|oil|paste|pickle|powder|sauce|syrup,staple; never wiped by produce counts
Soozy & Munz,Soozy & Munz,89,Dark soy sauce,Condiment,ml,dark soy sauce,dark soy sauce|darksoysauce,,staple; never wiped by produce counts
Soozy & Munz,Soozy & Munz,90,Fish sauce (Real Thai),Meat & fish,ml,fish sauce,fish sauce|fishsauce,,perishable
Soozy & Munz,Soozy & Munz,91,Garlic paste,Vegetable,pack,garlic paste,garlic|garlic paste|garlic peeled|garlicpaste|peeled garlic,black garlic|bread|caper|chutney|mayo|miso|oil|pickle|powder|salt,perishable; MoH fresh<5
Soozy & Munz,Soozy & Munz,92,Garlic paste (Mothers Recipe),Vegetable,g,garlic paste,garlic|garlic paste|garlic peeled|garlicpaste|peeled garlic,black garlic|bread|caper|chutney|mayo|miso|oil|pickle|powder|salt,perishable; MoH fresh<5
Soozy & Munz,Soozy & Munz,93,Ginger paste,Vegetable,pc,ginger paste,ginger paste|gingerpaste,blossom|candy|garlic|powder|tea,perishable; MoH fresh<5
Soozy & Munz,Soozy & Munz,94,Ginger paste (Dabur),Vegetable,g,ginger paste,ginger paste|gingerpaste,blossom|candy|garlic|powder|tea,perishable; MoH fresh<5
Soozy & Munz,Soozy & Munz,95,Lemon & dates achaar (Ruchi),Condiment,pc,lemon dates achaar,lemon|lemon dates achaar|lemondatesachaar|lemons|lime|nimbu,curd (lemon)|grass|lemonade|pickle|soda|tea,staple; never wiped by produce counts
Soozy & Munz,Soozy & Munz,96,Oyster sauce,Condiment,pc,oyster sauce,oyster sauce|oystersauce,,staple; never wiped by produce counts
Soozy & Munz,Soozy & Munz,97,Oyster sauce (Pantai),Condiment,ml,oyster sauce,oyster sauce|oystersauce,,staple; never wiped by produce counts
Soozy & Munz,Soozy & Munz,98,Smokey BBQ sauce (Veeba),Condiment,ml,smokey bbq sauce,smokey bbq sauce|smokeybbqsauce,,staple; never wiped by produce counts
Soozy & Munz,Soozy & Munz,99,Spicy gherkins (Neo),Condiment,bottle,spicy gherkins,spicy gherkins|spicygherkins,chutney|ketchup|masala|oil|paste|pickle|powder|sauce|syrup,staple; never wiped by produce counts
Soozy & Munz,Soozy & Munz,100,Tamarind concentrate,Condiment,g,tamarind concentrate,tamarind concentrate|tamarindconcentrate,chutney|ketchup|masala|oil|paste|pickle|powder|sauce|syrup,staple; never wiped by produce counts
Soozy & Munz,Soozy & Munz,101,Tomato ketchup (Delmonte),Condiment,g,tomato ketchup,tomato ketchup|tomatoketchup,cherry|hybrid|pasta|paste|puree|soup|sun,staple; never wiped by produce counts; pool MoH<10
Soozy & Munz,Soozy & Munz,102,Vanilla extract,Condiment,g,vanilla extract,vanilla extract|vanillaextract,chutney|ketchup|masala|oil|paste|pickle|powder|sauce|syrup,staple; never wiped by produce counts
Soozy & Munz,Soozy & Munz,103,Zero-fat BBQ (Veeba),Condiment,pc,zero fat bbq,zero fat bbq|zerofatbbq,chutney|ketchup|masala|oil|paste|pickle|powder|sauce|syrup,staple; never wiped by produce counts
Soozy & Munz,Soozy & Munz,104,Cooked chickpeas,Condiment,pc,cooked chickpeas,chickpea|chickpeas|chole|cooked chickpeas|cookedchickpeas|garbanzo|green peas|kabuli chana|matar|peas|white chana,chutney|dried|ketchup|masala|oil|paste|pickle|powder|protein|sauce|syrup|wasabi,staple; never wiped by produce counts
Soozy & Munz,Soozy & Munz,105,Cow milk (fresh),Dairy,ml,cow milk,cow milk|cowmilk,almond|butter|chocolate|chutney|coconut|condensed|ketchup|masala|milkmaid|oat|oil|paste|pickle|powder|sauce|skyr|soy|syrup,perishable; daily −700ml cadence (h2)
Soozy & Munz,Soozy & Munz,106,Greek yogurt (Akshayakalpa plain),Dairy,g,greek yogurt,curd|dahi|greek yogurt|greekyogurt|jaggery|yoghurt|yogurt,chutney|curd (plain)|ketchup|masala|oil|paste|pickle|powder|sauce|syrup,perishable; daily −4 pots on cook days (h2) [28-Aug: removed cross-item aliases that are a known fuzzy trap]
Soozy & Munz,Soozy & Munz,107,Greek yogurt + set curd (Akshayakalpa),Dairy,g,greek yogurt set curd,curd|dahi|greek yogurt set curd|greekyogurtsetcurd|jaggery|yoghurt|yogurt,chutney|curd (plain)|jaggery|ketchup|masala|oil|paste|pickle|powder|sauce|syrup,perishable; daily −4 pots on cook days (h2) [28-Aug: removed cross-item aliases that are a known fuzzy trap]
Soozy & Munz,Soozy & Munz,108,Greek yogurt / curd,Dairy,g,greek yogurt curd,curd|dahi|greek yogurt curd|greekyogurtcurd|jaggery|yoghurt|yogurt,chutney|curd (plain)|jaggery|ketchup|masala|oil|paste|pickle|powder|sauce|syrup,perishable; daily −4 pots on cook days (h2) [28-Aug: removed cross-item aliases that are a known fuzzy trap]
Soozy & Munz,Soozy & Munz,109,Paneer,Meat,g,paneer,paneer,chutney|ketchup|masala|oil|paste|pickle|powder|sauce|syrup|tofu,perishable
Soozy & Munz,Soozy & Munz,110,Probiotic curd (Turmerica),Dairy,pc,probiotic curd,curd|dahi|probiotic curd|probioticcurd|yoghurt|yogurt,chutney|greek|gur|jaggery|ketchup|masala|oil|paste|pickle|powder|sauce|syrup,perishable
Soozy & Munz,Soozy & Munz,111,Set curd (Akshayakalpa),Dairy,pc,set curd,curd|dahi|set curd|setcurd|yoghurt|yogurt,chutney|greek|gur|jaggery|ketchup|masala|oil|paste|pickle|powder|sauce|syrup,perishable
Soozy & Munz,Soozy & Munz,112,Spiced buttermilk (Amul Masti),Dairy,pc,spiced buttermilk,spiced buttermilk|spicedbuttermilk,almond|chocolate|chutney|cocoa|coconut|condensed|fruit|ketchup|masala|milkmaid|oat|oil|paste|peanut|pickle|powder|sauce|scotch|skyr|soy|syrup,perishable; daily −700ml cadence (h2)
Soozy & Munz,Soozy & Munz,113,Table butter (Milky Mist),Dairy,pack,table butter,table butter|tablebutter,almond|chutney|cocoa|fruit|ketchup|masala|oil|paste|peanut|pickle|powder|sauce|scotch|syrup,perishable
Soozy & Munz,Soozy & Munz,114,Toor dal (Tata Sampann),Dals,g,toor dal,toor dal|toordal,chutney|ketchup|masala|oil|paste|pickle|powder|sauce|syrup,staple; never wiped by produce counts
Soozy & Munz,Soozy & Munz,115,Atta (Aashirvaad multigrain),Grains & pantry,g,atta,aata|atta|bay leaf|chakki atta|wheat aata|wheat flour|whole wheat atta|whole wheat flour,bajra|besan|chutney|jowar|ketchup|maida|masala|noodle|oil|paste|patta|pickle|powder|ragi|sauce|syrup|tej patta,staple; never wiped by produce counts [28-Aug: removed cross-item aliases that are a known fuzzy trap]
Soozy & Munz,Soozy & Munz,116,Ash gourd,Vegetable,g,ash gourd,ash gourd|ashgourd,chutney|ketchup|masala|oil|paste|pickle|powder|sauce|syrup,perishable; MoH fresh<5
Soozy & Munz,Soozy & Munz,117,Baby corn,Vegetable,g,baby corn,baby corn|babycorn,chutney|ketchup|masala|oil|paste|pickle|powder|sauce|syrup,perishable; MoH fresh<5
Soozy & Munz,Soozy & Munz,118,Banana,Fruit,g,banana,banana,chips|chutney|flour|ketchup|masala|oil|paste|pickle|powder|sauce|syrup,perishable; MoH fresh<5
Soozy & Munz,Soozy & Munz,119,Bottle gourd,Vegetable,g,bottle gourd,bottle gourd|bottlegourd|dudhi|ghiya|lauki,chutney|ketchup|masala|oil|paste|pickle|powder|sauce|syrup,perishable; MoH fresh<5
Soozy & Munz,Soozy & Munz,120,Button mushroom,Vegetable,g,button mushroom,button mushroom|buttonmushroom|mushroom,chutney|ketchup|masala|oil|paste|pickle|powder|sauce|soup|syrup,perishable; MoH fresh<5
Soozy & Munz,Soozy & Munz,121,Cauliflower,Vegetable,g,cauliflower,cauliflower|gobhi|gobi|phool gobhi,chutney|ketchup|masala|oil|paste|pickle|powder|sauce|syrup,perishable; MoH fresh<5
Soozy & Munz,Soozy & Munz,122,Dried cranberry,Fruit,g,dried cranberry,dried cranberry|driedcranberry,chutney|ketchup|masala|oil|paste|pickle|powder|sauce|syrup,perishable; MoH fresh<5
Soozy & Munz,Soozy & Munz,123,Drumstick (cut),Vegetable,g,drumstick,drumstick,chutney|ketchup|masala|oil|paste|pickle|powder|sauce|syrup,perishable; MoH fresh<5
Soozy & Munz,Soozy & Munz,124,Drumstick (pods),Vegetable,g,drumstick,drumstick,chutney|ketchup|masala|oil|paste|pickle|powder|sauce|syrup,perishable; MoH fresh<5
Soozy & Munz,Soozy & Munz,125,Dry coconut,Vegetable,pc,dry coconut,dry coconut|drycoconut,aminos|chutney|ketchup|masala|milk powder|oil|paste|pickle|powder|sauce|sugar|syrup|vinegar|water,perishable; MoH fresh<5
Soozy & Munz,Soozy & Munz,126,Lady's finger,Vegetable,g,lady s finger,lady s finger|ladysfinger,chutney|ketchup|masala|oil|paste|pickle|powder|sauce|syrup,perishable; MoH fresh<5
Soozy & Munz,Soozy & Munz,127,Methi (fenugreek),Spice,g,methi,fenugreek|fenugreek leaves|methi|methi leaves,chutney|ketchup|masala|oil|paste|pickle|powder|sauce|syrup,staple; never wiped by produce counts
Soozy & Munz,Soozy & Munz,128,Papaya,Fruit,g,papaya,papaya,chutney|ketchup|masala|oil|paste|pickle|powder|sauce|syrup,perishable; MoH fresh<5
Soozy & Munz,Soozy & Munz,129,Parwal,Vegetable,g,parwal,parwal,chutney|ketchup|masala|oil|paste|pickle|powder|sauce|syrup,perishable; MoH fresh<5
Soozy & Munz,Soozy & Munz,130,Potato,Vegetable,g,potato,potato,chutney|ketchup|masala|oil|paste|pickle|powder|sauce|syrup,perishable; MoH fresh<5; pool MoH<10
Soozy & Munz,Soozy & Munz,131,Red cabbage,Vegetable,g,red cabbage,red cabbage|redcabbage,chutney|ketchup|masala|oil|paste|pickle|powder|sauce|syrup,perishable; MoH fresh<5
Soozy & Munz,Soozy & Munz,132,Red capsicum,Vegetable,g,red capsicum,bell pepper|capsicum|red capsicum|redcapsicum|shimla mirch,chutney|ketchup|masala|oil|paste|pickle|powder|sauce|syrup,perishable; MoH fresh<5; ALL colours = ONE pool; dashboard single row; MoH<10
Soozy & Munz,Soozy & Munz,133,Romanesco,Vegetable,g,romanesco,romanesco,chutney|ketchup|masala|oil|paste|pickle|powder|sauce|syrup,perishable; MoH fresh<5
Soozy & Munz,Soozy & Munz,134,Spinach/Palak,Vegetable,g,spinach palak,palak|spinach|spinach palak|spinachpalak,chutney|ketchup|masala|oil|paste|pickle|powder|sauce|syrup,perishable; MoH fresh<5
Soozy & Munz,Soozy & Munz,135,Tender coconut (chopped),Fruit,g,tender coconut,tender coconut|tendercoconut,aminos|chutney|ketchup|masala|milk powder|oil|paste|pickle|powder|sauce|sugar|syrup|vinegar|water,perishable; MoH fresh<5
Soozy & Munz,Soozy & Munz,136,Watermelon (cut),Fruit,g,watermelon,watermelon,chutney|ketchup|masala|oil|paste|pickle|powder|sauce|syrup,perishable; MoH fresh<5
Soozy & Munz,Soozy & Munz,137,Yellow capsicum,Vegetable,pc,yellow capsicum,bell pepper|capsicum|shimla mirch|yellow capsicum|yellowcapsicum,chutney|ketchup|masala|oil|paste|pickle|powder|sauce|syrup,perishable; MoH fresh<5; ALL colours = ONE pool; dashboard single row; MoH<10
Soozy & Munz,Soozy & Munz,138,Zucchini,Vegetable,pc,zucchini,zucchini,chutney|ketchup|masala|oil|paste|pickle|powder|sauce|syrup,perishable; MoH fresh<5
Soozy & Munz,Soozy & Munz,139,Idli/dosa batter (iD),Grains & pantry,g,idli dosa batter,idli dosa batter|idlidosabatter,chutney|ketchup|masala|oil|paste|pickle|powder|sauce|syrup,staple; never wiped by produce counts
Soozy & Munz,Soozy & Munz,140,Apple / pomegranate,Fruit,pc,apple pomegranate,apple pomegranate|applepomegranate,chutney|cider|custard|green apple|ketchup|masala|oil|paste|pickle|pine|powder|sauce|syrup|vinegar,perishable; MoH fresh<5
Soozy & Munz,Soozy & Munz,141,Avocado,Fruit,whole,avocado,avocado,chutney|ketchup|masala|oil|paste|pickle|powder|sauce|syrup,perishable; MoH fresh<5
Soozy & Munz,Soozy & Munz,142,Brown coconut,Fruit,pc,brown coconut,brown coconut|browncoconut,aminos|chutney|ketchup|masala|milk powder|oil|paste|pickle|powder|sauce|sugar|syrup|vinegar|water,perishable; MoH fresh<5
Soozy & Munz,Soozy & Munz,143,Cherries,Fruit,g,cherries,cherries,chutney|ketchup|masala|oil|paste|pickle|powder|sauce|syrup,perishable; MoH fresh<5
Soozy & Munz,Soozy & Munz,144,Dragon fruit,Fruit,pc,dragon fruit,dragon fruit|dragonfruit,chutney|ketchup|masala|oil|paste|pickle|powder|sauce|syrup,perishable; MoH fresh<5
Soozy & Munz,Soozy & Munz,145,Grapes,Fruit,g,grapes,grapes,chutney|ketchup|masala|oil|paste|pickle|powder|sauce|syrup,perishable; MoH fresh<5
Soozy & Munz,Soozy & Munz,146,Green mango,Fruit,pc,green mango,green mango|greenmango,chutney|ketchup|masala|oil|paste|pickle|powder|sauce|syrup,perishable; MoH fresh<5
Soozy & Munz,Soozy & Munz,147,Guava / pear,Fruit,pc,guava pear,guava pear|guavapear,chutney|ketchup|masala|oil|paste|pickle|powder|sauce|syrup,perishable; MoH fresh<5
Soozy & Munz,Soozy & Munz,148,Jamun,Condiment,g,jamun,jamun,chutney|ketchup|masala|oil|paste|pickle|powder|sauce|syrup,staple; never wiped by produce counts
Soozy & Munz,Soozy & Munz,149,Oranges / pomegranate,Fruit,g,oranges pomegranate,oranges pomegranate|orangespomegranate,chutney|ketchup|masala|oil|paste|pickle|powder|sauce|syrup,perishable; MoH fresh<5
Soozy & Munz,Soozy & Munz,150,Pear (blue),Fruit,g,pear,pear,chutney|ketchup|masala|oil|paste|pickle|powder|sauce|syrup,perishable; MoH fresh<5
Soozy & Munz,Soozy & Munz,151,Aashirvaad atta (niacin),Grains & pantry,g,atta,aata|atta|bay leaf|chakki atta|wheat aata|wheat flour|whole wheat atta|whole wheat flour,bajra|besan|chutney|jowar|ketchup|maida|masala|noodle|oil|paste|patta|pickle|powder|ragi|sauce|syrup|tej patta,staple; never wiped by produce counts [28-Aug: removed cross-item aliases that are a known fuzzy trap]
Soozy & Munz,Soozy & Munz,152,Atta (Aashirvaad High Fibre Multigrains),Grains & pantry,g,atta,aata|atta|bay leaf|chakki atta|wheat aata|wheat flour|whole wheat atta|whole wheat flour,bajra|besan|chutney|jowar|ketchup|maida|masala|noodle|oil|paste|patta|pickle|powder|ragi|sauce|syrup|tej patta,staple; never wiped by produce counts [28-Aug: removed cross-item aliases that are a known fuzzy trap]
Soozy & Munz,Soozy & Munz,153,Brown rice (Organic Tattva sonamasuri),Grains & pantry,g,brown rice,brown rice|brownrice,bran|chutney|flakes|flour|ketchup|masala|noodle|oil|paper|paste|pickle|poha|powder|puffed|sauce|syrup|vinegar|wine,staple; never wiped by produce counts
Soozy & Munz,Soozy & Munz,154,Rice flour (24 Mantra),Grains & pantry,g,rice flour,rice flour|riceflour,bran|flakes|noodle|paper|poha|puffed|vinegar|wine,staple; never wiped by produce counts
Soozy & Munz,Soozy & Munz,155,Almonds,Nuts,g,almonds,almonds,butter|chutney|flour|ketchup|masala|milk|oil|paste|pickle|powder|sauce|syrup|wrap,
Soozy & Munz,Soozy & Munz,156,Atta (whole wheat),Grains & pantry,g,atta,aata|atta|bay leaf|chakki atta|wheat aata|wheat flour|whole wheat atta|whole wheat flour,bajra|besan|chutney|jowar|ketchup|maida|masala|noodle|oil|paste|patta|pickle|powder|ragi|sauce|syrup|tej patta,staple; never wiped by produce counts [28-Aug: removed cross-item aliases that are a known fuzzy trap]
Soozy & Munz,Soozy & Munz,157,Cashews,Nuts,g,cashews,cashews,chutney|ketchup|masala|oil|paste|pickle|powder|sauce|syrup,
Soozy & Munz,Soozy & Munz,158,Coconut milk,Dairy,ml,coconut milk,coconut milk|coconutmilk,almond|aminos|butter|chocolate|chutney|condensed|ketchup|masala|milk powder|milkmaid|oat|oil|paste|pickle|powder|sauce|skyr|soy|sugar|syrup|vinegar|water,perishable; daily −700ml cadence (h2)
Soozy & Munz,Soozy & Munz,159,Dosa/idli batter,Grains & pantry,g,dosa idli batter,dosa idli batter|dosaidlibatter,chutney|ketchup|masala|oil|paste|pickle|powder|sauce|syrup,staple; never wiped by produce counts
Soozy & Munz,Soozy & Munz,160,Grated coconut,Fruit,g,grated coconut,grated coconut|gratedcoconut,aminos|chutney|ketchup|masala|milk powder|oil|paste|pickle|powder|sauce|sugar|syrup|vinegar|water,perishable; MoH fresh<5
Soozy & Munz,Soozy & Munz,161,Jam (apricot),Condiment,g,jam,jam,chutney|ketchup|masala|oil|paste|pickle|powder|sauce|syrup,staple; never wiped by produce counts
Soozy & Munz,Soozy & Munz,162,Oats,Grains & pantry,g,oats,oats,chutney|ketchup|masala|oil|paste|pickle|powder|sauce|syrup,staple; never wiped by produce counts
Soozy & Munz,Soozy & Munz,163,Peanut butter,Dairy,g,peanut butter,peanut butter|peanutbutter,almond|chutney|cocoa|fruit|ketchup|masala|milk|oil|paste|pickle|powder|sauce|scotch|syrup,perishable
Soozy & Munz,Soozy & Munz,164,Sauces & spices,Condiment,mixed,sauces spices,sauces spices|saucesspices,,staple; never wiped by produce counts
Soozy & Munz,Soozy & Munz,165,"Basil (fresh, Italian)",Herb,g,basil,basil,chutney|ketchup|masala|oil|paste|pickle|powder|sauce|syrup,perishable; MoH fresh<5
Soozy & Munz,Soozy & Munz,166,Rosemary (fresh),Herb,g,rosemary,rosemary,chutney|ketchup|masala|oil|paste|pickle|powder|sauce|syrup,perishable; MoH fresh<5
Soozy & Munz,Soozy & Munz,167,Beet greens,Herb,bunch,beet greens,beet greens|beetgreens,chutney|ketchup|masala|oil|paste|pickle|powder|sauce|syrup,perishable; MoH fresh<5
Soozy & Munz,Soozy & Munz,168,Microgreens / seedlings,Herb,bag,microgreens seedlings,microgreens seedlings|microgreensseedlings,chutney|ketchup|masala|oil|paste|pickle|powder|sauce|syrup,perishable; MoH fresh<5
Soozy & Munz,Soozy & Munz,169,Parsley,Herb,bunch,parsley,parsley,chutney|ketchup|masala|oil|paste|pickle|powder|sauce|syrup,perishable; MoH fresh<5
Soozy & Munz,Soozy & Munz,170,Chicken breast (Licious),Meat,g,chicken breast,chicken breast|chickenbreast,chutney|cube|essence|ketchup|knorr|masala|oil|paste|pickle|powder|sauce|seasoning|stock|syrup,perishable
Soozy & Munz,Soozy & Munz,171,Chicken curry cut,Meat & fish,g,chicken curry cut,chicken curry cut|chickencurrycut,chutney|cube|essence|ketchup|knorr|masala|oil|paste|pickle|powder|sauce|seasoning|stock|syrup,perishable
Soozy & Munz,Soozy & Munz,172,Prawns (FreshToHome),Meat & fish,g,prawns,prawn|prawns|shrimp,chutney|ketchup|masala|oil|paste|pickle|powder|sauce|syrup,perishable; 350g/meal std (h2)
Soozy & Munz,Soozy & Munz,173,Raw poultry,Meat & fish,pack,raw poultry,raw poultry|rawpoultry,chutney|ketchup|masala|oil|paste|pickle|powder|sauce|syrup,perishable
Soozy & Munz,Soozy & Munz,174,Atta,Grains & pantry,g,atta,aata|atta|bay leaf|chakki atta|wheat aata|wheat flour|whole wheat atta|whole wheat flour,bajra|besan|chutney|jowar|ketchup|maida|masala|noodle|oil|paste|patta|pickle|powder|ragi|sauce|syrup|tej patta,staple; never wiped by produce counts [28-Aug: removed cross-item aliases that are a known fuzzy trap]
Soozy & Munz,Soozy & Munz,175,Coffee (Blue Tokai),Beverage,pc,coffee,,chutney|fresh|ketchup|masala|oil|paste|pickle|powder|raw|sauce|syrup, [28-Aug: produce aliases stripped — a packaged drink must never stand in for fresh produce]
Soozy & Munz,Soozy & Munz,176,Hummus (NOICE Lebanese),Condiment,g,hummus,hummus,chutney|ketchup|masala|oil|paste|pickle|powder|sauce|syrup,staple; never wiped by produce counts
Soozy & Munz,Soozy & Munz,177,Idli/dosa batter,Grains & pantry,g,idli dosa batter,idli dosa batter|idlidosabatter,chutney|ketchup|masala|oil|paste|pickle|powder|sauce|syrup,staple; never wiped by produce counts
Soozy & Munz,Soozy & Munz,178,Monk fruit sweetener (Metano),Condiment,pc,monk fruit sweetener,monk fruit sweetener|monkfruitsweetener,chutney|ketchup|masala|oil|paste|pickle|powder|sauce|syrup,staple; never wiped by produce counts
Soozy & Munz,Soozy & Munz,179,Peanuts,Nuts,g,peanuts,peanuts,chutney|ketchup|masala|oil|paste|pickle|powder|sauce|syrup,
Soozy & Munz,Soozy & Munz,180,Peanuts (for chutney),Nuts,g,peanuts,peanuts,chutney|ketchup|masala|oil|paste|pickle|powder|sauce|syrup,
Soozy & Munz,Soozy & Munz,181,Quinoa (True Elements),Grains & pantry,g,quinoa,quinoa,chutney|ketchup|masala|oil|paste|pickle|powder|sauce|syrup,staple; never wiped by produce counts
Soozy & Munz,Soozy & Munz,182,Ranch dressing (Veeba),Condiment,ml,ranch dressing,ranch dressing|ranchdressing,chutney|ketchup|masala|oil|paste|pickle|powder|sauce|syrup,staple; never wiped by produce counts
Soozy & Munz,Soozy & Munz,183,"Tamarind (seeded, Whole Farm)",Condiment,g,tamarind,tamarind,chutney|ketchup|masala|oil|paste|pickle|powder|sauce|syrup,staple; never wiped by produce counts
Soozy & Munz,Soozy & Munz,184,Yoga Bar muesli,Staple,g,yoga bar muesli,yoga bar muesli|yogabarmuesli,chutney|ketchup|masala|oil|paste|pickle|powder|sauce|syrup,staple; never wiped by produce counts
Soozy & Munz,Soozy & Munz,185,Hakka noodles (Master Chow),Grains & pantry,g,hakka noodles,hakka noodles|hakkanoodles,chutney|ketchup|masala|oil|paste|pickle|powder|sauce|syrup,staple; never wiped by produce counts
Soozy & Munz,Soozy & Munz,186,Sheba cat food (salmon),Pet,pack,sheba cat food,sheba cat food|shebacatfood,chutney|ketchup|masala|oil|paste|pickle|powder|sauce|syrup,
Soozy & Munz,Soozy & Munz,187,Peeled garlic (pack),Vegetable,g,garlic,garlic|garlic peeled|peeled garlic,black garlic|bread|caper|chutney|ketchup|masala|mayo|miso|oil|paste|pickle|powder|salt|sauce|syrup,perishable; MoH fresh<5
Soozy & Munz,Soozy & Munz,188,Chicken (open),Meat & fish,g,chicken,chicken,chutney|cube|essence|ketchup|knorr|masala|oil|paste|pickle|powder|sauce|seasoning|stock|syrup,perishable
Soozy & Munz,Soozy & Munz,189,Fish,Meat & fish,g,fish,fish,chutney|ketchup|masala|oil|paste|pickle|powder|sauce|syrup,perishable
Soozy & Munz,Soozy & Munz,190,Pork fat,Meat & fish,g,pork fat,pork fat|porkfat,chutney|ketchup|masala|oil|paste|pickle|powder|sauce|syrup,perishable
Soozy & Munz,Soozy & Munz,191,Prawns,Meat & fish,g,prawns,prawn|prawns|shrimp,chutney|ketchup|masala|oil|paste|pickle|powder|sauce|syrup,perishable; 350g/meal std (h2)
Soozy & Munz,Soozy & Munz,192,Drumstick,Vegetable,pc,drumstick,drumstick,chutney|ketchup|masala|oil|paste|pickle|powder|sauce|syrup,perishable; MoH fresh<5
Soozy & Munz,Soozy & Munz,193,Frozen green peas (Safal),Frozen,g,green peas,green peas|greenpeas|matar|peas,chutney|dried|ketchup|masala|oil|paste|pickle|powder|protein|sauce|syrup|wasabi,perishable
Soozy & Munz,Soozy & Munz,194,Vinegar,Condiment,ml,vinegar,vinegar,chutney|ketchup|masala|oil|paste|pickle|powder|sauce|syrup,staple; never wiped by produce counts
Soozy & Munz,Soozy & Munz,195,Skyr (Milky Mist),Dairy,pc,skyr,milky mist skyr|skyr,chutney|ketchup|masala|oil|paste|pickle|powder|sauce|syrup,perishable
Soozy & Munz,Soozy & Munz,196,French beans,Vegetable,g,french beans,french beans|frenchbeans,black bean sauce|chutney|coffee|ketchup|masala|moong|oil|paste|pickle|powder|rajma|sauce|syrup|vanilla,perishable; MoH fresh<5
Soozy & Munz,Soozy & Munz,197,Coconut chunks,Fruit,g,coconut chunks,coconut chunks|coconutchunks,aminos|chutney|ketchup|masala|milk powder|oil|paste|pickle|powder|sauce|sugar|syrup|vinegar|water,perishable; MoH fresh<5
Soozy & Munz,Soozy & Munz,198,Frozen rice,Grains & pantry,g,rice,flattened rice|poha|rice,bran|chutney|flakes|flour|ketchup|masala|noodle|oil|paper|paste|pickle|poha|powder|puffed|sauce|syrup|vinegar|wine,staple; never wiped by produce counts
Soozy & Munz,Soozy & Munz,199,Fresh coconut,Fruit,g,coconut,coconut,aminos|chutney|ketchup|masala|milk powder|oil|paste|pickle|powder|sauce|sugar|syrup|vinegar|water,perishable; MoH fresh<5
Soozy & Munz,Soozy & Munz,200,Romaine lettuce,Vegetable,g,romaine lettuce,romaine lettuce|romainelettuce,chutney|ketchup|masala|oil|paste|pickle|powder|sauce|syrup,perishable; MoH fresh<5
Soozy & Munz,Soozy & Munz,201,Coffee (ground),Beverage,g,coffee,,chutney|fresh|ketchup|masala|oil|paste|pickle|powder|raw|sauce|syrup, [28-Aug: produce aliases stripped — a packaged drink must never stand in for fresh produce]
Soozy & Munz,Soozy & Munz,202,Coffee (jar),Beverage,pc,coffee,,chutney|fresh|ketchup|masala|oil|paste|pickle|powder|raw|sauce|syrup, [28-Aug: produce aliases stripped — a packaged drink must never stand in for fresh produce]
Soozy & Munz,Soozy & Munz,203,Brown rice (sonamasuri),Grains & pantry,g,brown rice,brown rice|brownrice,bran|chutney|flakes|flour|ketchup|masala|noodle|oil|paper|paste|pickle|poha|powder|puffed|sauce|syrup|vinegar|wine,staple; never wiped by produce counts
Soozy & Munz,Soozy & Munz,204,Organic flour,Grains & pantry,g,flour,aata|atta|besan|chakki atta|flour|gram flour|maida|refined flour|wheat aata|wheat flour|whole wheat atta|whole wheat flour,,staple; never wiped by produce counts
Soozy & Munz,Soozy & Munz,205,Maida,Grains & pantry,packet,maida,all purpose flour|maida|refined flour,chutney|ketchup|masala|oil|paste|pickle|powder|sauce|syrup,staple; never wiped by produce counts
Soozy & Munz,Soozy & Munz,206,Quinoa,Grains & pantry,g,quinoa,quinoa,chutney|ketchup|masala|oil|paste|pickle|powder|sauce|syrup,staple; never wiped by produce counts
Soozy & Munz,Soozy & Munz,207,Rava/suji,Grains & pantry,pack,rava suji,rava|rava suji|ravasuji|semolina|sooji|suji,chutney|ketchup|masala|oil|paste|pickle|powder|sauce|syrup,staple; never wiped by produce counts
Soozy & Munz,Soozy & Munz,208,Poha,Grains & pantry,g,poha,beaten rice|flattened rice|poha,chutney|ketchup|masala|oil|paste|pickle|powder|sauce|syrup,staple; never wiped by produce counts
Soozy & Munz,Soozy & Munz,209,Rolled oats,Staple,g,rolled oats,rolled oats|rolledoats,chutney|ketchup|masala|oil|paste|pickle|powder|sauce|syrup,staple; never wiped by produce counts
Soozy & Munz,Soozy & Munz,210,Muesli,Grains & pantry,g,muesli,muesli,chutney|ketchup|masala|oil|paste|pickle|powder|sauce|syrup,staple; never wiped by produce counts
Soozy & Munz,Soozy & Munz,211,White moong dal,Dals,g,white moong dal,white moong dal|whitemoongdal,chutney|ketchup|masala|oil|paste|pickle|powder|sauce|syrup,staple; never wiped by produce counts
Soozy & Munz,Soozy & Munz,212,Green moong,Dals,g,green moong,green moong|greenmoong,chutney|ketchup|masala|oil|paste|pickle|powder|sauce|syrup,staple; never wiped by produce counts
Soozy & Munz,Soozy & Munz,213,Peanuts (Singh),Nuts,g,peanuts,peanuts,chutney|ketchup|masala|oil|paste|pickle|powder|sauce|syrup,
Soozy & Munz,Soozy & Munz,214,Flax seeds,Nuts,g,flax seeds,flax seeds|flaxseeds,,
Soozy & Munz,Soozy & Munz,215,Monk fruit sweetener,Condiment,g,monk fruit sweetener,monk fruit sweetener|monkfruitsweetener,chutney|ketchup|masala|oil|paste|pickle|powder|sauce|syrup,staple; never wiped by produce counts
Soozy & Munz,Soozy & Munz,216,Imli (tamarind),Condiment,pack,imli,imli|tamarind,chutney|ketchup|masala|oil|paste|pickle|powder|sauce|syrup,staple; never wiped by produce counts
Soozy & Munz,Soozy & Munz,217,Caramel syrup,Condiment,bottle,caramel syrup,caramel syrup|caramelsyrup,fresh|raw,staple; never wiped by produce counts
Soozy & Munz,Soozy & Munz,218,Hariyali dhaniya,Spice,g,hariyali dhaniya,hariyali dhaniya|hariyalidhaniya,chutney|ketchup|masala|oil|paste|pickle|powder|sauce|syrup,staple; never wiped by produce counts
Soozy & Munz,Soozy & Munz,219,Jaggery,Condiment,g,jaggery,gud|gur|jaggery,chutney|ketchup|masala|oil|paste|pickle|powder|sauce|syrup,staple; never wiped by produce counts
Soozy & Munz,Soozy & Munz,220,Sardine,Meat,g,sardine,sardine,chutney|ketchup|masala|oil|paste|pickle|powder|sauce|syrup,perishable
Soozy & Munz,Soozy & Munz,221,Rava idli mix (MTR),Grains & pantry,g,rava idli mix,rava|rava idli mix|ravaidlimix|semolina|sooji|suji,chutney|ketchup|masala|oil|paste|pickle|powder|sauce|syrup,staple; never wiped by produce counts
Soozy & Munz,Soozy & Munz,222,Probiotic Greek yogurt,Dairy,g,probiotic greek yogurt,curd|dahi|jaggery|probiotic greek yogurt|probioticgreekyogurt|yoghurt|yogurt,chutney|curd (plain)|ketchup|masala|oil|paste|pickle|powder|sauce|syrup,perishable; daily −4 pots on cook days (h2) [28-Aug: removed cross-item aliases that are a known fuzzy trap]
Soozy & Munz,Soozy & Munz,223,White sesame seeds (Whole Farm),Staple,g,white sesame seeds,sesame|til|white sesame seeds|whitesesameseeds,,staple; never wiped by produce counts
Soozy & Munz,Soozy & Munz,224,Fennel seeds,Spice,g,fennel seeds,fennel seeds|fennelseeds,,staple; never wiped by produce counts
Soozy & Munz,Soozy & Munz,225,Jeera,Spice,g,jeera,cumin|jeera,chutney|ketchup|masala|oil|paste|pickle|powder|sauce|syrup,staple; never wiped by produce counts
Soozy & Munz,Soozy & Munz,226,Black pepper (whole),Spice,g,black pepper,black pepper|blackpepper,chutney|ketchup|masala|oil|paste|pickle|powder|sauce|syrup,staple; never wiped by produce counts
Soozy & Munz,Soozy & Munz,227,Chana dal,Dals,g,chana dal,chana dal|chanadal,chutney|ketchup|masala|oil|paste|pickle|powder|sauce|syrup,staple; never wiped by produce counts
Soozy & Munz,Soozy & Munz,228,Coconut oil,Oil,bottle,coconut oil,coconut oil|coconutoil,aminos|essential|milk powder|sugar|vinegar|water,staple; never wiped by produce counts
Soozy & Munz,Soozy & Munz,229,Brown sugar,Condiment,g,brown sugar,brown sugar|brownsugar,chutney|free|icing|ketchup|masala|oil|paste|pickle|powder|powdered|sauce|syrup,staple; never wiped by produce counts
Soozy & Munz,Soozy & Munz,230,Walnuts,Nuts,g,walnuts,walnuts,chutney|ketchup|masala|oil|paste|pickle|powder|sauce|syrup,
Soozy & Munz,Soozy & Munz,231,Gulab jamun mix,Grains & pantry,packet,gulab jamun mix,gulab jamun mix|gulabjamunmix,chutney|ketchup|masala|oil|paste|pickle|powder|sauce|syrup,staple; never wiped by produce counts
Soozy & Munz,Soozy & Munz,232,Chia seeds,Nuts,g,chia seeds,chia seeds|chiaseeds,,
Soozy & Munz,Soozy & Munz,233,Thai green paste,Condiment,pack,thai green paste,thai green paste|thaigreenpaste,,staple; never wiped by produce counts
Soozy & Munz,Soozy & Munz,234,Chilli powder,Spice,g,chilli powder,chilli|chilli powder|chillipowder|chilly|mirch|mirchi,crisp|flakes|oil|paste|sauce|vinegar,staple; never wiped by produce counts
Soozy & Munz,Soozy & Munz,235,Sugar,Condiment,g,sugar,sugar,brown|chutney|free|icing|ketchup|masala|oil|paste|pickle|powder|powdered|sauce|syrup,staple; never wiped by produce counts
Soozy & Munz,Soozy & Munz,236,Maggi,Grains & pantry,pack,maggi,maggi,chutney|ketchup|masala|oil|paste|pickle|powder|sauce|syrup,staple; never wiped by produce counts
Soozy & Munz,Soozy & Munz,237,Raisins,Fruit,g,raisins,mustard seeds|rai|raisins|sarson,chutney|ketchup|masala|oil|paste|pickle|powder|sauce|syrup,perishable; MoH fresh<5
Soozy & Munz,Soozy & Munz,238,Nutri Choice crackers,Snacks & misc,g,nutri choice crackers,nutri choice crackers|nutrichoicecrackers,chutney|ketchup|masala|oil|paste|pickle|powder|sauce|syrup,
Soozy & Munz,Soozy & Munz,239,Yogurt,Dairy,tub,yogurt,curd|dahi|jaggery|yoghurt|yogurt,chutney|greek|ketchup|masala|oil|paste|pickle|powder|sauce|syrup,perishable [28-Aug: removed cross-item aliases that are a known fuzzy trap]
Soozy & Munz,Soozy & Munz,240,Boiled rice,Grains & pantry,g,boiled rice,boiled rice|boiledrice,bran|essential|flakes|flour|noodle|paper|poha|puffed|vinegar|wine,staple; never wiped by produce counts
Soozy & Munz,Soozy & Munz,241,Sona masoori rice,Grains & pantry,g,sona masoori rice,sona masoori rice|sonamasooririce,bran|chutney|flakes|flour|ketchup|masala|noodle|oil|paper|paste|pickle|poha|powder|puffed|sauce|syrup|vinegar|wine,staple; never wiped by produce counts
Soozy & Munz,Soozy & Munz,242,Indrayani rice,Grains & pantry,g,indrayani rice,indrayani rice|indrayanirice,bran|chutney|flakes|flour|ketchup|masala|noodle|oil|paper|paste|pickle|poha|powder|puffed|sauce|syrup|vinegar|wine,staple; never wiped by produce counts
Soozy & Munz,Soozy & Munz,243,Iceberg lettuce,Vegetable,g,iceberg lettuce,iceberg lettuce|iceberglettuce,chutney|ketchup|masala|oil|paste|pickle|powder|sauce|syrup,perishable; MoH fresh<5
Soozy & Munz,Soozy & Munz,244,Bok choy,Vegetable,g,bok choy,bok choy|bokchoy,chutney|ketchup|masala|oil|paste|pickle|powder|sauce|syrup,perishable; MoH fresh<5
Soozy & Munz,Soozy & Munz,245,Sun-dried tomatoes,Condiment,g,sun dried tomatoes,sun dried tomatoes|sundriedtomatoes,cherry|chutney|hybrid|ketchup|masala|oil|pasta|paste|pickle|powder|puree|sauce|soup|syrup,staple; never wiped by produce counts; pool MoH<10
Soozy & Munz,Soozy & Munz,246,Umami paste,Condiment,pack,umami paste,umami paste|umamipaste,,staple; never wiped by produce counts
Soozy & Munz,Soozy & Munz,247,Mustard sauce,Condiment,g,mustard sauce,mustard sauce|mustardsauce,,staple; never wiped by produce counts
Soozy & Munz,Soozy & Munz,248,Tabasco,Condiment,ml,tabasco,tabasco,chutney|ketchup|masala|oil|paste|pickle|powder|sauce|syrup,staple; never wiped by produce counts
Soozy & Munz,Soozy & Munz,249,Chilli oil,Condiment,bottle,chilli oil,chilli|chilli oil|chillioil|chilly|mirch|mirchi,crisp|essential|flakes|paste|powder|sauce|vinegar,staple; never wiped by produce counts
Soozy & Munz,Soozy & Munz,250,Red Bull energy drink,Beverage,pc,red bull energy drink,red bull energy drink|redbullenergydrink,chutney|fresh|ketchup|masala|oil|paste|pickle|powder|raw|sauce|syrup,
Soozy & Munz,Soozy & Munz,251,Troovy protein veggie chips,Snacks & misc,g,troovy protein veggie chips,troovy protein veggie chips|troovyproteinveggiechips,chutney|eggplant|ketchup|less|masala|noodle|oil|paste|pickle|powder|sauce|syrup|white (sep),
Soozy & Munz,Soozy & Munz,252,Origami toilet tissue,Non-food,roll,origami toilet tissue,origami toilet tissue|origamitoilettissue,essential,
Soozy & Munz,Soozy & Munz,253,Dosa batter,Dairy,g,dosa batter,dosa batter|dosabatter,chutney|ketchup|masala|oil|paste|pickle|powder|sauce|syrup,perishable
Soozy & Munz,Soozy & Munz,254,Broken cashew,Pantry,g,broken cashew,broken cashew|brokencashew,chutney|ketchup|masala|oil|paste|pickle|powder|sauce|syrup,staple; never wiped by produce counts
Soozy & Munz,Soozy & Munz,255,Bread,Bread & bakery,g,bread,bread,chutney|ketchup|masala|oil|paste|pickle|powder|sauce|syrup,perishable
Soozy & Munz,Soozy & Munz,256,Apple cider vinegar,Condiment,g,apple cider vinegar,apple cider vinegar|applecidervinegar,chutney|custard|green apple|ketchup|masala|oil|paste|pickle|pine|powder|sauce|syrup,staple; never wiped by produce counts
Soozy & Munz,Soozy & Munz,257,White tahini paste,Condiment,g,white tahini paste,white tahini paste|whitetahinipaste,,staple; never wiped by produce counts
Soozy & Munz,Soozy & Munz,258,Mandarin orange,Fruit,pc,mandarin orange,mandarin orange|mandarinorange,chutney|ketchup|masala|oil|paste|pickle|powder|sauce|syrup,perishable; MoH fresh<5
Soozy & Munz,Soozy & Munz,259,Cherry tomato,Vegetable,g,cherry tomato,cherry tomato|cherrytomato,chutney|hybrid|ketchup|masala|oil|pasta|paste|pickle|powder|puree|sauce|soup|sun|syrup,perishable; MoH fresh<5; pool MoH<10
Soozy & Munz,Soozy & Munz,260,Whole wheat bread,Staple,pc,whole wheat bread,whole wheat bread|wholewheatbread,chutney|ketchup|masala|oil|paste|pickle|powder|sauce|syrup,staple; never wiped by produce counts
Soozy & Munz,Soozy & Munz,261,Apple,Fruit,pc,apple,apple,chutney|cider|custard|green apple|ketchup|masala|oil|paste|pickle|pine|powder|sauce|syrup|vinegar,perishable; MoH fresh<5
Soozy & Munz,Soozy & Munz,262,Epigamia Greek yogurt,Dairy,pc,greek yogurt,curd|dahi|greek yogurt|greekyogurt|jaggery|yoghurt|yogurt,chutney|curd (plain)|ketchup|masala|oil|paste|pickle|powder|sauce|syrup,perishable; daily −4 pots on cook days (h2) [28-Aug: removed cross-item aliases that are a known fuzzy trap]
Soozy & Munz,Soozy & Munz,263,Greek yogurt (Milky Mist),Dairy,g,greek yogurt,curd|dahi|greek yogurt|greekyogurt|jaggery|yoghurt|yogurt,chutney|curd (plain)|ketchup|masala|oil|paste|pickle|powder|sauce|syrup,perishable; daily −4 pots on cook days (h2) [28-Aug: removed cross-item aliases that are a known fuzzy trap]
Soozy & Munz,Soozy & Munz,264,Watermelon,Fruit,g,watermelon,watermelon,chutney|ketchup|masala|oil|paste|pickle|powder|sauce|syrup,perishable; MoH fresh<5
Soozy & Munz,Soozy & Munz,265,Garlic peeled,Vegetable,g,garlic,garlic|garlic peeled|peeled garlic,black garlic|bread|caper|chutney|ketchup|masala|mayo|miso|oil|paste|pickle|powder|salt|sauce|syrup,perishable; MoH fresh<5
Soozy & Munz,Soozy & Munz,266,Butter (Milky Mist),Dairy,g,butter,butter,almond|chutney|cocoa|fruit|ketchup|masala|oil|paste|peanut|pickle|powder|sauce|scotch|syrup,perishable
Soozy & Munz,Soozy & Munz,267,Frozen green peas,Frozen,g,green peas,green peas|greenpeas|matar|peas,chutney|dried|ketchup|masala|oil|paste|pickle|powder|protein|sauce|syrup|wasabi,perishable
Soozy & Munz,Soozy & Munz,268,Walnut raisin sourdough,Bakery,loaf,walnut raisin sourdough,mustard seeds|rai|sarson|walnut raisin sourdough|walnutraisinsourdough,chutney|ketchup|masala|oil|paste|pickle|powder|sauce|syrup,perishable
Soozy & Munz,Soozy & Munz,269,Frozen sweet corn (Safal),Frozen,g,sweet corn,corn kernels|sweet corn|sweetcorn,chutney|ketchup|masala|oil|paste|pickle|powder|sauce|syrup,perishable
Soozy & Munz,Soozy & Munz,270,Sweet potato,Vegetable,g,sweet potato,sweet potato|sweetpotato,chutney|ketchup|masala|oil|paste|pickle|powder|sauce|syrup,perishable; MoH fresh<5; pool MoH<10
Soozy & Munz,Soozy & Munz,271,Bisleri water 1L,Beverages,pc,bisleri water 1l,bisleri water 1l|bisleriwater1l,chutney|ketchup|masala|oil|paste|pickle|powder|sauce|syrup,
Soozy & Munz,Soozy & Munz,272,Greek yogurt (bulk),Dairy,g,greek yogurt,curd|dahi|greek yogurt|greekyogurt|jaggery|yoghurt|yogurt,chutney|curd (plain)|ketchup|masala|oil|paste|pickle|powder|sauce|syrup,perishable; daily −4 pots on cook days (h2) [28-Aug: removed cross-item aliases that are a known fuzzy trap]
Soozy & Munz,Soozy & Munz,273,Mooz feta,Dairy,g,mooz feta,mooz feta|moozfeta,chutney|ketchup|masala|oil|paste|pickle|powder|sauce|syrup,perishable
Soozy & Munz,Soozy & Munz,274,Coconut milk (unsweetened),Dairy,ml,coconut milk,coconut milk|coconutmilk,almond|aminos|butter|chocolate|chutney|condensed|ketchup|masala|milk powder|milkmaid|oat|oil|paste|pickle|powder|sauce|skyr|soy|sugar|syrup|vinegar|water,perishable; daily −700ml cadence (h2)
Soozy & Munz,Soozy & Munz,275,Feta cheese,Dairy,g,feta cheese,feta cheese|fetacheese,ball|chutney|ketchup|masala|oil|paste|pickle|powder|sauce|slice (sep)|syrup,perishable
Soozy & Munz,Soozy & Munz,276,Thai basil,Vegetable,g,thai basil,thai basil|thaibasil,chutney|ketchup|masala|oil|paste|pickle|powder|sauce|syrup,perishable; MoH fresh<5
Soozy & Munz,Soozy & Munz,277,Mackerel,Meat,g,mackerel,mackerel,chutney|ketchup|masala|oil|paste|pickle|powder|sauce|syrup,perishable
Soozy & Munz,Soozy & Munz,278,Parmesan cheese (Dlecta),Dairy,g,parmesan cheese,parmesan cheese|parmesancheese,ball|chutney|ketchup|masala|oil|paste|pickle|powder|sauce|slice (sep)|syrup,perishable
Soozy & Munz,Soozy & Munz,279,Green peas,Frozen,g,green peas,green peas|greenpeas|matar|peas,chutney|dried|ketchup|masala|oil|paste|pickle|powder|protein|sauce|syrup|wasabi,perishable
Soozy & Munz,Soozy & Munz,280,Hard cheese,Dairy,g,hard cheese,hard cheese|hardcheese,ball|chutney|ketchup|masala|oil|paste|pickle|powder|sauce|slice (sep)|syrup,perishable
Soozy & Munz,Soozy & Munz,281,Kasuri methi,Staple,g,kasuri methi,fenugreek|fenugreek leaves|kasuri methi|kasurimethi|methi|methi leaves,methi leaves|fresh methi|methi seeds|methi dana|fenugreek seeds,CONFUSABLE FAMILY (kasuri methi) — never match to the other forms of this ingredient
Soozy & Munz,Soozy & Munz,282,Garam masala,Staple,g,garam masala,garam masala|garammasala,,staple; never wiped by produce counts
Soozy & Munz,Soozy & Munz,283,Dill (shepu),Vegetable,g,dill,dill,chutney|ketchup|masala|oil|paste|pickle|powder|sauce|syrup,perishable; MoH fresh<5
Soozy & Munz,Soozy & Munz,284,Dried red chilli,Staple,g,dried red chilli,chilli|chilly|dried red chilli|driedredchilli|mirch|mirchi,chutney|crisp|flakes|ketchup|masala|oil|paste|pickle|powder|sauce|syrup|vinegar,staple; never wiped by produce counts
Soozy & Munz,Soozy & Munz,285,Chaat masala,Staple,g,chaat masala,chaat masala|chaatmasala,,staple; never wiped by produce counts
Soozy & Munz,Soozy & Munz,286,Besan,Staple,g,besan,besan|chana flour|chickpea flour|gram flour,chutney|ketchup|masala|oil|paste|pickle|powder|sauce|syrup,staple; never wiped by produce counts
Soozy & Munz,Soozy & Munz,287,Cream cheese (Dlecta),Dairy,g,cream cheese,cream cheese|creamcheese,ball|chutney|ketchup|masala|oil|paste|pickle|powder|sauce|slice (sep)|syrup,perishable
Soozy & Munz,Soozy & Munz,288,Sichuan chilli oil (MasterChow),Staple,g,sichuan chilli oil,chilli|chilly|mirch|mirchi|sichuan chilli oil|sichuanchillioil,crisp|essential|flakes|paste|powder|sauce|vinegar,staple; never wiped by produce counts
Soozy & Munz,Soozy & Munz,289,Garlic powder,Staple,g,garlic powder,garlic|garlic peeled|garlic powder|garlicpowder|peeled garlic,black garlic|bread|caper|chutney|mayo|miso|oil|paste|pickle|salt,staple; never wiped by produce counts
Soozy & Munz,Soozy & Munz,290,Sliced black olives,Staple,g,sliced black olives,sliced black olives|slicedblackolives,chutney|ketchup|masala|oil|paste|pickle|powder|sauce|syrup,staple; never wiped by produce counts
Soozy & Munz,Soozy & Munz,291,Ragi dosa batter,Dairy,g,ragi dosa batter,ragi dosa batter|ragidosabatter,chutney|ketchup|masala|oil|paste|pickle|powder|sauce|syrup,perishable
Soozy & Munz,Soozy & Munz,292,White puttu podi,Grains & pantry,g,white puttu podi,white puttu podi|whiteputtupodi,chutney|ketchup|masala|oil|paste|pickle|powder|sauce|syrup,staple; never wiped by produce counts
Soozy & Munz,Soozy & Munz,293,Sesame seeds,Staple,g,sesame seeds,sesame|sesame seeds|sesameseeds|til,,staple; never wiped by produce counts
Soozy & Munz,Soozy & Munz,294,Moro Kisomo coffee,Beverage,g,moro kisomo coffee,moro kisomo coffee|morokisomocoffee,chutney|fresh|ketchup|masala|oil|paste|pickle|powder|raw|sauce|syrup,
Soozy & Munz,Soozy & Munz,295,Rwanda Superior coffee,Beverage,g,rwanda superior coffee,rwanda superior coffee|rwandasuperiorcoffee,chutney|fresh|ketchup|masala|oil|paste|pickle|powder|raw|sauce|syrup,
Soozy & Munz,Soozy & Munz,296,Blue Zinubu coffee,Beverage,g,blue zinubu coffee,blue zinubu coffee|bluezinubucoffee,chutney|fresh|ketchup|masala|oil|paste|pickle|powder|raw|sauce|syrup,
Soozy & Munz,Soozy & Munz,297,Kisan chilli peanut thecha chutney,Condiment,g,kisan chilli peanut thecha chutney,chilli|chilly|kisan chilli peanut thecha chutney|kisanchillipeanutthechachutney|mirch|mirchi,crisp|flakes|oil|paste|powder|sauce|vinegar,staple; never wiped by produce counts
Soozy & Munz,Soozy & Munz,298,Thalassery special pickle,Condiment,bottle,thalassery special pickle,thalassery special pickle|thalasseryspecialpickle,,staple; never wiped by produce counts
Soozy & Munz,Soozy & Munz,299,Other pickles,Condiment,bottle,other pickles,other pickles|otherpickles,,staple; never wiped by produce counts
Soozy & Munz,Soozy & Munz,300,Thousand island dressing (Biba),Condiment,g,thousand island dressing,thousand island dressing|thousandislanddressing,chutney|ketchup|masala|oil|paste|pickle|powder|sauce|syrup,staple; never wiped by produce counts
Soozy & Munz,Soozy & Munz,301,Open haldi powder,Spice,g,haldi powder,haldi|haldi powder|haldipowder|turmeric|turmeric powder,,staple; never wiped by produce counts
Soozy & Munz,Soozy & Munz,302,Open red chilli powder,Spice,g,red chilli powder,chilli|chilly|mirch|mirchi|red chilli powder|redchillipowder,crisp|flakes|oil|paste|sauce|vinegar,staple; never wiped by produce counts
Soozy & Munz,Soozy & Munz,303,Lal mirch,Spice,g,lal mirch,chilli|chilly|lal mirch|lalmirch|mirch|mirchi,chutney|ketchup|masala|oil|paste|pickle|powder|sauce|syrup,staple; never wiped by produce counts
Soozy & Munz,Soozy & Munz,304,Dried red chilli (Vedaka),Spice,g,dried red chilli,chilli|chilly|dried red chilli|driedredchilli|mirch|mirchi,chutney|crisp|flakes|ketchup|masala|oil|paste|pickle|powder|sauce|syrup|vinegar,staple; never wiped by produce counts
Soozy & Munz,Soozy & Munz,305,Open dhaniya powder,Spice,g,dhaniya powder,coriander powder|dhania powder|dhaniya powder|dhaniyapowder,seeds|leaves|fresh|whole|sabut,CONFUSABLE FAMILY (coriander powder) — never match to the other forms of this ingredient
Soozy & Munz,Soozy & Munz,306,Biryani khada masala,Spice,g,biryani khada masala,biryani khada masala|biryanikhadamasala,,staple; never wiped by produce counts
Soozy & Munz,Soozy & Munz,307,Sumac powder,Spice,g,sumac powder,sumac powder|sumacpowder,,staple; never wiped by produce counts
Soozy & Munz,Soozy & Munz,308,Manjige menasu,Spice,g,manjige menasu,manjige menasu|manjigemenasu,chutney|ketchup|masala|oil|paste|pickle|powder|sauce|syrup,staple; never wiped by produce counts
Soozy & Munz,Soozy & Munz,309,Ginger garlic paste,Condiment,g,ginger garlic paste,garlic|garlic peeled|ginger garlic paste|gingergarlicpaste|peeled garlic,black garlic|blossom|bread|candy|caper|chutney|mayo|miso|oil|pickle|powder|salt|tea,staple; never wiped by produce counts
Soozy & Munz,Soozy & Munz,310,Korean gochujang sauce,Condiment,g,korean gochujang sauce,korean gochujang sauce|koreangochujangsauce,,staple; never wiped by produce counts
Soozy & Munz,Soozy & Munz,311,"Muesli (fruits, nuts & seeds)",Staple,g,muesli,muesli,chutney|ketchup|masala|oil|paste|pickle|powder|sauce|syrup,staple; never wiped by produce counts
Soozy & Munz,Soozy & Munz,312,Corn starch,Staple,g,corn starch,corn starch|cornstarch,chutney|ketchup|masala|oil|paste|pickle|powder|sauce|syrup,staple; never wiped by produce counts
Soozy & Munz,Soozy & Munz,313,Dhaniya powder (pack 2),Spice,g,dhaniya powder,coriander powder|dhania powder|dhaniya powder|dhaniyapowder,seeds|leaves|fresh|whole|sabut,CONFUSABLE FAMILY (coriander powder) — never match to the other forms of this ingredient
Soozy & Munz,Soozy & Munz,314,Dhaniya powder (pack 3),Spice,g,dhaniya powder,coriander powder|dhania powder|dhaniya powder|dhaniyapowder,seeds|leaves|fresh|whole|sabut,CONFUSABLE FAMILY (coriander powder) — never match to the other forms of this ingredient
Soozy & Munz,Soozy & Munz,315,Tea powder (open),Beverage,g,tea powder,tea powder|teapowder,fresh|raw,
Soozy & Munz,Soozy & Munz,316,Kiwi (Zespri SunGold),Fruit,pc,kiwi,kiwi,chutney|ketchup|masala|oil|paste|pickle|powder|sauce|syrup,perishable; MoH fresh<5
Soozy & Munz,Soozy & Munz,317,Taj Mahal tea (sample),Beverage,g,taj mahal tea,taj mahal tea|tajmahaltea,chutney|fresh|ketchup|masala|oil|paste|pickle|powder|raw|sauce|syrup,
Soozy & Munz,Soozy & Munz,318,Ragi batter,Grains & pantry,g,ragi batter,ragi batter|ragibatter,chutney|ketchup|masala|oil|paste|pickle|powder|sauce|syrup,staple; never wiped by produce counts
Soozy & Munz,Soozy & Munz,319,Prawns (older lot),Meat & fish,g,prawns,prawn|prawns|shrimp,chutney|ketchup|masala|oil|paste|pickle|powder|sauce|syrup,perishable; 350g/meal std (h2)
Soozy & Munz,Soozy & Munz,320,Marinated meat,Meat,g,marinated meat,marinated meat|marinatedmeat,chutney|ketchup|masala|oil|paste|pickle|powder|sauce|syrup,perishable
Soozy & Munz,Soozy & Munz,321,Mayonnaise,Condiment,g,mayonnaise,mayonnaise,chutney|ketchup|masala|oil|paste|pickle|powder|sauce|syrup,staple; never wiped by produce counts
Soozy & Munz,Soozy & Munz,322,Ghee,Staple,ml,ghee,ghee,chutney|ketchup|masala|oil|paste|pickle|powder|sauce|syrup,staple; never wiped by produce counts; always-keep; not part of produce counts
Soozy & Munz,Soozy & Munz,323,Corn starch,Staple,g,corn starch,corn starch|cornstarch,chutney|ketchup|masala|oil|paste|pickle|powder|sauce|syrup,staple; never wiped by produce counts
Soozy & Munz,Soozy & Munz,324,Peanut butter (2),Pantry,g,peanut butter,peanut butter|peanutbutter,almond|chutney|cocoa|fruit|ketchup|masala|milk|oil|paste|pickle|powder|sauce|scotch|syrup,staple; never wiped by produce counts
Soozy & Munz,Soozy & Munz,325,White mustard seeds,Spice,g,white mustard seeds,mustard seeds|rai|sarson|white mustard seeds|whitemustardseeds,,staple; never wiped by produce counts
Soozy & Munz,Soozy & Munz,326,Dhaniya powder (open),Spice,g,dhaniya powder,coriander powder|dhania powder|dhaniya powder|dhaniyapowder,seeds|leaves|fresh|whole|sabut,CONFUSABLE FAMILY (coriander powder) — never match to the other forms of this ingredient
Soozy & Munz,Soozy & Munz,327,Jeera rice,Grains & pulses,g,jeera rice,cumin|jeera|jeera rice|jeerarice,bran|chutney|flakes|flour|ketchup|masala|noodle|oil|paper|paste|pickle|poha|powder|puffed|sauce|syrup|vinegar|wine,staple; never wiped by produce counts
Soozy & Munz,Soozy & Munz,328,Haldi powder (2),Spice,g,haldi powder,haldi|haldi powder|haldipowder|turmeric|turmeric powder,,staple; never wiped by produce counts
Soozy & Munz,Soozy & Munz,329,Ginger (bulk),Vegetable,g,ginger,ginger,blossom|candy|chutney|garlic|ketchup|masala|oil|paste|pickle|powder|sauce|syrup|tea,perishable; MoH fresh<5
Soozy & Munz,Soozy & Munz,330,Biryani spices,Spice,g,biryani spices,biryani spices|biryanispices,chutney|ketchup|masala|oil|paste|pickle|powder|sauce|syrup,staple; never wiped by produce counts
Soozy & Munz,Soozy & Munz,331,Dry yeast,Grains & pulses,g,dry yeast,dry yeast|dryyeast,chutney|ketchup|masala|oil|paste|pickle|powder|sauce|syrup,staple; never wiped by produce counts
Soozy & Munz,Soozy & Munz,332,Black pepper with salt,Spice,g,black pepper with salt,black pepper with salt|blackpepperwithsalt,chutney|ketchup|masala|oil|paste|pickle|powder|sauce|syrup,staple; never wiped by produce counts
Soozy & Munz,Soozy & Munz,333,Haldi (open),Spice,g,haldi,haldi|turmeric,chutney|ketchup|masala|oil|paste|pickle|powder|sauce|syrup,staple; never wiped by produce counts
Soozy & Munz,Soozy & Munz,334,Moong dal,Dals,g,moong dal,moong dal|moongdal,chutney|ketchup|masala|oil|paste|pickle|powder|sauce|syrup,staple; never wiped by produce counts
Soozy & Munz,Soozy & Munz,335,Muskmelon,Fruit,pc,muskmelon,muskmelon,chutney|ketchup|masala|oil|paste|pickle|powder|sauce|syrup,perishable; MoH fresh<5
Soozy & Munz,Soozy & Munz,336,Milk (Amul Taaza),Dairy,ml,milk,milk|milky mist skyr|skyr,almond|butter|chocolate|chutney|coconut|condensed|ketchup|masala|milkmaid|oat|oil|paste|pickle|powder|sauce|skyr|soy|syrup,perishable; daily −700ml cadence (h2)
Soozy & Munz,Soozy & Munz,337,Yelakki banana (EST),Fruit,pc,yelakki banana,yelakki banana|yelakkibanana,chips|chutney|flour|ketchup|masala|oil|paste|pickle|powder|sauce|syrup,perishable; MoH fresh<5
Soozy & Munz,Soozy & Munz,338,NOICE high protein eggs,Dairy,pc,high protein eggs,high protein eggs|highproteineggs,chutney|eggplant|ketchup|less|masala|noodle|oil|paste|pickle|powder|sauce|syrup|white (sep),perishable
Soozy & Munz,Soozy & Munz,339,Akshayakalpa greek yogurt small (EST),Dairy,g,greek yogurt small,curd|dahi|greek yogurt small|greekyogurtsmall|jaggery|yoghurt|yogurt,chutney|curd (plain)|ketchup|masala|oil|paste|pickle|powder|sauce|syrup,perishable; daily −4 pots on cook days (h2) [28-Aug: removed cross-item aliases that are a known fuzzy trap]
Soozy & Munz,Soozy & Munz,340,Italian basil,Vegetable,g,italian basil,italian basil|italianbasil,chutney|ketchup|masala|oil|paste|pickle|powder|sauce|syrup,perishable; MoH fresh<5
Soozy & Munz,Soozy & Munz,341,Kabuli chana (Whole Farm),Staple,g,kabuli chana,chickpea|chickpeas|chole|garbanzo|kabuli chana|kabulichana|white chana,chutney|ketchup|masala|oil|paste|pickle|powder|sauce|syrup,staple; never wiped by produce counts
Soozy & Munz,Soozy & Munz,342,Akshayakalpa A2 milk,Dairy,ml,a2 milk,a2 milk|a2milk,almond|butter|chocolate|chutney|coconut|condensed|ketchup|masala|milkmaid|oat|oil|paste|pickle|powder|sauce|skyr|soy|syrup,perishable; daily −700ml cadence (h2)
Soozy & Munz,Soozy & Munz,343,Del Monte tomato ketchup,Staple,g,tomato ketchup,tomato ketchup|tomatoketchup,cherry|hybrid|pasta|paste|puree|soup|sun,staple; never wiped by produce counts; pool MoH<10
Soozy & Munz,Soozy & Munz,344,MasterChow chilli vinegar,Staple,ml,masterchow chilli vinegar,chilli|chilly|masterchow chilli vinegar|masterchowchillivinegar|mirch|mirchi,chutney|crisp|flakes|ketchup|masala|oil|paste|pickle|powder|sauce|syrup,staple; never wiped by produce counts
Soozy & Munz,Soozy & Munz,345,FreshToHome prawns,Meat,g,prawns,prawn|prawns|shrimp,chutney|ketchup|masala|oil|paste|pickle|powder|sauce|syrup,perishable; 350g/meal std (h2)
Soozy & Munz,Soozy & Munz,346,KLF Coconad coconut oil,Staple,ml,klf coconad coconut oil,klf coconad coconut oil|klfcoconadcoconutoil,aminos|essential|milk powder|sugar|vinegar|water,staple; never wiped by produce counts
Soozy & Munz,Soozy & Munz,347,Creatine,Staple,g,creatine,creatine,chutney|ketchup|masala|oil|paste|pickle|powder|sauce|syrup,staple; never wiped by produce counts
Soozy & Munz,Soozy & Munz,348,Milky Mist salted butter,Dairy,g,salted butter,salted butter|saltedbutter,almond|chutney|cocoa|fruit|ketchup|masala|oil|paste|peanut|pickle|powder|sauce|scotch|syrup,perishable
Soozy & Munz,Soozy & Munz,349,Greek yogurt (EXPIRED — 4x100g),Dairy,g,greek yogurt,curd|dahi|greek yogurt|greekyogurt|jaggery|yoghurt|yogurt,chutney|curd (plain)|ketchup|masala|oil|paste|pickle|powder|sauce|syrup,perishable; daily −4 pots on cook days (h2) [28-Aug: removed cross-item aliases that are a known fuzzy trap]
Disha & Anirudh,Disha & Anirudh,5,Orange,Fruit,pc,orange,orange,chutney|ketchup|masala|oil|paste|pickle|powder|sauce|syrup,perishable; MoH fresh<5
Disha & Anirudh,Disha & Anirudh,6,Apple,Fruit,pc,apple,apple,chutney|cider|custard|green apple|ketchup|masala|oil|paste|pickle|pine|powder|sauce|syrup|vinegar,perishable; MoH fresh<5
Disha & Anirudh,Disha & Anirudh,7,Kiwi,Fruit,pc,kiwi,kiwi,chutney|ketchup|masala|oil|paste|pickle|powder|sauce|syrup,perishable; MoH fresh<5
Disha & Anirudh,Disha & Anirudh,8,Pear,Fruit,pc,pear,pear,chutney|ketchup|masala|oil|paste|pickle|powder|sauce|syrup,perishable; MoH fresh<5
Disha & Anirudh,Disha & Anirudh,9,Banana,Fruit,pc,banana,banana,chips|chutney|flour|ketchup|masala|oil|paste|pickle|powder|sauce|syrup,perishable; MoH fresh<5
Disha & Anirudh,Disha & Anirudh,10,Tomato,Vegetable,pc,tomato,tomato,cherry|chutney|hybrid|ketchup|masala|oil|pasta|paste|pickle|powder|puree|sauce|soup|sun|syrup,perishable; MoH fresh<5; pool MoH<10
Disha & Anirudh,Disha & Anirudh,11,Onion,Vegetable,pc,onion,onion,chutney|flakes|fried|ketchup|masala|oil|paste|petal|pickle|powder|sauce|spring|syrup,perishable; MoH fresh<5; pool MoH<10
Disha & Anirudh,Disha & Anirudh,12,Lemon,Vegetable,pc,lemon,lemon|lemons|lime|nimbu,chutney|curd (lemon)|grass|ketchup|lemonade|masala|oil|paste|pickle|powder|sauce|soda|syrup|tea,perishable; MoH fresh<5
Disha & Anirudh,Disha & Anirudh,13,Green chilli,Vegetable,g,green chilli,chilli|chilly|green chilli|greenchilli|mirch|mirchi,chutney|crisp|flakes|ketchup|masala|oil|paste|pickle|powder|sauce|syrup|vinegar,perishable; MoH fresh<5
Disha & Anirudh,Disha & Anirudh,14,Curry leaves,Vegetable,g,curry leaves,curry leaves|curryleaves,chutney|ketchup|masala|oil|paste|pickle|powder|sauce|syrup,perishable; MoH fresh<5
Disha & Anirudh,Disha & Anirudh,15,Coriander,Vegetable,g,coriander,cilantro|coriander|coriander leaves|dhania,chutney|ketchup|masala|oil|paste|pickle|powder|sauce|seed|syrup,perishable; MoH fresh<5; pool MoH<10
Disha & Anirudh,Disha & Anirudh,16,Zucchini,Vegetable,pc,zucchini,zucchini,chutney|ketchup|masala|oil|paste|pickle|powder|sauce|syrup,perishable; MoH fresh<5
Disha & Anirudh,Disha & Anirudh,17,Green capsicum,Vegetable,g,green capsicum,bell pepper|capsicum|green capsicum|greencapsicum|shimla mirch,chutney|ketchup|masala|oil|paste|pickle|powder|sauce|syrup,perishable; MoH fresh<5; ALL colours = ONE pool; dashboard single row; MoH<10
Disha & Anirudh,Disha & Anirudh,18,Yellow capsicum,Vegetable,g,yellow capsicum,bell pepper|capsicum|shimla mirch|yellow capsicum|yellowcapsicum,chutney|ketchup|masala|oil|paste|pickle|powder|sauce|syrup,perishable; MoH fresh<5; ALL colours = ONE pool; dashboard single row; MoH<10
Disha & Anirudh,Disha & Anirudh,19,Cabbage,Vegetable,pc,cabbage,cabbage,chutney|ketchup|masala|oil|paste|pickle|powder|sauce|syrup,perishable; MoH fresh<5
Disha & Anirudh,Disha & Anirudh,20,Lettuce,FnV,g,lettuce,lettuce,chutney|ketchup|masala|oil|paste|pickle|powder|sauce|syrup,
Disha & Anirudh,Disha & Anirudh,21,Iceberg lettuce,Vegetable,g,iceberg lettuce,iceberg lettuce|iceberglettuce,chutney|ketchup|masala|oil|paste|pickle|powder|sauce|syrup,perishable; MoH fresh<5
Disha & Anirudh,Disha & Anirudh,22,Yellow sweet corn,Vegetable,g,yellow sweet corn,corn kernels|sweet corn|yellow sweet corn|yellowsweetcorn,chutney|ketchup|masala|oil|paste|pickle|powder|sauce|syrup,perishable; MoH fresh<5
Disha & Anirudh,Disha & Anirudh,23,Lemongrass,Vegetable,g,lemongrass,lemon|lemongrass|lemons|lime|nimbu,chutney|curd (lemon)|ketchup|lemonade|masala|oil|paste|pickle|powder|sauce|soda|syrup|tea,perishable; MoH fresh<5
Disha & Anirudh,Disha & Anirudh,24,Spring onion,Vegetable,g,spring onion,spring onion|springonion,chutney|flakes|fried|ketchup|masala|oil|paste|petal|pickle|powder|sauce|syrup,perishable; MoH fresh<5; pool MoH<10
Disha & Anirudh,Disha & Anirudh,25,Thai basil leaves,Vegetable,g,thai basil leaves,thai basil leaves|thaibasilleaves,chutney|ketchup|masala|oil|paste|pickle|powder|sauce|syrup,perishable; MoH fresh<5
Disha & Anirudh,Disha & Anirudh,26,Cherries,Fruit,bunch,cherries,cherries,chutney|ketchup|masala|oil|paste|pickle|powder|sauce|syrup,perishable; MoH fresh<5
Disha & Anirudh,Disha & Anirudh,27,Plums,Fruit,g,plums,plums,chutney|ketchup|masala|oil|paste|pickle|powder|sauce|syrup,perishable; MoH fresh<5
Disha & Anirudh,Disha & Anirudh,28,Premium blueberries,Fruit,packet,premium blueberries,premium blueberries|premiumblueberries,chutney|ketchup|masala|oil|paste|pickle|powder|sauce|syrup,perishable; MoH fresh<5
Disha & Anirudh,Disha & Anirudh,29,Curd,Dairy,g,curd,curd|dahi|yogurt|yoghurt|plain curd,buttermilk|chutney|greek|hung|ketchup|masala|oil|paste|pickle|powder|sauce|skyr|syrup,the single live curd row for this household (26-Aug)
Disha & Anirudh,Disha & Anirudh,30,Hung curd,Dairy,g,hung curd,curd|dahi|hung curd|hungcurd|yoghurt|yogurt,chutney|curd|dahi|ketchup|masala|oil|paste|pickle|powder|sauce|syrup|yoghurt|yogurt,"RETIRED 26-Aug — do not match; use the ""Curd"" row"
Disha & Anirudh,Disha & Anirudh,31,Greek yogurt (Milky Mist),Dairy,cup,greek yogurt,curd|dahi|greek yogurt|greekyogurt|jaggery|yoghurt|yogurt,chutney|curd (plain)|ketchup|masala|oil|paste|pickle|powder|sauce|syrup,perishable [28-Aug: removed cross-item aliases that are a known fuzzy trap]
Disha & Anirudh,Disha & Anirudh,32,Fresh cream,Dairy,ml,cream,cream,chutney|ketchup|masala|oil|paste|pickle|powder|sauce|syrup,perishable
Disha & Anirudh,Disha & Anirudh,33,Delicata dairy cream,Dairy,packet,delicata dairy cream,delicata dairy cream|delicatadairycream,chutney|ketchup|masala|oil|paste|pickle|powder|sauce|syrup,perishable
Disha & Anirudh,Disha & Anirudh,34,Coconut cream,Dairy,ml,coconut cream,coconut cream|coconutcream,aminos|chutney|ketchup|masala|milk powder|oil|paste|pickle|powder|sauce|sugar|syrup|vinegar|water,perishable
Disha & Anirudh,Disha & Anirudh,35,Coconut milk (opened),Dairy,ml,coconut milk,coconut milk|coconutmilk,almond|aminos|butter|chocolate|chutney|condensed|ketchup|masala|milk powder|milkmaid|oat|oil|paste|pickle|powder|sauce|skyr|soy|sugar|syrup|vinegar|water,perishable
Disha & Anirudh,Disha & Anirudh,36,Lactose-free Amul milk,Dairy,ml,lactose free milk,lactose free milk|lactosefreemilk,almond|butter|chocolate|chutney|coconut|condensed|ketchup|masala|milkmaid|oat|oil|paste|pickle|powder|sauce|skyr|soy|syrup,perishable
Disha & Anirudh,Disha & Anirudh,37,Feta cheese,Dairy,g,feta cheese,feta cheese|fetacheese,ball|chutney|ketchup|masala|oil|paste|pickle|powder|sauce|slice (sep)|syrup,perishable
Disha & Anirudh,Disha & Anirudh,38,Cheese slices,Dairy,slice,cheese slices,cheese slices|cheeseslices,ball|chutney|ketchup|masala|oil|paste|pickle|powder|sauce|slice (sep)|syrup,perishable
Disha & Anirudh,Disha & Anirudh,39,Butter,Dairy,g,butter,butter,almond|chutney|cocoa|fruit|ketchup|masala|milk|oil|paste|peanut|pickle|powder|sauce|scotch|syrup,perishable
Disha & Anirudh,Disha & Anirudh,40,Eggs,Meat,pc,eggs,eggs,chutney|eggplant|ketchup|less|masala|noodle|oil|paste|pickle|powder|sauce|syrup|white (sep),perishable
Disha & Anirudh,Disha & Anirudh,41,Chicken,Meat & fish,g,chicken,chicken,chutney|cube|essence|ketchup|knorr|masala|oil|paste|pickle|powder|sauce|seasoning|stock|syrup,perishable
Disha & Anirudh,Disha & Anirudh,42,Zero maida protein bread,Bread & bakery,pack,zero maida protein bread,all purpose flour|maida|refined flour|zero maida protein bread|zeromaidaproteinbread,chutney|ketchup|masala|oil|paste|pickle|powder|sauce|syrup,perishable
Disha & Anirudh,Disha & Anirudh,43,Protein powder (A),Supplement,g,protein powder,protein powder|proteinpowder,,
Disha & Anirudh,Disha & Anirudh,44,Protein powder (B),Supplement,g,protein powder,protein powder|proteinpowder,,
Disha & Anirudh,Disha & Anirudh,45,Whey concentrate,Supplement,packet,whey concentrate,whey concentrate|wheyconcentrate,chutney|ketchup|masala|oil|paste|pickle|powder|sauce|syrup,
Disha & Anirudh,Disha & Anirudh,46,Creatine monohydrate,Supplement,g,creatine monohydrate,creatine monohydrate|creatinemonohydrate,chutney|ketchup|masala|oil|paste|pickle|powder|sauce|syrup,
Disha & Anirudh,Disha & Anirudh,47,Whole Truth chocolate,Cereal,g,whole truth chocolate,whole truth chocolate|wholetruthchocolate,chutney|fresh|ketchup|masala|oil|paste|pickle|powder|raw|sauce|syrup,
Disha & Anirudh,Disha & Anirudh,48,Yoga Bar health mix,Cereal,g,yoga bar health mix,yoga bar health mix|yogabarhealthmix,chutney|ketchup|masala|oil|paste|pickle|powder|sauce|syrup,
Disha & Anirudh,Disha & Anirudh,49,Happa cereals,Cereal,packet,happa cereals,happa cereals|happacereals,chutney|ketchup|masala|oil|paste|pickle|powder|sauce|syrup,
Disha & Anirudh,Disha & Anirudh,50,Nutritional cereal,Cereal,packet,nutritional cereal,nutritional cereal|nutritionalcereal,chutney|ketchup|masala|oil|paste|pickle|powder|sauce|syrup,
Disha & Anirudh,Disha & Anirudh,51,Dry dates powder,Cereal,packet,dry dates powder,dry dates powder|drydatespowder,,
Disha & Anirudh,Disha & Anirudh,52,Happa fruit melts,Cereal,packet,happa fruit melts,happa fruit melts|happafruitmelts,chutney|ketchup|masala|oil|paste|pickle|powder|sauce|syrup,
Disha & Anirudh,Disha & Anirudh,53,Strawberry cake drink,Beverage,bottle,strawberry cake drink,strawberry cake drink|strawberrycakedrink,chutney|fresh|ketchup|masala|oil|paste|pickle|powder|raw|sauce|syrup,
Disha & Anirudh,Disha & Anirudh,54,Mixed fruit drink,Beverage,bottle,mixed fruit drink,mixed fruit drink|mixedfruitdrink,chutney|fresh|ketchup|masala|oil|paste|pickle|powder|raw|sauce|syrup,
Disha & Anirudh,Disha & Anirudh,55,Mixed seeds,Nuts,g,mixed seeds,mixed seeds|mixedseeds,,
Disha & Anirudh,Disha & Anirudh,56,Cashews,Nuts,g,cashews,cashews,chutney|ketchup|masala|oil|paste|pickle|powder|sauce|syrup,
Disha & Anirudh,Disha & Anirudh,57,Almonds,Nuts,g,almonds,almonds,butter|chutney|flour|ketchup|masala|milk|oil|paste|pickle|powder|sauce|syrup|wrap,
Disha & Anirudh,Disha & Anirudh,58,Peanuts,Nuts,g,peanuts,peanuts,chutney|ketchup|masala|oil|paste|pickle|powder|sauce|syrup,
Disha & Anirudh,Disha & Anirudh,59,Spicy peanuts,Nuts,g,spicy peanuts,spicy peanuts|spicypeanuts,chutney|ketchup|masala|oil|paste|pickle|powder|sauce|syrup,
Disha & Anirudh,Disha & Anirudh,60,Sweet peanuts,Nuts,g,sweet peanuts,sweet peanuts|sweetpeanuts,chutney|ketchup|masala|oil|paste|pickle|powder|sauce|syrup,
Disha & Anirudh,Disha & Anirudh,61,White sesame seeds (A),Staple,g,white sesame seeds,sesame|til|white sesame seeds|whitesesameseeds,,staple; never wiped by produce counts
Disha & Anirudh,Disha & Anirudh,62,White sesame seeds (B),Staple,packet,white sesame seeds,sesame|til|white sesame seeds|whitesesameseeds,,staple; never wiped by produce counts
Disha & Anirudh,Disha & Anirudh,63,Black sesame seeds,Staple,packet,black sesame seeds,black sesame seeds|blacksesameseeds|sesame|til,,staple; never wiped by produce counts
Disha & Anirudh,Disha & Anirudh,64,White chia seeds,Nuts,packet,white chia seeds,white chia seeds|whitechiaseeds,,
Disha & Anirudh,Disha & Anirudh,65,Flax seed masala,Nuts,packet,flax seed masala,flax seed masala|flaxseedmasala,,
Disha & Anirudh,Disha & Anirudh,66,Organic sesame cooking oil,Oil,ml,sesame cooking oil,sesame|sesame cooking oil|sesamecookingoil|til,essential,staple; never wiped by produce counts
Disha & Anirudh,Disha & Anirudh,67,Olive oil,Oil,ml,olive oil,olive oil|oliveoil,essential,staple; never wiped by produce counts
Disha & Anirudh,Disha & Anirudh,68,Extra virgin olive oil,Oil,ml,extra virgin olive oil,extra virgin olive oil|extravirginoliveoil,essential,staple; never wiped by produce counts
Disha & Anirudh,Disha & Anirudh,69,Rice bran oil (A),Oil,ml,rice bran oil,rice bran oil|ricebranoil,essential|flakes|flour|noodle|paper|poha|puffed|vinegar|wine,staple; never wiped by produce counts
Disha & Anirudh,Disha & Anirudh,70,Rice bran oil (B),Oil,ml,rice bran oil,rice bran oil|ricebranoil,essential|flakes|flour|noodle|paper|poha|puffed|vinegar|wine,staple; never wiped by produce counts
Disha & Anirudh,Disha & Anirudh,71,Peanut oil,Oil,g,peanut oil,peanut oil|peanutoil,essential,staple; never wiped by produce counts
Disha & Anirudh,Disha & Anirudh,72,Mustard oil,Oil,ml,mustard oil,mustard oil|mustardoil,essential,staple; never wiped by produce counts
Disha & Anirudh,Disha & Anirudh,73,Pure ghee,Oil,ml,pure ghee,pure ghee|pureghee,chutney|ketchup|masala|oil|paste|pickle|powder|sauce|syrup,staple; never wiped by produce counts; always-keep; not part of produce counts
Disha & Anirudh,Disha & Anirudh,74,A2 cow ghee,Oil,jar,a2 cow ghee,a2 cow ghee|a2cowghee,chutney|ketchup|masala|oil|paste|pickle|powder|sauce|syrup,staple; never wiped by produce counts; always-keep; not part of produce counts
Disha & Anirudh,Disha & Anirudh,75,Parachute coconut oil,Oil,ml,parachute coconut oil,parachute coconut oil|parachutecoconutoil,aminos|essential|milk powder|sugar|vinegar|water,staple; never wiped by produce counts
Disha & Anirudh,Disha & Anirudh,76,Toasted sesame oil,Oil,ml,toasted sesame oil,sesame|til|toasted sesame oil|toastedsesameoil,essential,staple; never wiped by produce counts
Disha & Anirudh,Disha & Anirudh,77,Brown sugar,Pantry,g,brown sugar,brown sugar|brownsugar,chutney|free|icing|ketchup|masala|oil|paste|pickle|powder|powdered|sauce|syrup,staple; never wiped by produce counts
Disha & Anirudh,Disha & Anirudh,78,Sugar (A),Pantry,g,sugar,sugar,brown|chutney|free|icing|ketchup|masala|oil|paste|pickle|powder|powdered|sauce|syrup,staple; never wiped by produce counts
Disha & Anirudh,Disha & Anirudh,79,Sugar (B),Pantry,jar,sugar,sugar,brown|chutney|free|icing|ketchup|masala|oil|paste|pickle|powder|powdered|sauce|syrup,staple; never wiped by produce counts
Disha & Anirudh,Disha & Anirudh,80,Dates,Pantry,g,dates,dates,chutney|ketchup|masala|oil|paste|pickle|powder|sauce|syrup,staple; never wiped by produce counts
Disha & Anirudh,Disha & Anirudh,81,Psyllium husk,Pantry,g,psyllium husk,psyllium husk|psylliumhusk,chutney|ketchup|masala|oil|paste|pickle|powder|sauce|syrup,staple; never wiped by produce counts
Disha & Anirudh,Disha & Anirudh,82,Isabgol,Pantry,g,isabgol,isabgol,chutney|ketchup|masala|oil|paste|pickle|powder|sauce|syrup,staple; never wiped by produce counts
Disha & Anirudh,Disha & Anirudh,83,Pink salt (A),Pantry,g,pink salt,pink salt|pinksalt,chutney|ketchup|masala|oil|paste|pickle|powder|sauce|syrup,staple; never wiped by produce counts
Disha & Anirudh,Disha & Anirudh,84,Pink salt (B),Pantry,g,pink salt,pink salt|pinksalt,chutney|ketchup|masala|oil|paste|pickle|powder|sauce|syrup,staple; never wiped by produce counts
Disha & Anirudh,Disha & Anirudh,85,Sea salt,Pantry,jar,sea salt,sea salt|seasalt,chutney|ketchup|masala|oil|paste|pickle|powder|sauce|syrup,staple; never wiped by produce counts
Disha & Anirudh,Disha & Anirudh,86,Salt,Pantry,g,salt,salt,chutney|ketchup|masala|oil|paste|pickle|powder|sauce|syrup,staple; never wiped by produce counts
Disha & Anirudh,Disha & Anirudh,87,Himalayan kala namak,Pantry,jar,himalayan kala namak,himalayan kala namak|himalayankalanamak,chutney|ketchup|masala|oil|paste|pickle|powder|sauce|syrup,staple; never wiped by produce counts
Disha & Anirudh,Disha & Anirudh,88,Honey,Pantry,jar,honey,honey,chutney|ketchup|masala|oil|paste|pickle|powder|sauce|syrup,staple; never wiped by produce counts
Disha & Anirudh,Disha & Anirudh,89,Quinoa,Pantry,g,quinoa,quinoa,chutney|ketchup|masala|oil|paste|pickle|powder|sauce|syrup,staple; never wiped by produce counts
Disha & Anirudh,Disha & Anirudh,90,Poha,Pantry,g,poha,beaten rice|flattened rice|poha,chutney|ketchup|masala|oil|paste|pickle|powder|sauce|syrup,staple; never wiped by produce counts
Disha & Anirudh,Disha & Anirudh,91,Corn flour,Pantry,g,corn flour,corn flour|cornflour,,staple; never wiped by produce counts
Disha & Anirudh,Disha & Anirudh,92,Besan,Pantry,g,besan,besan|chana flour|chickpea flour|gram flour,chutney|ketchup|masala|oil|paste|pickle|powder|sauce|syrup,staple; never wiped by produce counts
Disha & Anirudh,Disha & Anirudh,93,Suji,Pantry,g,suji,rava|semolina|sooji|suji,chutney|ketchup|masala|oil|paste|pickle|powder|sauce|syrup,staple; never wiped by produce counts
Disha & Anirudh,Disha & Anirudh,94,Roasted suji,Pantry,g,roasted suji,rava|roasted suji|roastedsuji|semolina|sooji|suji,chutney|ketchup|masala|oil|paste|pickle|powder|sauce|syrup,staple; never wiped by produce counts
Disha & Anirudh,Disha & Anirudh,95,Breadcrumbs,Staple,g,breadcrumbs,breadcrumbs,chutney|ketchup|masala|oil|paste|pickle|powder|sauce|syrup,staple; never wiped by produce counts
Disha & Anirudh,Disha & Anirudh,96,Ragi flour,Staple,jar,ragi flour,ragi flour|ragiflour,,staple; never wiped by produce counts
Disha & Anirudh,Disha & Anirudh,97,Atta,Pantry,g,atta,aata|atta|bay leaf|chakki atta|wheat aata|wheat flour|whole wheat atta|whole wheat flour,bajra|besan|chutney|jowar|ketchup|maida|masala|noodle|oil|paste|patta|pickle|powder|ragi|sauce|syrup|tej patta,staple; never wiped by produce counts [28-Aug: removed cross-item aliases that are a known fuzzy trap]
Disha & Anirudh,Disha & Anirudh,98,Brown rice,Grains,g,brown rice,brown rice|brownrice,bran|chutney|flakes|flour|ketchup|masala|noodle|oil|paper|paste|pickle|poha|powder|puffed|sauce|syrup|vinegar|wine,staple; never wiped by produce counts
Disha & Anirudh,Disha & Anirudh,99,Sona rice,Grains,g,sona rice,sona rice|sonarice,bran|chutney|flakes|flour|ketchup|masala|noodle|oil|paper|paste|pickle|poha|powder|puffed|sauce|syrup|vinegar|wine,staple; never wiped by produce counts
Disha & Anirudh,Disha & Anirudh,100,Sona masoori raw rice (A),Grains,g,sona masoori raw rice,sona masoori raw rice|sonamasoorirawrice,bran|chutney|flakes|flour|ketchup|masala|noodle|oil|paper|paste|pickle|poha|powder|puffed|sauce|syrup|vinegar|wine,staple; never wiped by produce counts
Disha & Anirudh,Disha & Anirudh,101,Sona masoori raw rice (B),Grains,packet,sona masoori raw rice,sona masoori raw rice|sonamasoorirawrice,bran|chutney|flakes|flour|ketchup|masala|noodle|oil|paper|paste|pickle|poha|powder|puffed|sauce|syrup|vinegar|wine,staple; never wiped by produce counts
Disha & Anirudh,Disha & Anirudh,102,Whole sabudana,Grains,packet,whole sabudana,whole sabudana|wholesabudana,chutney|ketchup|masala|oil|paste|pickle|powder|sauce|syrup,staple; never wiped by produce counts
Disha & Anirudh,Disha & Anirudh,103,Yellow moong dal,Dals,g,yellow moong dal,yellow moong dal|yellowmoongdal,chutney|ketchup|masala|oil|paste|pickle|powder|sauce|syrup,staple; never wiped by produce counts
Disha & Anirudh,Disha & Anirudh,104,Yellow split moong dal,Dals,g,yellow split moong dal,yellow split moong dal|yellowsplitmoongdal,chutney|ketchup|masala|oil|paste|pickle|powder|sauce|syrup,staple; never wiped by produce counts
Disha & Anirudh,Disha & Anirudh,105,Split moong dal,Dals,g,split moong dal,split moong dal|splitmoongdal,chutney|ketchup|masala|oil|paste|pickle|powder|sauce|syrup,staple; never wiped by produce counts
Disha & Anirudh,Disha & Anirudh,106,Whole moong,Dals,g,whole moong,whole moong|wholemoong,chutney|ketchup|masala|oil|paste|pickle|powder|sauce|syrup,staple; never wiped by produce counts
Disha & Anirudh,Disha & Anirudh,107,Organic whole moong,Dals,packet,whole moong,whole moong|wholemoong,chutney|ketchup|masala|oil|paste|pickle|powder|sauce|syrup,staple; never wiped by produce counts
Disha & Anirudh,Disha & Anirudh,108,Unpolished moong dal,Dals,g,unpolished moong dal,unpolished moong dal|unpolishedmoongdal,chutney|ketchup|masala|oil|paste|pickle|powder|sauce|syrup,staple; never wiped by produce counts
Disha & Anirudh,Disha & Anirudh,109,Moong dal (A),Dals,g,moong dal,moong dal|moongdal,chutney|ketchup|masala|oil|paste|pickle|powder|sauce|syrup,staple; never wiped by produce counts
Disha & Anirudh,Disha & Anirudh,110,Moong dal (B),Dals,g,moong dal,moong dal|moongdal,chutney|ketchup|masala|oil|paste|pickle|powder|sauce|syrup,staple; never wiped by produce counts
Disha & Anirudh,Disha & Anirudh,111,Masoor dal (A),Dals,g,masoor dal,masoor dal|masoordal,chutney|ketchup|masala|oil|paste|pickle|powder|sauce|syrup,staple; never wiped by produce counts
Disha & Anirudh,Disha & Anirudh,112,Masoor dal (B),Dals,packet,masoor dal,masoor dal|masoordal,chutney|ketchup|masala|oil|paste|pickle|powder|sauce|syrup,staple; never wiped by produce counts
Disha & Anirudh,Disha & Anirudh,113,Chana dal (A),Dals,g,chana dal,chana dal|chanadal,chutney|ketchup|masala|oil|paste|pickle|powder|sauce|syrup,staple; never wiped by produce counts
Disha & Anirudh,Disha & Anirudh,114,Chana dal (B),Dals,g,chana dal,chana dal|chanadal,chutney|ketchup|masala|oil|paste|pickle|powder|sauce|syrup,staple; never wiped by produce counts
Disha & Anirudh,Disha & Anirudh,115,Chana dal (C),Dals,g,chana dal,chana dal|chanadal,chutney|ketchup|masala|oil|paste|pickle|powder|sauce|syrup,staple; never wiped by produce counts
Disha & Anirudh,Disha & Anirudh,116,Chana,Dals,g,chana,chana|chickpea|chickpeas|chole|garbanzo|kabuli chana|white chana,chutney|ketchup|masala|oil|paste|pickle|powder|sauce|syrup,staple; never wiped by produce counts
Disha & Anirudh,Disha & Anirudh,117,Toor dal,Dals,g,toor dal,toor dal|toordal,chutney|ketchup|masala|oil|paste|pickle|powder|sauce|syrup,staple; never wiped by produce counts
Disha & Anirudh,Disha & Anirudh,118,Arhar dal (A),Dals,g,arhar dal,arhar dal|arhardal,chutney|ketchup|masala|oil|paste|pickle|powder|sauce|syrup,staple; never wiped by produce counts
Disha & Anirudh,Disha & Anirudh,119,Arhar dal (B),Dals,packet,arhar dal,arhar dal|arhardal,chutney|ketchup|masala|oil|paste|pickle|powder|sauce|syrup,staple; never wiped by produce counts
Disha & Anirudh,Disha & Anirudh,120,Taj Mahal tea,Beverage,packet,taj mahal tea,taj mahal tea|tajmahaltea,chutney|fresh|ketchup|masala|oil|paste|pickle|powder|raw|sauce|syrup,
Disha & Anirudh,Disha & Anirudh,121,Twinings English breakfast tea,Beverage,packet,twinings english breakfast tea,twinings english breakfast tea|twiningsenglishbreakfasttea,chutney|fresh|ketchup|masala|oil|paste|pickle|powder|raw|sauce|syrup,
Disha & Anirudh,Disha & Anirudh,122,Tea leaves,Beverage,g,tea leaves,tea leaves|tealeaves,chutney|fresh|ketchup|masala|oil|paste|pickle|powder|raw|sauce|syrup,
Disha & Anirudh,Disha & Anirudh,123,Tea powder,Beverage,bottle,tea powder,tea powder|teapowder,fresh|raw,
Disha & Anirudh,Disha & Anirudh,124,Brew coffee,Beverage,sachet,brew coffee,brew coffee|brewcoffee,chutney|fresh|ketchup|masala|oil|paste|pickle|powder|raw|sauce|syrup,
Disha & Anirudh,Disha & Anirudh,125,Black pepper (A),Spice,bottle,black pepper,black pepper|blackpepper,chutney|ketchup|masala|oil|paste|pickle|powder|sauce|syrup,staple; never wiped by produce counts
Disha & Anirudh,Disha & Anirudh,126,Black pepper (B),Spice,bottle,black pepper,black pepper|blackpepper,chutney|ketchup|masala|oil|paste|pickle|powder|sauce|syrup,staple; never wiped by produce counts
Disha & Anirudh,Disha & Anirudh,127,Pepper powder,Spice,g,pepper powder,pepper powder|pepperpowder,,staple; never wiped by produce counts
Disha & Anirudh,Disha & Anirudh,128,Red chilli,Spice,g,red chilli,chilli|chilly|mirch|mirchi|red chilli|redchilli,chutney|crisp|flakes|ketchup|masala|oil|paste|pickle|powder|sauce|syrup|vinegar,staple; never wiped by produce counts
Disha & Anirudh,Disha & Anirudh,129,Red chilli powder,Spice,g,red chilli powder,chilli|chilly|mirch|mirchi|red chilli powder|redchillipowder,crisp|flakes|oil|paste|sauce|vinegar,staple; never wiped by produce counts
Disha & Anirudh,Disha & Anirudh,130,Dried red chilli,Spice,g,dried red chilli,chilli|chilly|dried red chilli|driedredchilli|mirch|mirchi,chutney|crisp|flakes|ketchup|masala|oil|paste|pickle|powder|sauce|syrup|vinegar,staple; never wiped by produce counts
Disha & Anirudh,Disha & Anirudh,131,Kashmiri chilli powder,Spice,packet,kashmiri chilli powder,chilli|chilly|kashmiri chilli powder|kashmirichillipowder|mirch|mirchi,crisp|flakes|oil|paste|sauce|vinegar,staple; never wiped by produce counts
Disha & Anirudh,Disha & Anirudh,132,Pure Guntur chilli,Spice,packet,pure guntur chilli,chilli|chilly|mirch|mirchi|pure guntur chilli|puregunturchilli,chutney|crisp|flakes|ketchup|masala|oil|paste|pickle|powder|sauce|syrup|vinegar,staple; never wiped by produce counts
Disha & Anirudh,Disha & Anirudh,133,Shankar tikali chilli powder,Spice,packet,shankar tikali chilli powder,chilli|chilly|mirch|mirchi|shankar tikali chilli powder|shankartikalichillipowder,crisp|flakes|oil|paste|sauce|vinegar,staple; never wiped by produce counts
Disha & Anirudh,Disha & Anirudh,134,Haldi powder,Spice,g,haldi powder,haldi|haldi powder|haldipowder|turmeric|turmeric powder,,staple; never wiped by produce counts
Disha & Anirudh,Disha & Anirudh,135,Haldi,Spice,g,haldi,haldi|turmeric,chutney|ketchup|masala|oil|paste|pickle|powder|sauce|syrup,staple; never wiped by produce counts
Disha & Anirudh,Disha & Anirudh,136,Turmeric,Spice,packet,turmeric,haldi|turmeric,chutney|ketchup|masala|oil|paste|pickle|powder|sauce|syrup,staple; never wiped by produce counts
Disha & Anirudh,Disha & Anirudh,137,Jeera seeds,Spice,g,jeera seeds,cumin|cumin seeds|jeera|jeera seeds|jeeraseeds,,staple; never wiped by produce counts
Disha & Anirudh,Disha & Anirudh,138,Jeera (A),Spice,bottle,jeera,cumin|jeera,chutney|ketchup|masala|oil|paste|pickle|powder|sauce|syrup,staple; never wiped by produce counts
Disha & Anirudh,Disha & Anirudh,139,Jeera (B),Spice,packet,jeera,cumin|jeera,chutney|ketchup|masala|oil|paste|pickle|powder|sauce|syrup,staple; never wiped by produce counts
Disha & Anirudh,Disha & Anirudh,140,Jeera powder (A),Spice,g,jeera powder,cumin|jeera|jeera powder|jeerapowder,,staple; never wiped by produce counts
Disha & Anirudh,Disha & Anirudh,141,Jeera powder (B),Spice,g,jeera powder,cumin|jeera|jeera powder|jeerapowder,,staple; never wiped by produce counts
Disha & Anirudh,Disha & Anirudh,142,Dhaniya seeds,Spice,g,dhaniya seeds,dhaniya seeds|dhaniyaseeds,,staple; never wiped by produce counts
Disha & Anirudh,Disha & Anirudh,143,Dhaniya powder,Spice,jar,dhaniya powder,coriander powder|dhania powder|dhaniya powder|dhaniyapowder,seeds|leaves|fresh|whole|sabut,CONFUSABLE FAMILY (coriander powder) — never match to the other forms of this ingredient
Disha & Anirudh,Disha & Anirudh,144,Sambar powder,Spice,g,sambar powder,sambar powder|sambarpowder,,staple; never wiped by produce counts
Disha & Anirudh,Disha & Anirudh,145,Kora sambar,Spice,g,kora sambar,kora sambar|korasambar,chutney|ketchup|masala|oil|paste|pickle|powder|sauce|syrup,staple; never wiped by produce counts
Disha & Anirudh,Disha & Anirudh,146,Jeera aloo masala,Spice,g,jeera aloo masala,cumin|jeera|jeera aloo masala|jeeraaloomasala,,staple; never wiped by produce counts
Disha & Anirudh,Disha & Anirudh,147,Maharashtrian masala,Spice,g,maharashtrian masala,maharashtrian masala|maharashtrianmasala,,staple; never wiped by produce counts
Disha & Anirudh,Disha & Anirudh,148,Tadka mix,Spice,g,tadka mix,tadka mix|tadkamix,chutney|ketchup|masala|oil|paste|pickle|powder|sauce|syrup,staple; never wiped by produce counts
Disha & Anirudh,Disha & Anirudh,149,Kasuri methi,Spice,g,kasuri methi,fenugreek|fenugreek leaves|kasuri methi|kasurimethi|methi|methi leaves,methi leaves|fresh methi|methi seeds|methi dana|fenugreek seeds,CONFUSABLE FAMILY (kasuri methi) — never match to the other forms of this ingredient
Disha & Anirudh,Disha & Anirudh,150,Hari methi,Spice,g,hari methi,fenugreek|fenugreek leaves|hari methi|harimethi|methi|methi leaves,chutney|ketchup|masala|oil|paste|pickle|powder|sauce|syrup,staple; never wiped by produce counts
Disha & Anirudh,Disha & Anirudh,151,Imli,Spice,g,imli,imli|tamarind,chutney|ketchup|masala|oil|paste|pickle|powder|sauce|syrup,staple; never wiped by produce counts
Disha & Anirudh,Disha & Anirudh,152,Mustard seeds,Spice,packet,mustard seeds,mustard seeds|mustardseeds|rai|sarson,,staple; never wiped by produce counts
Disha & Anirudh,Disha & Anirudh,153,Organic cumin seeds,Spice,packet,cumin seeds,cumin|cumin seeds|cuminseeds|jeera,,staple; never wiped by produce counts
Disha & Anirudh,Disha & Anirudh,154,Hing,Spice,packet,hing,asafoetida|hing,chutney|ketchup|masala|oil|paste|pickle|powder|sauce|syrup,staple; never wiped by produce counts
Disha & Anirudh,Disha & Anirudh,155,Chaat masala,Spice,packet,chaat masala,chaat masala|chaatmasala,,staple; never wiped by produce counts
Disha & Anirudh,Disha & Anirudh,156,Baking powder,Spice,packet,baking powder,baking powder|bakingpowder,,staple; never wiped by produce counts
Disha & Anirudh,Disha & Anirudh,157,Baking soda,Spice,packet,baking soda,baking soda|bakingsoda,chutney|fresh|ketchup|masala|oil|paste|pickle|powder|raw|sauce|syrup,staple; never wiped by produce counts
Disha & Anirudh,Disha & Anirudh,158,Dry mango powder,Spice,packet,dry mango powder,dry mango powder|drymangopowder,,staple; never wiped by produce counts
Disha & Anirudh,Disha & Anirudh,159,Garlic powder,Spice,packet,garlic powder,garlic|garlic peeled|garlic powder|garlicpowder|peeled garlic,black garlic|bread|caper|chutney|mayo|miso|oil|paste|pickle|salt,staple; never wiped by produce counts
Disha & Anirudh,Disha & Anirudh,160,Onion powder (A),Spice,packet,onion powder,onion powder|onionpowder,flakes|fried|petal|pickle|spring,staple; never wiped by produce counts; pool MoH<10
Disha & Anirudh,Disha & Anirudh,161,Onion powder (B),Spice,jar,onion powder,onion powder|onionpowder,flakes|fried|petal|pickle|spring,staple; never wiped by produce counts; pool MoH<10
Disha & Anirudh,Disha & Anirudh,162,Cinnamon powder,Spice,jar,cinnamon powder,cinnamon powder|cinnamonpowder,,staple; never wiped by produce counts
Disha & Anirudh,Disha & Anirudh,163,Nutmeg powder,Spice,jar,nutmeg powder,nutmeg powder|nutmegpowder,,staple; never wiped by produce counts
Disha & Anirudh,Disha & Anirudh,164,Sumac powder,Spice,jar,sumac powder,sumac powder|sumacpowder,,staple; never wiped by produce counts
Disha & Anirudh,Disha & Anirudh,165,Zaatar powder,Spice,jar,zaatar powder,aata|atta|chakki atta|wheat aata|wheat flour|whole wheat atta|whole wheat flour|zaatar powder|zaatarpowder,,staple; never wiped by produce counts
Disha & Anirudh,Disha & Anirudh,166,Mushroom seasoning w/ seaweed,Spice,pack,mushroom seasoning w seaweed,button mushroom|mushroom|mushroom seasoning w seaweed|mushroomseasoningwseaweed,chutney|ketchup|masala|oil|paste|pickle|powder|sauce|soup|syrup,staple; never wiped by produce counts
Disha & Anirudh,Disha & Anirudh,167,Pizza oregano spice mix,Spice,pack,pizza oregano spice mix,pizza oregano spice mix|pizzaoreganospicemix,chutney|ketchup|masala|oil|paste|pickle|powder|sauce|syrup,staple; never wiped by produce counts
Disha & Anirudh,Disha & Anirudh,168,Mixed masalas,Spice,assorted,mixed masalas,mixed masalas|mixedmasalas,,staple; never wiped by produce counts
Disha & Anirudh,Disha & Anirudh,169,Cardamom,Spice,assorted,cardamom,cardamom|elaichi,chutney|ketchup|masala|oil|paste|pickle|powder|sauce|syrup,staple; never wiped by produce counts
Disha & Anirudh,Disha & Anirudh,170,Cloves,Spice,assorted,cloves,clove|cloves|laung,chutney|ketchup|masala|oil|paste|pickle|powder|sauce|syrup,staple; never wiped by produce counts
Disha & Anirudh,Disha & Anirudh,171,Star anise,Spice,assorted,star anise,star anise|staranise,chutney|ketchup|masala|oil|paste|pickle|powder|sauce|syrup,staple; never wiped by produce counts
Disha & Anirudh,Disha & Anirudh,172,Tej patta,Spice,assorted,tej patta,bay leaf|bay leaves|chakki atta|tej patta|tejpatta|wheat aata|wheat flour|whole wheat atta|whole wheat flour,bajra|besan|chutney|jowar|ketchup|maida|masala|noodle|oil|paste|pickle|powder|ragi|sauce|syrup,staple; never wiped by produce counts [28-Aug: removed cross-item aliases that are a known fuzzy trap]
Disha & Anirudh,Disha & Anirudh,173,Gongura pickle,Condiment,g,gongura pickle,gongura pickle|gongurapickle|gud|gur|jaggery,,staple; never wiped by produce counts
Disha & Anirudh,Disha & Anirudh,174,Cut mango pickle,Condiment,jar,cut mango pickle,cut mango pickle|cutmangopickle,,staple; never wiped by produce counts
Disha & Anirudh,Disha & Anirudh,175,Mango pickle,Condiment,jar,mango pickle,mango pickle|mangopickle,,staple; never wiped by produce counts
Disha & Anirudh,Disha & Anirudh,176,Onion mixed pickle,Condiment,g,onion mixed pickle,onion mixed pickle|onionmixedpickle,flakes|fried|petal|powder|spring,staple; never wiped by produce counts; pool MoH<10
Disha & Anirudh,Disha & Anirudh,177,Ketchup,Condiment,bottle,ketchup,ketchup,,staple; never wiped by produce counts
Disha & Anirudh,Disha & Anirudh,178,Tomato ketchup sweet & spicy,Condiment,packet,tomato ketchup sweet spicy,tomato ketchup sweet spicy|tomatoketchupsweetspicy,cherry|hybrid|pasta|paste|puree|soup|sun,staple; never wiped by produce counts; pool MoH<10
Disha & Anirudh,Disha & Anirudh,179,Dark soy sauce,Condiment,bottle,dark soy sauce,dark soy sauce|darksoysauce,,staple; never wiped by produce counts
Disha & Anirudh,Disha & Anirudh,180,Chin-Su sauce,Condiment,packet,chin su sauce,chin su sauce|chinsusauce,,staple; never wiped by produce counts
Disha & Anirudh,Disha & Anirudh,181,Synthetic vinegar,Condiment,bottle,synthetic vinegar,synthetic vinegar|syntheticvinegar,chutney|ketchup|masala|oil|paste|pickle|powder|sauce|syrup,staple; never wiped by produce counts
Disha & Anirudh,Disha & Anirudh,182,Balsamic vinegar,Condiment,bottle,balsamic vinegar,balsamic vinegar|balsamicvinegar,chutney|ketchup|masala|oil|paste|pickle|powder|sauce|syrup,staple; never wiped by produce counts
Disha & Anirudh,Disha & Anirudh,183,French vinaigrette,Condiment,bottle,french vinaigrette,french vinaigrette|frenchvinaigrette,chutney|ketchup|masala|oil|paste|pickle|powder|sauce|syrup,staple; never wiped by produce counts
Disha & Anirudh,Disha & Anirudh,184,Bengal mustard kasundi,Condiment,bottle,bengal mustard kasundi,bengal mustard kasundi|bengalmustardkasundi,chutney|ketchup|masala|oil|paste|pickle|powder|sauce|syrup,staple; never wiped by produce counts
Disha & Anirudh,Disha & Anirudh,185,Mayonnaise,Condiment,g,mayonnaise,mayonnaise,chutney|ketchup|masala|oil|paste|pickle|powder|sauce|syrup,staple; never wiped by produce counts
Disha & Anirudh,Disha & Anirudh,186,Hellmann mayonnaise (B),Condiment,packet,hellmann mayonnaise,hellmann mayonnaise|hellmannmayonnaise,chutney|ketchup|masala|oil|paste|pickle|powder|sauce|syrup,staple; never wiped by produce counts
Disha & Anirudh,Disha & Anirudh,187,Honey mustard,Condiment,bottle,honey mustard,honey mustard|honeymustard,chutney|ketchup|masala|oil|paste|pickle|powder|sauce|syrup,staple; never wiped by produce counts
Disha & Anirudh,Disha & Anirudh,188,Honey mustard dip,Condiment,jar,honey mustard dip,honey mustard dip|honeymustarddip,chutney|ketchup|masala|oil|paste|pickle|powder|sauce|syrup,staple; never wiped by produce counts
Disha & Anirudh,Disha & Anirudh,189,Cheese & jalapeno dip,Condiment,jar,cheese jalapeno dip,cheese jalapeno dip|cheesejalapenodip,ball|chutney|ketchup|masala|oil|paste|pickle|powder|sauce|slice (sep)|syrup,staple; never wiped by produce counts
Disha & Anirudh,Disha & Anirudh,190,Pizza sauce,Condiment,jar,pizza sauce,pizza sauce|pizzasauce,,staple; never wiped by produce counts
Disha & Anirudh,Disha & Anirudh,191,Gochujang,Condiment,packet,gochujang,gochujang,chutney|ketchup|masala|oil|paste|pickle|powder|sauce|syrup,staple; never wiped by produce counts
Disha & Anirudh,Disha & Anirudh,192,Panda oyster sauce,Condiment,bottle,panda oyster sauce,panda oyster sauce|pandaoystersauce,,staple; never wiped by produce counts
Disha & Anirudh,Disha & Anirudh,193,Sriracha,Condiment,ml,sriracha,sriracha,chutney|ketchup|masala|oil|paste|pickle|powder|sauce|syrup,staple; never wiped by produce counts
Disha & Anirudh,Disha & Anirudh,194,Sriracha green chilli sauce,Condiment,jar,sriracha green chilli sauce,chilli|chilly|mirch|mirchi|sriracha green chilli sauce|srirachagreenchillisauce,crisp|flakes|oil|paste|powder|vinegar,staple; never wiped by produce counts
Disha & Anirudh,Disha & Anirudh,195,Sriracha chilli sauce,Condiment,bottle,sriracha chilli sauce,chilli|chilly|mirch|mirchi|sriracha chilli sauce|srirachachillisauce,crisp|flakes|oil|paste|powder|vinegar,staple; never wiped by produce counts
Disha & Anirudh,Disha & Anirudh,196,Hot sauce,Condiment,bottle,hot sauce,hot sauce|hotsauce,,staple; never wiped by produce counts
Disha & Anirudh,Disha & Anirudh,197,Buddha hot sauce,Condiment,bottle,buddha hot sauce,buddha hot sauce|buddhahotsauce,,staple; never wiped by produce counts
Disha & Anirudh,Disha & Anirudh,198,Crunchy chilli oil,Condiment,jar,crunchy chilli oil,chilli|chilly|crunchy chilli oil|crunchychillioil|mirch|mirchi,crisp|essential|flakes|paste|powder|sauce|vinegar,staple; never wiped by produce counts
Disha & Anirudh,Disha & Anirudh,199,Green olives,Condiment,jar,green olives,green olives|greenolives,chutney|ketchup|masala|oil|paste|pickle|powder|sauce|syrup,staple; never wiped by produce counts
Disha & Anirudh,Disha & Anirudh,200,Del Monte pitted black olives,Condiment,jar,pitted black olives,pitted black olives|pittedblackolives,chutney|ketchup|masala|oil|paste|pickle|powder|sauce|syrup,staple; never wiped by produce counts
Disha & Anirudh,Disha & Anirudh,201,Cherry pepper feta stuffed,Condiment,jar,cherry pepper feta stuffed,cherry pepper feta stuffed|cherrypepperfetastuffed,chutney|ketchup|masala|oil|paste|pickle|powder|sauce|syrup,staple; never wiped by produce counts
Disha & Anirudh,Disha & Anirudh,202,Jalapenos,Condiment,jar,jalapenos,jalapenos,chutney|ketchup|masala|oil|paste|pickle|powder|sauce|syrup,staple; never wiped by produce counts
Disha & Anirudh,Disha & Anirudh,203,Sliced jalapeno peppers,Condiment,jar,sliced jalapeno peppers,sliced jalapeno peppers|slicedjalapenopeppers,chutney|ketchup|masala|oil|paste|pickle|powder|sauce|syrup,staple; never wiped by produce counts
Disha & Anirudh,Disha & Anirudh,204,German sweet & sour,Condiment,jar,german sweet sour,german sweet sour|germansweetsour,chutney|ketchup|masala|oil|paste|pickle|powder|sauce|syrup,staple; never wiped by produce counts
Disha & Anirudh,Disha & Anirudh,205,Original kimchi,Condiment,jar,original kimchi,original kimchi|originalkimchi,chutney|ketchup|masala|oil|paste|pickle|powder|sauce|syrup,staple; never wiped by produce counts
Disha & Anirudh,Disha & Anirudh,206,Pomegranate (peeled),Fruit,g,pomegranate,pomegranate,chutney|ketchup|masala|oil|paste|pickle|powder|sauce|syrup,perishable; MoH fresh<5
Disha & Anirudh,Disha & Anirudh,207,Orchard Lane spreadable fruit,Condiment,jar,orchard lane spreadable fruit,orchard lane spreadable fruit|orchardlanespreadablefruit,chutney|ketchup|masala|oil|paste|pickle|powder|sauce|syrup,staple; never wiped by produce counts
Disha & Anirudh,Disha & Anirudh,208,Bournvita,Other,packet,bournvita,bournvita,chutney|ketchup|masala|oil|paste|pickle|powder|sauce|syrup,
Disha & Anirudh,Disha & Anirudh,209,Sugar-free stevia,Other,packet,sugar free stevia,sugar free stevia|sugarfreestevia,brown|chutney|icing|ketchup|masala|oil|paste|pickle|powder|powdered|sauce|syrup,
Disha & Anirudh,Disha & Anirudh,210,Everyday sweet sugar replacer,Other,sachet,everyday sweet sugar replacer,everyday sweet sugar replacer|everydaysweetsugarreplacer,brown|chutney|free|icing|ketchup|masala|oil|paste|pickle|powder|powdered|sauce|syrup,
Disha & Anirudh,Disha & Anirudh,211,Sugar-free,Other,g,sugar free,sugar free|sugarfree,brown|chutney|icing|ketchup|masala|oil|paste|pickle|powder|powdered|sauce|syrup,
Disha & Anirudh,Disha & Anirudh,212,M16,Other,packet,m16,m16,chutney|ketchup|masala|oil|paste|pickle|powder|sauce|syrup,
Disha & Anirudh,Disha & Anirudh,213,Noodle packets,Other,assorted,noodle packets,noodle packets|noodlepackets,chutney|ketchup|masala|oil|paste|pickle|powder|sauce|syrup,
Disha & Anirudh,Disha & Anirudh,214,Red Thai noodles,Other,packet,red thai noodles,red thai noodles|redthainoodles,chutney|ketchup|masala|oil|paste|pickle|powder|sauce|syrup,
Disha & Anirudh,Disha & Anirudh,215,Hakka noodles,Other,packet,hakka noodles,hakka noodles|hakkanoodles,chutney|ketchup|masala|oil|paste|pickle|powder|sauce|syrup,
Disha & Anirudh,Disha & Anirudh,216,Noodles,Grains & pantry,g,noodles,noodles,chutney|ketchup|masala|oil|paste|pickle|powder|sauce|syrup,staple; never wiped by produce counts
Disha & Anirudh,Disha & Anirudh,217,Vermicelli,Grains & pantry,g,vermicelli,semiya|seviyan|vermicelli,chutney|ketchup|masala|oil|paste|pickle|powder|sauce|syrup,staple; never wiped by produce counts
Disha & Anirudh,Disha & Anirudh,218,Pasta,Grains & pantry,g,pasta,pasta,chutney|ketchup|masala|oil|paste|pickle|powder|sauce|syrup,staple; never wiped by produce counts
Disha & Anirudh,Disha & Anirudh,219,Fusilli/Bucatini pasta,Grains & pantry,packet,fusilli bucatini pasta,fusilli bucatini pasta|fusillibucatinipasta,chutney|ketchup|masala|oil|paste|pickle|powder|sauce|syrup,staple; never wiped by produce counts
Disha & Anirudh,Disha & Anirudh,220,Tagliatelle/Mezze pasta,Grains & pantry,packet,tagliatelle mezze pasta,tagliatelle mezze pasta|tagliatellemezzepasta,chutney|ketchup|masala|oil|paste|pickle|powder|sauce|syrup,staple; never wiped by produce counts
Disha & Anirudh,Disha & Anirudh,221,Tteokbokki carbonara,Other,packet,tteokbokki carbonara,tteokbokki carbonara|tteokbokkicarbonara,chutney|ketchup|masala|oil|paste|pickle|powder|sauce|syrup,
Disha & Anirudh,Disha & Anirudh,222,Fried pork,Meat & fish,packet,fried pork,fried pork|friedpork,chutney|ketchup|masala|oil|paste|pickle|powder|sauce|syrup,perishable
Disha & Anirudh,Disha & Anirudh,227,Cremini mushroom,Vegetable,g,cremini mushroom,button mushroom|cremini mushroom|creminimushroom|mushroom,chutney|ketchup|masala|oil|paste|pickle|powder|sauce|soup|syrup,perishable; MoH fresh<5
Disha & Anirudh,Disha & Anirudh,228,Spinach,Vegetable,g,spinach,palak|spinach,chutney|ketchup|masala|oil|paste|pickle|powder|sauce|syrup,perishable; MoH fresh<5
Disha & Anirudh,Disha & Anirudh,229,Malai paneer,Meat,g,malai paneer,malai paneer|malaipaneer,chutney|ketchup|masala|oil|paste|pickle|powder|sauce|syrup|tofu,perishable
Disha & Anirudh,Disha & Anirudh,230,Ginger,Vegetable,g,ginger,ginger,blossom|candy|chutney|garlic|ketchup|masala|oil|paste|pickle|powder|sauce|syrup|tea,perishable; MoH fresh<5
Disha & Anirudh,Disha & Anirudh,231,"Red chilli (long, fresh)",FnV,g,red chilli,chilli|chilly|mirch|mirchi|red chilli|redchilli,chutney|crisp|flakes|ketchup|masala|oil|paste|pickle|powder|sauce|syrup|vinegar,
Disha & Anirudh,Disha & Anirudh,232,Garlic (fresh),Vegetable,g,garlic,garlic|garlic peeled|peeled garlic,black garlic|bread|caper|chutney|ketchup|masala|mayo|miso|oil|paste|pickle|powder|salt|sauce|syrup,perishable; MoH fresh<5
Disha & Anirudh,Disha & Anirudh,233,Cheese block,Dairy,g,cheese block,cheese block|cheeseblock,ball|chutney|ketchup|masala|oil|paste|pickle|powder|sauce|slice (sep)|syrup,perishable
Disha & Anirudh,Disha & Anirudh,234,Frozen green peas,Frozen,g,green peas,green peas|greenpeas|matar|peas,chutney|dried|ketchup|masala|oil|paste|pickle|powder|protein|sauce|syrup|wasabi,perishable
Disha & Anirudh,Disha & Anirudh,235,Chicken breast (boneless),Meat,g,chicken breast,chicken breast|chickenbreast,chutney|cube|essence|ketchup|knorr|masala|oil|paste|pickle|powder|sauce|seasoning|stock|syrup,perishable
Disha & Anirudh,Disha & Anirudh,236,Manual hand-press juicer,Non-food,pc,manual hand press juicer,manual hand press juicer|manualhandpressjuicer,chutney|fresh|ketchup|masala|oil|paste|pickle|powder|raw|sauce|syrup,
Disha & Anirudh,Disha & Anirudh,237,Haricot beans,Vegetable,g,haricot beans,haricot beans|haricotbeans,black bean sauce|chutney|coffee|ketchup|masala|moong|oil|paste|pickle|powder|rajma|sauce|syrup|vanilla,perishable; MoH fresh<5
Disha & Anirudh,Disha & Anirudh,238,Carrot,Vegetable,pc,carrot,carrot,chutney|ketchup|masala|oil|paste|pickle|powder|sauce|syrup,perishable; MoH fresh<5
Disha & Anirudh,Disha & Anirudh,239,Red capsicum,Vegetable,g,red capsicum,bell pepper|capsicum|red capsicum|redcapsicum|shimla mirch,chutney|ketchup|masala|oil|paste|pickle|powder|sauce|syrup,perishable; MoH fresh<5; ALL colours = ONE pool; dashboard single row; MoH<10
Disha & Anirudh,Disha & Anirudh,240,Cucumber,Vegetable,pc,cucumber,cucumber|english cucumber|kheera,chutney|ketchup|masala|oil|paste|pickle|powder|sauce|syrup,perishable; MoH fresh<5; types pooled
Disha & Anirudh,Disha & Anirudh,241,Kala chana,Staple,g,kala chana,black chana|brown chana|desi chana|kala chana|kalachana,chutney|ketchup|masala|oil|paste|pickle|powder|sauce|syrup,staple; never wiped by produce counts
Disha & Anirudh,Disha & Anirudh,242,Urad dal,Staple,g,urad dal,urad dal|uraddal,chutney|ketchup|masala|oil|paste|pickle|powder|sauce|syrup,staple; never wiped by produce counts
Disha & Anirudh,Disha & Anirudh,243,Rocket leaves (arugula),Vegetable,g,rocket leaves,rocket leaves|rocketleaves,chutney|ketchup|masala|oil|paste|pickle|powder|sauce|syrup,perishable; MoH fresh<5
Disha & Anirudh,Disha & Anirudh,244,Sourdough bread,Bread & bakery,loaf,sourdough bread,sourdough bread|sourdoughbread,chutney|ketchup|masala|oil|paste|pickle|powder|sauce|syrup,perishable
Disha & Anirudh,Disha & Anirudh,245,Guava,Fruit,pc,guava,guava,chutney|ketchup|masala|oil|paste|pickle|powder|sauce|syrup,perishable; MoH fresh<5
Disha & Anirudh,Disha & Anirudh,246,Tzatziki,Dairy,g,tzatziki,tzatziki,chutney|ketchup|masala|oil|paste|pickle|powder|sauce|syrup,perishable
Disha & Anirudh,Disha & Anirudh,247,Green chutney,Condiment,g,green chutney,green chutney|greenchutney,,staple; never wiped by produce counts
Disha & Anirudh,Disha & Anirudh,248,Tamarind chutney,Condiment,g,tamarind chutney,tamarind chutney|tamarindchutney,,staple; never wiped by produce counts
Disha & Anirudh,Disha & Anirudh,249,Knorr chicken cube,Pantry,g,knorr chicken cube,knorr chicken cube|knorrchickencube,chutney|essence|ketchup|masala|oil|paste|pickle|powder|sauce|seasoning|stock|syrup,staple; never wiped by produce counts
Disha & Anirudh,Disha & Anirudh,250,Sweet corn kernels,Frozen,g,sweet corn kernels,corn kernels|sweet corn|sweet corn kernels|sweetcornkernels,chutney|ketchup|masala|oil|paste|pickle|powder|sauce|syrup,perishable
Disha & Anirudh,Disha & Anirudh,251,Romaine lettuce,Vegetable,g,romaine lettuce,romaine lettuce|romainelettuce,chutney|ketchup|masala|oil|paste|pickle|powder|sauce|syrup,perishable; MoH fresh<5
Disha & Anirudh,Disha & Anirudh,252,Butterhead lettuce,Vegetable,g,butterhead lettuce,butterhead lettuce|butterheadlettuce,almond|chutney|cocoa|fruit|ketchup|masala|milk|oil|paste|peanut|pickle|powder|sauce|scotch|syrup,perishable; MoH fresh<5
Disha & Anirudh,Disha & Anirudh,253,Pork (packet),Meat & fish,packet,pork,pork,chutney|ketchup|masala|oil|paste|pickle|powder|sauce|syrup,perishable
Disha & Anirudh,Disha & Anirudh,254,Cherry (imported),Fruit,g,cherry,cherry,chutney|ketchup|masala|oil|paste|pickle|powder|sauce|syrup,perishable; MoH fresh<5
Disha & Anirudh,Disha & Anirudh,255,Blueberry,Fruit,g,blueberry,blueberry|imported blueberry,chutney|ketchup|masala|oil|paste|pickle|powder|sauce|syrup,perishable; MoH fresh<5
Disha & Anirudh,Disha & Anirudh,256,Keya hot red chilli flakes,Spice,g,keya hot red chilli flakes,chilli|chilly|keya hot red chilli flakes|keyahotredchilliflakes|mirch|mirchi,chutney|crisp|ketchup|masala|oil|paste|pickle|powder|sauce|syrup|vinegar,staple; never wiped by produce counts
Disha & Anirudh,Disha & Anirudh,257,Indian cucumber,Vegetable,pc,indian cucumber,cucumber|english cucumber|indian cucumber|indiancucumber|kheera,chutney|ketchup|masala|oil|paste|pickle|powder|sauce|syrup,perishable; MoH fresh<5; types pooled
Disha & Anirudh,Disha & Anirudh,258,Godrej Jersey Slim skimmed milk,Dairy,ml,godrej jersey slim skimmed milk,godrej jersey slim skimmed milk|godrejjerseyslimskimmedmilk,almond|butter|chocolate|chutney|coconut|condensed|ketchup|masala|milkmaid|oat|oil|paste|pickle|powder|sauce|skyr|soy|syrup,perishable
Disha & Anirudh,Disha & Anirudh,259,Buttermilk (tetra pack),Dairy,pack,buttermilk,buttermilk,almond|chocolate|chutney|cocoa|coconut|condensed|fruit|ketchup|masala|milkmaid|oat|oil|paste|peanut|pickle|powder|sauce|scotch|skyr|soy|syrup,perishable
Disha & Anirudh,Disha & Anirudh,260,Yellow sweet corn (cob),Vegetable,pc,yellow sweet corn,corn kernels|sweet corn|yellow sweet corn|yellowsweetcorn,chutney|ketchup|masala|oil|paste|pickle|powder|sauce|syrup,perishable; MoH fresh<5
Disha & Anirudh,Disha & Anirudh,261,Onion shallots,Vegetable,g,onion shallots,onion shallots|onionshallots,chutney|flakes|fried|ketchup|masala|oil|paste|petal|pickle|powder|sauce|spring|syrup,perishable; MoH fresh<5; pool MoH<10
Disha & Anirudh,Disha & Anirudh,262,Chicken (Blinkit) (EST),Meat,g,chicken,chicken,chutney|cube|essence|ketchup|knorr|masala|oil|paste|pickle|powder|sauce|seasoning|stock|syrup,perishable
Disha & Anirudh,Disha & Anirudh,263,Skyr,Dairy,pc,skyr,milky mist skyr|skyr,chutney|ketchup|masala|oil|paste|pickle|powder|sauce|syrup,perishable
Disha & Anirudh,Disha & Anirudh,264,Pink Lady apple,Fruit,pc,pink lady apple,pink lady apple|pinkladyapple,chutney|cider|custard|green apple|ketchup|masala|oil|paste|pickle|pine|powder|sauce|syrup|vinegar,perishable; MoH fresh<5
Disha & Anirudh,Disha & Anirudh,265,Packham pear,Fruit,pc,packham pear,packham pear|packhampear,chutney|ketchup|masala|oil|paste|pickle|powder|sauce|syrup,perishable; MoH fresh<5
Disha & Anirudh,Disha & Anirudh,266,Twinings English Breakfast tea,Staple,pc,twinings english breakfast tea,twinings english breakfast tea|twiningsenglishbreakfasttea,chutney|fresh|ketchup|masala|oil|paste|pickle|powder|raw|sauce|syrup,staple; never wiped by produce counts
Disha & Anirudh,Disha & Anirudh,267,Indian tomato,Vegetable,g,indian tomato,indian tomato|indiantomato,cherry|chutney|hybrid|ketchup|masala|oil|pasta|paste|pickle|powder|puree|sauce|soup|sun|syrup,perishable; MoH fresh<5; pool MoH<10
Disha & Anirudh,Disha & Anirudh,268,Imported blueberry,Fruit,g,blueberry,blueberry|imported blueberry,chutney|ketchup|masala|oil|paste|pickle|powder|sauce|syrup,perishable; MoH fresh<5
Disha & Anirudh,Disha & Anirudh,269,Oats,Staple,g,oats,oats,chutney|ketchup|masala|oil|paste|pickle|powder|sauce|syrup,staple; never wiped by produce counts
Disha & Anirudh,Disha & Anirudh,270,Beetroot,Vegetable,pc,beetroot,beetroot,chutney|ketchup|masala|oil|paste|pickle|powder|sauce|syrup,perishable; MoH fresh<5
Disha & Anirudh,Disha & Anirudh,271,Lactose free milk (Amul),Dairy,pack,lactose free milk,lactose free milk|lactosefreemilk,almond|butter|chocolate|chutney|coconut|condensed|ketchup|masala|milkmaid|oat|oil|paste|pickle|powder|sauce|skyr|soy|syrup,perishable
Disha & Anirudh,Disha & Anirudh,272,Ginger garlic paste,Vegetable,g,ginger garlic paste,garlic|garlic peeled|ginger garlic paste|gingergarlicpaste|peeled garlic,black garlic|blossom|bread|candy|caper|chutney|mayo|miso|oil|pickle|powder|salt|tea,perishable; MoH fresh<5
Disha & Anirudh,Disha & Anirudh,273,Button mushroom,Vegetable,g,button mushroom,button mushroom|buttonmushroom|mushroom,chutney|ketchup|masala|oil|paste|pickle|powder|sauce|soup|syrup,perishable; MoH fresh<5
Disha & Anirudh,Disha & Anirudh,274,Cherry tomato,Vegetable,g,cherry tomato,cherry tomato|cherrytomato,chutney|hybrid|ketchup|masala|oil|pasta|paste|pickle|powder|puree|sauce|soup|sun|syrup,perishable; MoH fresh<5; pool MoH<10
Disha & Anirudh,Disha & Anirudh,275,Green beans,Vegetable,g,green beans,green beans|greenbeans,black bean sauce|chutney|coffee|ketchup|masala|moong|oil|paste|pickle|powder|rajma|sauce|syrup|vanilla,perishable; MoH fresh<5
Kartik & Dhara,Kartik & Dhara,5,Beetroot,Vegetable,g,beetroot,beetroot,chutney|ketchup|masala|oil|paste|pickle|powder|sauce|syrup,perishable; MoH fresh<5
Kartik & Dhara,Kartik & Dhara,6,Garlic,Vegetable,g,garlic,garlic|garlic peeled|peeled garlic,black garlic|bread|caper|chutney|ketchup|masala|mayo|miso|oil|paste|pickle|powder|salt|sauce|syrup,perishable; MoH fresh<5
Kartik & Dhara,Kartik & Dhara,7,Ginger,Vegetable,g,ginger,ginger,blossom|candy|chutney|garlic|ketchup|masala|oil|paste|pickle|powder|sauce|syrup|tea,perishable; MoH fresh<5
Kartik & Dhara,Kartik & Dhara,8,Green chilli,Vegetable,g,green chilli,chilli|chilly|green chilli|greenchilli|mirch|mirchi,chutney|crisp|flakes|ketchup|masala|oil|paste|pickle|powder|sauce|syrup|vinegar,perishable; MoH fresh<5
Kartik & Dhara,Kartik & Dhara,9,Mint,Vegetable,g,mint,mint|mint leaves|pudina,chutney|chutney (bottled)|ketchup|masala|oil|paste|pickle|powder|sauce|syrup|tea,perishable; MoH fresh<5
Kartik & Dhara,Kartik & Dhara,10,Onion,Vegetable,g,onion,onion,chutney|flakes|fried|ketchup|masala|oil|paste|petal|pickle|powder|sauce|spring|syrup,perishable; MoH fresh<5; pool MoH<10
Kartik & Dhara,Kartik & Dhara,11,Potato,Vegetable,g,potato,potato,chutney|ketchup|masala|oil|paste|pickle|powder|sauce|syrup,perishable; MoH fresh<5; pool MoH<10
Kartik & Dhara,Kartik & Dhara,12,Spring onion,Vegetable,g,spring onion,spring onion|springonion,chutney|flakes|fried|ketchup|masala|oil|paste|petal|pickle|powder|sauce|syrup,perishable; MoH fresh<5; pool MoH<10
Kartik & Dhara,Kartik & Dhara,13,Tender coconut (chopped),Fruit,g,tender coconut,tender coconut|tendercoconut,aminos|chutney|ketchup|masala|milk powder|oil|paste|pickle|powder|sauce|sugar|syrup|vinegar|water,perishable; MoH fresh<5
Kartik & Dhara,Kartik & Dhara,14,Tomato,Vegetable,g,tomato,tomato,cherry|chutney|hybrid|ketchup|masala|oil|pasta|paste|pickle|powder|puree|sauce|soup|sun|syrup,perishable; MoH fresh<5; pool MoH<10
Kartik & Dhara,Kartik & Dhara,15,Milk bread (dough),Bread & bakery,pc,milk bread,milk bread|milkbread,almond|butter|chocolate|chutney|coconut|condensed|ketchup|masala|milkmaid|oat|oil|paste|pickle|powder|sauce|skyr|soy|syrup,perishable
Kartik & Dhara,Kartik & Dhara,16,Pizza bread,Bread & bakery,pc,pizza bread,pizza bread|pizzabread,chutney|ketchup|masala|oil|paste|pickle|powder|sauce|syrup,perishable
Kartik & Dhara,Kartik & Dhara,17,Sourdough (olive & rosemary),Bread & bakery,loaf,sourdough,sourdough,chutney|ketchup|masala|oil|paste|pickle|powder|sauce|syrup,perishable
Kartik & Dhara,Kartik & Dhara,18,Buttermilk,Dairy,ml,buttermilk,buttermilk,almond|chocolate|chutney|cocoa|coconut|condensed|fruit|ketchup|masala|milkmaid|oat|oil|paste|peanut|pickle|powder|sauce|scotch|skyr|soy|syrup,perishable
Kartik & Dhara,Kartik & Dhara,19,Curd/yogurt,Dairy,g,curd yogurt,curd|curd yogurt|curdyogurt|dahi|jaggery|yoghurt|yogurt,chutney|greek|jaggery|ketchup|masala|oil|paste|pickle|powder|sauce|syrup,perishable [28-Aug: removed cross-item aliases that are a known fuzzy trap]
Kartik & Dhara,Kartik & Dhara,20,Fresh cream,Dairy,ml,cream,cream,chutney|ketchup|masala|oil|paste|pickle|powder|sauce|syrup,perishable
Kartik & Dhara,Kartik & Dhara,21,Paneer,Meat,g,paneer,paneer,chutney|ketchup|masala|oil|paste|pickle|powder|sauce|syrup|tofu,"perishable; max 100g/meal, 1 pax (h4)"
Kartik & Dhara,Kartik & Dhara,22,Raw cow milk,Dairy,ml,raw cow milk,raw cow milk|rawcowmilk,almond|butter|chocolate|chutney|coconut|condensed|ketchup|masala|milkmaid|oat|oil|paste|pickle|powder|sauce|skyr|soy|syrup,perishable
Kartik & Dhara,Kartik & Dhara,23,Skyr (Milky Mist),Dairy,pc,skyr,milky mist skyr|skyr,chutney|ketchup|masala|oil|paste|pickle|powder|sauce|syrup,perishable
Kartik & Dhara,Kartik & Dhara,24,Ash gourd,Vegetable,g,ash gourd,ash gourd|ashgourd,chutney|ketchup|masala|oil|paste|pickle|powder|sauce|syrup,perishable; MoH fresh<5
Kartik & Dhara,Kartik & Dhara,25,Baby corn,Vegetable,g,baby corn,baby corn|babycorn,chutney|ketchup|masala|oil|paste|pickle|powder|sauce|syrup,perishable; MoH fresh<5
Kartik & Dhara,Kartik & Dhara,26,Banana,Fruit,pc,banana,banana,chips|chutney|flour|ketchup|masala|oil|paste|pickle|powder|sauce|syrup,perishable; MoH fresh<5
Kartik & Dhara,Kartik & Dhara,27,Brinjal,Vegetable,g,brinjal,aubergine|baingan|brinjal|eggplant,chutney|ketchup|masala|oil|paste|pickle|powder|sauce|syrup,perishable; MoH fresh<5
Kartik & Dhara,Kartik & Dhara,28,Broccoli,Vegetable,g,broccoli,broccoli,chutney|ketchup|masala|oil|paste|pickle|powder|sauce|syrup,perishable; MoH fresh<5
Kartik & Dhara,Kartik & Dhara,29,Button mushroom,Vegetable,g,button mushroom,button mushroom|buttonmushroom|mushroom,chutney|ketchup|masala|oil|paste|pickle|powder|sauce|soup|syrup,perishable; MoH fresh<5
Kartik & Dhara,Kartik & Dhara,30,Cabbage,Vegetable,pc,cabbage,cabbage,chutney|ketchup|masala|oil|paste|pickle|powder|sauce|syrup,perishable; MoH fresh<5
Kartik & Dhara,Kartik & Dhara,31,Carrot,Vegetable,pc,carrot,carrot,chutney|ketchup|masala|oil|paste|pickle|powder|sauce|syrup,perishable; MoH fresh<5
Kartik & Dhara,Kartik & Dhara,32,Cauliflower,Vegetable,g,cauliflower,cauliflower|gobhi|gobi|phool gobhi,chutney|ketchup|masala|oil|paste|pickle|powder|sauce|syrup,perishable; MoH fresh<5
Kartik & Dhara,Kartik & Dhara,33,Cucumber,Vegetable,pc,cucumber,cucumber|english cucumber|kheera,chutney|ketchup|masala|oil|paste|pickle|powder|sauce|syrup,perishable; MoH fresh<5; types pooled
Kartik & Dhara,Kartik & Dhara,34,Curry leaves,Vegetable,g,curry leaves,curry leaves|curryleaves,chutney|ketchup|masala|oil|paste|pickle|powder|sauce|syrup,perishable; MoH fresh<5
Kartik & Dhara,Kartik & Dhara,35,Dill,Vegetable,g,dill,dill,chutney|ketchup|masala|oil|paste|pickle|powder|sauce|syrup,perishable; MoH fresh<5
Kartik & Dhara,Kartik & Dhara,36,Dried cranberry,Fruit,g,dried cranberry,dried cranberry|driedcranberry,chutney|ketchup|masala|oil|paste|pickle|powder|sauce|syrup,perishable; MoH fresh<5
Kartik & Dhara,Kartik & Dhara,37,Drumstick (pods),Vegetable,g,drumstick,drumstick,chutney|ketchup|masala|oil|paste|pickle|powder|sauce|syrup,perishable; MoH fresh<5
Kartik & Dhara,Kartik & Dhara,38,Dry coconut,Vegetable,pc,dry coconut,dry coconut|drycoconut,aminos|chutney|ketchup|masala|milk powder|oil|paste|pickle|powder|sauce|sugar|syrup|vinegar|water,perishable; MoH fresh<5
Kartik & Dhara,Kartik & Dhara,39,Green beans,Vegetable,g,green beans,green beans|greenbeans,black bean sauce|chutney|coffee|ketchup|masala|moong|oil|paste|pickle|powder|rajma|sauce|syrup|vanilla,perishable; MoH fresh<5
Kartik & Dhara,Kartik & Dhara,40,Green capsicum,Vegetable,pc,green capsicum,bell pepper|capsicum|green capsicum|greencapsicum|shimla mirch,chutney|ketchup|masala|oil|paste|pickle|powder|sauce|syrup,perishable; MoH fresh<5; ALL colours = ONE pool; dashboard single row; MoH<10
Kartik & Dhara,Kartik & Dhara,41,Lady's finger,Vegetable,g,lady s finger,lady s finger|ladysfinger,chutney|ketchup|masala|oil|paste|pickle|powder|sauce|syrup,perishable; MoH fresh<5
Kartik & Dhara,Kartik & Dhara,42,Lemon,Vegetable,pc,lemon,lemon|lemons|lime|nimbu,chutney|curd (lemon)|grass|ketchup|lemonade|masala|oil|paste|pickle|powder|sauce|soda|syrup|tea,perishable; MoH fresh<5
Kartik & Dhara,Kartik & Dhara,43,Lettuce,Vegetable,g,lettuce,lettuce,chutney|ketchup|masala|oil|paste|pickle|powder|sauce|syrup,perishable; MoH fresh<5
Kartik & Dhara,Kartik & Dhara,44,Methi (fenugreek),Spice,g,methi,fenugreek|fenugreek leaves|methi|methi leaves,chutney|ketchup|masala|oil|paste|pickle|powder|sauce|syrup,staple; never wiped by produce counts
Kartik & Dhara,Kartik & Dhara,45,Papaya,Fruit,g,papaya,papaya,chutney|ketchup|masala|oil|paste|pickle|powder|sauce|syrup,perishable; MoH fresh<5
Kartik & Dhara,Kartik & Dhara,46,Parwal,Vegetable,g,parwal,parwal,chutney|ketchup|masala|oil|paste|pickle|powder|sauce|syrup,perishable; MoH fresh<5
Kartik & Dhara,Kartik & Dhara,47,Pumpkin,Vegetable,g,pumpkin,pumpkin,chutney|ketchup|masala|oil|paste|pickle|powder|sauce|syrup,perishable; MoH fresh<5
Kartik & Dhara,Kartik & Dhara,48,Red cabbage,Vegetable,g,red cabbage,red cabbage|redcabbage,chutney|ketchup|masala|oil|paste|pickle|powder|sauce|syrup,perishable; MoH fresh<5
Kartik & Dhara,Kartik & Dhara,49,Red capsicum,Vegetable,pc,red capsicum,bell pepper|capsicum|red capsicum|redcapsicum|shimla mirch,chutney|ketchup|masala|oil|paste|pickle|powder|sauce|syrup,perishable; MoH fresh<5; ALL colours = ONE pool; dashboard single row; MoH<10
Kartik & Dhara,Kartik & Dhara,50,Romanesco,Vegetable,g,romanesco,romanesco,chutney|ketchup|masala|oil|paste|pickle|powder|sauce|syrup,perishable; MoH fresh<5
Kartik & Dhara,Kartik & Dhara,51,Spinach/Palak,Vegetable,g,spinach palak,palak|spinach|spinach palak|spinachpalak,chutney|ketchup|masala|oil|paste|pickle|powder|sauce|syrup,perishable; MoH fresh<5
Kartik & Dhara,Kartik & Dhara,52,Sweet corn,Vegetable,g,sweet corn,corn kernels|sweet corn|sweetcorn,chutney|ketchup|masala|oil|paste|pickle|powder|sauce|syrup,perishable; MoH fresh<5
Kartik & Dhara,Kartik & Dhara,53,Watermelon (cut),Fruit,g,watermelon,watermelon,chutney|ketchup|masala|oil|paste|pickle|powder|sauce|syrup,perishable; MoH fresh<5
Kartik & Dhara,Kartik & Dhara,54,Yellow capsicum,Vegetable,pc,yellow capsicum,bell pepper|capsicum|shimla mirch|yellow capsicum|yellowcapsicum,chutney|ketchup|masala|oil|paste|pickle|powder|sauce|syrup,perishable; MoH fresh<5; ALL colours = ONE pool; dashboard single row; MoH<10
Kartik & Dhara,Kartik & Dhara,55,Zucchini,Vegetable,g,zucchini,zucchini,chutney|ketchup|masala|oil|paste|pickle|powder|sauce|syrup,perishable; MoH fresh<5
Kartik & Dhara,Kartik & Dhara,56,Kiwi (green),Fruit,g,kiwi,kiwi,chutney|ketchup|masala|oil|paste|pickle|powder|sauce|syrup,perishable; MoH fresh<5
Kartik & Dhara,Kartik & Dhara,57,Litchi,Fruit,g,litchi,litchi,chutney|ketchup|masala|oil|paste|pickle|powder|sauce|syrup,perishable; MoH fresh<5
Kartik & Dhara,Kartik & Dhara,58,Mango (ripe),Fruit,pc,mango,mango,chutney|ketchup|masala|oil|paste|pickle|powder|sauce|syrup,perishable; MoH fresh<5
Kartik & Dhara,Kartik & Dhara,59,Muskmelon (netted),Fruit,g,muskmelon,muskmelon,chutney|ketchup|masala|oil|paste|pickle|powder|sauce|syrup,perishable; MoH fresh<5
Kartik & Dhara,Kartik & Dhara,60,Raw banana,Fruit,pc,raw banana,raw banana|rawbanana,chips|chutney|flour|ketchup|masala|oil|paste|pickle|powder|sauce|syrup,perishable; MoH fresh<5
Kartik & Dhara,Kartik & Dhara,61,Roasted seaweed snack,Grains & pantry,pc,roasted seaweed snack,roasted seaweed snack|roastedseaweedsnack,chutney|ketchup|masala|oil|paste|pickle|powder|sauce|syrup,staple; never wiped by produce counts
Kartik & Dhara,Kartik & Dhara,62,Basil,Herb,g,basil,basil,chutney|ketchup|masala|oil|paste|pickle|powder|sauce|syrup,perishable; MoH fresh<5
Kartik & Dhara,Kartik & Dhara,63,Mint (spoiling),Herbs,g,mint,mint|mint leaves|pudina,chutney|chutney (bottled)|ketchup|masala|oil|paste|pickle|powder|sauce|syrup|tea,perishable; MoH fresh<5
Kartik & Dhara,Kartik & Dhara,64,Coconut milk,Pantry,g,coconut milk,coconut milk|coconutmilk,almond|aminos|butter|chocolate|chutney|condensed|ketchup|masala|milk powder|milkmaid|oat|oil|paste|pickle|powder|sauce|skyr|soy|sugar|syrup|vinegar|water,staple; never wiped by produce counts
Kartik & Dhara,Kartik & Dhara,65,Mustard sauce,Pantry,g,mustard sauce,mustard sauce|mustardsauce,,staple; never wiped by produce counts
Kartik & Dhara,Kartik & Dhara,66,Pooja coconut (whole),Pantry,whole,pooja coconut,pooja coconut|poojacoconut,aminos|chutney|ketchup|masala|milk powder|oil|paste|pickle|powder|sauce|sugar|syrup|vinegar|water,staple; never wiped by produce counts
Kartik & Dhara,Kartik & Dhara,67,Salt (Tata),Pantry,g,salt,salt,chutney|ketchup|masala|oil|paste|pickle|powder|sauce|syrup,staple; never wiped by produce counts
Kartik & Dhara,Kartik & Dhara,68,Sona masoori rice,Pantry,g,sona masoori rice,sona masoori rice|sonamasooririce,bran|chutney|flakes|flour|ketchup|masala|noodle|oil|paper|paste|pickle|poha|powder|puffed|sauce|syrup|vinegar|wine,staple; never wiped by produce counts
Kartik & Dhara,Kartik & Dhara,69,Chicken (boneless),Protein,pc,chicken,chicken,chutney|cube|essence|ketchup|knorr|masala|oil|paste|pickle|powder|sauce|seasoning|stock|syrup,perishable
Kartik & Dhara,Kartik & Dhara,70,Chicken (curry cut),Protein,pc,chicken,chicken,chutney|cube|essence|ketchup|knorr|masala|oil|paste|pickle|powder|sauce|seasoning|stock|syrup,perishable
Kartik & Dhara,Kartik & Dhara,71,Chicken breast — merged (do not use),Protein,g,chicken breast merged,,chutney|ketchup|masala|oil|paste|pickle|powder|sauce|syrup,"DO NOT USE — merged/dead row, never deduct"
Kartik & Dhara,Kartik & Dhara,72,Chicken gravy packets,Protein,pc,chicken gravy packets,chicken gravy packets|chickengravypackets,chutney|cube|essence|ketchup|knorr|masala|oil|paste|pickle|powder|sauce|seasoning|stock|syrup,perishable
Kartik & Dhara,Kartik & Dhara,73,Eggs,Meat,pc,eggs,eggs,chutney|eggplant|ketchup|less|masala|noodle|oil|paste|pickle|powder|sauce|syrup|white (sep),perishable
Kartik & Dhara,Kartik & Dhara,74,Fish (pabda catfish),Protein,g,fish,fish,chutney|ketchup|masala|oil|paste|pickle|powder|sauce|syrup,perishable
Kartik & Dhara,Kartik & Dhara,75,Meaty kakori kebab,Protein,g,meaty kakori kebab,meaty kakori kebab|meatykakorikebab,chutney|ketchup|masala|oil|paste|pickle|powder|sauce|syrup,perishable
Kartik & Dhara,Kartik & Dhara,76,Ruhi fish (rohu),Protein,pc,ruhi fish,ruhi fish|ruhifish,chutney|ketchup|masala|oil|paste|pickle|powder|sauce|syrup,perishable
Kartik & Dhara,Kartik & Dhara,77,Drumstick (moringa),Vegetable,g,drumstick,drumstick,chutney|ketchup|masala|oil|paste|pickle|powder|sauce|syrup,perishable; MoH fresh<5
Kartik & Dhara,Kartik & Dhara,78,Jackfruit (khatal),Vegetable,pc,jackfruit,jackfruit,chutney|ketchup|masala|oil|paste|pickle|powder|sauce|syrup,perishable; MoH fresh<5
Kartik & Dhara,Kartik & Dhara,79,Leek,Vegetable,g,leek,leek,chutney|ketchup|masala|oil|paste|pickle|powder|sauce|syrup,perishable; MoH fresh<5
Kartik & Dhara,Kartik & Dhara,80,Peas,Vegetable,g,peas,chickpea|chickpeas|chole|garbanzo|green peas|kabuli chana|matar|peas|white chana,chutney|dried|ketchup|masala|oil|paste|pickle|powder|protein|sauce|syrup|wasabi,perishable; MoH fresh<5
Kartik & Dhara,Kartik & Dhara,85,Tofu,Protein,g,tofu,tofu,chutney|ketchup|masala|oil|paneer|paste|pickle|powder|sauce|syrup,perishable
Kartik & Dhara,Kartik & Dhara,86,Knol khol (kohlrabi),Vegetable,g,knol khol,knol khol|knolkhol,chutney|ketchup|masala|oil|paste|pickle|powder|sauce|syrup,perishable; MoH fresh<5
Kartik & Dhara,Kartik & Dhara,87,Bok choy,Vegetable,g,bok choy,bok choy|bokchoy,chutney|ketchup|masala|oil|paste|pickle|powder|sauce|syrup,perishable; MoH fresh<5
Kartik & Dhara,Kartik & Dhara,88,Salmon,Meat & fish,g,salmon,salmon,chutney|ketchup|masala|oil|paste|pickle|powder|sauce|syrup,perishable
Kartik & Dhara,Kartik & Dhara,89,Rice (Bhoomi Farms),Grains,g,rice,flattened rice|poha|rice,bran|chutney|flakes|flour|ketchup|masala|noodle|oil|paper|paste|pickle|poha|powder|puffed|sauce|syrup|vinegar|wine,staple; never wiped by produce counts
Kartik & Dhara,Kartik & Dhara,90,Whole wheat spaghetti (yu),Pasta,g,whole wheat spaghetti,whole wheat spaghetti|wholewheatspaghetti,chutney|ketchup|masala|oil|paste|pickle|powder|sauce|syrup,
Kartik & Dhara,Kartik & Dhara,91,Whole wheat atta noodles (yu),Pasta,g,whole wheat atta noodles,aata|atta|chakki atta|wheat aata|wheat flour|whole wheat atta|whole wheat atta noodles|whole wheat flour|wholewheatattanoodles,bajra|besan|chutney|jowar|ketchup|maida|masala|oil|paste|patta|pickle|powder|ragi|sauce|syrup|tej patta,
Kartik & Dhara,Kartik & Dhara,92,Farfalle whole wheat (Dolce Vita),Pasta,g,farfalle whole wheat,farfalle whole wheat|farfallewholewheat,chutney|ketchup|masala|oil|paste|pickle|powder|sauce|syrup,
Kartik & Dhara,Kartik & Dhara,93,Frozen peas,Frozen,pack,peas,chickpea|chickpeas|chole|garbanzo|green peas|kabuli chana|matar|peas|white chana,chutney|dried|ketchup|masala|oil|paste|pickle|powder|protein|sauce|syrup|wasabi,perishable
Kartik & Dhara,Kartik & Dhara,94,Lady's finger (okra),Vegetable,g,lady s finger,lady s finger|ladysfinger,chutney|ketchup|masala|oil|paste|pickle|powder|sauce|syrup,perishable; MoH fresh<5
Kartik & Dhara,Kartik & Dhara,95,Jamun,Fruit,g,jamun,jamun,chutney|ketchup|masala|oil|paste|pickle|powder|sauce|syrup,perishable; MoH fresh<5
Kartik & Dhara,Kartik & Dhara,96,Gondhoraj lemon,FnV,pc,gondhoraj lemon,gondhoraj lemon|gondhorajlemon|lemon|lemons|lime|nimbu,chutney|curd (lemon)|grass|ketchup|lemonade|masala|oil|paste|pickle|powder|sauce|soda|syrup|tea,
Kartik & Dhara,Kartik & Dhara,97,Gongura leaves,Vegetable,g,gongura leaves,gongura leaves|gonguraleaves|gud|gur|jaggery,chutney|ketchup|masala|oil|paste|pickle|powder|sauce|syrup,perishable; MoH fresh<5
Kartik & Dhara,Kartik & Dhara,98,Spine gourd,Vegetable,g,spine gourd,kantola|spine gourd|spinegourd,chutney|ketchup|masala|oil|paste|pickle|powder|sauce|syrup,perishable; MoH fresh<5
Kartik & Dhara,Kartik & Dhara,99,Avocado,Fruit,pc,avocado,avocado,chutney|ketchup|masala|oil|paste|pickle|powder|sauce|syrup,perishable; MoH fresh<5
Kartik & Dhara,Kartik & Dhara,100,Mustard oil,Pantry,ml,mustard oil,mustard oil|mustardoil,essential,staple; never wiped by produce counts
Kartik & Dhara,Kartik & Dhara,101,Fish,Meat & fish,g,fish,fish,chutney|ketchup|masala|oil|paste|pickle|powder|sauce|syrup,perishable
Kartik & Dhara,Kartik & Dhara,102,Apple,Fruit,pc,apple,apple,chutney|cider|custard|green apple|ketchup|masala|oil|paste|pickle|pine|powder|sauce|syrup|vinegar,perishable; MoH fresh<5
Kartik & Dhara,Kartik & Dhara,103,Peanut butter,Pantry,g,peanut butter,peanut butter|peanutbutter,almond|chutney|cocoa|fruit|ketchup|masala|milk|oil|paste|pickle|powder|sauce|scotch|syrup,staple; never wiped by produce counts
Kartik & Dhara,Kartik & Dhara,104,Hoisin sauce,Pantry,g,hoisin sauce,hoisin sauce|hoisinsauce,,staple; never wiped by produce counts
Kartik & Dhara,Kartik & Dhara,105,Sriracha sauce,Pantry,g,sriracha sauce,sriracha sauce|srirachasauce,,staple; never wiped by produce counts
Kartik & Dhara,Kartik & Dhara,106,Honey,Pantry,g,honey,honey,chutney|ketchup|masala|oil|paste|pickle|powder|sauce|syrup,staple; never wiped by produce counts
Kartik & Dhara,Kartik & Dhara,107,Tomato paste,Pantry,g,tomato paste,tomato paste|tomatopaste,cherry|hybrid|ketchup|pasta|puree|soup|sun,staple; never wiped by produce counts; pool MoH<10
Kartik & Dhara,Kartik & Dhara,108,Frozen puff pastry,Frozen,sheet,puff pastry,puff pastry|puffpastry,chutney|ketchup|masala|oil|paste|pickle|powder|sauce|syrup,perishable
Kartik & Dhara,Kartik & Dhara,109,Bread slices,Bread & bakery,pc,bread slices,bread slices|breadslices,chutney|ketchup|masala|oil|paste|pickle|powder|sauce|syrup,perishable
Kartik & Dhara,Kartik & Dhara,110,Parchment paper,Non-food,roll,parchment paper,parchment paper|parchmentpaper,chutney|ketchup|masala|oil|paste|pickle|powder|sauce|syrup,
Kartik & Dhara,Kartik & Dhara,111,Figs,Fruit,g,figs,figs,chutney|ketchup|masala|oil|paste|pickle|powder|sauce|syrup,perishable; MoH fresh<5
Kartik & Dhara,Kartik & Dhara,112,Guava,Fruit,pc,guava,guava,chutney|ketchup|masala|oil|paste|pickle|powder|sauce|syrup,perishable; MoH fresh<5
Kartik & Dhara,Kartik & Dhara,113,Set curd,Dairy,g,set curd,curd|dahi|set curd|setcurd|yoghurt|yogurt,chutney|greek|gur|jaggery|ketchup|masala|oil|paste|pickle|powder|sauce|syrup,perishable
Kartik & Dhara,Kartik & Dhara,114,Tilapia — merged (do not use),Meat & fish,g,tilapia merged,sesame,chutney|ketchup|masala|oil|paste|pickle|powder|sauce|syrup,"DO NOT USE — merged/dead row, never deduct"
Kartik & Dhara,Kartik & Dhara,115,Kaara Pura butter murukku,Snacks & misc,g,kaara pura butter murukku,kaara pura butter murukku|kaarapurabuttermurukku,almond|chutney|cocoa|fruit|ketchup|masala|milk|oil|paste|peanut|pickle|powder|sauce|scotch|syrup,
Kartik & Dhara,Kartik & Dhara,116,Krishi Veda Byadgi whole chilli,Spices & pantry,g,krishi veda byadgi whole chilli,chilli|chilly|krishi veda byadgi whole chilli|krishivedabyadgiwholechilli|mirch|mirchi,chutney|crisp|flakes|ketchup|masala|oil|paste|pickle|powder|sauce|syrup|vinegar,
Kartik & Dhara,Kartik & Dhara,117,Fruit Treat bhindi chips,Snacks & misc,g,fruit treat bhindi chips,bhindi|fruit treat bhindi chips|fruittreatbhindichips|ladies finger|okra,chutney|ketchup|masala|oil|paste|pickle|powder|sauce|syrup,
Kartik & Dhara,Kartik & Dhara,118,The Healthy Binge millet baked chips,Snacks & misc,g,the healthy binge millet baked chips,the healthy binge millet baked chips|thehealthybingemilletbakedchips,chutney|ketchup|masala|oil|paste|pickle|powder|sauce|syrup,
Kartik & Dhara,Kartik & Dhara,119,Nilgiris sonamasoori raw rice,Spices & pantry,g,nilgiris sonamasoori raw rice,nilgiris sonamasoori raw rice|nilgirissonamasoorirawrice,bran|chutney|flakes|flour|ketchup|masala|noodle|oil|paper|paste|pickle|poha|powder|puffed|sauce|syrup|vinegar|wine,
Kartik & Dhara,Kartik & Dhara,120,Gardenia Idukki green cardamom,Spices & pantry,g,gardenia idukki green cardamom,cardamom|elaichi|gardenia idukki green cardamom|gardeniaidukkigreencardamom,chutney|ketchup|masala|oil|paste|pickle|powder|sauce|syrup,
Kartik & Dhara,Kartik & Dhara,121,Troovy healthy protein puffs,Snacks & misc,g,troovy healthy protein puffs,troovy healthy protein puffs|troovyhealthyproteinpuffs,chutney|ketchup|masala|oil|paste|pickle|powder|sauce|syrup,
Kartik & Dhara,Kartik & Dhara,122,Dragon fruit,Fruit,g,dragon fruit,dragon fruit|dragonfruit,chutney|ketchup|masala|oil|paste|pickle|powder|sauce|syrup,perishable; MoH fresh<5
Kartik & Dhara,Kartik & Dhara,123,Arhar/Toor dal,Dals,g,arhar toor dal,arhar toor dal|arhartoordal,chutney|ketchup|masala|oil|paste|pickle|powder|sauce|syrup,staple; never wiped by produce counts
Kartik & Dhara,Kartik & Dhara,124,Chana dal,Dals,g,chana dal,chana dal|chanadal,chutney|ketchup|masala|oil|paste|pickle|powder|sauce|syrup,staple; never wiped by produce counts
Kartik & Dhara,Kartik & Dhara,125,Rambutan,Fruit,g,rambutan,rambutan,chutney|ketchup|masala|oil|paste|pickle|powder|sauce|syrup,perishable; MoH fresh<5
Kartik & Dhara,Kartik & Dhara,126,Millet noodles,Pasta,g,millet noodles,millet noodles|milletnoodles,chutney|ketchup|masala|oil|paste|pickle|powder|sauce|syrup,
Kartik & Dhara,Kartik & Dhara,127,Blue grapes,Fruit,g,blue grapes,blue grapes|bluegrapes,chutney|ketchup|masala|oil|paste|pickle|powder|sauce|syrup,perishable; MoH fresh<5
Kartik & Dhara,Kartik & Dhara,128,Dry prunes,Fruit,g,dry prunes,dry prunes|dryprunes,chutney|ketchup|masala|oil|paste|pickle|powder|sauce|syrup,perishable; MoH fresh<5
Kartik & Dhara,Kartik & Dhara,129,Coriander seeds,Spice,g,coriander seeds,cilantro|coriander|coriander leaves|coriander seeds|corianderseeds|dhania,powder|leaves|fresh|pisa,CONFUSABLE FAMILY (coriander seeds) — never match to the other forms of this ingredient
Kartik & Dhara,Kartik & Dhara,130,Emmer wheat,Pantry,g,emmer wheat,emmer wheat|emmerwheat,chutney|ketchup|masala|oil|paste|pickle|powder|sauce|syrup,staple; never wiped by produce counts
Kartik & Dhara,Kartik & Dhara,131,Urad dal,Dals,g,urad dal,urad dal|uraddal,chutney|ketchup|masala|oil|paste|pickle|powder|sauce|syrup,staple; never wiped by produce counts
Kartik & Dhara,Kartik & Dhara,132,Green tomato,FnV,g,green tomato,green tomato|greentomato,cherry|chutney|hybrid|ketchup|masala|oil|pasta|paste|pickle|powder|puree|sauce|soup|sun|syrup,pool MoH<10
Kartik & Dhara,Kartik & Dhara,133,Butter,Dairy,g,butter,butter,almond|chutney|cocoa|fruit|ketchup|masala|milk|oil|paste|peanut|pickle|powder|sauce|scotch|syrup,perishable
Kartik & Dhara,Kartik & Dhara,134,Rajma,Dals,g,rajma,rajma,chutney|ketchup|masala|oil|paste|pickle|powder|sauce|syrup,staple; never wiped by produce counts
Kartik & Dhara,Kartik & Dhara,135,Milk,Dairy,packet,milk,milk|milky mist skyr|skyr,almond|butter|chocolate|chutney|coconut|condensed|ketchup|masala|milkmaid|oat|oil|paste|pickle|powder|sauce|skyr|soy|syrup,perishable
Kartik & Dhara,Kartik & Dhara,136,Mackerel,Meat & fish,g,mackerel,mackerel,chutney|ketchup|masala|oil|paste|pickle|powder|sauce|syrup,perishable
Kartik & Dhara,Kartik & Dhara,137,Quinoa,Grains,g,quinoa,quinoa,chutney|ketchup|masala|oil|paste|pickle|powder|sauce|syrup,staple; never wiped by produce counts
Kartik & Dhara,Kartik & Dhara,138,Green moong,Dals,g,green moong,green moong|greenmoong,chutney|ketchup|masala|oil|paste|pickle|powder|sauce|syrup,staple; never wiped by produce counts
Kartik & Dhara,Kartik & Dhara,139,Fennel seeds,Spice,g,fennel seeds,fennel seeds|fennelseeds,,staple; never wiped by produce counts
Kartik & Dhara,Kartik & Dhara,140,Seekh kebab (frozen),Meat & fish,g,seekh kebab,seekh kebab|seekhkebab,chutney|ketchup|masala|oil|paste|pickle|powder|sauce|syrup,perishable
Kartik & Dhara,Kartik & Dhara,141,Minced chicken,Meat & fish,g,minced chicken,minced chicken|mincedchicken,chutney|cube|essence|ketchup|knorr|masala|oil|paste|pickle|powder|sauce|seasoning|stock|syrup,perishable
Kartik & Dhara,Kartik & Dhara,142,Chicken breast (boneless),Meat & fish,g,chicken breast,chicken breast|chickenbreast,chutney|cube|essence|ketchup|knorr|masala|oil|paste|pickle|powder|sauce|seasoning|stock|syrup,perishable
Kartik & Dhara,Kartik & Dhara,143,Sardines,Meat & fish,g,sardines,sardines,chutney|ketchup|masala|oil|paste|pickle|powder|sauce|syrup,perishable
Kartik & Dhara,Kartik & Dhara,144,Bottle gourd,Vegetable,g,bottle gourd,bottle gourd|bottlegourd|dudhi|ghiya|lauki,chutney|ketchup|masala|oil|paste|pickle|powder|sauce|syrup,perishable; MoH fresh<5
Kartik & Dhara,Kartik & Dhara,145,Biryani masala powder,Spices,g,biryani masala powder,biryani masala powder|biryanimasalapowder,,
Kartik & Dhara,Kartik & Dhara,146,Chia seeds,Nuts & seeds,g,chia seeds,chia seeds|chiaseeds,,
Kartik & Dhara,Kartik & Dhara,147,Shirataki noodles,Grains & pantry,g,shirataki noodles,shirataki noodles|shiratakinoodles,chutney|ketchup|masala|oil|paste|pickle|powder|sauce|syrup,staple; never wiped by produce counts
Kartik & Dhara,Kartik & Dhara,148,Red mustard seeds,Spice,g,red mustard seeds,mustard seeds|rai|red mustard seeds|redmustardseeds|sarson,,staple; never wiped by produce counts
Kartik & Dhara,Kartik & Dhara,149,Figaro olive oil,Oil,ml,figaro olive oil,figaro olive oil|figarooliveoil,essential,staple; never wiped by produce counts
Kartik & Dhara,Kartik & Dhara,150,Black sesame oil,Oil,ml,black sesame oil,black sesame oil|blacksesameoil|sesame|til,essential,staple; never wiped by produce counts
Kartik & Dhara,Kartik & Dhara,151,Groundnut oil,Oil,ml,groundnut oil,groundnut oil|groundnutoil,essential,staple; never wiped by produce counts
Kartik & Dhara,Kartik & Dhara,152,Matcha green tea,Beverage,serving,matcha green tea,matcha green tea|matchagreentea,chutney|fresh|ketchup|masala|oil|paste|pickle|powder|raw|sauce|syrup,
Kartik & Dhara,Kartik & Dhara,153,Amaranth leaves,Vegetable,g,amaranth leaves,amaranth leaves|amaranthleaves,chutney|ketchup|masala|oil|paste|pickle|powder|sauce|syrup,perishable; MoH fresh<5
Kartik & Dhara,Kartik & Dhara,154,Coriander,Vegetable,g,coriander,cilantro|coriander|coriander leaves|dhania,chutney|ketchup|masala|oil|paste|pickle|powder|sauce|seed|syrup,perishable; MoH fresh<5; pool MoH<10
Kartik & Dhara,Kartik & Dhara,155,Tilapia,Meat & fish,g,tilapia,sesame|til|tilapia,chutney|ketchup|masala|oil|paste|pickle|powder|sauce|syrup,perishable
Kartik & Dhara,Kartik & Dhara,156,Prawns,Meat,g,prawns,prawn|prawns|shrimp,chutney|ketchup|masala|oil|paste|pickle|powder|sauce|syrup,perishable
Kartik & Dhara,Kartik & Dhara,157,Milk bread,Staple,packet,milk bread,milk bread|milkbread,almond|butter|chocolate|chutney|coconut|condensed|ketchup|masala|milkmaid|oat|oil|paste|pickle|powder|sauce|skyr|soy|syrup,staple; never wiped by produce counts
Kartik & Dhara,Kartik & Dhara,158,Buns,Staple,pc,buns,buns,chutney|ketchup|masala|oil|paste|pickle|powder|sauce|syrup,staple; never wiped by produce counts
Kartik & Dhara,Kartik & Dhara,159,Sourdough bread,Staple,loaf,sourdough bread,sourdough bread|sourdoughbread,chutney|ketchup|masala|oil|paste|pickle|powder|sauce|syrup,staple; never wiped by produce counts
Kartik & Dhara,Kartik & Dhara,160,Akshaya cheese slices,Dairy,packet,akshaya cheese slices,akshaya cheese slices|akshayacheeseslices,ball|chutney|ketchup|masala|oil|paste|pickle|powder|sauce|slice (sep)|syrup,perishable
Kartik & Dhara,Kartik & Dhara,161,Orange,Fruit,pc,orange,orange,chutney|ketchup|masala|oil|paste|pickle|powder|sauce|syrup,perishable; MoH fresh<5
Kartik & Dhara,Kartik & Dhara,162,Puff pastry,Frozen,g,puff pastry,puff pastry|puffpastry,chutney|ketchup|masala|oil|paste|pickle|powder|sauce|syrup,perishable
Kartik & Dhara,Kartik & Dhara,163,Grated coconut,Staple,g,grated coconut,grated coconut|gratedcoconut,aminos|chutney|ketchup|masala|milk powder|oil|paste|pickle|powder|sauce|sugar|syrup|vinegar|water,staple; never wiped by produce counts
Kartik & Dhara,Kartik & Dhara,164,Amchur powder,Spice,g,amchur powder,amchur powder|amchurpowder|dry mango powder,,staple; never wiped by produce counts
Kartik & Dhara,Kartik & Dhara,165,Cornflour,Staple,g,cornflour,cornflour,,staple; never wiped by produce counts
Kartik & Dhara,Kartik & Dhara,166,Thai green paste,Pantry,pack,thai green paste,thai green paste|thaigreenpaste,,staple; never wiped by produce counts
Kartik & Dhara,Kartik & Dhara,167,Meat masala,Spice,g,meat masala,meat masala|meatmasala,,staple; never wiped by produce counts
Kartik & Dhara,Kartik & Dhara,168,Pav bhaji masala,Spice,g,pav bhaji masala,pav bhaji masala|pavbhajimasala,,staple; never wiped by produce counts
Kartik & Dhara,Kartik & Dhara,169,Dagad phool (stone flower),Spice,g,dagad phool,dagad phool|dagadphool,chutney|ketchup|masala|oil|paste|pickle|powder|sauce|syrup,staple; never wiped by produce counts
Kartik & Dhara,Kartik & Dhara,170,Thai red paste,Pantry,pack,thai red paste,thai red paste|thairedpaste,,staple; never wiped by produce counts
Kartik & Dhara,Kartik & Dhara,171,Mozzarella,Dairy,g,mozzarella,mozzarella,chutney|ketchup|masala|oil|paste|pickle|powder|sauce|syrup,perishable
Kartik & Dhara,Kartik & Dhara,172,Puliogare paste,Pantry,g,puliogare paste,puliogare paste|puliogarepaste,,staple; never wiped by produce counts
Kartik & Dhara,Kartik & Dhara,173,Gochujang,Pantry,g,gochujang,gochujang,chutney|ketchup|masala|oil|paste|pickle|powder|sauce|syrup,staple; never wiped by produce counts
Kartik & Dhara,Kartik & Dhara,174,Kyoto chilli oil,Oil,g,kyoto chilli oil,chilli|chilly|kyoto chilli oil|kyotochillioil|mirch|mirchi,crisp|essential|flakes|paste|powder|sauce|vinegar,staple; never wiped by produce counts
Kartik & Dhara,Kartik & Dhara,175,Kyoto mala sauce,Pantry,g,kyoto mala sauce,kyoto mala sauce|kyotomalasauce,,staple; never wiped by produce counts
Kartik & Dhara,Kartik & Dhara,176,Tanita miso,Pantry,g,tanita miso,tanita miso|tanitamiso,chutney|ketchup|masala|oil|paste|pickle|powder|sauce|syrup,staple; never wiped by produce counts
Kartik & Dhara,Kartik & Dhara,177,White miso dashi,Pantry,g,white miso dashi,white miso dashi|whitemisodashi,chutney|ketchup|masala|oil|paste|pickle|powder|sauce|syrup,staple; never wiped by produce counts
Kartik & Dhara,Kartik & Dhara,178,Hot & sweet ketchup,Pantry,g,hot sweet ketchup,hot sweet ketchup|hotsweetketchup,,staple; never wiped by produce counts
Kartik & Dhara,Kartik & Dhara,179,Kasundi paste,Pantry,bottle,kasundi paste,kasundi paste|kasundipaste,,staple; never wiped by produce counts
Kartik & Dhara,Kartik & Dhara,180,Turmeric/haldi powder,Spice,g,turmeric haldi powder,haldi|haldi powder|turmeric|turmeric haldi powder|turmeric powder|turmerichaldipowder,,staple; never wiped by produce counts
Kartik & Dhara,Kartik & Dhara,181,Green cardamom,Spice,g,green cardamom,cardamom|elaichi|green cardamom|greencardamom,chutney|ketchup|masala|oil|paste|pickle|powder|sauce|syrup,staple; never wiped by produce counts
Kartik & Dhara,Kartik & Dhara,182,Rolled oats,Grains,g,rolled oats,rolled oats|rolledoats,chutney|ketchup|masala|oil|paste|pickle|powder|sauce|syrup,staple; never wiped by produce counts
Kartik & Dhara,Kartik & Dhara,183,Kashmiri chilli powder,Spice,g,kashmiri chilli powder,chilli|chilly|kashmiri chilli powder|kashmirichillipowder|mirch|mirchi,crisp|flakes|oil|paste|sauce|vinegar,staple; never wiped by produce counts
Kartik & Dhara,Kartik & Dhara,184,Seed mix,Nuts & seeds,g,seed mix,seed mix|seedmix,chutney|ketchup|masala|oil|paste|pickle|powder|sauce|syrup,
Kartik & Dhara,Kartik & Dhara,185,Khus khus (poppy),Spice,g,khus khus,khus khus|khuskhus,chutney|ketchup|masala|oil|paste|pickle|powder|sauce|syrup,staple; never wiped by produce counts
Kartik & Dhara,Kartik & Dhara,186,Black jeera (shahi),Spice,g,black jeera,black jeera|blackjeera|cumin|jeera,chutney|ketchup|masala|oil|paste|pickle|powder|sauce|syrup,staple; never wiped by produce counts
Kartik & Dhara,Kartik & Dhara,187,Dhaniya (coriander) powder,Spice,g,dhaniya powder,coriander powder|dhania powder|dhaniya powder|dhaniyapowder,,staple; never wiped by produce counts
Kartik & Dhara,Kartik & Dhara,188,White sesame seeds,Staple,g,white sesame seeds,sesame|til|white sesame seeds|whitesesameseeds,,staple; never wiped by produce counts
Kartik & Dhara,Kartik & Dhara,189,Dahi mirchi (curd chilli),Spice,g,dahi mirchi,chilli|chilly|curd|dahi|dahi mirchi|dahimirchi|mirch|mirchi|yoghurt|yogurt,chutney|ketchup|masala|oil|paste|pickle|powder|sauce|syrup,staple; never wiped by produce counts
Kartik & Dhara,Kartik & Dhara,190,Roasted peanuts,Nuts & seeds,g,roasted peanuts,roasted peanuts|roastedpeanuts,chutney|ketchup|masala|oil|paste|pickle|powder|sauce|syrup,
Kartik & Dhara,Kartik & Dhara,191,Hing (asafoetida),Spice,g,hing,asafoetida|hing,chutney|ketchup|masala|oil|paste|pickle|powder|sauce|syrup,staple; never wiped by produce counts
Kartik & Dhara,Kartik & Dhara,192,Yellow mustard,Spice,g,yellow mustard,yellow mustard|yellowmustard,chutney|ketchup|masala|oil|paste|pickle|powder|sauce|syrup,staple; never wiped by produce counts
Kartik & Dhara,Kartik & Dhara,193,Black sesame seeds,Staple,g,black sesame seeds,black sesame seeds|blacksesameseeds|sesame|til,,staple; never wiped by produce counts
Kartik & Dhara,Kartik & Dhara,194,Kyoto chilli oil furikake,Spice,g,kyoto chilli oil furikake,chilli|chilly|kyoto chilli oil furikake|kyotochillioilfurikake|mirch|mirchi,crisp|essential|flakes|paste|powder|sauce|vinegar,staple; never wiped by produce counts
Kartik & Dhara,Kartik & Dhara,195,Black pepper powder,Spice,g,black pepper powder,black pepper powder|blackpepperpowder,,staple; never wiped by produce counts
Kartik & Dhara,Kartik & Dhara,196,Whole black pepper,Spice,g,whole black pepper,whole black pepper|wholeblackpepper,chutney|ketchup|masala|oil|paste|pickle|powder|sauce|syrup,staple; never wiped by produce counts
Kartik & Dhara,Kartik & Dhara,197,Cloves,Spice,g,cloves,clove|cloves|laung,chutney|ketchup|masala|oil|paste|pickle|powder|sauce|syrup,staple; never wiped by produce counts
Kartik & Dhara,Kartik & Dhara,198,Methi (fenugreek) seeds,Spice,g,methi seeds,fenugreek leaves|methi|methi leaves|methi seeds|methiseeds,,staple; never wiped by produce counts
Kartik & Dhara,Kartik & Dhara,199,Sambhar masala,Spice,g,sambhar masala,sambhar masala|sambharmasala,,staple; never wiped by produce counts
Kartik & Dhara,Kartik & Dhara,200,Rasam powder,Spice,g,rasam powder,rasam powder|rasampowder,,staple; never wiped by produce counts
Kartik & Dhara,Kartik & Dhara,201,Black mustard,Spice,g,black mustard,black mustard|blackmustard,chutney|ketchup|masala|oil|paste|pickle|powder|sauce|syrup,staple; never wiped by produce counts
Kartik & Dhara,Kartik & Dhara,202,Brown fennel seeds,Spice,g,brown fennel seeds,brown fennel seeds|brownfennelseeds,,staple; never wiped by produce counts
Kartik & Dhara,Kartik & Dhara,203,Eno,Pantry,bottle,eno,eno,chutney|ketchup|masala|oil|paste|pickle|powder|sauce|syrup,staple; never wiped by produce counts
Kartik & Dhara,Kartik & Dhara,204,Keya oregano,Spice,g,keya oregano,keya oregano|keyaoregano,chutney|ketchup|masala|oil|paste|pickle|powder|sauce|syrup,staple; never wiped by produce counts
Kartik & Dhara,Kartik & Dhara,205,Garam masala,Spice,g,garam masala,garam masala|garammasala,,staple; never wiped by produce counts
Kartik & Dhara,Kartik & Dhara,206,Kalonji (nigella),Spice,g,kalonji,kalonji|nigella,chutney|ketchup|masala|oil|paste|pickle|powder|sauce|syrup,staple; never wiped by produce counts
Kartik & Dhara,Kartik & Dhara,207,Star anise,Spice,g,star anise,star anise|staranise,chutney|ketchup|masala|oil|paste|pickle|powder|sauce|syrup,staple; never wiped by produce counts
Kartik & Dhara,Kartik & Dhara,208,Cinnamon,Spice,g,cinnamon,cinnamon,chutney|ketchup|masala|oil|paste|pickle|powder|sauce|syrup,staple; never wiped by produce counts
Kartik & Dhara,Kartik & Dhara,209,Dry red chilli,Spice,g,dry red chilli,chilli|chilly|dried red chilli|dry red chilli|dryredchilli|mirch|mirchi|red chilli whole|sukhi lal mirch,chutney|crisp|flakes|ketchup|masala|oil|paste|pickle|powder|sauce|syrup|vinegar,staple; never wiped by produce counts
Kartik & Dhara,Kartik & Dhara,210,White rice,Grains,g,white rice,white rice|whiterice,bran|chutney|flakes|flour|ketchup|masala|noodle|oil|paper|paste|pickle|poha|powder|puffed|sauce|syrup|vinegar|wine,staple; never wiped by produce counts
Kartik & Dhara,Kartik & Dhara,211,Khade masala / whole spice patta,Spice,g,khade masala whole spice patta,aata|atta|chakki atta|khade masala whole spice patta|khademasalawholespicepatta|wheat aata|wheat flour|whole wheat atta|whole wheat flour,bajra|besan|jowar|maida|noodle|ragi|tej patta,staple; never wiped by produce counts
Kartik & Dhara,Kartik & Dhara,212,Tamarind,Pantry,g,tamarind,tamarind,chutney|ketchup|masala|oil|paste|pickle|powder|sauce|syrup,staple; never wiped by produce counts
Kartik & Dhara,Kartik & Dhara,213,Kala chana,Dals,g,kala chana,black chana|brown chana|desi chana|kala chana|kalachana,chutney|ketchup|masala|oil|paste|pickle|powder|sauce|syrup,staple; never wiped by produce counts
Kartik & Dhara,Kartik & Dhara,214,Amaranth (grain),Grains,g,amaranth,amaranth,chutney|ketchup|masala|oil|paste|pickle|powder|sauce|syrup,staple; never wiped by produce counts
Kartik & Dhara,Kartik & Dhara,215,Besan,Grains,g,besan,besan|chana flour|chickpea flour|gram flour,chutney|ketchup|masala|oil|paste|pickle|powder|sauce|syrup,staple; never wiped by produce counts
Kartik & Dhara,Kartik & Dhara,216,Organic bajra,Grains,g,bajra,bajra,chutney|ketchup|masala|oil|paste|pickle|powder|sauce|syrup,staple; never wiped by produce counts
Kartik & Dhara,Kartik & Dhara,217,Makhana,Snacks & misc,g,makhana,makhana,chutney|ketchup|masala|oil|paste|pickle|powder|sauce|syrup,
Kartik & Dhara,Kartik & Dhara,218,Ragi atta,Grains,g,ragi atta,aata|atta|chakki atta|ragi atta|ragiatta|wheat aata|wheat flour|whole wheat atta|whole wheat flour,bajra|besan|chutney|jowar|ketchup|maida|masala|noodle|oil|paste|patta|pickle|powder|sauce|syrup|tej patta,staple; never wiped by produce counts
Kartik & Dhara,Kartik & Dhara,219,Organic jowar flour,Grains,g,jowar flour,jowar flour|jowarflour,,staple; never wiped by produce counts
Kartik & Dhara,Kartik & Dhara,220,Refined wheat flour,Grains,g,refined wheat flour,aata|atta|chakki atta|refined wheat flour|refinedwheatflour|wheat aata|wheat flour|whole wheat atta|whole wheat flour,noodle|tej patta,staple; never wiped by produce counts
Kartik & Dhara,Kartik & Dhara,221,Black/purple rice,Grains,g,black purple rice,black purple rice|blackpurplerice,bran|chutney|flakes|flour|ketchup|masala|noodle|oil|paper|paste|pickle|poha|powder|puffed|sauce|syrup|vinegar|wine,staple; never wiped by produce counts
Kartik & Dhara,Kartik & Dhara,222,Spaghetti,Pasta,packet,spaghetti,spaghetti,chutney|ketchup|masala|oil|paste|pickle|powder|sauce|syrup,
Kartik & Dhara,Kartik & Dhara,223,Sushi rice,Grains,g,sushi rice,sushi rice|sushirice,bran|chutney|flakes|flour|ketchup|masala|noodle|oil|paper|paste|pickle|poha|powder|puffed|sauce|syrup|vinegar|wine,staple; never wiped by produce counts
Kartik & Dhara,Kartik & Dhara,224,Wheat flour,Grains,g,wheat flour,aata|atta|chakki atta|wheat aata|wheat flour|wheatflour|whole wheat atta|whole wheat flour,khapli|atta|wheat flour,RETIRED 1-Sep — do not match; khapli atta is the wheat flour for this household
Kartik & Dhara,Kartik & Dhara,225,Bombay biryani masala,Spice,g,bombay biryani masala,bombay biryani masala|bombaybiryanimasala,,staple; never wiped by produce counts
Kartik & Dhara,Kartik & Dhara,226,Black sesame oil (Anveshan),Oil,ml,black sesame oil,black sesame oil|blacksesameoil|sesame|til,essential,staple; never wiped by produce counts
Kartik & Dhara,Kartik & Dhara,227,Groundnut oil (Anveshan),Oil,ml,groundnut oil,groundnut oil|groundnutoil,essential,staple; never wiped by produce counts
Kartik & Dhara,Kartik & Dhara,228,Sushi rice (Urban Platter),Grains,g,sushi rice,sushi rice|sushirice,bran|chutney|flakes|flour|ketchup|masala|noodle|oil|paper|paste|pickle|poha|powder|puffed|sauce|syrup|vinegar|wine,staple; never wiped by produce counts
Kartik & Dhara,Kartik & Dhara,229,Nannari roots,Beverage,g,nannari roots,nannari roots|nannariroots,chutney|ketchup|masala|oil|paste|pickle|powder|sauce|syrup,
Kartik & Dhara,Kartik & Dhara,230,Farfalle pasta,Pasta,g,farfalle pasta,farfalle pasta|farfallepasta,chutney|ketchup|masala|oil|paste|pickle|powder|sauce|syrup,
Kartik & Dhara,Kartik & Dhara,231,Maggi tomato ketchup,Pantry,g,maggi tomato ketchup,maggi tomato ketchup|maggitomatoketchup,cherry|hybrid|pasta|paste|puree|soup|sun,staple; never wiped by produce counts; pool MoH<10
Kartik & Dhara,Kartik & Dhara,232,Black olive,Pantry,g,black olive,black olive|blackolive,chutney|ketchup|masala|oil|paste|pickle|powder|sauce|syrup,staple; never wiped by produce counts
Kartik & Dhara,Kartik & Dhara,233,Thai bird chilli,Spice,g,thai bird chilli,chilli|chilly|mirch|mirchi|thai bird chilli|thaibirdchilli,chutney|crisp|flakes|ketchup|masala|oil|paste|pickle|powder|sauce|syrup|vinegar,staple; never wiped by produce counts
Kartik & Dhara,Kartik & Dhara,234,Thai yellow paste,Pantry,pack,thai yellow paste,thai yellow paste|thaiyellowpaste,,staple; never wiped by produce counts
Kartik & Dhara,Kartik & Dhara,235,Khao suey paste,Pantry,packet,khao suey paste,khao suey paste|khaosueypaste,,staple; never wiped by produce counts
Kartik & Dhara,Kartik & Dhara,236,Vintage home tea,Beverage,g,vintage home tea,vintage home tea|vintagehometea,chutney|fresh|ketchup|masala|oil|paste|pickle|powder|raw|sauce|syrup,
Kartik & Dhara,Kartik & Dhara,237,Sugar,Pantry,g,sugar,sugar,brown|chutney|free|icing|ketchup|masala|oil|paste|pickle|powder|powdered|sauce|syrup,staple; never wiped by produce counts
Kartik & Dhara,Kartik & Dhara,238,Jaggery powder,Pantry,g,jaggery powder,gud|gur|jaggery|jaggery powder|jaggerypowder,,staple; never wiped by produce counts
Kartik & Dhara,Kartik & Dhara,239,Organic ghee (Bilona),Oil,g,ghee,ghee,chutney|ketchup|masala|oil|paste|pickle|powder|sauce|syrup,staple; never wiped by produce counts; always-keep; not part of produce counts
Kartik & Dhara,Kartik & Dhara,240,Coconut oil,Oil,g,coconut oil,coconut oil|coconutoil,aminos|essential|milk powder|sugar|vinegar|water,staple; never wiped by produce counts
Kartik & Dhara,Kartik & Dhara,241,Uji matcha green,Beverage,g,uji matcha green,uji matcha green|ujimatchagreen,chutney|ketchup|masala|oil|paste|pickle|powder|sauce|syrup,
Kartik & Dhara,Kartik & Dhara,242,Mustard oil (Gramiya),Oil,ml,mustard oil,mustard oil|mustardoil,essential,staple; never wiped by produce counts
Kartik & Dhara,Kartik & Dhara,243,Apple cider vinegar,Pantry,ml,apple cider vinegar,apple cider vinegar|applecidervinegar,chutney|custard|green apple|ketchup|masala|oil|paste|pickle|pine|powder|sauce|syrup,staple; never wiped by produce counts
Kartik & Dhara,Kartik & Dhara,244,Sakura soba noodles,Pasta,g,sakura soba noodles,sakura soba noodles|sakurasobanoodles,chutney|ketchup|masala|oil|paste|pickle|powder|sauce|syrup,
Kartik & Dhara,Kartik & Dhara,245,Sushi nori,Pantry,sheets,sushi nori,sushi nori|sushinori,chutney|ketchup|masala|oil|paste|pickle|powder|sauce|syrup,staple; never wiped by produce counts
Kartik & Dhara,Kartik & Dhara,246,Kyoto dashi,Pantry,g,kyoto dashi,kyoto dashi|kyotodashi,chutney|ketchup|masala|oil|paste|pickle|powder|sauce|syrup,staple; never wiped by produce counts
Kartik & Dhara,Kartik & Dhara,247,Omani dates,Snacks & misc,g,omani dates,omani dates|omanidates,chutney|ketchup|masala|oil|paste|pickle|powder|sauce|syrup,
Kartik & Dhara,Kartik & Dhara,248,Truffle seasoning,Spice,g,truffle seasoning,truffle seasoning|truffleseasoning,chutney|ketchup|masala|oil|paste|pickle|powder|sauce|syrup,staple; never wiped by produce counts
Kartik & Dhara,Kartik & Dhara,249,Whole walnuts,Nuts & seeds,pc,whole walnuts,whole walnuts|wholewalnuts,chutney|ketchup|masala|oil|paste|pickle|powder|sauce|syrup,
Kartik & Dhara,Kartik & Dhara,250,Pumpkin seeds,Nuts & seeds,g,pumpkin seeds,pumpkin seeds|pumpkinseeds,,
Kartik & Dhara,Kartik & Dhara,251,Wasabi furikake seasoning,Spice,g,wasabi furikake seasoning,wasabi furikake seasoning|wasabifurikakeseasoning,chutney|ketchup|masala|oil|paste|pickle|powder|sauce|syrup,staple; never wiped by produce counts
Kartik & Dhara,Kartik & Dhara,252,Dried mace (javitri),Spice,g,dried mace,dried mace|driedmace,chutney|ketchup|masala|oil|paste|pickle|powder|sauce|syrup,staple; never wiped by produce counts
Kartik & Dhara,Kartik & Dhara,253,Kewra essence,Pantry,g,kewra essence,kewra essence|kewraessence,chutney|ketchup|masala|oil|paste|pickle|powder|sauce|syrup,staple; never wiped by produce counts
Kartik & Dhara,Kartik & Dhara,254,Japanese all-purpose meat seasoning,Spice,g,japanese all purpose meat seasoning,japanese all purpose meat seasoning|japaneseallpurposemeatseasoning,chutney|ketchup|masala|oil|paste|pickle|powder|sauce|syrup,staple; never wiped by produce counts
Kartik & Dhara,Kartik & Dhara,255,Cashews,Nuts & seeds,g,cashews,cashews,chutney|ketchup|masala|oil|paste|pickle|powder|sauce|syrup,
Kartik & Dhara,Kartik & Dhara,256,Sabudana papad,Snacks & misc,g,sabudana papad,papad|papadum|sabudana papad|sabudanapapad,chutney|ketchup|masala|oil|paste|pickle|powder|sauce|syrup,
Kartik & Dhara,Kartik & Dhara,257,Brown sesame seeds,Staple,g,brown sesame seeds,brown sesame seeds|brownsesameseeds|sesame|til,,staple; never wiped by produce counts
Kartik & Dhara,Kartik & Dhara,258,Broken brown rice,Grains,g,broken brown rice,broken brown rice|brokenbrownrice,bran|chutney|flakes|flour|ketchup|masala|noodle|oil|paper|paste|pickle|poha|powder|puffed|sauce|syrup|vinegar|wine,staple; never wiped by produce counts
Kartik & Dhara,Kartik & Dhara,259,Freshivores Guntur chilli,Spice,g,ivores guntur chilli,chilli|chilly|ivores guntur chilli|ivoresgunturchilli|mirch|mirchi,chutney|crisp|flakes|ketchup|masala|oil|paste|pickle|powder|sauce|syrup|vinegar,staple; never wiped by produce counts
Kartik & Dhara,Kartik & Dhara,260,Japanese chilli paste,Pantry,g,japanese chilli paste,chilli|chilly|japanese chilli paste|japanesechillipaste|mirch|mirchi,crisp|flakes|oil|powder|sauce|vinegar,staple; never wiped by produce counts
Kartik & Dhara,Kartik & Dhara,261,Chilli powder,Spice,g,chilli powder,chilli|chilli powder|chillipowder|chilly|mirch|mirchi,crisp|flakes|oil|paste|sauce|vinegar,staple; never wiped by produce counts
Kartik & Dhara,Kartik & Dhara,262,Dried seaweed,Pantry,g,dried seaweed,dried seaweed|driedseaweed,chutney|ketchup|masala|oil|paste|pickle|powder|sauce|syrup,staple; never wiped by produce counts
Kartik & Dhara,Kartik & Dhara,263,Kokum,Pantry,g,kokum,kokum,chutney|ketchup|masala|oil|paste|pickle|powder|sauce|syrup,staple; never wiped by produce counts
Kartik & Dhara,Kartik & Dhara,264,Dried shiitake mushroom,Pantry,g,dried shiitake mushroom,button mushroom|dried shiitake mushroom|driedshiitakemushroom|mushroom,chutney|ketchup|masala|oil|paste|pickle|powder|sauce|soup|syrup,staple; never wiped by produce counts
Kartik & Dhara,Kartik & Dhara,265,White peas,Dals,g,white peas,green peas|matar|peas|white peas|whitepeas,chutney|dried|ketchup|masala|oil|paste|pickle|powder|protein|sauce|syrup|wasabi,staple; never wiped by produce counts
Kartik & Dhara,Kartik & Dhara,266,Walnut kernels,Nuts & seeds,g,walnut kernels,walnut kernels|walnutkernels,chutney|ketchup|masala|oil|paste|pickle|powder|sauce|syrup,
Kartik & Dhara,Kartik & Dhara,267,Safal matar (frozen peas),Frozen,g,matar,green peas|matar|peas,chutney|ketchup|masala|oil|paste|pickle|powder|sauce|syrup,perishable
Kartik & Dhara,Kartik & Dhara,268,Black raisins,Nuts & seeds,g,black raisins,black raisins|blackraisins|mustard seeds|rai|sarson,chutney|ketchup|masala|oil|paste|pickle|powder|sauce|syrup,
Kartik & Dhara,Kartik & Dhara,269,Noice seedless black raisins,Nuts & seeds,g,seedless black raisins,mustard seeds|rai|sarson|seedless black raisins|seedlessblackraisins,chutney|ketchup|masala|oil|paste|pickle|powder|sauce|syrup,
Kartik & Dhara,Kartik & Dhara,270,Maida (refined flour),Grains,g,maida,all purpose flour|maida|refined flour,chutney|ketchup|masala|oil|paste|pickle|powder|sauce|syrup,staple; never wiped by produce counts
Kartik & Dhara,Kartik & Dhara,271,Soya sauce,Pantry,ml,soya sauce,soya sauce|soyasauce,,staple; never wiped by produce counts
Kartik & Dhara,Kartik & Dhara,272,Mangalam ghee,Oil,g,mangalam ghee,mangalam ghee|mangalamghee,chutney|ketchup|masala|oil|paste|pickle|powder|sauce|syrup,staple; never wiped by produce counts; always-keep; not part of produce counts
Kartik & Dhara,Kartik & Dhara,273,Whole wheat noodles,Pasta,g,whole wheat noodles,whole wheat noodles|wholewheatnoodles,chutney|ketchup|masala|oil|paste|pickle|powder|sauce|syrup,
Kartik & Dhara,Kartik & Dhara,274,Haricot beans,Vegetable,g,haricot beans,haricot beans|haricotbeans,black bean sauce|chutney|coffee|ketchup|masala|moong|oil|paste|pickle|powder|rajma|sauce|syrup|vanilla,perishable; MoH fresh<5
Kartik & Dhara,Kartik & Dhara,275,Chow chow,Vegetable,g,chow chow,chow chow|chowchow,chutney|ketchup|masala|oil|paste|pickle|powder|sauce|syrup,perishable; MoH fresh<5
Kartik & Dhara,Kartik & Dhara,276,Ooty beetroot,Vegetable,g,ooty beetroot,ooty beetroot|ootybeetroot,chutney|ketchup|masala|oil|paste|pickle|powder|sauce|syrup,perishable; MoH fresh<5
Kartik & Dhara,Kartik & Dhara,277,Red poha,Grains,g,red poha,beaten rice|flattened rice|poha|red poha|redpoha,chutney|ketchup|masala|oil|paste|pickle|powder|sauce|syrup,staple; never wiped by produce counts
Kartik & Dhara,Kartik & Dhara,278,Mutton liver (kaleji),Meat & fish,g,mutton liver,mutton liver|muttonliver,chutney|ketchup|masala|oil|paste|pickle|powder|sauce|syrup,perishable
Kartik & Dhara,Kartik & Dhara,279,Catla head (fish),Meat & fish,g,catla head,catla head|catlahead,chutney|ketchup|masala|oil|paste|pickle|powder|sauce|syrup,perishable
Kartik & Dhara,Kartik & Dhara,280,Citronella & sandalwood incense sticks,Non-food,pc,citronella sandalwood incense sticks,citronella sandalwood incense sticks|citronellasandalwoodincensesticks,chutney|ketchup|masala|oil|paste|pickle|powder|sauce|syrup,
Kartik & Dhara,Kartik & Dhara,281,Chings vinegar,Staple,ml,vinegar,asafoetida|vinegar,chutney|ketchup|masala|oil|paste|pickle|powder|sauce|syrup,staple; never wiped by produce counts
Kartik & Dhara,Kartik & Dhara,282,Pomegranate,Fruit,pc,pomegranate,pomegranate,chutney|ketchup|masala|oil|paste|pickle|powder|sauce|syrup,perishable; MoH fresh<5
Kartik & Dhara,Kartik & Dhara,283,Tempeh (Hello Tempayy masala cubes),Meat,g,tempeh,tempeh,chutney|ketchup|masala|oil|paste|pickle|powder|sauce|syrup,perishable
Kartik & Dhara,Kartik & Dhara,284,Idli rice,Staple,g,idli rice,idli rice|idlirice,bran|chutney|flakes|flour|ketchup|masala|noodle|oil|paper|paste|pickle|poha|powder|puffed|sauce|syrup|vinegar|wine,staple; never wiped by produce counts
Kartik & Dhara,Kartik & Dhara,285,Muskmelon,Fruit,pc,muskmelon,muskmelon,chutney|ketchup|masala|oil|paste|pickle|powder|sauce|syrup,perishable; MoH fresh<5
Kartik & Dhara,Kartik & Dhara,286,Kiwi,Fruit,pc,kiwi,kiwi,chutney|ketchup|masala|oil|paste|pickle|powder|sauce|syrup,perishable; MoH fresh<5
Kartik & Dhara,Kartik & Dhara,287,Ooty strawberry,Fruit,g,ooty strawberry,ooty strawberry|ootystrawberry,chutney|ketchup|masala|oil|paste|pickle|powder|sauce|syrup,perishable; MoH fresh<5
Kartik & Dhara,Kartik & Dhara,288,French ring beans,Vegetable,g,french ring beans,french ring beans|frenchringbeans,black bean sauce|chutney|coffee|ketchup|masala|moong|oil|paste|pickle|powder|rajma|sauce|syrup|vanilla,perishable; MoH fresh<5
Kartik & Dhara,Kartik & Dhara,289,Bathua (saag),Vegetable,g,bathua,bathua,chutney|ketchup|masala|oil|paste|pickle|powder|sauce|syrup,perishable; MoH fresh<5
Kartik & Dhara,Kartik & Dhara,290,Yeast,Staple,g,yeast,yeast,chutney|ketchup|masala|oil|paste|pickle|powder|sauce|syrup,staple; never wiped by produce counts
Kartik & Dhara,Kartik & Dhara,291,Mango Pickle,Staple,g,mango pickle,mango pickle|mangopickle,,staple; never wiped by produce counts
Kartik & Dhara,Kartik & Dhara,292,NOICE Bombay laadi pav,Bread & bakery,g,bombay laadi pav,bombay laadi pav|bombaylaadipav,chutney|ketchup|masala|oil|paste|pickle|powder|sauce|syrup,perishable
Kartik & Dhara,Kartik & Dhara,293,Chings red chilli sauce,Condiment,g,red chilli sauce,chilli|chilly|mirch|mirchi|red chilli sauce|redchillisauce,crisp|flakes|oil|paste|powder|vinegar,staple; never wiped by produce counts
Kartik & Dhara,Kartik & Dhara,294,"Mutton (Bamburies, lamb-labeled)",Meat,g,mutton,mutton,chutney|ketchup|masala|oil|paste|pickle|powder|sauce|syrup,perishable
Kartik & Dhara,Kartik & Dhara,295,Jeera (cumin seeds),Staple,g,jeera,cumin|jeera,chutney|ketchup|masala|oil|paste|pickle|powder|sauce|syrup,staple; never wiped by produce counts
Kartik & Dhara,Kartik & Dhara,296,Cow ghee (Mangalam),Staple,ml,cow ghee,cow ghee|cowghee,chutney|ketchup|masala|oil|paste|pickle|powder|sauce|syrup,staple; never wiped by produce counts; always-keep; not part of produce counts
Kartik & Dhara,Kartik & Dhara,297,Uthukulli butter (Mangalam),Dairy,g,uthukulli butter,uthukulli butter|uthukullibutter,almond|chutney|cocoa|fruit|ketchup|masala|milk|oil|paste|peanut|pickle|powder|sauce|scotch|syrup,perishable
Kartik & Dhara,Kartik & Dhara,298,Malabar spinach (poi saag),Vegetable,g,malabar spinach,malabar spinach|malabarspinach|palak|spinach,chutney|ketchup|masala|oil|paste|pickle|powder|sauce|syrup,perishable; MoH fresh<5
Kartik & Dhara,Kartik & Dhara,299,Longan,Fruit,g,longan,longan,chutney|ketchup|masala|oil|paste|pickle|powder|sauce|syrup,perishable; MoH fresh<5
Kartik & Dhara,Kartik & Dhara,300,Passion fruit,Fruit,pc,passion fruit,passion fruit|passionfruit,chutney|ketchup|masala|oil|paste|pickle|powder|sauce|syrup,perishable; MoH fresh<5
Kartik & Dhara,Kartik & Dhara,301,Black salt,Staple,g,black salt,black salt|blacksalt,chutney|ketchup|masala|oil|paste|pickle|powder|sauce|syrup,staple; never wiped by produce counts
Kartik & Dhara,Kartik & Dhara,302,Plum,Fruit,g,plum,plum,chutney|ketchup|masala|oil|paste|pickle|powder|sauce|syrup,perishable; MoH fresh<5
Kartik & Dhara,Kartik & Dhara,303,Custard apple,Fruit,pc,custard apple,custard apple|custardapple,chutney|cider|green apple|ketchup|masala|oil|paste|pickle|pine|powder|sauce|syrup|vinegar,perishable; MoH fresh<5
Kartik & Dhara,Kartik & Dhara,304,Hilsa fish,Meat,g,hilsa fish,hilsa fish|hilsafish,chutney|ketchup|masala|oil|paste|pickle|powder|sauce|syrup,perishable
Kartik & Dhara,Kartik & Dhara,305,Organic Tattva sona masoori,Grains,g,sona masoori,sona masoori|sonamasoori,chutney|ketchup|masala|oil|paste|pickle|powder|sauce|syrup,staple; never wiped by produce counts
Kartik & Dhara,Kartik & Dhara,306,Ghee,Dairy,g,ghee,ghee,chutney|ketchup|masala|oil|paste|pickle|powder|sauce|syrup,perishable; always-keep; not part of produce counts
Kartik & Dhara,Kartik & Dhara,307,Basmati rice,Grains,g,basmati rice,basmati rice|basmatirice,bran|chutney|flakes|flour|ketchup|masala|noodle|oil|paper|paste|pickle|poha|powder|puffed|sauce|syrup|vinegar|wine,staple; never wiped by produce counts
Kartik & Dhara,Kartik & Dhara,308,Parmesan cheese,Dairy,g,parmesan cheese,parmesan cheese|parmesancheese,ball|chutney|ketchup|masala|oil|paste|pickle|powder|sauce|slice (sep)|syrup,perishable
Kartik & Dhara,Kartik & Dhara,309,"Paul John coffee (French Press, 250g)",Beverage,g,paul john coffee,paul john coffee|pauljohncoffee,chutney|fresh|ketchup|masala|oil|paste|pickle|powder|raw|sauce|syrup,
Kartik & Dhara,Kartik & Dhara,310,Khapli atta (Two Brothers),Grains,g,khapli atta,khapli|khapli atta|atta|wheat flour|whole wheat flour|emmer|chakki atta,maida|refined|ragi|jowar|noodle|spaghetti|farfalle|besan|rice flour|corn,the single wheat-flour row for this household (1-Sep) — atta and wheat flour both resolve here
Kartik & Dhara,Kartik & Dhara,311,Dark chocolate,Snacks & misc,g,dark chocolate,dark chocolate|darkchocolate,chutney|fresh|ketchup|masala|oil|paste|pickle|powder|raw|sauce|syrup,
Rahul & Radhika,Rahul & Radhika,5,Banana,Fruit,g,banana,banana,chips|chutney|flour|ketchup|masala|oil|paste|pickle|powder|sauce|syrup,perishable; MoH fresh<5
Rahul & Radhika,Rahul & Radhika,6,Beetroot,Vegetable,g,beetroot,beetroot,chutney|ketchup|masala|oil|paste|pickle|powder|sauce|syrup,perishable; MoH fresh<5
Rahul & Radhika,Rahul & Radhika,7,Brinjal,Vegetable,g,brinjal,aubergine|baingan|brinjal|eggplant,chutney|ketchup|masala|oil|paste|pickle|powder|sauce|syrup,perishable; MoH fresh<5
Rahul & Radhika,Rahul & Radhika,8,Carrot,Vegetable,g,carrot,carrot,chutney|ketchup|masala|oil|paste|pickle|powder|sauce|syrup,perishable; MoH fresh<5
Rahul & Radhika,Rahul & Radhika,9,Coriander (dhania),Vegetable,g,coriander,cilantro|coriander|coriander leaves|dhania,chutney|ketchup|masala|oil|paste|pickle|powder|sauce|seed|syrup,perishable; MoH fresh<5; pool MoH<10
Rahul & Radhika,Rahul & Radhika,10,Cucumber,Vegetable,g,cucumber,cucumber|english cucumber|kheera,chutney|ketchup|masala|oil|paste|pickle|powder|sauce|syrup,perishable; MoH fresh<5; types pooled
Rahul & Radhika,Rahul & Radhika,11,Curry leaves,Vegetable,g,curry leaves,curry leaves|curryleaves,chutney|ketchup|masala|oil|paste|pickle|powder|sauce|syrup,perishable; MoH fresh<5
Rahul & Radhika,Rahul & Radhika,12,Garlic peeled,Vegetable,g,garlic,garlic|garlic peeled|peeled garlic,black garlic|bread|caper|chutney|ketchup|masala|mayo|miso|oil|paste|pickle|powder|salt|sauce|syrup,perishable; MoH fresh<5
Rahul & Radhika,Rahul & Radhika,13,Ginger,Vegetable,g,ginger,ginger,blossom|candy|chutney|garlic|ketchup|masala|oil|paste|pickle|powder|sauce|syrup|tea,perishable; MoH fresh<5
Rahul & Radhika,Rahul & Radhika,14,Green capsicum,Vegetable,g,green capsicum,bell pepper|capsicum|green capsicum|greencapsicum|shimla mirch,chutney|ketchup|masala|oil|paste|pickle|powder|sauce|syrup,perishable; MoH fresh<5; ALL colours = ONE pool; dashboard single row; MoH<10; never green for Radhika
Rahul & Radhika,Rahul & Radhika,15,Lemons,Vegetable,g,lemons,lemon|lemons|lime|nimbu,chutney|curd (lemon)|grass|ketchup|lemonade|masala|oil|paste|pickle|powder|sauce|soda|syrup|tea,perishable; MoH fresh<5; NEVER order (lemon tree at home)
Rahul & Radhika,Rahul & Radhika,16,Lettuce,Vegetable,g,lettuce,lettuce,chutney|ketchup|masala|oil|paste|pickle|powder|sauce|syrup,perishable; MoH fresh<5
Rahul & Radhika,Rahul & Radhika,17,Mint leaves,Vegetable,g,mint leaves,mint|mint leaves|mintleaves|pudina,chutney|chutney (bottled)|ketchup|masala|oil|paste|pickle|powder|sauce|syrup|tea,perishable; MoH fresh<5
Rahul & Radhika,Rahul & Radhika,18,_dup_onion_18,Vegetable,g,dup onion 18,dup onion 18|duponion18,chutney|flakes|fried|ketchup|masala|oil|paste|petal|pickle|powder|sauce|spring|syrup,perishable; MoH fresh<5; pool MoH<10
Rahul & Radhika,Rahul & Radhika,19,_dup_potato_19,Vegetable,g,dup potato 19,dup potato 19|duppotato19,chutney|ketchup|masala|oil|paste|pickle|powder|sauce|syrup,perishable; MoH fresh<5; pool MoH<10
Rahul & Radhika,Rahul & Radhika,20,Pumpkin,Vegetable,g,pumpkin,pumpkin,chutney|ketchup|masala|oil|paste|pickle|powder|sauce|syrup,perishable; MoH fresh<5
Rahul & Radhika,Rahul & Radhika,21,Tomato,Vegetable,g,tomato,tomato,cherry|chutney|hybrid|ketchup|masala|oil|pasta|paste|pickle|powder|puree|sauce|soup|sun|syrup,perishable; MoH fresh<5; pool MoH<10
Rahul & Radhika,Rahul & Radhika,22,Yellow capsicum,Vegetable,g,yellow capsicum,bell pepper|capsicum|shimla mirch|yellow capsicum|yellowcapsicum,chutney|ketchup|masala|oil|paste|pickle|powder|sauce|syrup,perishable; MoH fresh<5; ALL colours = ONE pool; dashboard single row; MoH<10; never green for Radhika
Rahul & Radhika,Rahul & Radhika,23,Zucchini,Vegetable,pc,zucchini,zucchini,chutney|ketchup|masala|oil|paste|pickle|powder|sauce|syrup,perishable; MoH fresh<5
Rahul & Radhika,Rahul & Radhika,24,"Milk bread (Health Factory, zero maida)",Bakery,ml,milk bread,all purpose flour|milk bread|milkbread|refined flour,almond|butter|chocolate|chutney|coconut|condensed|ketchup|masala|milkmaid|oat|oil|paste|pickle|powder|sauce|skyr|soy|syrup,perishable; Rahul coffee-milk; Radhika milk-intolerant; needs sign-off
Rahul & Radhika,Rahul & Radhika,25,Sourdough bread (0.5 loaf),Bread & bakery,g,sourdough bread,sourdough bread|sourdoughbread,chutney|ketchup|masala|oil|paste|pickle|powder|sauce|syrup,perishable
Rahul & Radhika,Rahul & Radhika,26,Almond drink (Alt Co),Beverage,ml,almond drink,almond drink|almonddrink,chutney|fresh|ketchup|masala|oil|paste|pickle|powder|raw|sauce|syrup,
Rahul & Radhika,Rahul & Radhika,27,Canned sodas (assorted),Beverage,pc,canned sodas,canned sodas|cannedsodas,chutney|fresh|ketchup|masala|oil|paste|pickle|powder|raw|sauce|syrup,
Rahul & Radhika,Rahul & Radhika,28,Chamomile herb tea,Beverage,pc,chamomile herb tea,chamomile herb tea|chamomileherbtea,chutney|fresh|ketchup|masala|oil|paste|pickle|powder|raw|sauce|syrup,
Rahul & Radhika,Rahul & Radhika,29,Cosmopolitan cocktail (Jimmys),Beverage,pc,cosmopolitan cocktail,cosmopolitan cocktail|cosmopolitancocktail,chutney|ketchup|masala|oil|paste|pickle|powder|sauce|syrup,
Rahul & Radhika,Rahul & Radhika,30,Cosmopolitan cocktail (Jimmy’s),Beverage,pc,cosmopolitan cocktail,cosmopolitan cocktail|cosmopolitancocktail,chutney|ketchup|masala|oil|paste|pickle|powder|sauce|syrup,
Rahul & Radhika,Rahul & Radhika,31,Indian tonic (Fever-Tree),Beverage,pc,indian tonic,indian tonic|indiantonic,chutney|ketchup|masala|oil|paste|pickle|powder|sauce|syrup,
Rahul & Radhika,Rahul & Radhika,32,Mediterranean tonic (Fever-Tree),Beverage,pc,mediterranean tonic,mediterranean tonic|mediterraneantonic,chutney|ketchup|masala|oil|paste|pickle|powder|sauce|syrup,
Rahul & Radhika,Rahul & Radhika,33,Mixed fruit pouch,Beverage,pc,mixed fruit pouch,mixed fruit pouch|mixedfruitpouch,chutney|ketchup|masala|oil|paste|pickle|powder|sauce|syrup,
Rahul & Radhika,Rahul & Radhika,34,Oat drink (Alt Co),Beverage,ml,oat drink,oat drink|oatdrink,chutney|fresh|ketchup|masala|oil|paste|pickle|powder|raw|sauce|syrup,
Rahul & Radhika,Rahul & Radhika,35,Tonic water (Sepoy & Co),Beverage,pc,tonic water,tonic water|tonicwater,chutney|ketchup|masala|oil|paste|pickle|powder|sauce|syrup,
Rahul & Radhika,Rahul & Radhika,36,Soda (Kinley),Beverages,ml,soda,soda,chutney|fresh|ketchup|masala|oil|paste|pickle|powder|raw|sauce|syrup,
Rahul & Radhika,Rahul & Radhika,37,Sourdough bread (Brik Oven),Bread & bakery,loaf,sourdough bread,sourdough bread|sourdoughbread,chutney|ketchup|masala|oil|paste|pickle|powder|sauce|syrup,perishable
Rahul & Radhika,Rahul & Radhika,38,Black garlic caper spread,Staple,g,black garlic caper spread,black garlic caper spread|blackgarliccaperspread|garlic|garlic peeled|peeled garlic,bread|chutney|ketchup|masala|mayo|miso|oil|paste|pickle|powder|salt|sauce|syrup,staple; never wiped by produce counts
Rahul & Radhika,Rahul & Radhika,39,Black garlic miso,Staple,g,black garlic miso,black garlic miso|blackgarlicmiso|garlic|garlic peeled|peeled garlic,bread|caper|chutney|ketchup|masala|mayo|oil|paste|pickle|powder|salt|sauce|syrup,staple; never wiped by produce counts
Rahul & Radhika,Rahul & Radhika,40,Black pitted olives (Borges),Condiment,pc,black pitted olives,black pitted olives|blackpittedolives,chutney|ketchup|masala|oil|paste|pickle|powder|sauce|syrup,staple; never wiped by produce counts
Rahul & Radhika,Rahul & Radhika,41,Goan cafreal masala,Condiment,pc,goan cafreal masala,goan cafreal masala|goancafrealmasala,,staple; never wiped by produce counts
Rahul & Radhika,Rahul & Radhika,42,Koji hot sauce,Condiment,pc,koji hot sauce,koji hot sauce|kojihotsauce,,staple; never wiped by produce counts
Rahul & Radhika,Rahul & Radhika,43,Olive tapenade,Staple,g,olive tapenade,olive tapenade|olivetapenade,chutney|ketchup|masala|oil|paste|pickle|powder|sauce|syrup,staple; never wiped by produce counts
Rahul & Radhika,Rahul & Radhika,44,Puliyogare paste,Condiment,g,puliyogare paste,puliyogare paste|puliyogarepaste,,staple; never wiped by produce counts
Rahul & Radhika,Rahul & Radhika,45,Rose harissa,Staple,g,rose harissa,rose harissa|roseharissa,chutney|ketchup|masala|oil|paste|pickle|powder|sauce|syrup,staple; never wiped by produce counts
Rahul & Radhika,Rahul & Radhika,46,Sliced jalapeno (Amur),Condiment,pc,sliced jalapeno,sliced jalapeno|slicedjalapeno,chutney|ketchup|masala|oil|paste|pickle|powder|sauce|syrup,staple; never wiped by produce counts
Rahul & Radhika,Rahul & Radhika,47,Sliced red paprika (Neo),Condiment,pc,sliced red paprika,sliced red paprika|slicedredpaprika,chutney|ketchup|masala|oil|paste|pickle|powder|sauce|syrup,staple; never wiped by produce counts
Rahul & Radhika,Rahul & Radhika,48,Soy sauce (Kikkoman),Condiment,pc,soy sauce,soy sauce|soysauce,,staple; never wiped by produce counts
Rahul & Radhika,Rahul & Radhika,49,Sriracha hot chilli,Condiment,pc,sriracha hot chilli,chilli|chilly|mirch|mirchi|sriracha hot chilli|srirachahotchilli,chutney|crisp|flakes|ketchup|masala|oil|paste|pickle|powder|sauce|syrup|vinegar,staple; never wiped by produce counts
Rahul & Radhika,Rahul & Radhika,50,Thai chilli paste,Condiment,pc,thai chilli paste,chilli|chilly|mirch|mirchi|thai chilli paste|thaichillipaste,crisp|flakes|oil|powder|sauce|vinegar,staple; never wiped by produce counts
Rahul & Radhika,Rahul & Radhika,51,Three citrus marmalade,Staple,g,three citrus marmalade,three citrus marmalade|threecitrusmarmalade,chutney|ketchup|masala|oil|paste|pickle|powder|sauce|syrup,staple; never wiped by produce counts
Rahul & Radhika,Rahul & Radhika,52,Tomato ketchup (Orchard Lane),Condiment,pc,tomato ketchup,tomato ketchup|tomatoketchup,cherry|hybrid|pasta|paste|puree|soup|sun,staple; never wiped by produce counts; pool MoH<10
Rahul & Radhika,Rahul & Radhika,53,Vanilla extract,Condiment,pc,vanilla extract,vanilla extract|vanillaextract,chutney|ketchup|masala|oil|paste|pickle|powder|sauce|syrup,staple; never wiped by produce counts
Rahul & Radhika,Rahul & Radhika,54,Wasabi (S&B),Condiment,pc,wasabi,wasabi,chutney|ketchup|masala|oil|paste|pickle|powder|sauce|syrup,staple; never wiped by produce counts
Rahul & Radhika,Rahul & Radhika,55,Wild forest honey,Condiment,g,wild forest honey,wild forest honey|wildforesthoney,chutney|ketchup|masala|oil|paste|pickle|powder|sauce|syrup,staple; never wiped by produce counts
Rahul & Radhika,Rahul & Radhika,56,XO sauce (Meishi),Condiment,pc,xo sauce,xo sauce|xosauce,,staple; never wiped by produce counts
Rahul & Radhika,Rahul & Radhika,57,Almond/Oat beverage (Alt Co),Dairy,ml,almond oat beverage,almond oat beverage|almondoatbeverage,chutney|ketchup|masala|oil|paste|pickle|powder|sauce|syrup,perishable
Rahul & Radhika,Rahul & Radhika,58,Epigamia Greek yogurt (mixed berries),Dairy,tub,greek yogurt,curd|dahi|greek yogurt|greekyogurt|jaggery|yoghurt|yogurt,chutney|curd (plain)|ketchup|masala|oil|paste|pickle|powder|sauce|syrup,perishable [28-Aug: removed cross-item aliases that are a known fuzzy trap]
Rahul & Radhika,Rahul & Radhika,59,Epigamia Greek yogurt (natural),Dairy,tub,greek yogurt,curd|dahi|greek yogurt|greekyogurt|jaggery|yoghurt|yogurt,chutney|curd (plain)|ketchup|masala|oil|paste|pickle|powder|sauce|syrup,perishable [28-Aug: removed cross-item aliases that are a known fuzzy trap]
Rahul & Radhika,Rahul & Radhika,60,Feta cheese,Dairy,g,feta cheese,feta cheese|fetacheese,ball|chutney|ketchup|masala|oil|paste|pickle|powder|sauce|slice (sep)|syrup,perishable
Rahul & Radhika,Rahul & Radhika,61,Fruit yoghurt cup,Dairy,pc,fruit yoghurt cup,curd|dahi|fruit yoghurt cup|fruityoghurtcup|yoghurt|yogurt,chutney|ketchup|masala|oil|paste|pickle|powder|sauce|syrup,perishable
Rahul & Radhika,Rahul & Radhika,62,Full cream milk (Heritage),Dairy,ml,full cream milk,full cream milk|fullcreammilk,almond|butter|chocolate|chutney|coconut|condensed|ketchup|masala|milkmaid|oat|oil|paste|pickle|powder|sauce|skyr|soy|syrup,perishable; Rahul coffee-milk; Radhika milk-intolerant; needs sign-off
Rahul & Radhika,Rahul & Radhika,63,Hummus,Dairy,pc,hummus,hummus,chutney|ketchup|masala|oil|paste|pickle|powder|sauce|syrup,perishable
Rahul & Radhika,Rahul & Radhika,64,Kimchi,Dairy,pc,kimchi,kimchi,chutney|ketchup|masala|oil|paste|pickle|powder|sauce|syrup,perishable
Rahul & Radhika,Rahul & Radhika,65,Marmite,Dairy,pc,marmite,marmite,chutney|ketchup|masala|oil|paste|pickle|powder|sauce|syrup,perishable
Rahul & Radhika,Rahul & Radhika,66,Milk (Heritage full cream),Dairy,L,milk,milk|milky mist skyr|skyr,almond|butter|chocolate|chutney|coconut|condensed|ketchup|masala|milkmaid|oat|oil|paste|pickle|powder|sauce|skyr|soy|syrup,perishable; Rahul coffee-milk; Radhika milk-intolerant; needs sign-off
Rahul & Radhika,Rahul & Radhika,67,Milky Mist Skyr,Dairy,g,skyr,milky mist skyr|skyr,chutney|ketchup|masala|oil|paste|pickle|powder|sauce|syrup,perishable
Rahul & Radhika,Rahul & Radhika,68,Nandini GoodLife milk,Dairy,ml,milk,milk|milky mist skyr|skyr,almond|butter|chocolate|chutney|coconut|condensed|ketchup|masala|milkmaid|oat|oil|paste|pickle|powder|sauce|skyr|soy|syrup,perishable; Rahul coffee-milk; Radhika milk-intolerant; needs sign-off
Rahul & Radhika,Rahul & Radhika,69,Paneer (malai),Meat,g,paneer,paneer,chutney|ketchup|masala|oil|paste|pickle|powder|sauce|syrup|tofu,perishable
Rahul & Radhika,Rahul & Radhika,70,Paneer (Sid’s Malai),Meat,g,paneer,paneer,chutney|ketchup|masala|oil|paste|pickle|powder|sauce|syrup|tofu,perishable
Rahul & Radhika,Rahul & Radhika,71,Sauerkraut (Bombucha),Dairy,pc,sauerkraut,sauerkraut,chutney|ketchup|masala|oil|paste|pickle|powder|sauce|syrup,perishable
Rahul & Radhika,Rahul & Radhika,72,Baked beans (American Garden),Dals,pc,baked beans,baked beans|bakedbeans,black bean sauce|chutney|coffee|ketchup|masala|moong|oil|paste|pickle|powder|rajma|sauce|syrup|vanilla,staple; never wiped by produce counts
Rahul & Radhika,Rahul & Radhika,73,Black-eyed peas (lobia),Dals,g,black eyed peas,black eyed peas|blackeyedpeas|green peas|matar|peas,chutney|dried|ketchup|masala|oil|paste|pickle|powder|protein|sauce|syrup|wasabi,staple; never wiped by produce counts
Rahul & Radhika,Rahul & Radhika,74,Chana dal,Staple,g,chana dal,chana dal|chanadal,chutney|ketchup|masala|oil|paste|pickle|powder|sauce|syrup,staple; never wiped by produce counts
Rahul & Radhika,Rahul & Radhika,75,Chickpeas / kabuli chana,Dals,g,chickpeas kabuli chana,chickpea|chickpeas|chickpeas kabuli chana|chickpeaskabulichana|chole|garbanzo|green peas|kabuli chana|matar|peas|white chana,chutney|dried|ketchup|masala|oil|paste|pickle|powder|protein|sauce|syrup|wasabi,staple; never wiped by produce counts
Rahul & Radhika,Rahul & Radhika,76,Masoor / brown lentil,Dals,g,masoor brown lentil,masoor brown lentil|masoorbrownlentil|sesame|til,chutney|ketchup|masala|oil|paste|pickle|powder|sauce|syrup,staple; never wiped by produce counts
Rahul & Radhika,Rahul & Radhika,77,Masoor dal (split),Dals,g,masoor dal,masoor dal|masoordal,chutney|ketchup|masala|oil|paste|pickle|powder|sauce|syrup,staple; never wiped by produce counts
Rahul & Radhika,Rahul & Radhika,78,Mixed dal (panchmel),Dals,g,mixed dal,mixed dal|mixeddal,chutney|ketchup|masala|oil|paste|pickle|powder|sauce|syrup,staple; never wiped by produce counts
Rahul & Radhika,Rahul & Radhika,79,Moong whole (green),Dals,g,moong whole,moong whole|moongwhole,chutney|ketchup|masala|oil|paste|pickle|powder|sauce|syrup,staple; never wiped by produce counts
Rahul & Radhika,Rahul & Radhika,80,Rajma,Staple,g,rajma,rajma,chutney|ketchup|masala|oil|paste|pickle|powder|sauce|syrup,staple; never wiped by produce counts
Rahul & Radhika,Rahul & Radhika,81,Rajma Kashmiri (Supreme Harvest),Dals,g,rajma kashmiri,rajma kashmiri|rajmakashmiri,chutney|ketchup|masala|oil|paste|pickle|powder|sauce|syrup,staple; never wiped by produce counts
Rahul & Radhika,Rahul & Radhika,82,Toor / arhar dal,Dals,g,toor arhar dal,toor arhar dal|toorarhardal,chutney|ketchup|masala|oil|paste|pickle|powder|sauce|syrup,staple; never wiped by produce counts
Rahul & Radhika,Rahul & Radhika,83,Toor dal,Staple,g,toor dal,toor dal|toordal,chutney|ketchup|masala|oil|paste|pickle|powder|sauce|syrup,staple; never wiped by produce counts
Rahul & Radhika,Rahul & Radhika,84,Eggs (free-range brown),Dairy,pc,eggs,eggs,chutney|eggplant|ketchup|less|masala|noodle|oil|paste|pickle|powder|sauce|syrup|white (sep),perishable
Rahul & Radhika,Rahul & Radhika,85,Ash gourd,Vegetable,g,ash gourd,ash gourd|ashgourd,chutney|ketchup|masala|oil|paste|pickle|powder|sauce|syrup,perishable; MoH fresh<5
Rahul & Radhika,Rahul & Radhika,86,Baby corn,Vegetable,g,baby corn,baby corn|babycorn,chutney|ketchup|masala|oil|paste|pickle|powder|sauce|syrup,perishable; MoH fresh<5
Rahul & Radhika,Rahul & Radhika,87,Bottle gourd,Vegetable,pc,bottle gourd,bottle gourd|bottlegourd|dudhi|ghiya|lauki,chutney|ketchup|masala|oil|paste|pickle|powder|sauce|syrup,perishable; MoH fresh<5
Rahul & Radhika,Rahul & Radhika,88,Broccoli,Vegetable,g,broccoli,broccoli,chutney|ketchup|masala|oil|paste|pickle|powder|sauce|syrup,perishable; MoH fresh<5
Rahul & Radhika,Rahul & Radhika,89,Cabbage,Vegetable,pc,cabbage,cabbage,chutney|ketchup|masala|oil|paste|pickle|powder|sauce|syrup,perishable; MoH fresh<5
Rahul & Radhika,Rahul & Radhika,90,Cauliflower,Vegetable,g,cauliflower,cauliflower|gobhi|gobi|phool gobhi,chutney|ketchup|masala|oil|paste|pickle|powder|sauce|syrup,perishable; MoH fresh<5
Rahul & Radhika,Rahul & Radhika,91,Dill leaves,Herbs,g,dill leaves,dill leaves|dillleaves,chutney|ketchup|masala|oil|paste|pickle|powder|sauce|syrup,perishable; MoH fresh<5
Rahul & Radhika,Rahul & Radhika,92,Dried cranberry,Vegetable,g,dried cranberry,dried cranberry|driedcranberry,chutney|ketchup|masala|oil|paste|pickle|powder|sauce|syrup,perishable; MoH fresh<5
Rahul & Radhika,Rahul & Radhika,93,Drumstick (pods),Vegetable,g,drumstick,drumstick,chutney|ketchup|masala|oil|paste|pickle|powder|sauce|syrup,perishable; MoH fresh<5
Rahul & Radhika,Rahul & Radhika,94,Dry coconut,Staple,g,dry coconut,dry coconut|drycoconut,aminos|chutney|ketchup|masala|milk powder|oil|paste|pickle|powder|sauce|sugar|syrup|vinegar|water,staple; never wiped by produce counts
Rahul & Radhika,Rahul & Radhika,95,Green beans,Vegetable,g,green beans,green beans|greenbeans,black bean sauce|chutney|coffee|ketchup|masala|moong|oil|paste|pickle|powder|rajma|sauce|syrup|vanilla,perishable; MoH fresh<5
Rahul & Radhika,Rahul & Radhika,96,Green chilli,Vegetable,g,green chilli,chilli|chilly|green chilli|greenchilli|mirch|mirchi,chutney|crisp|flakes|ketchup|masala|oil|paste|pickle|powder|sauce|syrup|vinegar,perishable; MoH fresh<5
Rahul & Radhika,Rahul & Radhika,97,Lady's finger,Vegetable,g,lady s finger,lady s finger|ladysfinger,chutney|ketchup|masala|oil|paste|pickle|powder|sauce|syrup,perishable; MoH fresh<5
Rahul & Radhika,Rahul & Radhika,98,Methi (fenugreek),Spice,g,methi,fenugreek|fenugreek leaves|methi|methi leaves,chutney|ketchup|masala|oil|paste|pickle|powder|sauce|syrup,staple; never wiped by produce counts
Rahul & Radhika,Rahul & Radhika,99,Paneer,Meat,g,paneer,paneer,chutney|ketchup|masala|oil|paste|pickle|powder|sauce|syrup|tofu,perishable
Rahul & Radhika,Rahul & Radhika,100,Papaya,Vegetable,g,papaya,papaya,chutney|ketchup|masala|oil|paste|pickle|powder|sauce|syrup,perishable; MoH fresh<5
Rahul & Radhika,Rahul & Radhika,101,Parwal,Vegetable,g,parwal,parwal,chutney|ketchup|masala|oil|paste|pickle|powder|sauce|syrup,perishable; MoH fresh<5
Rahul & Radhika,Rahul & Radhika,102,Red cabbage,Vegetable,g,red cabbage,red cabbage|redcabbage,chutney|ketchup|masala|oil|paste|pickle|powder|sauce|syrup,perishable; MoH fresh<5
Rahul & Radhika,Rahul & Radhika,103,Red capsicum,Vegetable,g,red capsicum,bell pepper|capsicum|red capsicum|redcapsicum|shimla mirch,chutney|ketchup|masala|oil|paste|pickle|powder|sauce|syrup,perishable; MoH fresh<5; ALL colours = ONE pool; dashboard single row; MoH<10; never green for Radhika
Rahul & Radhika,Rahul & Radhika,104,Romanesco,Vegetable,g,romanesco,romanesco,chutney|ketchup|masala|oil|paste|pickle|powder|sauce|syrup,perishable; MoH fresh<5
Rahul & Radhika,Rahul & Radhika,105,Spinach/Palak,Vegetable,g,spinach palak,palak|spinach|spinach palak|spinachpalak,chutney|ketchup|masala|oil|paste|pickle|powder|sauce|syrup,perishable; MoH fresh<5
Rahul & Radhika,Rahul & Radhika,106,Frozen sweet corn (Safal),Frozen,g,sweet corn,corn kernels|sweet corn|sweetcorn,chutney|ketchup|masala|oil|paste|pickle|powder|sauce|syrup,perishable
Rahul & Radhika,Rahul & Radhika,107,Tender coconut (chopped),Vegetable,g,tender coconut,tender coconut|tendercoconut,aminos|chutney|ketchup|masala|milk powder|oil|paste|pickle|powder|sauce|sugar|syrup|vinegar|water,perishable; MoH fresh<5
Rahul & Radhika,Rahul & Radhika,108,Watermelon (cut),Vegetable,g,watermelon,watermelon,chutney|ketchup|masala|oil|paste|pickle|powder|sauce|syrup,perishable; MoH fresh<5
Rahul & Radhika,Rahul & Radhika,109,Frozen green beans,Freezer,g,green beans,green beans|greenbeans,black bean sauce|chutney|coffee|ketchup|masala|moong|oil|paste|pickle|powder|rajma|sauce|syrup|vanilla,
Rahul & Radhika,Rahul & Radhika,110,Apple (Royal Gala),Fruit,pc,apple,apple,chutney|cider|custard|green apple|ketchup|masala|oil|paste|pickle|pine|powder|sauce|syrup|vinegar,perishable; MoH fresh<5
Rahul & Radhika,Rahul & Radhika,111,Avocado,Fruit,pc,avocado,avocado,chutney|ketchup|masala|oil|paste|pickle|powder|sauce|syrup,perishable; MoH fresh<5
Rahul & Radhika,Rahul & Radhika,112,Banana (Yellaki),Fruit,pc,banana,banana,chips|chutney|flour|ketchup|masala|oil|paste|pickle|powder|sauce|syrup,perishable; MoH fresh<5
Rahul & Radhika,Rahul & Radhika,113,Blueberry,Fruit,g,blueberry,blueberry|imported blueberry,chutney|ketchup|masala|oil|paste|pickle|powder|sauce|syrup,perishable; MoH fresh<5
Rahul & Radhika,Rahul & Radhika,114,"Guava (white, premium)",Fruit,pc,guava,guava,chutney|ketchup|masala|oil|paste|pickle|powder|sauce|syrup,perishable; MoH fresh<5
Rahul & Radhika,Rahul & Radhika,115,Kiwi,Fruit,g,kiwi,kiwi,chutney|ketchup|masala|oil|paste|pickle|powder|sauce|syrup,perishable; MoH fresh<5
Rahul & Radhika,Rahul & Radhika,116,Mango,Fruit,pc,mango,mango,chutney|ketchup|masala|oil|paste|pickle|powder|sauce|syrup,perishable; MoH fresh<5
Rahul & Radhika,Rahul & Radhika,117,Pear,Fruit,g,pear,pear,chutney|ketchup|masala|oil|paste|pickle|powder|sauce|syrup,perishable; MoH fresh<5
Rahul & Radhika,Rahul & Radhika,118,Walnut,Fruit,pc,walnut,walnut,chutney|ketchup|masala|oil|paste|pickle|powder|sauce|syrup,perishable; MoH fresh<5
Rahul & Radhika,Rahul & Radhika,119,Watermelon,Fruit,pc,watermelon,watermelon,chutney|ketchup|masala|oil|paste|pickle|powder|sauce|syrup,perishable; MoH fresh<5
Rahul & Radhika,Rahul & Radhika,120,Barnyard millet (samak),Grains,g,barnyard millet,barnyard millet|barnyardmillet,chutney|ketchup|masala|oil|paste|pickle|powder|sauce|syrup,staple; never wiped by produce counts
Rahul & Radhika,Rahul & Radhika,121,Besan (Organic Tattva),Grains,g,besan,besan|chana flour|chickpea flour|gram flour,chutney|ketchup|masala|oil|paste|pickle|powder|sauce|syrup,staple; never wiped by produce counts
Rahul & Radhika,Rahul & Radhika,122,Corn flour (Popular),Grains,g,corn flour,corn flour|cornflour,,staple; never wiped by produce counts
Rahul & Radhika,Rahul & Radhika,123,Corn starch (Brown & Polson),Grains,pc,corn starch,corn starch|cornstarch,chutney|ketchup|masala|oil|paste|pickle|powder|sauce|syrup,staple; never wiped by produce counts
Rahul & Radhika,Rahul & Radhika,124,Foxtail millet,Grains,g,foxtail millet,foxtail millet|foxtailmillet,chutney|ketchup|masala|oil|paste|pickle|powder|sauce|syrup,staple; never wiped by produce counts
Rahul & Radhika,Rahul & Radhika,125,Jowar atta,Grains,g,jowar atta,aata|atta|chakki atta|jowar atta|jowaratta|wheat aata|wheat flour|whole wheat atta|whole wheat flour,bajra|besan|chutney|ketchup|maida|masala|noodle|oil|paste|patta|pickle|powder|ragi|sauce|syrup|tej patta,staple; never wiped by produce counts
Rahul & Radhika,Rahul & Radhika,126,Jowar flour (Organic Tattva),Grains,g,jowar flour,jowar flour|jowarflour,,staple; never wiped by produce counts
Rahul & Radhika,Rahul & Radhika,127,Little millet (Satvyk),Grains,g,little millet,little millet|littlemillet,chutney|ketchup|masala|oil|paste|pickle|powder|sauce|syrup,staple; never wiped by produce counts
Rahul & Radhika,Rahul & Radhika,128,Quinoa flour (Organic Tattva),Grains,g,quinoa flour,quinoa flour|quinoaflour,,staple; never wiped by produce counts
Rahul & Radhika,Rahul & Radhika,129,Rava / semolina (sooji),Grains,g,rava semolina,rava|rava semolina|ravasemolina|semolina|sooji|suji,chutney|ketchup|masala|oil|paste|pickle|powder|sauce|syrup,staple; never wiped by produce counts
Rahul & Radhika,Rahul & Radhika,130,Red matta rice (broken),Grains,g,red matta rice,aata|atta|chakki atta|red matta rice|redmattarice|wheat aata|wheat flour|whole wheat atta|whole wheat flour,bajra|besan|bran|chutney|flakes|flour|jowar|ketchup|maida|masala|noodle|oil|paper|paste|patta|pickle|poha|powder|puffed|ragi|sauce|syrup|tej patta|vinegar|wine,staple; never wiped by produce counts
Rahul & Radhika,Rahul & Radhika,131,Rice (white),Grains,g,rice,flattened rice|poha|rice,bran|chutney|flakes|flour|ketchup|masala|noodle|oil|paper|paste|pickle|poha|powder|puffed|sauce|syrup|vinegar|wine,staple; never wiped by produce counts
Rahul & Radhika,Rahul & Radhika,132,Rice flour,Grains,g,rice flour,rice flour|riceflour,bran|flakes|noodle|paper|poha|puffed|vinegar|wine,staple; never wiped by produce counts
Rahul & Radhika,Rahul & Radhika,133,Roasted rice flour (Double Horse),Grains,g,roasted rice flour,roasted rice flour|roastedriceflour,bran|flakes|noodle|paper|poha|puffed|vinegar|wine,staple; never wiped by produce counts
Rahul & Radhika,Rahul & Radhika,134,White puttupodi (Double Horse),Grains,g,white puttupodi,white puttupodi|whiteputtupodi,chutney|ketchup|masala|oil|paste|pickle|powder|sauce|syrup,staple; never wiped by produce counts
Rahul & Radhika,Rahul & Radhika,135,"Black olives (Borges, pitted)",Grains & pantry,g,black olives,black olives|blackolives,chutney|ketchup|masala|oil|paste|pickle|powder|sauce|syrup,staple; never wiped by produce counts
Rahul & Radhika,Rahul & Radhika,136,Brazil nuts (Urban Platter),Grains & pantry,g,brazil nuts,brazil nuts|brazilnuts,chutney|ketchup|masala|oil|paste|pickle|powder|sauce|syrup,staple; never wiped by produce counts
Rahul & Radhika,Rahul & Radhika,137,Cashew whole (Supreme Harvest),Grains & pantry,g,cashew whole,cashew whole|cashewwhole,chutney|ketchup|masala|oil|paste|pickle|powder|sauce|syrup,staple; never wiped by produce counts
Rahul & Radhika,Rahul & Radhika,138,Chia seeds (Farmley),Grains & pantry,g,chia seeds,chia seeds|chiaseeds,,staple; never wiped by produce counts
Rahul & Radhika,Rahul & Radhika,139,Flax seeds (Farmley),Grains & pantry,g,flax seeds,flax seeds|flaxseeds,,staple; never wiped by produce counts
Rahul & Radhika,Rahul & Radhika,140,Kala chana (Tata Sampann),Grains & pantry,g,kala chana,black chana|brown chana|desi chana|kala chana|kalachana,chutney|ketchup|masala|oil|paste|pickle|powder|sauce|syrup,staple; never wiped by produce counts
Rahul & Radhika,Rahul & Radhika,141,Matta broken rice (Double Horse),Grains & pantry,g,matta broken rice,aata|atta|chakki atta|matta broken rice|mattabrokenrice|wheat aata|wheat flour|whole wheat atta|whole wheat flour,bajra|besan|bran|chutney|flakes|flour|jowar|ketchup|maida|masala|noodle|oil|paper|paste|patta|pickle|poha|powder|puffed|ragi|sauce|syrup|tej patta|vinegar|wine,staple; never wiped by produce counts
Rahul & Radhika,Rahul & Radhika,142,Moong dal (24 Mantra organic),Grains & pantry,g,moong dal,moong dal|moongdal,chutney|ketchup|masala|oil|paste|pickle|powder|sauce|syrup,staple; never wiped by produce counts
Rahul & Radhika,Rahul & Radhika,143,Moong/Pesarattu chilla batter (iD),Grains & pantry,pc,moong pesarattu chilla batter,moong pesarattu chilla batter|moongpesarattuchillabatter,chutney|ketchup|masala|oil|paste|pickle|powder|sauce|syrup,staple; never wiped by produce counts
Rahul & Radhika,Rahul & Radhika,144,Pumpkin seeds (Farmley AAA),Grains & pantry,g,pumpkin seeds,pumpkin seeds|pumpkinseeds,,staple; never wiped by produce counts
Rahul & Radhika,Rahul & Radhika,145,Quinoa (Organeekz organic),Grains & pantry,g,quinoa,quinoa,chutney|ketchup|masala|oil|paste|pickle|powder|sauce|syrup,staple; never wiped by produce counts
Rahul & Radhika,Rahul & Radhika,146,Rolled oats (Quaker high-protein),Grains & pantry,g,rolled oats,rolled oats|rolledoats,chutney|ketchup|masala|oil|paste|pickle|powder|sauce|syrup,staple; never wiped by produce counts
Rahul & Radhika,Rahul & Radhika,147,Rolled oats (Yogabar golden),Grains & pantry,g,rolled oats,rolled oats|rolledoats,chutney|ketchup|masala|oil|paste|pickle|powder|sauce|syrup,staple; never wiped by produce counts
Rahul & Radhika,Rahul & Radhika,148,"Sparkling water (Maison Perrier, Lime)",Grains & pantry,pc,sparkling water,sparkling water|sparklingwater,chutney|fresh|ketchup|masala|oil|paste|pickle|powder|raw|sauce|syrup,staple; never wiped by produce counts
Rahul & Radhika,Rahul & Radhika,149,Tofu (Health on Plants),Dairy,g,tofu,tofu,chutney|ketchup|masala|oil|paneer|paste|pickle|powder|sauce|syrup,perishable
Rahul & Radhika,Rahul & Radhika,150,Tomato paste (Indira’s),Grains & pantry,pc,tomato paste,tomato paste|tomatopaste,cherry|hybrid|ketchup|pasta|puree|soup|sun,staple; never wiped by produce counts; pool MoH<10
Rahul & Radhika,Rahul & Radhika,151,Trail mix (Farmley dry fruits/nuts/seeds),Grains & pantry,g,trail mix,mustard seeds|rai|sarson|trail mix|trailmix,chutney|ketchup|masala|oil|paste|pickle|powder|sauce|syrup,staple; never wiped by produce counts
Rahul & Radhika,Rahul & Radhika,152,Dettol liquid handwash,Household,pc,dettol liquid handwash,dettol liquid handwash|dettolliquidhandwash,chutney|ketchup|masala|oil|paste|pickle|powder|sauce|syrup,
Rahul & Radhika,Rahul & Radhika,153,Mosquito repellent patches (Mother Sparsh),Household,pc,mosquito repellent patches,mosquito repellent patches|mosquitorepellentpatches,chutney|ketchup|masala|oil|paste|pickle|powder|sauce|syrup,
Rahul & Radhika,Rahul & Radhika,154,Vegetable peeler,Household,pc,vegetable peeler,vegetable peeler|vegetablepeeler,chutney|ketchup|masala|oil|paste|pickle|powder|sauce|syrup,
Rahul & Radhika,Rahul & Radhika,155,Canned seafood (Jose Serrats),Meat & fish,pc,canned seafood,canned seafood|cannedseafood,chutney|ketchup|masala|oil|paste|pickle|powder|sauce|syrup,perishable
Rahul & Radhika,Rahul & Radhika,156,Canned tuna (Tasty Nibbles),Meat & fish,pc,canned tuna,canned tuna|cannedtuna,chutney|ketchup|masala|oil|paste|pickle|powder|sauce|syrup,perishable
Rahul & Radhika,Rahul & Radhika,157,"Chicken mince (Licious, frozen)",Meat & fish,g,chicken mince,chicken mince|chickenmince,chutney|cube|essence|ketchup|knorr|masala|oil|paste|pickle|powder|sauce|seasoning|stock|syrup,perishable
Rahul & Radhika,Rahul & Radhika,158,Goat / mutton (boneless curry cut),Meat & fish,g,goat mutton,goat mutton|goatmutton,chutney|ketchup|masala|oil|paste|pickle|powder|sauce|syrup,perishable; Bamburies Thu only
Rahul & Radhika,Rahul & Radhika,159,Soya chunks,Staple,g,soya chunks,soya chunks|soyachunks,chutney|ketchup|masala|oil|paste|pickle|powder|sauce|syrup,staple; never wiped by produce counts
Rahul & Radhika,Rahul & Radhika,160,Tofu,Protein,g,tofu,tofu,chutney|ketchup|masala|oil|paneer|paste|pickle|powder|sauce|syrup,perishable
Rahul & Radhika,Rahul & Radhika,161,A2 ghee (Aadiras),Oil,pc,a2 ghee,a2 ghee|a2ghee,chutney|ketchup|masala|oil|paste|pickle|powder|sauce|syrup,staple; never wiped by produce counts; always-keep; not part of produce counts
Rahul & Radhika,Rahul & Radhika,162,Full Moon ghee (Two Brothers),Oil,pc,full moon ghee,full moon ghee|fullmoonghee,chutney|ketchup|masala|oil|paste|pickle|powder|sauce|syrup,staple; never wiped by produce counts; always-keep; not part of produce counts
Rahul & Radhika,Rahul & Radhika,163,Mustard oil (Indic Wisdom),Oil,pc,mustard oil,mustard oil|mustardoil,essential,staple; never wiped by produce counts
Rahul & Radhika,Rahul & Radhika,164,Mustard oil (RRO),Oil,pc,mustard oil,mustard oil|mustardoil,essential,staple; never wiped by produce counts
Rahul & Radhika,Rahul & Radhika,165,Pumpkin-seed oil (Kuerbiskernoel),Oil,pc,pumpkin seed oil,pumpkin seed oil|pumpkinseedoil,essential,staple; never wiped by produce counts
Rahul & Radhika,Rahul & Radhika,166,Sesame oil (BNB toasted),Oil,pc,sesame oil,sesame|sesame oil|sesameoil|til,essential,staple; never wiped by produce counts
Rahul & Radhika,Rahul & Radhika,167,Sesame oil (Thoughtful),Oil,pc,sesame oil,sesame|sesame oil|sesameoil|til,essential,staple; never wiped by produce counts
Rahul & Radhika,Rahul & Radhika,168,Sunflower oil (Anveshan),Oil,ml,sunflower oil,sunflower oil|sunfloweroil,essential,staple; never wiped by produce counts
Rahul & Radhika,Rahul & Radhika,169,Olive oil (Borges EVOO),Oils & vinegars,ml,olive oil,olive oil|oliveoil,essential,
Rahul & Radhika,Rahul & Radhika,170,Almonds,Staple,g,almonds,almonds,butter|chutney|flour|ketchup|masala|milk|oil|paste|pickle|powder|sauce|syrup|wrap,staple; never wiped by produce counts
Rahul & Radhika,Rahul & Radhika,171,Atta,Pantry,g,atta,aata|atta|bay leaf|chakki atta|wheat aata|wheat flour|whole wheat atta|whole wheat flour,bajra|besan|chutney|jowar|ketchup|maida|masala|noodle|oil|paste|patta|pickle|powder|ragi|sauce|syrup|tej patta,staple; never wiped by produce counts [28-Aug: removed cross-item aliases that are a known fuzzy trap]
Rahul & Radhika,Rahul & Radhika,172,Californian prunes (Happilo),Pantry,pc,californian prunes,californian prunes|californianprunes,chutney|ketchup|masala|oil|paste|pickle|powder|sauce|syrup,staple; never wiped by produce counts
Rahul & Radhika,Rahul & Radhika,173,Chilli flakes,Pantry,g,chilli flakes,chilli|chilli flakes|chilliflakes|chilly|mirch|mirchi,chutney|crisp|ketchup|masala|oil|paste|pickle|powder|sauce|syrup|vinegar,staple; never wiped by produce counts
Rahul & Radhika,Rahul & Radhika,174,Coconut chunks,Vegetable,g,coconut chunks,coconut chunks|coconutchunks,aminos|chutney|ketchup|masala|milk powder|oil|paste|pickle|powder|sauce|sugar|syrup|vinegar|water,perishable; MoH fresh<5
Rahul & Radhika,Rahul & Radhika,175,Garlic powder,Pantry,g,garlic powder,garlic|garlic peeled|garlic powder|garlicpowder|peeled garlic,black garlic|bread|caper|chutney|mayo|miso|oil|paste|pickle|salt,staple; never wiped by produce counts
Rahul & Radhika,Rahul & Radhika,176,Grated coconut,Pantry,pc,grated coconut,grated coconut|gratedcoconut,aminos|chutney|ketchup|masala|milk powder|oil|paste|pickle|powder|sauce|sugar|syrup|vinegar|water,staple; never wiped by produce counts
Rahul & Radhika,Rahul & Radhika,177,Idli/dosa batter,Pantry,g,idli dosa batter,idli dosa batter|idlidosabatter,chutney|ketchup|masala|oil|paste|pickle|powder|sauce|syrup,staple; never wiped by produce counts
Rahul & Radhika,Rahul & Radhika,178,Imli (tamarind),Pantry,pc,imli,imli|tamarind,chutney|ketchup|masala|oil|paste|pickle|powder|sauce|syrup,staple; never wiped by produce counts
Rahul & Radhika,Rahul & Radhika,179,Medjool dates,Pantry,g,medjool dates,medjool dates|medjooldates,chutney|ketchup|masala|oil|paste|pickle|powder|sauce|syrup,staple; never wiped by produce counts
Rahul & Radhika,Rahul & Radhika,180,Mini medjool dates (Flyberry),Pantry,pc,mini medjool dates,mini medjool dates|minimedjooldates,chutney|ketchup|masala|oil|paste|pickle|powder|sauce|syrup,staple; never wiped by produce counts
Rahul & Radhika,Rahul & Radhika,181,Mixed berries (Nutty Gritties),Pantry,pc,mixed berries,mixed berries|mixedberries,chutney|ketchup|masala|oil|paste|pickle|powder|sauce|syrup,staple; never wiped by produce counts
Rahul & Radhika,Rahul & Radhika,182,Oats,Staple,g,oats,oats,chutney|ketchup|masala|oil|paste|pickle|powder|sauce|syrup,staple; never wiped by produce counts
Rahul & Radhika,Rahul & Radhika,183,Olive oil,Pantry,pc,olive oil,olive oil|oliveoil,essential,staple; never wiped by produce counts
Rahul & Radhika,Rahul & Radhika,184,Oregano,Staple,g,oregano,oregano,chutney|ketchup|masala|oil|paste|pickle|powder|sauce|syrup,staple; never wiped by produce counts
Rahul & Radhika,Rahul & Radhika,185,Peanut butter (Whole Truth),Pantry,pc,peanut butter,peanut butter|peanutbutter,almond|chutney|cocoa|fruit|ketchup|masala|milk|oil|paste|pickle|powder|sauce|scotch|syrup,staple; never wiped by produce counts
Rahul & Radhika,Rahul & Radhika,186,Sabudana,Pantry,g,sabudana,sabudana,chutney|ketchup|masala|oil|paste|pickle|powder|sauce|syrup,staple; never wiped by produce counts
Rahul & Radhika,Rahul & Radhika,187,Sago / sabudana (small),Pantry,g,sago sabudana,sago sabudana|sagosabudana,chutney|ketchup|masala|oil|paste|pickle|powder|sauce|syrup,staple; never wiped by produce counts
Rahul & Radhika,Rahul & Radhika,188,Salt,Pantry,pc,salt,salt,chutney|ketchup|masala|oil|paste|pickle|powder|sauce|syrup,staple; never wiped by produce counts
Rahul & Radhika,Rahul & Radhika,189,Walnuts,Pantry,g,walnuts,walnuts,chutney|ketchup|masala|oil|paste|pickle|powder|sauce|syrup,staple; never wiped by produce counts
Rahul & Radhika,Rahul & Radhika,190,Lasagne (Barilla),Pasta,pc,lasagne,lasagne,chutney|ketchup|masala|oil|paste|pickle|powder|sauce|syrup,
Rahul & Radhika,Rahul & Radhika,191,Maccheroni (Barilla),Pasta,pc,maccheroni,maccheroni,chutney|ketchup|masala|oil|paste|pickle|powder|sauce|syrup,
Rahul & Radhika,Rahul & Radhika,192,Orzo (Liguori),Pasta,pc,orzo,orzo,chutney|ketchup|masala|oil|paste|pickle|powder|sauce|syrup,
Rahul & Radhika,Rahul & Radhika,193,Pasta (assorted),Pasta,pc,pasta,pasta,chutney|ketchup|masala|oil|paste|pickle|powder|sauce|syrup,
Rahul & Radhika,Rahul & Radhika,194,Red lentil fusilli (Pink Harvest),Pasta,pc,red lentil fusilli,red lentil fusilli|redlentilfusilli|sesame|til,chutney|ketchup|masala|oil|paste|pickle|powder|sauce|syrup,
Rahul & Radhika,Rahul & Radhika,195,Red lentil penne (Pink Harvest),Pasta,pc,red lentil penne,red lentil penne|redlentilpenne|sesame|til,chutney|ketchup|masala|oil|paste|pickle|powder|sauce|syrup,
Rahul & Radhika,Rahul & Radhika,196,Sweet potato glass noodles (Platter),Pasta,pc,sweet potato glass noodles,sweet potato glass noodles|sweetpotatoglassnoodles,chutney|ketchup|masala|oil|paste|pickle|powder|sauce|syrup,pool MoH<10
Rahul & Radhika,Rahul & Radhika,197,Doggy chicken (pet food),Pet,pack,doggy chicken,doggy chicken|doggychicken,chutney|cube|essence|ketchup|knorr|masala|oil|paste|pickle|powder|sauce|seasoning|stock|syrup,
Rahul & Radhika,Rahul & Radhika,198,Bassa / pangasius fillet,Protein,g,bassa pangasius fillet,bassa pangasius fillet|bassapangasiusfillet,chutney|ketchup|masala|oil|paste|pickle|powder|sauce|syrup,perishable
Rahul & Radhika,Rahul & Radhika,199,Chicken breast (boneless),Meat,g,chicken breast,chicken breast|chickenbreast,chutney|cube|essence|ketchup|knorr|masala|oil|paste|pickle|powder|sauce|seasoning|stock|syrup,perishable; Radhika dislikes breast → thigh
Rahul & Radhika,Rahul & Radhika,200,Chicken mince / kheema,Protein,g,chicken mince kheema,chicken mince kheema|chickenmincekheema,chutney|cube|essence|ketchup|knorr|masala|oil|paste|pickle|powder|sauce|seasoning|stock|syrup,perishable
Rahul & Radhika,Rahul & Radhika,201,Gobbleright crunchies,Snacks,pc,crunchies,crunchies,chutney|ketchup|masala|oil|paste|pickle|powder|sauce|syrup,
Rahul & Radhika,Rahul & Radhika,202,Grain muesli (Whole Truth),Snacks,pc,grain muesli,grain muesli|grainmuesli|mustard seeds|rai|sarson,chutney|ketchup|masala|oil|paste|pickle|powder|sauce|syrup,
Rahul & Radhika,Rahul & Radhika,203,High-protein oats (Eat Elements),Snacks,pc,high protein oats,high protein oats|highproteinoats,chutney|ketchup|masala|oil|paste|pickle|powder|sauce|syrup,
Rahul & Radhika,Rahul & Radhika,204,Hot chocolate dark (Darkins),Staple,pc,hot chocolate dark,hot chocolate dark|hotchocolatedark,chutney|fresh|ketchup|masala|oil|paste|pickle|powder|raw|sauce|syrup,staple; never wiped by produce counts
Rahul & Radhika,Rahul & Radhika,205,Jowar puff (Sangam),Snacks,pc,jowar puff,jowar puff|jowarpuff,chutney|ketchup|masala|oil|paste|pickle|powder|sauce|syrup,
Rahul & Radhika,Rahul & Radhika,206,Makhana cream & onion (Farmley),Snacks,pc,makhana cream onion,makhana cream onion|makhanacreamonion,chutney|flakes|fried|ketchup|masala|oil|paste|petal|pickle|powder|sauce|spring|syrup,pool MoH<10
Rahul & Radhika,Rahul & Radhika,207,Millet cookies (Bunter),Snacks,pc,millet cookies,millet cookies|milletcookies,chutney|ketchup|masala|oil|paste|pickle|powder|sauce|syrup,
Rahul & Radhika,Rahul & Radhika,208,Namkeen (Haldiram),Snacks,pc,namkeen,namkeen,chutney|ketchup|masala|oil|paste|pickle|powder|sauce|syrup,
Rahul & Radhika,Rahul & Radhika,209,Nylon sev (Sangam),Snacks,pc,nylon sev,nylon sev|nylonsev,chutney|ketchup|masala|oil|paste|pickle|powder|sauce|syrup,
Rahul & Radhika,Rahul & Radhika,210,Pretzel knots (Atom Eats),Snacks,pc,pretzel knots,pretzel knots|pretzelknots,chutney|ketchup|masala|oil|paste|pickle|powder|sauce|syrup,
Rahul & Radhika,Rahul & Radhika,211,Ribbon pakoda (Sweet Karam),Snacks,pc,ribbon pakoda,ribbon pakoda|ribbonpakoda,chutney|ketchup|masala|oil|paste|pickle|powder|sauce|syrup,
Rahul & Radhika,Rahul & Radhika,212,Sev puri (Sangam),Snacks,pc,sev puri,sev puri|sevpuri,chutney|ketchup|masala|oil|paste|pickle|powder|sauce|syrup,
Rahul & Radhika,Rahul & Radhika,213,Almond wrap,Bread & bakery,pc,almond wrap,almond wrap|almondwrap,chutney|ketchup|masala|oil|paste|pickle|powder|sauce|syrup,STANDING RULE: 1 packet = 6 wraps; Radhika eats exactly 1 wrap per serving. Never match to Gobbleright crunchies or the beetroot-quinoa wrap.
Rahul & Radhika,Rahul & Radhika,214,GobbleRight beetroot & quinoa wrap,Snacks & misc,g,beetroot quinoa wrap,beetroot quinoa wrap|beetrootquinoawrap,chutney|ketchup|masala|oil|paste|pickle|powder|sauce|syrup,
Rahul & Radhika,Rahul & Radhika,215,Sandwich bread (Modern Supreme),Snacks & misc,g,sandwich bread,sandwich bread|sandwichbread,chutney|ketchup|masala|oil|paste|pickle|powder|sauce|syrup,
Rahul & Radhika,Rahul & Radhika,216,Ajwain (carom seeds),Spice,g,ajwain,ajwain,chutney|ketchup|masala|oil|paste|pickle|powder|sauce|syrup,staple; never wiped by produce counts
Rahul & Radhika,Rahul & Radhika,217,Amchur / dry mango (Everest),Spice,pc,amchur dry mango,amchur dry mango|amchurdrymango,chutney|ketchup|masala|oil|paste|pickle|powder|sauce|syrup,staple; never wiped by produce counts
Rahul & Radhika,Rahul & Radhika,218,Basil (Keya),Spice,pc,basil,basil,chutney|ketchup|masala|oil|paste|pickle|powder|sauce|syrup,staple; never wiped by produce counts
Rahul & Radhika,Rahul & Radhika,219,Bay leaf / tejpat (Uttarakhand),Spice,pc,bay leaf tejpat,bay leaf|bay leaf tejpat|bayleaftejpat|tej patta,chutney|ketchup|masala|oil|paste|pickle|powder|sauce|syrup,staple; never wiped by produce counts
Rahul & Radhika,Rahul & Radhika,220,Black pepper + rock salt grinder (Keya),Spice,pc,black pepper rock salt grinder,black pepper rock salt grinder|blackpepperrocksaltgrinder,chutney|ketchup|masala|oil|paste|pickle|powder|sauce|syrup,staple; never wiped by produce counts
Rahul & Radhika,Rahul & Radhika,221,Black peppercorns (whole),Spice,g,black peppercorns,black peppercorns|blackpeppercorns,chutney|ketchup|masala|oil|paste|pickle|powder|sauce|syrup,staple; never wiped by produce counts
Rahul & Radhika,Rahul & Radhika,222,Black salt,Staple,g,black salt,black salt|blacksalt,chutney|ketchup|masala|oil|paste|pickle|powder|sauce|syrup,staple; never wiped by produce counts
Rahul & Radhika,Rahul & Radhika,223,Black salt grinder (Keya),Spice,pc,black salt grinder,black salt grinder|blacksaltgrinder,chutney|ketchup|masala|oil|paste|pickle|powder|sauce|syrup,staple; never wiped by produce counts
Rahul & Radhika,Rahul & Radhika,224,Black sesame,Spice,g,black sesame,black sesame|blacksesame|sesame|til,chutney|ketchup|masala|oil|paste|pickle|powder|sauce|syrup,staple; never wiped by produce counts
Rahul & Radhika,Rahul & Radhika,225,Brown mustard seeds (rai),Spice,g,brown mustard seeds,brown mustard seeds|brownmustardseeds|mustard seeds|rai|sarson,,staple; never wiped by produce counts
Rahul & Radhika,Rahul & Radhika,226,Chana masala (Organic Tattva),Spice,pc,chana masala,chana masala|chanamasala,,staple; never wiped by produce counts
Rahul & Radhika,Rahul & Radhika,227,Chicken masala (Everest),Spice,pc,chicken masala,chicken masala|chickenmasala,cube|essence|knorr|seasoning|stock,staple; never wiped by produce counts
Rahul & Radhika,Rahul & Radhika,228,Chilli flakes grinder,Spice,pc,chilli flakes grinder,chilli|chilli flakes grinder|chilliflakesgrinder|chilly|mirch|mirchi,chutney|crisp|ketchup|masala|oil|paste|pickle|powder|sauce|syrup|vinegar,staple; never wiped by produce counts
Rahul & Radhika,Rahul & Radhika,229,Chutney powder (MTR),Spice,pc,chutney powder,chutney powder|chutneypowder,,staple; never wiped by produce counts
Rahul & Radhika,Rahul & Radhika,230,Cloves (laung),Spice,g,cloves,clove|cloves|laung,chutney|ketchup|masala|oil|paste|pickle|powder|sauce|syrup,staple; never wiped by produce counts
Rahul & Radhika,Rahul & Radhika,231,Coarse sea salt (Lucan),Spice,g,coarse sea salt,coarse sea salt|coarseseasalt,chutney|ketchup|masala|oil|paste|pickle|powder|sauce|syrup,staple; never wiped by produce counts
Rahul & Radhika,Rahul & Radhika,232,Coriander powder (dhania),Spice,g,coriander powder,cilantro|coriander|coriander leaves|coriander powder|corianderpowder|dhania,seeds|leaves|fresh|whole|sabut,CONFUSABLE FAMILY (coriander powder) — never match to the other forms of this ingredient
Rahul & Radhika,Rahul & Radhika,233,Coriander seeds (whole),Spice,g,coriander seeds,cilantro|coriander|coriander leaves|coriander seeds|corianderseeds|dhania,powder|leaves|fresh|pisa,CONFUSABLE FAMILY (coriander seeds) — never match to the other forms of this ingredient
Rahul & Radhika,Rahul & Radhika,234,Cumin / jeera (whole),Spice,g,cumin jeera,cumin|cumin jeera|cuminjeera|jeera,chutney|ketchup|masala|oil|paste|pickle|powder|sauce|syrup,staple; never wiped by produce counts
Rahul & Radhika,Rahul & Radhika,235,Dried herb mix,Spice,g,dried herb mix,dried herb mix|driedherbmix,chutney|ketchup|masala|oil|paste|pickle|powder|sauce|syrup,staple; never wiped by produce counts
Rahul & Radhika,Rahul & Radhika,236,Dried red chilli flakes,Spice,g,dried red chilli flakes,chilli|chilly|dried red chilli flakes|driedredchilliflakes|mirch|mirchi,chutney|crisp|ketchup|masala|oil|paste|pickle|powder|sauce|syrup|vinegar,staple; never wiped by produce counts
Rahul & Radhika,Rahul & Radhika,237,Dry red chilli (whole),Spice,g,dry red chilli,chilli|chilly|dried red chilli|dry red chilli|dryredchilli|mirch|mirchi|red chilli whole|sukhi lal mirch,chutney|crisp|flakes|ketchup|masala|oil|paste|pickle|powder|sauce|syrup|vinegar,staple; never wiped by produce counts
Rahul & Radhika,Rahul & Radhika,238,ENO (lemon),Spice,pc,eno,eno,chutney|ketchup|masala|oil|paste|pickle|powder|sauce|syrup,staple; never wiped by produce counts
Rahul & Radhika,Rahul & Radhika,239,Fennel seeds (saunf),Spice,g,fennel seeds,fennel seeds|fennelseeds,,staple; never wiped by produce counts
Rahul & Radhika,Rahul & Radhika,240,Garam masala,Spice,g,garam masala,garam masala|garammasala,,staple; never wiped by produce counts
Rahul & Radhika,Rahul & Radhika,241,Ginger powder grinder,Spice,pc,ginger powder grinder,ginger powder grinder|gingerpowdergrinder,blossom|candy|garlic|paste|tea,staple; never wiped by produce counts
Rahul & Radhika,Rahul & Radhika,242,Green cardamom (whole),Spice,g,green cardamom,cardamom|elaichi|green cardamom|greencardamom,chutney|ketchup|masala|oil|paste|pickle|powder|sauce|syrup,staple; never wiped by produce counts
Rahul & Radhika,Rahul & Radhika,243,Herb salt (Zelisna),Spice,pc,herb salt,herb salt|herbsalt,chutney|ketchup|masala|oil|paste|pickle|powder|sauce|syrup,staple; never wiped by produce counts
Rahul & Radhika,Rahul & Radhika,244,Hing / asafoetida (VDH),Spice,pc,hing asafoetida,asafoetida|hing asafoetida|hingasafoetida,chutney|ketchup|masala|oil|paste|pickle|powder|sauce|syrup,staple; never wiped by produce counts
Rahul & Radhika,Rahul & Radhika,245,Italian mix grinder,Spice,pc,italian mix grinder,italian mix grinder|italianmixgrinder,chutney|ketchup|masala|oil|paste|pickle|powder|sauce|syrup,staple; never wiped by produce counts
Rahul & Radhika,Rahul & Radhika,246,Jaljira (Everest),Spice,pc,jaljira,jaljira,chutney|ketchup|masala|oil|paste|pickle|powder|sauce|syrup,staple; never wiped by produce counts
Rahul & Radhika,Rahul & Radhika,247,Jerk seasoning (Dunns River),Spice,pc,jerk seasoning,jerk seasoning|jerkseasoning,chutney|ketchup|masala|oil|paste|pickle|powder|sauce|syrup,staple; never wiped by produce counts
Rahul & Radhika,Rahul & Radhika,248,Kasuri methi (Catch),Spice,pc,kasuri methi,fenugreek|fenugreek leaves|kasuri methi|kasurimethi|methi|methi leaves,methi leaves|fresh methi|methi seeds|methi dana|fenugreek seeds,CONFUSABLE FAMILY (kasuri methi) — never match to the other forms of this ingredient
Rahul & Radhika,Rahul & Radhika,249,Meat masala (Everest),Spice,pc,meat masala,meat masala|meatmasala,,staple; never wiped by produce counts
Rahul & Radhika,Rahul & Radhika,250,Methi seeds (fenugreek),Spice,g,methi seeds,fenugreek leaves|methi|methi leaves|methi seeds|methiseeds,kasuri|kasoori|leaves|fresh|powder,CONFUSABLE FAMILY (methi seeds) — never match to the other forms of this ingredient
Rahul & Radhika,Rahul & Radhika,251,Mustard seeds (whole),Spice,g,mustard seeds,mustard seeds|mustardseeds|rai|sarson,,staple; never wiped by produce counts
Rahul & Radhika,Rahul & Radhika,252,Oregano (Snapin),Spice,pc,oregano,oregano,chutney|ketchup|masala|oil|paste|pickle|powder|sauce|syrup,staple; never wiped by produce counts
Rahul & Radhika,Rahul & Radhika,253,Parsley grinder,Spice,pc,parsley grinder,parsley grinder|parsleygrinder,chutney|ketchup|masala|oil|paste|pickle|powder|sauce|syrup,staple; never wiped by produce counts
Rahul & Radhika,Rahul & Radhika,254,Pav bhaji masala (Everest),Spice,pc,pav bhaji masala,pav bhaji masala|pavbhajimasala,,staple; never wiped by produce counts
Rahul & Radhika,Rahul & Radhika,255,Pink salt (Aashirvaad),Spice,g,pink salt,pink salt|pinksalt,chutney|ketchup|masala|oil|paste|pickle|powder|sauce|syrup,staple; never wiped by produce counts
Rahul & Radhika,Rahul & Radhika,256,Sambar powder,Spice,g,sambar powder,sambar powder|sambarpowder,,staple; never wiped by produce counts
Rahul & Radhika,Rahul & Radhika,257,Sichuan peppercorn (Urban Platter),Spice,pc,sichuan peppercorn,sichuan peppercorn|sichuanpeppercorn,chutney|ketchup|masala|oil|paste|pickle|powder|sauce|syrup,staple; never wiped by produce counts
Rahul & Radhika,Rahul & Radhika,258,Sri Lankan cinnamon (Keya),Spice,pc,sri lankan cinnamon,sri lankan cinnamon|srilankancinnamon,chutney|ketchup|masala|oil|paste|pickle|powder|sauce|syrup,staple; never wiped by produce counts
Rahul & Radhika,Rahul & Radhika,259,Star anise (whole),Spice,g,star anise,star anise|staranise,chutney|ketchup|masala|oil|paste|pickle|powder|sauce|syrup,staple; never wiped by produce counts
Rahul & Radhika,Rahul & Radhika,260,Stock cubes (Knorr caldo de carne),Spice,pc,stock cubes,stock cubes|stockcubes,chutney|ketchup|masala|oil|paste|pickle|powder|sauce|syrup,staple; never wiped by produce counts
Rahul & Radhika,Rahul & Radhika,261,Sumac (ground sachet),Spice,pc,sumac,sumac,chutney|ketchup|masala|oil|paste|pickle|powder|sauce|syrup,staple; never wiped by produce counts
Rahul & Radhika,Rahul & Radhika,262,Sumac powder (Urban Platter),Spice,g,sumac powder,sumac powder|sumacpowder,,staple; never wiped by produce counts
Rahul & Radhika,Rahul & Radhika,263,Sweet paprika (Sphio),Spice,pc,sweet paprika,sweet paprika|sweetpaprika,chutney|ketchup|masala|oil|paste|pickle|powder|sauce|syrup,staple; never wiped by produce counts
Rahul & Radhika,Rahul & Radhika,264,Turmeric powder,Spice,g,turmeric powder,haldi|turmeric|turmeric powder|turmericpowder,,staple; never wiped by produce counts
Rahul & Radhika,Rahul & Radhika,265,Usal misal masala,Staple,g,usal misal masala,usal misal masala|usalmisalmasala,,staple; never wiped by produce counts
Rahul & Radhika,Rahul & Radhika,266,White sesame / til,Spice,g,white sesame til,sesame|til|white sesame til|whitesesametil,chutney|ketchup|masala|oil|paste|pickle|powder|sauce|syrup,staple; never wiped by produce counts
Rahul & Radhika,Rahul & Radhika,267,Whole spices (Zoff),Spice,pc,whole spices,whole spices|wholespices,chutney|ketchup|masala|oil|paste|pickle|powder|sauce|syrup,staple; never wiped by produce counts
Rahul & Radhika,Rahul & Radhika,268,Collagen peptides (Isopure),Supplement,pc,collagen peptides,collagen peptides|collagenpeptides,chutney|ketchup|masala|oil|paste|pickle|powder|sauce|syrup,
Rahul & Radhika,Rahul & Radhika,269,Creatine (Isopure),Supplement,pc,creatine,creatine,chutney|ketchup|masala|oil|paste|pickle|powder|sauce|syrup,
Rahul & Radhika,Rahul & Radhika,270,Plant protein (Nack),Supplement,pc,plant protein,plant protein|plantprotein,chutney|ketchup|masala|oil|paste|pickle|powder|sauce|syrup,
Rahul & Radhika,Rahul & Radhika,271,Protein pancake mix (Cosmix),Supplement,pc,protein pancake mix,protein pancake mix|proteinpancakemix,chutney|ketchup|masala|oil|paste|pickle|powder|sauce|syrup,
Rahul & Radhika,Rahul & Radhika,272,Indian asparagus,Vegetable,g,indian asparagus,indian asparagus|indianasparagus,chutney|ketchup|masala|oil|paste|pickle|powder|sauce|syrup,perishable; MoH fresh<5
Rahul & Radhika,Rahul & Radhika,273,Baby potato,Vegetable,g,baby potato,baby potato|babypotato,chutney|ketchup|masala|oil|paste|pickle|powder|sauce|syrup,perishable; MoH fresh<5; pool MoH<10
Rahul & Radhika,Rahul & Radhika,274,Button mushroom,Vegetable,g,button mushroom,button mushroom|buttonmushroom|mushroom,chutney|ketchup|masala|oil|paste|pickle|powder|sauce|soup|syrup,perishable; MoH fresh<5
Rahul & Radhika,Rahul & Radhika,275,Cherry tomato,Vegetable,g,cherry tomato,cherry tomato|cherrytomato,chutney|hybrid|ketchup|masala|oil|pasta|paste|pickle|powder|puree|sauce|soup|sun|syrup,perishable; MoH fresh<5; pool MoH<10
Rahul & Radhika,Rahul & Radhika,276,Cherry tomatoes,Vegetable,g,cherry tomatoes,cherry tomatoes|cherrytomatoes,chutney|hybrid|ketchup|masala|oil|pasta|paste|pickle|powder|puree|sauce|soup|sun|syrup,perishable; MoH fresh<5; pool MoH<10
Rahul & Radhika,Rahul & Radhika,277,Dill (sabbasige),Vegetable,g,dill,dill,chutney|ketchup|masala|oil|paste|pickle|powder|sauce|syrup,perishable; MoH fresh<5
Rahul & Radhika,Rahul & Radhika,278,Dried flower shiitake,Vegetable,g,dried flower shiitake,dried flower shiitake|driedflowershiitake,chutney|ketchup|masala|oil|paste|pickle|powder|sauce|syrup,perishable; MoH fresh<5
Rahul & Radhika,Rahul & Radhika,279,Dried shiitake mushroom,Vegetable,g,dried shiitake mushroom,button mushroom|dried shiitake mushroom|driedshiitakemushroom|mushroom,chutney|ketchup|masala|oil|paste|pickle|powder|sauce|soup|syrup,perishable; MoH fresh<5
Rahul & Radhika,Rahul & Radhika,280,Dried tea-tree mushroom,Vegetable,g,dried tea tree mushroom,button mushroom|dried tea tree mushroom|driedteatreemushroom|mushroom,chutney|fresh|ketchup|masala|oil|paste|pickle|powder|raw|sauce|soup|syrup,perishable; MoH fresh<5
Rahul & Radhika,Rahul & Radhika,281,Drumstick (moringa),Vegetable,pc,drumstick,drumstick,chutney|ketchup|masala|oil|paste|pickle|powder|sauce|syrup,perishable; MoH fresh<5
Rahul & Radhika,Rahul & Radhika,282,Mint (pudina),Vegetable,g,mint,mint|mint leaves|pudina,chutney|chutney (bottled)|ketchup|masala|oil|paste|pickle|powder|sauce|syrup|tea,perishable; MoH fresh<5
Rahul & Radhika,Rahul & Radhika,283,Mushroom (button),Vegetable,pc,mushroom,button mushroom|mushroom,chutney|ketchup|masala|oil|paste|pickle|powder|sauce|soup|syrup,perishable; MoH fresh<5
Rahul & Radhika,Rahul & Radhika,284,Parsley,Herbs,g,parsley,parsley,chutney|ketchup|masala|oil|paste|pickle|powder|sauce|syrup,perishable; MoH fresh<5
Rahul & Radhika,Rahul & Radhika,285,Radish (Bhoomi Farms),Vegetable,pc,radish,radish,chutney|ketchup|masala|oil|paste|pickle|powder|sauce|syrup,perishable; MoH fresh<5
Rahul & Radhika,Rahul & Radhika,286,Rocket leaves (arugula),Vegetable,g,rocket leaves,rocket leaves|rocketleaves,chutney|ketchup|masala|oil|paste|pickle|powder|sauce|syrup,perishable; MoH fresh<5
Rahul & Radhika,Rahul & Radhika,287,Apple cider vinegar (HK Vitals),Vinegar,pc,apple cider vinegar,apple cider vinegar|applecidervinegar,chutney|custard|green apple|ketchup|masala|oil|paste|pickle|pine|powder|sauce|syrup,
Rahul & Radhika,Rahul & Radhika,288,Balsamic spray (De Nigris),Vinegar,pc,balsamic spray,balsamic spray|balsamicspray,chutney|ketchup|masala|oil|paste|pickle|powder|sauce|syrup,
Rahul & Radhika,Rahul & Radhika,289,Fig vinegar (La Chinata),Vinegar,pc,fig vinegar,fig vinegar|figvinegar,chutney|ketchup|masala|oil|paste|pickle|powder|sauce|syrup,
Rahul & Radhika,Rahul & Radhika,290,Red wine vinegar (Aceto),Vinegar,pc,red wine vinegar,red wine vinegar|redwinevinegar,chutney|ketchup|masala|oil|paste|pickle|powder|sauce|syrup,
Rahul & Radhika,Rahul & Radhika,291,Rice vinegar,Staple,ml,rice vinegar,rice vinegar|ricevinegar,bran|chutney|flakes|flour|ketchup|masala|noodle|oil|paper|paste|pickle|poha|powder|puffed|sauce|syrup|wine,staple; never wiped by produce counts
Rahul & Radhika,Rahul & Radhika,296,Brown rice,Grains,g,brown rice,brown rice|brownrice,bran|chutney|flakes|flour|ketchup|masala|noodle|oil|paper|paste|pickle|poha|powder|puffed|sauce|syrup|vinegar|wine,staple; never wiped by produce counts
Rahul & Radhika,Rahul & Radhika,297,Green moong,Protein,g,green moong,green moong|greenmoong,chutney|ketchup|masala|oil|paste|pickle|powder|sauce|syrup,perishable
Rahul & Radhika,Rahul & Radhika,298,Salmon (Atlantic fillet),Meat & fish,g,salmon,salmon,chutney|ketchup|masala|oil|paste|pickle|powder|sauce|syrup,perishable
Rahul & Radhika,Rahul & Radhika,299,Sweet corn (frozen),Vegetable,g,sweet corn,corn kernels|sweet corn|sweetcorn,chutney|ketchup|masala|oil|paste|pickle|powder|sauce|syrup,perishable; MoH fresh<5
Rahul & Radhika,Rahul & Radhika,300,French ring beans,Vegetable,g,french ring beans,french ring beans|frenchringbeans,black bean sauce|chutney|coffee|ketchup|masala|moong|oil|paste|pickle|powder|rajma|sauce|syrup|vanilla,perishable; MoH fresh<5
Rahul & Radhika,Rahul & Radhika,301,Sid Farms curd,Dairy,g,curd,curd|dahi|yoghurt|yogurt,chutney|greek|gur|jaggery|ketchup|masala|oil|paste|pickle|powder|sauce|syrup,perishable
Rahul & Radhika,Rahul & Radhika,302,Coriander (fresh),Herbs,g,coriander,cilantro|coriander|coriander leaves|dhania,chutney|ketchup|masala|oil|paste|pickle|powder|sauce|seed|syrup,perishable; MoH fresh<5; pool MoH<10
Rahul & Radhika,Rahul & Radhika,303,Skyr,Dairy,g,skyr,milky mist skyr|skyr,chutney|ketchup|masala|oil|paste|pickle|powder|sauce|syrup,perishable
Rahul & Radhika,Rahul & Radhika,304,Peeled garlic (pack),Produce,g,garlic,garlic|garlic peeled|peeled garlic,black garlic|bread|caper|chutney|ketchup|masala|mayo|miso|oil|paste|pickle|powder|salt|sauce|syrup,
Rahul & Radhika,Rahul & Radhika,305,Apple gourd (tinda),Vegetable,pc,apple gourd,apple gourd|applegourd,chutney|cider|custard|green apple|ketchup|masala|oil|paste|pickle|pine|powder|sauce|syrup|vinegar,perishable; MoH fresh<5
Rahul & Radhika,Rahul & Radhika,306,Iceberg lettuce,Vegetable,g,iceberg lettuce,iceberg lettuce|iceberglettuce,chutney|ketchup|masala|oil|paste|pickle|powder|sauce|syrup,perishable; MoH fresh<5
Rahul & Radhika,Rahul & Radhika,307,Chicken thigh (boneless),Meat & fish,g,chicken thigh,chicken thigh|chickenthigh,chutney|cube|essence|ketchup|knorr|masala|oil|paste|pickle|powder|sauce|seasoning|stock|syrup,perishable
Rahul & Radhika,Rahul & Radhika,308,Strawberry yogurt (x2),Dairy,pc,strawberry yogurt,curd|dahi|jaggery|strawberry yogurt|strawberryyogurt|yoghurt|yogurt,chutney|greek|ketchup|masala|oil|paste|pickle|powder|sauce|syrup,perishable [28-Aug: removed cross-item aliases that are a known fuzzy trap]
Rahul & Radhika,Rahul & Radhika,309,Coconut milk,Dairy,ml,coconut milk,coconut milk|coconutmilk,almond|aminos|butter|chocolate|chutney|condensed|ketchup|masala|milk powder|milkmaid|oat|oil|paste|pickle|powder|sauce|skyr|soy|sugar|syrup|vinegar|water,perishable; Rahul coffee-milk; Radhika milk-intolerant; needs sign-off
Rahul & Radhika,Rahul & Radhika,310,Cinnamon (Organic Tattva),Spice,g,cinnamon,cinnamon,chutney|ketchup|masala|oil|paste|pickle|powder|sauce|syrup,staple; never wiped by produce counts
Rahul & Radhika,Rahul & Radhika,311,Olive oil (Borges EV),Pantry,ml,olive oil,olive oil|oliveoil,essential,staple; never wiped by produce counts
Rahul & Radhika,Rahul & Radhika,312,Toned milk (Heritage),Dairy,ml,toned milk,toned milk|tonedmilk,almond|butter|chocolate|chutney|coconut|condensed|ketchup|masala|milkmaid|oat|oil|paste|pickle|powder|sauce|skyr|soy|syrup,perishable; Rahul coffee-milk; Radhika milk-intolerant; needs sign-off
Rahul & Radhika,Rahul & Radhika,313,Orange,Fruit,pc,orange,orange,chutney|ketchup|masala|oil|paste|pickle|powder|sauce|syrup,perishable; MoH fresh<5
Rahul & Radhika,Rahul & Radhika,314,Rice paper,Staple,g,rice paper,rice paper|ricepaper,bran|chutney|flakes|flour|ketchup|masala|noodle|oil|paste|pickle|poha|powder|puffed|sauce|syrup|vinegar|wine,staple; never wiped by produce counts
Rahul & Radhika,Rahul & Radhika,315,Cheddar cheese (Milky Mist),Dairy,pc,cheddar cheese,cheddar cheese|cheddarcheese,ball|chutney|ketchup|masala|oil|paste|pickle|powder|sauce|slice (sep)|syrup,perishable
Rahul & Radhika,Rahul & Radhika,316,Dried mixed berries,Pantry,g,dried mixed berries,dried mixed berries|driedmixedberries,chutney|ketchup|masala|oil|paste|pickle|powder|sauce|syrup,staple; never wiped by produce counts
Rahul & Radhika,Rahul & Radhika,317,Green moong sprouts,Vegetable,g,green moong sprouts,green moong sprouts|greenmoongsprouts,chutney|ketchup|masala|oil|paste|pickle|powder|sauce|syrup,perishable; MoH fresh<5
Rahul & Radhika,Rahul & Radhika,318,Kale,Vegetable,g,kale,kale,chutney|ketchup|masala|oil|paste|pickle|powder|sauce|syrup,perishable; MoH fresh<5
Rahul & Radhika,Rahul & Radhika,319,Green peas,Vegetable,g,green peas,green peas|greenpeas|matar|peas,chutney|dried|ketchup|masala|oil|paste|pickle|powder|protein|sauce|syrup|wasabi,perishable; MoH fresh<5
Rahul & Radhika,Rahul & Radhika,320,Black pepper powder (Catch),Spice,g,black pepper powder,black pepper powder|blackpepperpowder,,staple; never wiped by produce counts
Rahul & Radhika,Rahul & Radhika,321,Sona masoori rice (Kurnool),Grains & pantry,g,sona masoori rice,sona masoori rice|sonamasooririce,bran|chutney|flakes|flour|ketchup|masala|noodle|oil|paper|paste|pickle|poha|powder|puffed|sauce|syrup|vinegar|wine,staple; never wiped by produce counts
Rahul & Radhika,Rahul & Radhika,322,Banana leaf,Vegetable,pc,banana leaf,banana leaf|bananaleaf,chips|chutney|flour|ketchup|masala|oil|paste|pickle|powder|sauce|syrup,perishable; MoH fresh<5
Rahul & Radhika,Rahul & Radhika,323,Moth matki (whole),Grains & pantry,g,moth matki,moth matki|mothmatki,chutney|ketchup|masala|oil|paste|pickle|powder|sauce|syrup,staple; never wiped by produce counts
Rahul & Radhika,Rahul & Radhika,324,Onion,Vegetable,g,onion,onion,chutney|flakes|fried|ketchup|masala|oil|paste|petal|pickle|powder|sauce|spring|syrup,perishable; MoH fresh<5; pool MoH<10
Rahul & Radhika,Rahul & Radhika,325,Potato,Vegetable,g,potato,potato,chutney|ketchup|masala|oil|paste|pickle|powder|sauce|syrup,perishable; MoH fresh<5; pool MoH<10
Rahul & Radhika,Rahul & Radhika,326,Asparagus,Vegetable,g,asparagus,asparagus,chutney|ketchup|masala|oil|paste|pickle|powder|sauce|syrup,perishable; MoH fresh<5
Rahul & Radhika,Rahul & Radhika,327,Basil,Vegetable,g,basil,basil,chutney|ketchup|masala|oil|paste|pickle|powder|sauce|syrup,perishable; MoH fresh<5
Rahul & Radhika,Rahul & Radhika,328,Roasted Bengal gram,Snacks & misc,g,roasted bengal gram,roasted bengal gram|roastedbengalgram,chutney|ketchup|masala|oil|paste|pickle|powder|sauce|syrup,
Rahul & Radhika,Rahul & Radhika,329,Spinach,Vegetable,g,spinach,palak|spinach,chutney|ketchup|masala|oil|paste|pickle|powder|sauce|syrup,perishable; MoH fresh<5
Rahul & Radhika,Rahul & Radhika,330,Toilet roll,Non-food,unit,toilet roll,toilet roll|toiletroll,essential,
Rahul & Radhika,Rahul & Radhika,331,Mutton,Protein,g,mutton,mutton,chutney|ketchup|masala|oil|paste|pickle|powder|sauce|syrup,perishable; Bamburies Thu only
Rahul & Radhika,Rahul & Radhika,332,Pomegranate,Vegetable,pc,pomegranate,pomegranate,chutney|ketchup|masala|oil|paste|pickle|powder|sauce|syrup,perishable; MoH fresh<5
Rahul & Radhika,Rahul & Radhika,333,Garlic peeled,Vegetable,g,garlic,garlic|garlic peeled|peeled garlic,black garlic|bread|caper|chutney|ketchup|masala|mayo|miso|oil|paste|pickle|powder|salt|sauce|syrup,perishable; MoH fresh<5
Rahul & Radhika,Rahul & Radhika,334,Frozen green peas (Safal),Frozen,g,green peas,green peas|greenpeas|matar|peas,chutney|dried|ketchup|masala|oil|paste|pickle|powder|protein|sauce|syrup|wasabi,perishable
Rahul & Radhika,Rahul & Radhika,335,Pumpkin (cut),Vegetable,g,pumpkin,pumpkin,chutney|ketchup|masala|oil|paste|pickle|powder|sauce|syrup,perishable; MoH fresh<5
Rahul & Radhika,Rahul & Radhika,336,Drumstick,Vegetable,pc,drumstick,drumstick,chutney|ketchup|masala|oil|paste|pickle|powder|sauce|syrup,perishable; MoH fresh<5
Rahul & Radhika,Rahul & Radhika,337,Horse gram (Kulthi),Dals,g,horse gram,horse gram|horsegram,chutney|ketchup|masala|oil|paste|pickle|powder|sauce|syrup,staple; never wiped by produce counts
Rahul & Radhika,Rahul & Radhika,338,Chicken thighs,Protein,g,chicken thighs,chicken thighs|chickenthighs,chutney|cube|essence|ketchup|knorr|masala|oil|paste|pickle|powder|sauce|seasoning|stock|syrup,perishable
Rahul & Radhika,Rahul & Radhika,339,Dettol hand wash,Non-food,ml,dettol hand wash,dettol hand wash|dettolhandwash,chutney|ketchup|masala|oil|paste|pickle|powder|sauce|syrup,
Rahul & Radhika,Rahul & Radhika,340,Coccinia (ivy gourd),Vegetable,g,coccinia,coccinia,chutney|ketchup|masala|oil|paste|pickle|powder|sauce|syrup,perishable; MoH fresh<5
Rahul & Radhika,Rahul & Radhika,341,Coconut chunks,Pantry,g,coconut chunks,coconut chunks|coconutchunks,aminos|chutney|ketchup|masala|milk powder|oil|paste|pickle|powder|sauce|sugar|syrup|vinegar|water,staple; never wiped by produce counts
Rahul & Radhika,Rahul & Radhika,342,Brazil nut,Nuts & seeds,g,brazil nut,brazil nut|brazilnut,chutney|ketchup|masala|oil|paste|pickle|powder|sauce|syrup,
Rahul & Radhika,Rahul & Radhika,343,Salmon,Meat,g,salmon,salmon,chutney|ketchup|masala|oil|paste|pickle|powder|sauce|syrup,perishable
Rahul & Radhika,Rahul & Radhika,344,Basa fish,Meat,g,basa fish,basa fish|basafish,chutney|ketchup|masala|oil|paste|pickle|powder|sauce|syrup,perishable
Rahul & Radhika,Rahul & Radhika,345,Apple,Fruit,g,apple,apple,chutney|cider|custard|green apple|ketchup|masala|oil|paste|pickle|pine|powder|sauce|syrup|vinegar,perishable; MoH fresh<5
Rahul & Radhika,Rahul & Radhika,346,Red radish,Vegetable,g,red radish,red radish|redradish,chutney|ketchup|masala|oil|paste|pickle|powder|sauce|syrup,perishable; MoH fresh<5
Rahul & Radhika,Rahul & Radhika,347,Ghee (Akshayakalpa),Dairy,ml,ghee,ghee,chutney|ketchup|masala|oil|paste|pickle|powder|sauce|syrup,perishable; always-keep; not part of produce counts
Rahul & Radhika,Rahul & Radhika,348,Jackfruit (ripe bulb),Vegetable,g,jackfruit,jackfruit,chutney|ketchup|masala|oil|paste|pickle|powder|sauce|syrup,perishable; MoH fresh<5
Rahul & Radhika,Rahul & Radhika,349,Green lettuce,Vegetable,g,green lettuce,green lettuce|greenlettuce,chutney|ketchup|masala|oil|paste|pickle|powder|sauce|syrup,perishable; MoH fresh<5
Rahul & Radhika,Rahul & Radhika,350,Mosambi,Fruit,pc,mosambi,mosambi,chutney|ketchup|masala|oil|paste|pickle|powder|sauce|syrup,perishable; MoH fresh<5
Rahul & Radhika,Rahul & Radhika,351,Chia seeds,Staple,g,chia seeds,chia seeds|chiaseeds,,staple; never wiped by produce counts
Rahul & Radhika,Rahul & Radhika,352,Sona masoori rice,Staple,g,sona masoori rice,sona masoori rice|sonamasooririce,bran|chutney|flakes|flour|ketchup|masala|noodle|oil|paper|paste|pickle|poha|powder|puffed|sauce|syrup|vinegar|wine,staple; never wiped by produce counts
Rahul & Radhika,Rahul & Radhika,353,Fresh methi,Vegetable,g,methi,fenugreek|fenugreek leaves|methi|methi leaves,kasuri|kasoori|seeds|dana|powder|dried,CONFUSABLE FAMILY (methi leaves) — never match to the other forms of this ingredient
Rahul & Radhika,Rahul & Radhika,354,Borges olive oil (EV),Oils,ml,olive oil,olive oil|oliveoil,essential,
Rahul & Radhika,Rahul & Radhika,355,Pecan nuts,Nuts & seeds,g,pecan nuts,pecan nuts|pecannuts,chutney|ketchup|masala|oil|paste|pickle|powder|sauce|syrup,
Rahul & Radhika,Rahul & Radhika,356,Cranberries,Nuts & seeds,g,cranberries,cranberries,chutney|ketchup|masala|oil|paste|pickle|powder|sauce|syrup,
Rahul & Radhika,Rahul & Radhika,357,GOCHUJANG,Staple,g,gochujang,gochujang,chutney|ketchup|masala|oil|paste|pickle|powder|sauce|syrup,staple; never wiped by produce counts
Rahul & Radhika,Rahul & Radhika,358,pULIYOGARE,Staple,g,puliyogare,puliyogare,chutney|ketchup|masala|oil|paste|pickle|powder|sauce|syrup,staple; never wiped by produce counts
Rahul & Radhika,Rahul & Radhika,359,Two brother full moon ghee,Staple,ml,two brother full moon ghee,two brother full moon ghee|twobrotherfullmoonghee,chutney|ketchup|masala|oil|paste|pickle|powder|sauce|syrup,staple; never wiped by produce counts; always-keep; not part of produce counts
Rahul & Radhika,Rahul & Radhika,360,Borges Extra virgin Olive oil,Staple,ml,extra virgin olive oil,extra virgin olive oil|extravirginoliveoil,essential,staple; never wiped by produce counts
Rahul & Radhika,Rahul & Radhika,361,Anveshan Sunflower oil,Staple,ml,sunflower oil,sunflower oil|sunfloweroil,essential,staple; never wiped by produce counts
Rahul & Radhika,Rahul & Radhika,362,Wood pressed Mustard Oil,Staple,ml,wood pressed mustard oil,wood pressed mustard oil|woodpressedmustardoil,essential,staple; never wiped by produce counts
Rahul & Radhika,Rahul & Radhika,363,RRO Mustard oil,Staple,ml,rro mustard oil,rro mustard oil|rromustardoil,essential,staple; never wiped by produce counts
Rahul & Radhika,Rahul & Radhika,364,Sesame oil,Staple,ml,sesame oil,sesame|sesame oil|sesameoil|til,essential,staple; never wiped by produce counts
Rahul & Radhika,Rahul & Radhika,365,Pumpkin seed oil,Staple,ml,pumpkin seed oil,pumpkin seed oil|pumpkinseedoil,essential,staple; never wiped by produce counts
Rahul & Radhika,Rahul & Radhika,366,forest honey,Staple,g,forest honey,forest honey|foresthoney,chutney|ketchup|masala|oil|paste|pickle|powder|sauce|syrup,staple; never wiped by produce counts
Rahul & Radhika,Rahul & Radhika,367,Farm honey,Staple,ml,farm honey,farm honey|farmhoney,chutney|ketchup|masala|oil|paste|pickle|powder|sauce|syrup,staple; never wiped by produce counts
Rahul & Radhika,Rahul & Radhika,368,Crystallized honey,Staple,g,crystallized honey,crystallized honey|crystallizedhoney,chutney|ketchup|masala|oil|paste|pickle|powder|sauce|syrup,staple; never wiped by produce counts
Rahul & Radhika,Rahul & Radhika,369,Bell pepper (pool),Vegetable,g,bell pepper,bell pepper|bellpepper|capsicum|shimla mirch,chutney|ketchup|masala|oil|paste|pickle|powder|sauce|syrup,perishable; MoH fresh<5
Rahul & Radhika,Rahul & Radhika,370,Snapin Garlic powder,Staple,g,snapin garlic powder,garlic|garlic peeled|peeled garlic|snapin garlic powder|snapingarlicpowder,black garlic|bread|caper|chutney|mayo|miso|oil|paste|pickle|salt,staple; never wiped by produce counts
Rahul & Radhika,Rahul & Radhika,371,Keya Basil,Staple,g,keya basil,keya basil|keyabasil,chutney|ketchup|masala|oil|paste|pickle|powder|sauce|syrup,staple; never wiped by produce counts
Rahul & Radhika,Rahul & Radhika,372,Zahtar,Staple,g,zahtar,zahtar,chutney|ketchup|masala|oil|paste|pickle|powder|sauce|syrup,staple; never wiped by produce counts
Rahul & Radhika,Rahul & Radhika,373,the only Parsley,Staple,g,the only parsley,the only parsley|theonlyparsley,chutney|ketchup|masala|oil|paste|pickle|powder|sauce|syrup,staple; never wiped by produce counts
Rahul & Radhika,Rahul & Radhika,374,Ginger powder,Staple,g,ginger powder,ginger powder|gingerpowder,blossom|candy|garlic|paste|tea,staple; never wiped by produce counts
Rahul & Radhika,Rahul & Radhika,375,Keya red Chili flakes,Staple,g,keya red chili flakes,keya red chili flakes|keyaredchiliflakes,chutney|ketchup|masala|oil|paste|pickle|powder|sauce|syrup,staple; never wiped by produce counts
Rahul & Radhika,Rahul & Radhika,376,Black pepper,Staple,g,black pepper,black pepper|blackpepper,chutney|ketchup|masala|oil|paste|pickle|powder|sauce|syrup,staple; never wiped by produce counts
Rahul & Radhika,Rahul & Radhika,377,Sumac Powder,Staple,g,sumac powder,sumac powder|sumacpowder,,staple; never wiped by produce counts
Rahul & Radhika,Rahul & Radhika,378,Red Dry Chilly,Staple,g,red dry chilly,chilli|chilly|mirch|mirchi|red dry chilly|reddrychilly,chutney|ketchup|masala|oil|paste|pickle|powder|sauce|syrup,staple; never wiped by produce counts
Rahul & Radhika,Rahul & Radhika,379,Khomli Barbery Grounded,Staple,g,khomli barbery grounded,khomli barbery grounded|khomlibarberygrounded,chutney|ketchup|masala|oil|paste|pickle|powder|sauce|syrup,staple; never wiped by produce counts
Rahul & Radhika,Rahul & Radhika,380,BAY LEAVES SEASONING,Staple,g,bay leaves seasoning,bay leaves seasoning|bayleavesseasoning,chutney|ketchup|masala|oil|paste|pickle|powder|sauce|syrup,staple; never wiped by produce counts
Rahul & Radhika,Rahul & Radhika,381,Pav Bhaji masala,Staple,g,pav bhaji masala,pav bhaji masala|pavbhajimasala,,staple; never wiped by produce counts
Rahul & Radhika,Rahul & Radhika,382,Chicken masala,Staple,g,chicken masala,chicken masala|chickenmasala,cube|essence|knorr|seasoning|stock,staple; never wiped by produce counts
Rahul & Radhika,Rahul & Radhika,383,Biryani masala,Staple,g,biryani masala,biryani masala|biryanimasala,,staple; never wiped by produce counts
Rahul & Radhika,Rahul & Radhika,384,Jaljira,Staple,g,jaljira,jaljira,chutney|ketchup|masala|oil|paste|pickle|powder|sauce|syrup,staple; never wiped by produce counts
Rahul & Radhika,Rahul & Radhika,385,Amchur,Staple,g,amchur,amchur,chutney|ketchup|masala|oil|paste|pickle|powder|sauce|syrup,staple; never wiped by produce counts
Rahul & Radhika,Rahul & Radhika,386,Jeera powder,Staple,g,jeera powder,cumin|jeera|jeera powder|jeerapowder,,staple; never wiped by produce counts
Rahul & Radhika,Rahul & Radhika,387,Chettinad masala,Staple,g,chettinad masala,chettinad masala|chettinadmasala,,staple; never wiped by produce counts
Rahul & Radhika,Rahul & Radhika,388,Cumin,Staple,g,cumin,cumin|jeera,chutney|ketchup|masala|oil|paste|pickle|powder|sauce|syrup,staple; never wiped by produce counts
Rahul & Radhika,Rahul & Radhika,389,Fennel,Staple,g,fennel,fennel,chutney|ketchup|masala|oil|paste|pickle|powder|sauce|syrup,staple; never wiped by produce counts
Rahul & Radhika,Rahul & Radhika,390,Ajwain,Staple,g,ajwain,ajwain,chutney|ketchup|masala|oil|paste|pickle|powder|sauce|syrup,staple; never wiped by produce counts
Rahul & Radhika,Rahul & Radhika,391,Sichuan pepper corn,Staple,g,sichuan pepper corn,sichuan pepper corn|sichuanpeppercorn,chutney|ketchup|masala|oil|paste|pickle|powder|sauce|syrup,staple; never wiped by produce counts
Rahul & Radhika,Rahul & Radhika,392,Whole spices,Staple,g,whole spices,whole spices|wholespices,chutney|ketchup|masala|oil|paste|pickle|powder|sauce|syrup,staple; never wiped by produce counts
Rahul & Radhika,Rahul & Radhika,393,Garlic podi,Staple,g,garlic podi,garlic|garlic peeled|garlic podi|garlicpodi|peeled garlic,black garlic|bread|caper|chutney|ketchup|masala|mayo|miso|oil|paste|pickle|powder|salt|sauce|syrup,staple; never wiped by produce counts
Rahul & Radhika,Rahul & Radhika,394,MTR chutney pudi,Staple,g,chutney pudi,chutney pudi|chutneypudi,,staple; never wiped by produce counts
Rahul & Radhika,Rahul & Radhika,395,Hema chutney powder,Staple,g,hema chutney powder,hema chutney powder|hemachutneypowder,,staple; never wiped by produce counts
Rahul & Radhika,Rahul & Radhika,396,Pudina chutney mix,Staple,g,pudina chutney mix,mint|mint leaves|pudina|pudina chutney mix|pudinachutneymix,,staple; never wiped by produce counts
Rahul & Radhika,Rahul & Radhika,397,Basmati White rice,Staple,g,basmati white rice,basmati white rice|basmatiwhiterice,bran|chutney|flakes|flour|ketchup|masala|noodle|oil|paper|paste|pickle|poha|powder|puffed|sauce|syrup|vinegar|wine,staple; never wiped by produce counts
Rahul & Radhika,Rahul & Radhika,398,Sonamasuri brown rice,Staple,g,sonamasuri brown rice,sonamasuri brown rice|sonamasuribrownrice,bran|chutney|flakes|flour|ketchup|masala|noodle|oil|paper|paste|pickle|poha|powder|puffed|sauce|syrup|vinegar|wine,staple; never wiped by produce counts
Rahul & Radhika,Rahul & Radhika,399,Quinoa,Staple,g,quinoa,quinoa,chutney|ketchup|masala|oil|paste|pickle|powder|sauce|syrup,staple; never wiped by produce counts
Rahul & Radhika,Rahul & Radhika,400,Khapli flour,Staple,g,khapli flour,khapli flour|khapliflour,,staple; never wiped by produce counts
Rahul & Radhika,Rahul & Radhika,401,Quinoa flour,Staple,g,quinoa flour,quinoa flour|quinoaflour,,staple; never wiped by produce counts
Rahul & Radhika,Rahul & Radhika,402,Jowar flour,Staple,g,jowar flour,jowar flour|jowarflour,,staple; never wiped by produce counts
Rahul & Radhika,Rahul & Radhika,403,Maida,Staple,g,maida,all purpose flour|maida|refined flour,chutney|ketchup|masala|oil|paste|pickle|powder|sauce|syrup,staple; never wiped by produce counts
Rahul & Radhika,Rahul & Radhika,404,Sujji (semolina),Staple,g,sujji,sujji,chutney|ketchup|masala|oil|paste|pickle|powder|sauce|syrup,staple; never wiped by produce counts
Rahul & Radhika,Rahul & Radhika,405,Idly rice,Staple,g,idly rice,idly rice|idlyrice,bran|chutney|flakes|flour|ketchup|masala|noodle|oil|paper|paste|pickle|poha|powder|puffed|sauce|syrup|vinegar|wine,staple; never wiped by produce counts
Rahul & Radhika,Rahul & Radhika,406,Barley,Staple,g,barley,barley,chutney|ketchup|masala|oil|paste|pickle|powder|sauce|syrup,staple; never wiped by produce counts
Rahul & Radhika,Rahul & Radhika,407,Almond flour,Staple,g,almond flour,almond flour|almondflour,,staple; never wiped by produce counts
Rahul & Radhika,Rahul & Radhika,408,Red rice broken,Staple,g,red rice broken,red rice broken|redricebroken,bran|chutney|flakes|flour|ketchup|masala|noodle|oil|paper|paste|pickle|poha|powder|puffed|sauce|syrup|vinegar|wine,staple; never wiped by produce counts
Rahul & Radhika,Rahul & Radhika,409,Besan flour,Staple,g,besan flour,besan|besan flour|besanflour|chana flour|chickpea flour|gram flour,,staple; never wiped by produce counts
Rahul & Radhika,Rahul & Radhika,410,Dark chocolate oats,Staple,g,dark chocolate oats,dark chocolate oats|darkchocolateoats,chutney|fresh|ketchup|masala|oil|paste|pickle|powder|raw|sauce|syrup,staple; never wiped by produce counts
Rahul & Radhika,Rahul & Radhika,411,Moong dal,Staple,g,moong dal,moong dal|moongdal,chutney|ketchup|masala|oil|paste|pickle|powder|sauce|syrup,staple; never wiped by produce counts
Rahul & Radhika,Rahul & Radhika,412,Brown lentils,Staple,g,brown lentils,brown lentils|brownlentils|sesame|til,chutney|ketchup|masala|oil|paste|pickle|powder|sauce|syrup,staple; never wiped by produce counts
Rahul & Radhika,Rahul & Radhika,413,Little millet,Staple,g,little millet,little millet|littlemillet,chutney|ketchup|masala|oil|paste|pickle|powder|sauce|syrup,staple; never wiped by produce counts
Rahul & Radhika,Rahul & Radhika,414,Masoor dal,Staple,g,masoor dal,masoor dal|masoordal,chutney|ketchup|masala|oil|paste|pickle|powder|sauce|syrup,staple; never wiped by produce counts
Rahul & Radhika,Rahul & Radhika,415,Whole green gram,Staple,g,whole green gram,whole green gram|wholegreengram,chutney|ketchup|masala|oil|paste|pickle|powder|sauce|syrup,staple; never wiped by produce counts
Rahul & Radhika,Rahul & Radhika,416,Urad dal split,Staple,g,urad dal split,urad dal split|uraddalsplit,chutney|ketchup|masala|oil|paste|pickle|powder|sauce|syrup,staple; never wiped by produce counts
Rahul & Radhika,Rahul & Radhika,417,White kidney beans,Staple,g,white kidney beans,white kidney beans|whitekidneybeans,black bean sauce|chutney|coffee|ketchup|masala|moong|oil|paste|pickle|powder|rajma|sauce|syrup|vanilla,staple; never wiped by produce counts
Rahul & Radhika,Rahul & Radhika,418,Whole moth beans,Staple,g,whole moth beans,whole moth beans|wholemothbeans,black bean sauce|chutney|coffee|ketchup|masala|moong|oil|paste|pickle|powder|rajma|sauce|syrup|vanilla,staple; never wiped by produce counts
Rahul & Radhika,Rahul & Radhika,419,Black eye peas,Staple,g,black eye peas,black eye peas|blackeyepeas|green peas|matar|peas,chutney|dried|ketchup|masala|oil|paste|pickle|powder|protein|sauce|syrup|wasabi,staple; never wiped by produce counts
Rahul & Radhika,Rahul & Radhika,420,Pearl barley,Staple,g,pearl barley,pearl barley|pearlbarley,chutney|ketchup|masala|oil|paste|pickle|powder|sauce|syrup,staple; never wiped by produce counts
Rahul & Radhika,Rahul & Radhika,421,Mixed legumes,Staple,g,mixed legumes,mixed legumes|mixedlegumes,chutney|ketchup|masala|oil|paste|pickle|powder|sauce|syrup,staple; never wiped by produce counts
Rahul & Radhika,Rahul & Radhika,422,Brown chickpeas,Staple,g,brown chickpeas,brown chickpeas|brownchickpeas|chickpea|chickpeas|chole|garbanzo|green peas|kabuli chana|matar|peas|white chana,chutney|dried|ketchup|masala|oil|paste|pickle|powder|protein|sauce|syrup|wasabi,staple; never wiped by produce counts
Rahul & Radhika,Rahul & Radhika,423,Kabuli chana,Staple,g,kabuli chana,chickpea|chickpeas|chole|garbanzo|kabuli chana|kabulichana|white chana,chutney|ketchup|masala|oil|paste|pickle|powder|sauce|syrup,staple; never wiped by produce counts
Rahul & Radhika,Rahul & Radhika,424,Tapioca pearls (sabudana),Staple,g,tapioca pearls,tapioca pearls|tapiocapearls,chutney|ketchup|masala|oil|paste|pickle|powder|sauce|syrup,staple; never wiped by produce counts
Rahul & Radhika,Rahul & Radhika,425,Roasted chana,Staple,g,roasted chana,roasted chana|roastedchana,chutney|ketchup|masala|oil|paste|pickle|powder|sauce|syrup,staple; never wiped by produce counts
Rahul & Radhika,Rahul & Radhika,426,Split black gram with skin,Staple,g,split black gram with skin,split black gram with skin|splitblackgramwithskin,chutney|ketchup|masala|oil|paste|pickle|powder|sauce|syrup,staple; never wiped by produce counts
Rahul & Radhika,Rahul & Radhika,427,Spaghetti,Staple,g,spaghetti,spaghetti,chutney|ketchup|masala|oil|paste|pickle|powder|sauce|syrup,staple; never wiped by produce counts
Rahul & Radhika,Rahul & Radhika,428,Maccheroni,Staple,g,maccheroni,maccheroni,chutney|ketchup|masala|oil|paste|pickle|powder|sauce|syrup,staple; never wiped by produce counts
Rahul & Radhika,Rahul & Radhika,429,Red lentil penne,Staple,g,red lentil penne,red lentil penne|redlentilpenne|sesame|til,chutney|ketchup|masala|oil|paste|pickle|powder|sauce|syrup,staple; never wiped by produce counts
Rahul & Radhika,Rahul & Radhika,430,Red lentil fusilli,Staple,g,red lentil fusilli,red lentil fusilli|redlentilfusilli|sesame|til,chutney|ketchup|masala|oil|paste|pickle|powder|sauce|syrup,staple; never wiped by produce counts
Rahul & Radhika,Rahul & Radhika,431,Sweet potato noodles,Staple,g,sweet potato noodles,sweet potato noodles|sweetpotatonoodles,chutney|ketchup|masala|oil|paste|pickle|powder|sauce|syrup,staple; never wiped by produce counts; pool MoH<10
Rahul & Radhika,Rahul & Radhika,432,Barilla Collezione Lasagne (rice paper),Staple,g,barilla collezione lasagne,barilla collezione lasagne|barillacollezionelasagne,chutney|ketchup|masala|oil|paste|pickle|powder|sauce|syrup,staple; never wiped by produce counts
Rahul & Radhika,Rahul & Radhika,433,Koka Tom Yum gluten-free rice fettuccine,Staple,g,koka tom yum gluten free rice fettuccine,koka tom yum gluten free rice fettuccine|kokatomyumglutenfreericefettuccine,bran|chutney|flakes|flour|ketchup|masala|noodle|oil|paper|paste|pickle|poha|powder|puffed|sauce|syrup|vinegar|wine,staple; never wiped by produce counts
Rahul & Radhika,Rahul & Radhika,434,Brazil nuts,Staple,g,brazil nuts,brazil nuts|brazilnuts,chutney|ketchup|masala|oil|paste|pickle|powder|sauce|syrup,staple; never wiped by produce counts
Rahul & Radhika,Rahul & Radhika,435,Cashews,Staple,g,cashews,cashews,chutney|ketchup|masala|oil|paste|pickle|powder|sauce|syrup,staple; never wiped by produce counts
Rahul & Radhika,Rahul & Radhika,436,Sesame seeds,Staple,g,sesame seeds,sesame|sesame seeds|sesameseeds|til,,staple; never wiped by produce counts
Rahul & Radhika,Rahul & Radhika,437,Medjool dates (2 brands),Staple,g,medjool dates,medjool dates|medjooldates,chutney|ketchup|masala|oil|paste|pickle|powder|sauce|syrup,staple; never wiped by produce counts
Rahul & Radhika,Rahul & Radhika,438,Prunes,Staple,g,prunes,prunes,chutney|ketchup|masala|oil|paste|pickle|powder|sauce|syrup,staple; never wiped by produce counts
Rahul & Radhika,Rahul & Radhika,439,Trail mix,Staple,g,trail mix,mustard seeds|rai|sarson|trail mix|trailmix,chutney|ketchup|masala|oil|paste|pickle|powder|sauce|syrup,staple; never wiped by produce counts
Rahul & Radhika,Rahul & Radhika,440,Banana chips,Staple,EX_?,banana chips,banana chips|bananachips,chutney|flour|ketchup|masala|oil|paste|pickle|powder|sauce|syrup,staple; never wiped by produce counts
Rahul & Radhika,Rahul & Radhika,441,Soy sauce,Staple,ml,soy sauce,soy sauce|soysauce,,staple; never wiped by produce counts
Rahul & Radhika,Rahul & Radhika,442,Dijon mustard wholegrain,Staple,g,dijon mustard wholegrain,dijon mustard wholegrain|dijonmustardwholegrain|mustard seeds|rai|sarson,chutney|ketchup|masala|oil|paste|pickle|powder|sauce|syrup,staple; never wiped by produce counts
Rahul & Radhika,Rahul & Radhika,443,Vinegar,Staple,ml,vinegar,vinegar,chutney|ketchup|masala|oil|paste|pickle|powder|sauce|syrup,staple; never wiped by produce counts
Rahul & Radhika,Rahul & Radhika,444,Apple cider vinegar,Staple,ml,apple cider vinegar,apple cider vinegar|applecidervinegar,chutney|custard|green apple|ketchup|masala|oil|paste|pickle|pine|powder|sauce|syrup,staple; never wiped by produce counts
Rahul & Radhika,Rahul & Radhika,445,Red wine vinegar,Staple,ml,red wine vinegar,red wine vinegar|redwinevinegar,chutney|ketchup|masala|oil|paste|pickle|powder|sauce|syrup,staple; never wiped by produce counts
Rahul & Radhika,Rahul & Radhika,446,Tomato ketchup,Staple,ml,tomato ketchup,tomato ketchup|tomatoketchup,cherry|hybrid|pasta|paste|puree|soup|sun,staple; never wiped by produce counts; pool MoH<10
Rahul & Radhika,Rahul & Radhika,447,Fig vinegar cream glaze (Higo),Staple,ml,fig vinegar cream glaze,fig vinegar cream glaze|figvinegarcreamglaze,chutney|ketchup|masala|oil|paste|pickle|powder|sauce|syrup,staple; never wiped by produce counts
Rahul & Radhika,Rahul & Radhika,448,Blue Tokai coffee,Staple,g,coffee,,chutney|fresh|ketchup|masala|oil|paste|pickle|powder|raw|sauce|syrup,staple; never wiped by produce counts [28-Aug: produce aliases stripped — a packaged drink must never stand in for fresh produce]
Rahul & Radhika,Rahul & Radhika,449,Arabica coffee,Staple,g,arabica coffee,arabica coffee|arabicacoffee,chutney|fresh|ketchup|masala|oil|paste|pickle|powder|raw|sauce|syrup,staple; never wiped by produce counts
Rahul & Radhika,Rahul & Radhika,450,Vietnamese coffee,Staple,g,vietnamese coffee,vietnamese coffee|vietnamesecoffee,chutney|fresh|ketchup|masala|oil|paste|pickle|powder|raw|sauce|syrup,staple; never wiped by produce counts
Rahul & Radhika,Rahul & Radhika,451,Hot chocolate mix,Staple,g,hot chocolate mix,hot chocolate mix|hotchocolatemix,chutney|fresh|ketchup|masala|oil|paste|pickle|powder|raw|sauce|syrup,staple; never wiped by produce counts
Rahul & Radhika,Rahul & Radhika,452,Indonesian coffee,Staple,box,indonesian coffee,indonesian coffee|indonesiancoffee,chutney|fresh|ketchup|masala|oil|paste|pickle|powder|raw|sauce|syrup,staple; never wiped by produce counts
Rahul & Radhika,Rahul & Radhika,453,Hot chocolate original,Staple,g,hot chocolate original,hot chocolate original|hotchocolateoriginal,chutney|fresh|ketchup|masala|oil|paste|pickle|powder|raw|sauce|syrup,staple; never wiped by produce counts
Rahul & Radhika,Rahul & Radhika,454,Darkin hot chocolate,Staple,pack,darkin hot chocolate,darkin hot chocolate|darkinhotchocolate,chutney|fresh|ketchup|masala|oil|paste|pickle|powder|raw|sauce|syrup,staple; never wiped by produce counts
Rahul & Radhika,Rahul & Radhika,455,Darjeeling tea,Staple,g,darjeeling tea,darjeeling tea|darjeelingtea,chutney|fresh|ketchup|masala|oil|paste|pickle|powder|raw|sauce|syrup,staple; never wiped by produce counts
Rahul & Radhika,Rahul & Radhika,456,Earl Grey tea,Staple,g,earl grey tea,earl grey tea|earlgreytea,chutney|fresh|ketchup|masala|oil|paste|pickle|powder|raw|sauce|syrup,staple; never wiped by produce counts
Rahul & Radhika,Rahul & Radhika,457,Chamomile tea,Staple,bottle,chamomile tea,chamomile tea|chamomiletea,chutney|fresh|ketchup|masala|oil|paste|pickle|powder|raw|sauce|syrup,staple; never wiped by produce counts
Rahul & Radhika,Rahul & Radhika,458,Lemongrass Ginger Turmeric tea,Staple,serving,lemongrass ginger turmeric tea,haldi|lemongrass ginger turmeric tea|lemongrassgingerturmerictea|nimbu,blossom|candy|chutney|curd (lemon)|fresh|garlic|ketchup|lemonade|masala|oil|paste|pickle|powder|raw|sauce|soda|syrup,staple; never wiped by produce counts; NEVER order (lemon tree at home) [28-Aug: produce aliases stripped — a packaged drink must never stand in for fresh produce]
Rahul & Radhika,Rahul & Radhika,459,Spearmint tea,Staple,g,spearmint tea,mint leaves|pudina|spearmint tea|spearminttea,chutney|chutney (bottled)|fresh|ketchup|masala|oil|paste|pickle|powder|raw|sauce|syrup,staple; never wiped by produce counts [28-Aug: produce aliases stripped — a packaged drink must never stand in for fresh produce]
Rahul & Radhika,Rahul & Radhika,460,White tea,Staple,g,white tea,white tea|whitetea,chutney|fresh|ketchup|masala|oil|paste|pickle|powder|raw|sauce|syrup,staple; never wiped by produce counts
Rahul & Radhika,Rahul & Radhika,461,Herbal blends tea,Staple,g,herbal blends tea,herbal blends tea|herbalblendstea,chutney|fresh|ketchup|masala|oil|paste|pickle|powder|raw|sauce|syrup,staple; never wiped by produce counts
Rahul & Radhika,Rahul & Radhika,462,Baking powder,Staple,g,baking powder,baking powder|bakingpowder,,staple; never wiped by produce counts
Rahul & Radhika,Rahul & Radhika,463,Pancake mix,Staple,g,pancake mix,pancake mix|pancakemix,chutney|ketchup|masala|oil|paste|pickle|powder|sauce|syrup,staple; never wiped by produce counts
Rahul & Radhika,Rahul & Radhika,464,Oat and wheat pancake mix,Staple,g,oat and wheat pancake mix,oat and wheat pancake mix|oatandwheatpancakemix,chutney|ketchup|masala|oil|paste|pickle|powder|sauce|syrup,staple; never wiped by produce counts
Rahul & Radhika,Rahul & Radhika,465,Hot chocolate peanut butter,Staple,g,hot chocolate peanut butter,hot chocolate peanut butter|hotchocolatepeanutbutter,almond|chutney|cocoa|fresh|fruit|ketchup|masala|milk|oil|paste|pickle|powder|raw|sauce|scotch|syrup,staple; never wiped by produce counts
Rahul & Radhika,Rahul & Radhika,466,Electrolytes,Staple,g,electrolytes,electrolytes,chutney|ketchup|masala|oil|paste|pickle|powder|sauce|syrup,staple; never wiped by produce counts
Rahul & Radhika,Rahul & Radhika,467,Eno,Staple,g,eno,eno,chutney|ketchup|masala|oil|paste|pickle|powder|sauce|syrup,staple; never wiped by produce counts
Rahul & Radhika,Rahul & Radhika,468,Samahan,Staple,g,samahan,samahan,chutney|ketchup|masala|oil|paste|pickle|powder|sauce|syrup,staple; never wiped by produce counts
Rahul & Radhika,Rahul & Radhika,469,Isopure,Staple,EX_?,isopure,isopure,chutney|ketchup|masala|oil|paste|pickle|powder|sauce|syrup,staple; never wiped by produce counts
Rahul & Radhika,Rahul & Radhika,470,Peanut butter,Staple,g,peanut butter,peanut butter|peanutbutter,almond|chutney|cocoa|fruit|ketchup|masala|milk|oil|paste|pickle|powder|sauce|scotch|syrup,staple; never wiped by produce counts
Rahul & Radhika,Rahul & Radhika,471,Dark chocolate peanut butter,Staple,bottle,dark chocolate peanut butter,dark chocolate peanut butter|darkchocolatepeanutbutter,almond|chutney|cocoa|fresh|fruit|ketchup|masala|milk|oil|paste|pickle|powder|raw|sauce|scotch|syrup,staple; never wiped by produce counts
Rahul & Radhika,Rahul & Radhika,472,Dried flower shiitake mushrooms,Staple,g,dried flower shiitake mushrooms,button mushroom|dried flower shiitake mushrooms|driedflowershiitakemushrooms|mushroom,chutney|ketchup|masala|oil|paste|pickle|powder|sauce|soup|syrup,staple; never wiped by produce counts
Rahul & Radhika,Rahul & Radhika,473,Dried Garcinia Indica (kokum),Staple,g,dried garcinia indica,dried garcinia indica|driedgarciniaindica,chutney|ketchup|masala|oil|paste|pickle|powder|sauce|syrup,staple; never wiped by produce counts
Rahul & Radhika,Rahul & Radhika,474,Groundnuts,Staple,g,groundnuts,groundnuts,chutney|ketchup|masala|oil|paste|pickle|powder|sauce|syrup,staple; never wiped by produce counts
Rahul & Radhika,Rahul & Radhika,475,Sugar,Staple,g,sugar,sugar,brown|chutney|free|icing|ketchup|masala|oil|paste|pickle|powder|powdered|sauce|syrup,staple; never wiped by produce counts
Rahul & Radhika,Rahul & Radhika,476,Tamarind,Staple,g,tamarind,tamarind,chutney|ketchup|masala|oil|paste|pickle|powder|sauce|syrup,staple; never wiped by produce counts
Rahul & Radhika,Rahul & Radhika,477,Black lemon,Staple,pc,black lemon,black lemon|blacklemon|lemon|lemons|lime|nimbu,chutney|curd (lemon)|grass|ketchup|lemonade|masala|oil|paste|pickle|powder|sauce|soda|syrup|tea,staple; never wiped by produce counts; NEVER order (lemon tree at home)
Rahul & Radhika,Rahul & Radhika,478,Dried shiitake mushrooms,Staple,g,dried shiitake mushrooms,button mushroom|dried shiitake mushrooms|driedshiitakemushrooms|mushroom,chutney|ketchup|masala|oil|paste|pickle|powder|sauce|soup|syrup,staple; never wiped by produce counts
Rahul & Radhika,Rahul & Radhika,479,Seaweed sheets,Staple,g,seaweed sheets,seaweed sheets|seaweedsheets,chutney|ketchup|masala|oil|paste|pickle|powder|sauce|syrup,staple; never wiped by produce counts
Rahul & Radhika,Rahul & Radhika,480,Kilrr marination masala,Staple,g,kilrr marination masala,kilrr marination masala|kilrrmarinationmasala,,staple; never wiped by produce counts
Rahul & Radhika,Rahul & Radhika,481,Barbeque instant popcorn,Staple,g,barbeque instant popcorn,barbeque instant popcorn|barbequeinstantpopcorn,chutney|ketchup|masala|oil|paste|pickle|powder|sauce|syrup,staple; never wiped by produce counts
Rahul & Radhika,Rahul & Radhika,482,Original taco seasoning,Staple,g,original taco seasoning,original taco seasoning|originaltacoseasoning,chutney|ketchup|masala|oil|paste|pickle|powder|sauce|syrup,staple; never wiped by produce counts
Rahul & Radhika,Rahul & Radhika,483,Baked beans,Staple,g,baked beans,baked beans|bakedbeans,black bean sauce|chutney|coffee|ketchup|masala|moong|oil|paste|pickle|powder|rajma|sauce|syrup|vanilla,staple; never wiped by produce counts
Rahul & Radhika,Rahul & Radhika,484,Borges black pitted olives,Staple,g,black pitted olives,black pitted olives|blackpittedolives,chutney|ketchup|masala|oil|paste|pickle|powder|sauce|syrup,staple; never wiped by produce counts
Rahul & Radhika,Rahul & Radhika,485,Coconut milk,Staple,ml,coconut milk,coconut milk|coconutmilk,almond|aminos|butter|chocolate|chutney|condensed|ketchup|masala|milk powder|milkmaid|oat|oil|paste|pickle|powder|sauce|skyr|soy|sugar|syrup|vinegar|water,staple; never wiped by produce counts; Rahul coffee-milk; Radhika milk-intolerant; needs sign-off
Rahul & Radhika,Rahul & Radhika,486,Ginger garlic paste,Staple,g,ginger garlic paste,garlic|garlic peeled|ginger garlic paste|gingergarlicpaste|peeled garlic,black garlic|blossom|bread|candy|caper|chutney|mayo|miso|oil|pickle|powder|salt|tea,staple; never wiped by produce counts
Rahul & Radhika,Rahul & Radhika,487,Tomato paste,Staple,g,tomato paste,tomato paste|tomatopaste,cherry|hybrid|ketchup|pasta|puree|soup|sun,staple; never wiped by produce counts; pool MoH<10
Rahul & Radhika,Rahul & Radhika,488,Vanilla bean,Staple,g,vanilla bean,vanilla bean|vanillabean,chutney|ketchup|masala|oil|paste|pickle|powder|sauce|syrup,staple; never wiped by produce counts
Rahul & Radhika,Rahul & Radhika,489,Huy Fong Sriracha hot chili sauce,Staple,g,huy fong sriracha hot chili sauce,huy fong sriracha hot chili sauce|huyfongsrirachahotchilisauce,,staple; never wiped by produce counts
Rahul & Radhika,Rahul & Radhika,490,Red curry paste,Staple,packet,red curry paste,red curry paste|redcurrypaste,,staple; never wiped by produce counts
Rahul & Radhika,Rahul & Radhika,491,Hot Koji sauce,Staple,g,hot koji sauce,hot koji sauce|hotkojisauce,,staple; never wiped by produce counts
Rahul & Radhika,Rahul & Radhika,492,Knorr Caldo de Carne,Staple,cube,knorr caldo de carne,knorr caldo de carne|knorrcaldodecarne,chutney|ketchup|masala|oil|paste|pickle|powder|sauce|syrup,staple; never wiped by produce counts
Rahul & Radhika,Rahul & Radhika,493,Malabar tamarind,Staple,g,malabar tamarind,malabar tamarind|malabartamarind,chutney|ketchup|masala|oil|paste|pickle|powder|sauce|syrup,staple; never wiped by produce counts
Rahul & Radhika,Rahul & Radhika,494,Chiroti rava,Staple,g,chiroti rava,chiroti rava|chirotirava|rava|semolina|sooji|suji,chutney|ketchup|masala|oil|paste|pickle|powder|sauce|syrup,staple; never wiped by produce counts
Rahul & Radhika,Rahul & Radhika,495,Arabica coffee (2),Staple,g,arabica coffee,arabica coffee|arabicacoffee,chutney|fresh|ketchup|masala|oil|paste|pickle|powder|raw|sauce|syrup,staple; never wiped by produce counts
Rahul & Radhika,Rahul & Radhika,496,Red paprika sliced,Staple,g,red paprika sliced,red paprika sliced|redpaprikasliced,chutney|ketchup|masala|oil|paste|pickle|powder|sauce|syrup,staple; never wiped by produce counts
Rahul & Radhika,Rahul & Radhika,497,Sliced green jalapeno,Staple,g,sliced green jalapeno,sliced green jalapeno|slicedgreenjalapeno,chutney|ketchup|masala|oil|paste|pickle|powder|sauce|syrup,staple; never wiped by produce counts
Rahul & Radhika,Rahul & Radhika,498,Meat masala,Staple,g,meat masala,meat masala|meatmasala,,staple; never wiped by produce counts
Rahul & Radhika,Rahul & Radhika,499,Chana masala,Staple,g,chana masala,chana masala|chanamasala,,staple; never wiped by produce counts
Rahul & Radhika,Rahul & Radhika,500,Corn starch,Staple,g,corn starch,corn starch|cornstarch,chutney|ketchup|masala|oil|paste|pickle|powder|sauce|syrup,staple; never wiped by produce counts
Rahul & Radhika,Rahul & Radhika,501,Kasuri methi,Staple,g,kasuri methi,fenugreek|fenugreek leaves|kasuri methi|kasurimethi|methi|methi leaves,methi leaves|fresh methi|methi seeds|methi dana|fenugreek seeds,CONFUSABLE FAMILY (kasuri methi) — never match to the other forms of this ingredient
Rahul & Radhika,Rahul & Radhika,502,Sauerkraut original,Staple,g,sauerkraut original,sauerkraut original|sauerkrautoriginal,chutney|ketchup|masala|oil|paste|pickle|powder|sauce|syrup,staple; never wiped by produce counts
Rahul & Radhika,Rahul & Radhika,503,Soup sauteed vegetables,Staple,g,soup sauteed vegetables,soup sauteed vegetables|soupsauteedvegetables,chutney|ketchup|masala|oil|paste|pickle|powder|sauce|syrup,staple; never wiped by produce counts
Rahul & Radhika,Rahul & Radhika,504,Marmite truffle extract,Staple,g,marmite truffle extract,marmite truffle extract|marmitetruffleextract,chutney|ketchup|masala|oil|paste|pickle|powder|sauce|syrup,staple; never wiped by produce counts
Rahul & Radhika,Rahul & Radhika,505,Red chilli powder,Staple,g,red chilli powder,chilli|chilly|mirch|mirchi|red chilli powder|redchillipowder,crisp|flakes|oil|paste|sauce|vinegar,staple; never wiped by produce counts
Rahul & Radhika,Rahul & Radhika,506,Chilli seed powder,Staple,g,chilli seed powder,chilli|chilli seed powder|chilliseedpowder|chilly|mirch|mirchi,crisp|flakes|oil|paste|sauce|vinegar,staple; never wiped by produce counts
Rahul & Radhika,Rahul & Radhika,507,Black til (sesame),Staple,g,black til,black til|blacktil|sesame|til,chutney|ketchup|masala|oil|paste|pickle|powder|sauce|syrup,staple; never wiped by produce counts
Rahul & Radhika,Rahul & Radhika,508,Cinnamon,Staple,g,cinnamon,cinnamon,chutney|ketchup|masala|oil|paste|pickle|powder|sauce|syrup,staple; never wiped by produce counts
Rahul & Radhika,Rahul & Radhika,509,Italian mix,Staple,g,italian mix,italian mix|italianmix,chutney|ketchup|masala|oil|paste|pickle|powder|sauce|syrup,staple; never wiped by produce counts
Rahul & Radhika,Rahul & Radhika,510,Jerk seasoning,Staple,g,jerk seasoning,jerk seasoning|jerkseasoning,chutney|ketchup|masala|oil|paste|pickle|powder|sauce|syrup,staple; never wiped by produce counts
Rahul & Radhika,Rahul & Radhika,511,White puttu podi flour,Staple,g,white puttu podi flour,white puttu podi flour|whiteputtupodiflour,,staple; never wiped by produce counts
Rahul & Radhika,Rahul & Radhika,512,Aashirvaad pink salt,Staple,g,pink salt,pink salt|pinksalt,chutney|ketchup|masala|oil|paste|pickle|powder|sauce|syrup,staple; never wiped by produce counts
Rahul & Radhika,Rahul & Radhika,513,Appam idiyappam mix,Staple,g,appam idiyappam mix,appam idiyappam mix|appamidiyappammix,chutney|ketchup|masala|oil|paste|pickle|powder|sauce|syrup,staple; never wiped by produce counts
Rahul & Radhika,Rahul & Radhika,514,10 on 10 jowar atta,Staple,g,10 on 10 jowar atta,10 on 10 jowar atta|10on10jowaratta|aata|atta|chakki atta|wheat aata|wheat flour|whole wheat atta|whole wheat flour,bajra|besan|chutney|ketchup|maida|masala|noodle|oil|paste|patta|pickle|powder|ragi|sauce|syrup|tej patta,staple; never wiped by produce counts
Rahul & Radhika,Rahul & Radhika,515,Sesame oil BNB,Staple,ml,sesame oil bnb,sesame|sesame oil bnb|sesameoilbnb|til,essential,staple; never wiped by produce counts
Rahul & Radhika,Rahul & Radhika,516,De Nigris Senza Caramello vinegar,Staple,ml,de nigris senza caramello vinegar,de nigris senza caramello vinegar|denigrissenzacaramellovinegar,chutney|ketchup|masala|oil|paste|pickle|powder|sauce|syrup,staple; never wiped by produce counts
Rahul & Radhika,Rahul & Radhika,517,Peanuts,Staple,g,peanuts,peanuts,chutney|ketchup|masala|oil|paste|pickle|powder|sauce|syrup,staple; never wiped by produce counts
Rahul & Radhika,Rahul & Radhika,518,Roasted seeds mix,Staple,g,roasted seeds mix,roasted seeds mix|roastedseedsmix,,staple; never wiped by produce counts
Rahul & Radhika,Rahul & Radhika,519,Indian plum,Fruit,pc,indian plum,indian plum|indianplum,chutney|ketchup|masala|oil|paste|pickle|powder|sauce|syrup,perishable; MoH fresh<5
Rahul & Radhika,Rahul & Radhika,520,Sambar veg combo,Vegetable,combo,sambar veg combo,sambar veg combo|sambarvegcombo,chutney|ketchup|masala|oil|paste|pickle|powder|sauce|syrup,perishable; MoH fresh<5
Rahul & Radhika,Rahul & Radhika,521,English cucumber,Vegetable,g,english cucumber,cucumber|english cucumber|englishcucumber|kheera,chutney|ketchup|masala|oil|paste|pickle|powder|sauce|syrup,perishable; MoH fresh<5; types pooled
Rahul & Radhika,Rahul & Radhika,522,Cherry (imported),Fruit,g,cherry,cherry,chutney|ketchup|masala|oil|paste|pickle|powder|sauce|syrup,perishable; MoH fresh<5
Rahul & Radhika,Rahul & Radhika,523,Shakthi fish masala,Staple,g,shakthi fish masala,shakthi fish masala|shakthifishmasala,,staple; never wiped by produce counts
Rahul & Radhika,Rahul & Radhika,524,Achi fish curry masala,Staple,g,achi fish curry masala,achi fish curry masala|achifishcurrymasala,,staple; never wiped by produce counts
Rahul & Radhika,Rahul & Radhika,525,Catla fish,Meat,g,catla fish,catla fish|catlafish,chutney|ketchup|masala|oil|paste|pickle|powder|sauce|syrup,perishable
Rahul & Radhika,Rahul & Radhika,526,Bok choy,Vegetable,g,bok choy,bok choy|bokchoy,chutney|ketchup|masala|oil|paste|pickle|powder|sauce|syrup,perishable; MoH fresh<5
Rahul & Radhika,Rahul & Radhika,527,Apple (Granny Smith),Fruit,pc,apple,apple,chutney|cider|custard|green apple|ketchup|masala|oil|paste|pickle|pine|powder|sauce|syrup|vinegar,perishable; MoH fresh<5
Rahul & Radhika,Rahul & Radhika,528,Mixed dal,Staple,g,mixed dal,mixed dal|mixeddal,chutney|ketchup|masala|oil|paste|pickle|powder|sauce|syrup,staple; never wiped by produce counts
Rahul & Radhika,Rahul & Radhika,529,Butter,Dairy,g,butter,butter,almond|chutney|cocoa|fruit|ketchup|masala|milk|oil|paste|peanut|pickle|powder|sauce|scotch|syrup,perishable
Rahul & Radhika,Rahul & Radhika,530,Rosemary (fresh),Herbs,g,rosemary,rosemary,chutney|ketchup|masala|oil|paste|pickle|powder|sauce|syrup,perishable; MoH fresh<5
Rahul & Radhika,Rahul & Radhika,531,Rocket leaves (arugula),Vegetable,g,rocket leaves,rocket leaves|rocketleaves,chutney|ketchup|masala|oil|paste|pickle|powder|sauce|syrup,perishable; MoH fresh<5
Rahul & Radhika,Rahul & Radhika,532,Celery,Vegetable,g,celery,celery,chutney|ketchup|masala|oil|paste|pickle|powder|sauce|syrup,perishable; MoH fresh<5
Rahul & Radhika,Rahul & Radhika,533,Lady's fingers (bhindi),Vegetable,g,lady s fingers,lady s fingers|ladysfingers,chutney|ketchup|masala|oil|paste|pickle|powder|sauce|syrup,perishable; MoH fresh<5
Rahul & Radhika,Rahul & Radhika,534,Dragon fruit (red flesh),Fruit,pc,dragon fruit,dragon fruit|dragonfruit,chutney|ketchup|masala|oil|paste|pickle|powder|sauce|syrup,perishable; MoH fresh<5
Rahul & Radhika,Rahul & Radhika,535,Epigamia Greek yogurt (no added sugar),Dairy,g,greek yogurt,curd|dahi|greek yogurt|greekyogurt|jaggery|yoghurt|yogurt,chutney|curd (plain)|ketchup|masala|oil|paste|pickle|powder|sauce|syrup,perishable [28-Aug: removed cross-item aliases that are a known fuzzy trap]
Rahul & Radhika,Rahul & Radhika,536,"Chicken (fresh, 3 packs)",Protein,pack,chicken,chicken,chutney|cube|essence|ketchup|knorr|masala|oil|paste|pickle|powder|sauce|seasoning|stock|syrup,perishable
Rahul & Radhika,Rahul & Radhika,537,Modern white bread,Bread & bakery,g,modern white bread,modern white bread|modernwhitebread,chutney|ketchup|masala|oil|paste|pickle|powder|sauce|syrup,perishable
Rahul & Radhika,Rahul & Radhika,538,Taj Mahal tea (sample),Beverage,g,taj mahal tea,taj mahal tea|tajmahaltea,chutney|fresh|ketchup|masala|oil|paste|pickle|powder|raw|sauce|syrup,
Rahul & Radhika,Rahul & Radhika,539,Makhana (black salt roasted),Staple,g,makhana,makhana,chutney|ketchup|masala|oil|paste|pickle|powder|sauce|syrup,staple; never wiped by produce counts
Rahul & Radhika,Rahul & Radhika,540,Makhana (cream & onion),Staple,g,makhana,makhana,chutney|ketchup|masala|oil|paste|pickle|powder|sauce|syrup,staple; never wiped by produce counts
Rahul & Radhika,Rahul & Radhika,541,Beco 3-ply toilet tissue,Non-food,roll,beco 3 ply toilet tissue,beco 3 ply toilet tissue|beco3plytoilettissue,essential,
Rahul & Radhika,Rahul & Radhika,542,Frozen edamame,Vegetable,g,edamame,edamame,chutney|ketchup|masala|oil|paste|pickle|powder|sauce|syrup,perishable; MoH fresh<5
Rahul & Radhika,Rahul & Radhika,543,Zoey chicken (dog),Staple,pack,zoey chicken,zoey chicken|zoeychicken,chutney|cube|essence|ketchup|knorr|masala|oil|paste|pickle|powder|sauce|seasoning|stock|syrup,staple; never wiped by produce counts
Rahul & Radhika,Rahul & Radhika,544,Chicken (fresh),Meat & fish,g,chicken,chicken,chutney|cube|essence|ketchup|knorr|masala|oil|paste|pickle|powder|sauce|seasoning|stock|syrup,perishable
Rahul & Radhika,Rahul & Radhika,545,Full cream milk (Heritage),Dairy,ml,full cream milk,full cream milk|fullcreammilk,almond|butter|chocolate|chutney|coconut|condensed|ketchup|masala|milkmaid|oat|oil|paste|pickle|powder|sauce|skyr|soy|syrup,perishable; Rahul coffee-milk; Radhika milk-intolerant; needs sign-off
Rahul & Radhika,Rahul & Radhika,546,American cranberries,Fruit,g,american cranberries,american cranberries|americancranberries,chutney|ketchup|masala|oil|paste|pickle|powder|sauce|syrup,perishable; MoH fresh<5
Rahul & Radhika,Rahul & Radhika,547,Parmesan cheese,Dairy,g,parmesan cheese,parmesan cheese|parmesancheese,ball|chutney|ketchup|masala|oil|paste|pickle|powder|sauce|slice (sep)|syrup,perishable
Rahul & Radhika,Rahul & Radhika,548,Blueberries,Fruit,g,blueberries,blueberries,chutney|ketchup|masala|oil|paste|pickle|powder|sauce|syrup,perishable; MoH fresh<5
Rahul & Radhika,Rahul & Radhika,549,Green apple,Fruit,g,green apple,green apple|greenapple,chutney|cider|custard|ketchup|masala|oil|paste|pickle|pine|powder|sauce|syrup|vinegar,perishable; MoH fresh<5
Rahul & Radhika,Rahul & Radhika,550,Original sauerkraut,Condiment,g,original sauerkraut,original sauerkraut|originalsauerkraut,chutney|ketchup|masala|oil|paste|pickle|powder|sauce|syrup,staple; never wiped by produce counts
Rahul & Radhika,Rahul & Radhika,551,Yeast extract,Condiment,g,yeast extract,yeast extract|yeastextract,chutney|ketchup|masala|oil|paste|pickle|powder|sauce|syrup,staple; never wiped by produce counts
Rahul & Radhika,Rahul & Radhika,552,Soup sauteed vegetable,Staple,g,soup sauteed vegetable,soup sauteed vegetable|soupsauteedvegetable,chutney|ketchup|masala|oil|paste|pickle|powder|sauce|syrup,staple; never wiped by produce counts
Rahul & Radhika,Rahul & Radhika,553,Fareeda dry fruits,Nuts,g,fareeda dry fruits,fareeda dry fruits|fareedadryfruits,chutney|ketchup|masala|oil|paste|pickle|powder|sauce|syrup,
Rahul & Radhika,Rahul & Radhika,554,Baron Hasselhoff's chocolate,Staple,pc,baron hasselhoff s chocolate,baron hasselhoff s chocolate|baronhasselhoffschocolate,chutney|fresh|ketchup|masala|oil|paste|pickle|powder|raw|sauce|syrup,staple; never wiped by produce counts
Rahul & Radhika,Rahul & Radhika,555,Butter (Sid Farm),Dairy,g,butter,butter,almond|chutney|cocoa|fruit|ketchup|masala|milk|oil|paste|peanut|pickle|powder|sauce|scotch|syrup,perishable
Rahul & Radhika,Rahul & Radhika,556,Amul butter,Dairy,g,butter,butter,almond|chutney|cocoa|fruit|ketchup|masala|milk|oil|paste|peanut|pickle|powder|sauce|scotch|syrup,perishable
Rahul & Radhika,Rahul & Radhika,557,Jaljira powder,Spice,g,jaljira powder,jaljira powder|jaljirapowder,,staple; never wiped by produce counts
Rahul & Radhika,Rahul & Radhika,558,Dry mango powder (amchur),Spice,g,dry mango powder,dry mango powder|drymangopowder,,staple; never wiped by produce counts
Rahul & Radhika,Rahul & Radhika,559,Eggs,Protein,pc,eggs,eggs,chutney|eggplant|ketchup|less|masala|noodle|oil|paste|pickle|powder|sauce|syrup|white (sep),perishable
Rahul & Radhika,Rahul & Radhika,560,Dijon whole grain mustard,Condiment,g,dijon whole grain mustard,dijon whole grain mustard|dijonwholegrainmustard|mustard seeds|rai|sarson,chutney|ketchup|masala|oil|paste|pickle|powder|sauce|syrup,staple; never wiped by produce counts
Rahul & Radhika,Rahul & Radhika,561,Three Citrus Maram Malai,Condiment,g,three citrus maram malai,three citrus maram malai|threecitrusmarammalai,chutney|ketchup|masala|oil|paste|pickle|powder|sauce|syrup,staple; never wiped by produce counts
Rahul & Radhika,Rahul & Radhika,562,Sliced jalapeno,Condiment,g,sliced jalapeno,sliced jalapeno|slicedjalapeno,chutney|ketchup|masala|oil|paste|pickle|powder|sauce|syrup,staple; never wiped by produce counts
Rahul & Radhika,Rahul & Radhika,563,Sliced red paprika,Condiment,g,sliced red paprika,sliced red paprika|slicedredpaprika,chutney|ketchup|masala|oil|paste|pickle|powder|sauce|syrup,staple; never wiped by produce counts
Rahul & Radhika,Rahul & Radhika,564,Wasabi,Condiment,g,wasabi,wasabi,chutney|ketchup|masala|oil|paste|pickle|powder|sauce|syrup,staple; never wiped by produce counts
Rahul & Radhika,Rahul & Radhika,565,Smoked honey,Condiment,g,smoked honey,smoked honey|smokedhoney,chutney|ketchup|masala|oil|paste|pickle|powder|sauce|syrup,staple; never wiped by produce counts
Rahul & Radhika,Rahul & Radhika,566,Hot honey,Condiment,g,hot honey,hot honey|hothoney,chutney|ketchup|masala|oil|paste|pickle|powder|sauce|syrup,staple; never wiped by produce counts
Rahul & Radhika,Rahul & Radhika,567,Almond syrup,Condiment,g,almond syrup,almond syrup|almondsyrup,fresh|raw,staple; never wiped by produce counts
Rahul & Radhika,Rahul & Radhika,568,Vanilla flavor,Condiment,g,vanilla flavor,vanilla flavor|vanillaflavor,chutney|ketchup|masala|oil|paste|pickle|powder|sauce|syrup,staple; never wiped by produce counts
Rahul & Radhika,Rahul & Radhika,569,Vanilla essence,Condiment,g,vanilla essence,vanilla essence|vanillaessence,chutney|ketchup|masala|oil|paste|pickle|powder|sauce|syrup,staple; never wiped by produce counts
Rahul & Radhika,Rahul & Radhika,570,Strawberry jam,Condiment,g,strawberry jam,strawberry jam|strawberryjam,chutney|ketchup|masala|oil|paste|pickle|powder|sauce|syrup,staple; never wiped by produce counts
Rahul & Radhika,Rahul & Radhika,571,Chocolate spread,Condiment,g,chocolate spread,chocolate spread|chocolatespread,chutney|fresh|ketchup|masala|oil|paste|pickle|powder|raw|sauce|syrup,staple; never wiped by produce counts
Rahul & Radhika,Rahul & Radhika,572,Thai chili paste,Condiment,g,thai chili paste,thai chili paste|thaichilipaste,,staple; never wiped by produce counts
Rahul & Radhika,Rahul & Radhika,573,Oriental Gourmet XO sauce,Condiment,g,oriental gourmet xo sauce,oriental gourmet xo sauce|orientalgourmetxosauce,,staple; never wiped by produce counts
Rahul & Radhika,Rahul & Radhika,574,Higo sauce,Condiment,g,higo sauce,higo sauce|higosauce,,staple; never wiped by produce counts
Rahul & Radhika,Rahul & Radhika,575,Tabasco sauce,Condiment,ml,tabasco sauce,tabasco sauce|tabascosauce,,staple; never wiped by produce counts
Rahul & Radhika,Rahul & Radhika,576,Goji hot sauce,Condiment,g,goji hot sauce,goji hot sauce|gojihotsauce,,staple; never wiped by produce counts
Rahul & Radhika,Rahul & Radhika,577,Organic tomato ketchup,Condiment,g,tomato ketchup,tomato ketchup|tomatoketchup,cherry|hybrid|pasta|paste|puree|soup|sun,staple; never wiped by produce counts; pool MoH<10
Rahul & Radhika,Rahul & Radhika,578,Sriracha sauce,Condiment,ml,sriracha sauce,sriracha sauce|srirachasauce,,staple; never wiped by produce counts
Rahul & Radhika,Rahul & Radhika,579,Kikkoman soy sauce,Condiment,ml,kikkoman soy sauce,kikkoman soy sauce|kikkomansoysauce,,staple; never wiped by produce counts
Rahul & Radhika,Rahul & Radhika,580,Pomegranate molasses,Condiment,g,pomegranate molasses,pomegranate molasses|pomegranatemolasses,chutney|ketchup|masala|oil|paste|pickle|powder|sauce|syrup,staple; never wiped by produce counts
Rahul & Radhika,Rahul & Radhika,581,Esotero,Condiment,g,esotero,esotero,chutney|ketchup|masala|oil|paste|pickle|powder|sauce|syrup,staple; never wiped by produce counts
Rahul & Radhika,Rahul & Radhika,582,"Parmesan cheese, grated",Dairy,g,parmesan cheese grated,parmesan cheese grated|parmesancheesegrated,ball|chutney|ketchup|masala|oil|paste|pickle|powder|sauce|slice (sep)|syrup,perishable
Rahul & Radhika,Rahul & Radhika,583,Almond drink,Beverage,ml,almond drink,almond drink|almonddrink,chutney|fresh|ketchup|masala|oil|paste|pickle|powder|raw|sauce|syrup,
Rahul & Radhika,Rahul & Radhika,584,Nandini Goodlife milk,Dairy,ml,milk,milk|milky mist skyr|skyr,almond|butter|chocolate|chutney|coconut|condensed|ketchup|masala|milkmaid|oat|oil|paste|pickle|powder|sauce|skyr|soy|syrup,perishable; Rahul coffee-milk; Radhika milk-intolerant; needs sign-off
Rahul & Radhika,Rahul & Radhika,585,Hershey's cocoa powder,Staple,g,hershey s cocoa powder,hershey s cocoa powder|hersheyscocoapowder,,staple; never wiped by produce counts
Rahul & Radhika,Rahul & Radhika,586,Darkins Indian Artisan Hot Chocolate (Dark),Staple,g,darkins indian artisan hot chocolate,darkins indian artisan hot chocolate|darkinsindianartisanhotchocolate,chutney|fresh|ketchup|masala|oil|paste|pickle|powder|raw|sauce|syrup,staple; never wiped by produce counts
Rahul & Radhika,Rahul & Radhika,587,Haart Hot Chocolate (Original),Staple,g,haart hot chocolate,haart hot chocolate|haarthotchocolate,chutney|fresh|ketchup|masala|oil|paste|pickle|powder|raw|sauce|syrup,staple; never wiped by produce counts
Rahul & Radhika,Rahul & Radhika,588,Pancake mix (vanilla),Grains & pulses,g,pancake mix,pancake mix|pancakemix,chutney|ketchup|masala|oil|paste|pickle|powder|sauce|syrup,staple; never wiped by produce counts
Rahul & Radhika,Rahul & Radhika,589,Crumcraft Oats & Wheat Pancake Mix,Grains & pulses,g,crumcraft oats wheat pancake mix,crumcraft oats wheat pancake mix|crumcraftoatswheatpancakemix,chutney|ketchup|masala|oil|paste|pickle|powder|sauce|syrup,staple; never wiped by produce counts
Rahul & Radhika,Rahul & Radhika,590,Vanilla beans,Spice,strip,vanilla beans,vanilla beans|vanillabeans,black bean sauce|chutney|coffee|ketchup|masala|moong|oil|paste|pickle|powder|rajma|sauce|syrup,staple; never wiped by produce counts
Rahul & Radhika,Rahul & Radhika,591,Crumb Craft,Grains & pulses,g,crumb craft,crumb craft|crumbcraft,chutney|ketchup|masala|oil|paste|pickle|powder|sauce|syrup,staple; never wiped by produce counts
Rahul & Radhika,Rahul & Radhika,592,Vankaya Original Singapore Taste,Condiment,g,vankaya original singapore taste,vankaya original singapore taste|vankayaoriginalsingaporetaste,chutney|ketchup|masala|oil|paste|pickle|powder|sauce|syrup,staple; never wiped by produce counts
Rahul & Radhika,Rahul & Radhika,593,Pudina (dried),Spice,g,pudina,mint|mint leaves|pudina,chutney|ketchup|masala|oil|paste|pickle|powder|sauce|syrup,staple; never wiped by produce counts
Rahul & Radhika,Rahul & Radhika,594,Chutney pudi powder,Spice,g,chutney pudi powder,chutney pudi powder|chutneypudipowder,,staple; never wiped by produce counts
Rahul & Radhika,Rahul & Radhika,595,Garlic podi powder,Spice,g,garlic podi powder,garlic|garlic peeled|garlic podi powder|garlicpodipowder|peeled garlic,black garlic|bread|caper|chutney|mayo|miso|oil|paste|pickle|salt,staple; never wiped by produce counts
Rahul & Radhika,Rahul & Radhika,596,Black seeds (kalonji),Spice,g,black seeds,black seeds|blackseeds,,staple; never wiped by produce counts
Rahul & Radhika,Rahul & Radhika,597,Camellia Bayleaf Orange Tea,Staple,serving,camellia bayleaf orange tea,camellia bayleaf orange tea|camelliabayleaforangetea,chutney|fresh|ketchup|masala|oil|paste|pickle|powder|raw|sauce|syrup,staple; never wiped by produce counts
Rahul & Radhika,Rahul & Radhika,598,Blue Tea Spearmint Tea,Staple,packet,blue tea spearmint tea,blue tea spearmint tea|blueteaspearminttea|mint leaves|pudina,chutney|chutney (bottled)|fresh|ketchup|masala|oil|paste|pickle|powder|raw|sauce|syrup,staple; never wiped by produce counts [28-Aug: produce aliases stripped — a packaged drink must never stand in for fresh produce]
Rahul & Radhika,Rahul & Radhika,599,Twinings Lemon & Ginger Infusion Tea,Staple,box,twinings lemon ginger infusion tea,nimbu|twinings lemon ginger infusion tea|twiningslemongingerinfusiontea,blossom|candy|chutney|curd (lemon)|fresh|garlic|grass|ketchup|lemonade|masala|oil|paste|pickle|powder|raw|sauce|soda|syrup,staple; never wiped by produce counts; NEVER order (lemon tree at home) [28-Aug: produce aliases stripped — a packaged drink must never stand in for fresh produce]
Rahul & Radhika,Rahul & Radhika,600,Twinings Earl Grey Tea,Staple,box,twinings earl grey tea,twinings earl grey tea|twiningsearlgreytea,chutney|fresh|ketchup|masala|oil|paste|pickle|powder|raw|sauce|syrup,staple; never wiped by produce counts
Rahul & Radhika,Rahul & Radhika,601,Flurry Camellia Tea,Staple,box,flurry camellia tea,flurry camellia tea|flurrycamelliatea,chutney|fresh|ketchup|masala|oil|paste|pickle|powder|raw|sauce|syrup,staple; never wiped by produce counts
Rahul & Radhika,Rahul & Radhika,602,Camellia White Tea,Staple,g,camellia white tea,camellia white tea|camelliawhitetea,chutney|fresh|ketchup|masala|oil|paste|pickle|powder|raw|sauce|syrup,staple; never wiped by produce counts
Rahul & Radhika,Rahul & Radhika,603,Samahan Tea Mix,Staple,sachet,samahan tea mix,samahan tea mix|samahanteamix,chutney|fresh|ketchup|masala|oil|paste|pickle|powder|raw|sauce|syrup,staple; never wiped by produce counts
Rahul & Radhika,Rahul & Radhika,604,Darjeeling Black Tea,Staple,g,darjeeling black tea,darjeeling black tea|darjeelingblacktea,chutney|fresh|ketchup|masala|oil|paste|pickle|powder|raw|sauce|syrup,staple; never wiped by produce counts
Rahul & Radhika,Rahul & Radhika,605,Dill leaves,Vegetable,g,dill leaves,dill leaves|dillleaves,chutney|ketchup|masala|oil|paste|pickle|powder|sauce|syrup,perishable; MoH fresh<5
Rahul & Radhika,Rahul & Radhika,606,Mint leaves,Vegetable,g,mint leaves,mint|mint leaves|mintleaves|pudina,chutney|chutney (bottled)|ketchup|masala|oil|paste|pickle|powder|sauce|syrup|tea,perishable; MoH fresh<5
Rahul & Radhika,Rahul & Radhika,607,Arugula,Vegetable,g,arugula,arugula,chutney|ketchup|masala|oil|paste|pickle|powder|sauce|syrup,perishable; MoH fresh<5
Rahul & Radhika,Rahul & Radhika,608,Safal frozen peas,Frozen,g,peas,chickpea|chickpeas|chole|garbanzo|green peas|kabuli chana|matar|peas|white chana,chutney|dried|ketchup|masala|oil|paste|pickle|powder|protein|sauce|syrup|wasabi,perishable
Rahul & Radhika,Rahul & Radhika,609,Safal sweet corn,Frozen,g,sweet corn,corn kernels|sweet corn|sweetcorn,chutney|ketchup|masala|oil|paste|pickle|powder|sauce|syrup,perishable
Rahul & Radhika,Rahul & Radhika,610,Safal green peas,Frozen,g,green peas,green peas|greenpeas|matar|peas,chutney|dried|ketchup|masala|oil|paste|pickle|powder|protein|sauce|syrup|wasabi,perishable
Rahul & Radhika,Rahul & Radhika,611,Chicken thigh,Meat,packet,chicken thigh,chicken thigh|chickenthigh,chutney|cube|essence|ketchup|knorr|masala|oil|paste|pickle|powder|sauce|seasoning|stock|syrup,perishable
Rahul & Radhika,Rahul & Radhika,612,Rice,Grains & pulses,g,rice,flattened rice|poha|rice,bran|chutney|flakes|flour|ketchup|masala|noodle|oil|paper|paste|pickle|poha|powder|puffed|sauce|syrup|vinegar|wine,staple; never wiped by produce counts
Rahul & Radhika,Rahul & Radhika,613,Normal rice,Grains & pulses,g,normal rice,normal rice|normalrice,bran|chutney|flakes|flour|ketchup|masala|noodle|oil|paper|paste|pickle|poha|powder|puffed|sauce|syrup|vinegar|wine,staple; never wiped by produce counts
Rahul & Radhika,Rahul & Radhika,614,Organic little millet,Grains & pulses,g,little millet,little millet|littlemillet,chutney|ketchup|masala|oil|paste|pickle|powder|sauce|syrup,staple; never wiped by produce counts
Rahul & Radhika,Rahul & Radhika,615,Green moong dal,Dals,g,green moong dal,green moong dal|greenmoongdal,chutney|ketchup|masala|oil|paste|pickle|powder|sauce|syrup,staple; never wiped by produce counts
Rahul & Radhika,Rahul & Radhika,616,Moth dal,Dals,g,moth dal,moth dal|mothdal,chutney|ketchup|masala|oil|paste|pickle|powder|sauce|syrup,staple; never wiped by produce counts
Rahul & Radhika,Rahul & Radhika,617,Lobia,Dals,g,lobia,lobia,chutney|ketchup|masala|oil|paste|pickle|powder|sauce|syrup,staple; never wiped by produce counts
Rahul & Radhika,Rahul & Radhika,618,Chole,Dals,g,chole,chickpea|chickpeas|chole|garbanzo|kabuli chana|white chana,chutney|ketchup|masala|oil|paste|pickle|powder|sauce|syrup,staple; never wiped by produce counts
Rahul & Radhika,Rahul & Radhika,619,Kala chana,Dals,g,kala chana,black chana|brown chana|desi chana|kala chana|kalachana,chutney|ketchup|masala|oil|paste|pickle|powder|sauce|syrup,staple; never wiped by produce counts
Rahul & Radhika,Rahul & Radhika,620,Sardo bread,Bread & bakery,g,sardo bread,sardo bread|sardobread,chutney|ketchup|masala|oil|paste|pickle|powder|sauce|syrup,perishable
Rahul & Radhika,Rahul & Radhika,621,Black pitted olives,Staple,g,black pitted olives,black pitted olives|blackpittedolives,chutney|ketchup|masala|oil|paste|pickle|powder|sauce|syrup,staple; never wiped by produce counts
Rahul & Radhika,Rahul & Radhika,622,Cat food,Staple,g,cat food,cat food|catfood,chutney|ketchup|masala|oil|paste|pickle|powder|sauce|syrup,staple; never wiped by produce counts
Rahul & Radhika,Rahul & Radhika,623,Oat milk,Dairy,ml,oat milk,oat milk|oatmilk,almond|butter|chocolate|chutney|coconut|condensed|ketchup|masala|milkmaid|oil|paste|pickle|powder|sauce|skyr|soy|syrup,perishable; Rahul coffee-milk; Radhika milk-intolerant; needs sign-off
Rahul & Radhika,Rahul & Radhika,624,Strong soda,Staple,ml,strong soda,strong soda|strongsoda,chutney|fresh|ketchup|masala|oil|paste|pickle|powder|raw|sauce|syrup,staple; never wiped by produce counts
Rahul & Radhika,Rahul & Radhika,625,Dark chocolate,Staple,g,dark chocolate,dark chocolate|darkchocolate,chutney|fresh|ketchup|masala|oil|paste|pickle|powder|raw|sauce|syrup,staple; never wiped by produce counts
Rahul & Radhika,Rahul & Radhika,626,Peppercorn,Spice,g,peppercorn,peppercorn,chutney|ketchup|masala|oil|paste|pickle|powder|sauce|syrup,staple; never wiped by produce counts
Rahul & Radhika,Rahul & Radhika,627,Basil powder,Spice,g,basil powder,basil powder|basilpowder,,staple; never wiped by produce counts
Rahul & Radhika,Rahul & Radhika,628,Parsley seasoning,Spice,g,parsley seasoning,parsley seasoning|parsleyseasoning,chutney|ketchup|masala|oil|paste|pickle|powder|sauce|syrup,staple; never wiped by produce counts
Rahul & Radhika,Rahul & Radhika,629,Black pepper salt grinder,Spice,g,black pepper salt grinder,black pepper salt grinder|blackpeppersaltgrinder,chutney|ketchup|masala|oil|paste|pickle|powder|sauce|syrup,staple; never wiped by produce counts
Rahul & Radhika,Rahul & Radhika,630,Black pepper powder,Spice,g,black pepper powder,black pepper powder|blackpepperpowder,,staple; never wiped by produce counts
Rahul & Radhika,Rahul & Radhika,631,Italian mix seasoning,Spice,g,italian mix seasoning,italian mix seasoning|italianmixseasoning,chutney|ketchup|masala|oil|paste|pickle|powder|sauce|syrup,staple; never wiped by produce counts
Rahul & Radhika,Rahul & Radhika,632,Dry chutney bhel,Condiment,g,dry chutney bhel,dry chutney bhel|drychutneybhel,,staple; never wiped by produce counts
Rahul & Radhika,Rahul & Radhika,633,Two Brothers cultured,Dairy,g,cultured,cultured,chutney|ketchup|masala|oil|paste|pickle|powder|sauce|syrup,perishable
Rahul & Radhika,Rahul & Radhika,634,Extra virgin olive oil,Staple,ml,extra virgin olive oil,extra virgin olive oil|extravirginoliveoil,essential,staple; never wiped by produce counts
Rahul & Radhika,Rahul & Radhika,635,Sunflower oil,Staple,ml,sunflower oil,sunflower oil|sunfloweroil,essential,staple; never wiped by produce counts
Rahul & Radhika,Rahul & Radhika,636,On A Hill honey,Condiment,g,on a hill honey,on a hill honey|onahillhoney,chutney|ketchup|masala|oil|paste|pickle|powder|sauce|syrup,staple; never wiped by produce counts
Rahul & Radhika,Rahul & Radhika,637,Mustard oil,Staple,ml,mustard oil,mustard oil|mustardoil,essential,staple; never wiped by produce counts
Rahul & Radhika,Rahul & Radhika,638,Dried red chilli,Spice,g,dried red chilli,chilli|chilly|dried red chilli|driedredchilli|mirch|mirchi,chutney|crisp|flakes|ketchup|masala|oil|paste|pickle|powder|sauce|syrup|vinegar,staple; never wiped by produce counts
Rahul & Radhika,Rahul & Radhika,639,Mustard seeds,Spice,g,mustard seeds,mustard seeds|mustardseeds|rai|sarson,,staple; never wiped by produce counts
Rahul & Radhika,Rahul & Radhika,640,White til (sesame),Nuts,g,white til,sesame|til|white til|whitetil,chutney|ketchup|masala|oil|paste|pickle|powder|sauce|syrup,
Rahul & Radhika,Rahul & Radhika,641,Tej patta,Spice,g,tej patta,bay leaf|bay leaves|chakki atta|tej patta|tejpatta|wheat aata|wheat flour|whole wheat atta|whole wheat flour,bajra|besan|chutney|jowar|ketchup|maida|masala|noodle|oil|paste|pickle|powder|ragi|sauce|syrup,staple; never wiped by produce counts [28-Aug: removed cross-item aliases that are a known fuzzy trap]
Rahul & Radhika,Rahul & Radhika,642,Fenugreek seeds,Spice,g,fenugreek seeds,fenugreek seeds|fenugreekseeds,kasuri|kasoori|leaves|fresh|powder,CONFUSABLE FAMILY (methi seeds) — never match to the other forms of this ingredient
Rahul & Radhika,Rahul & Radhika,643,Sambhar powder,Spice,g,sambhar powder,sambhar powder|sambharpowder,,staple; never wiped by produce counts
Rahul & Radhika,Rahul & Radhika,644,Black til (black sesame),Nuts,g,black til,black til|blacktil|sesame|til,chutney|ketchup|masala|oil|paste|pickle|powder|sauce|syrup,
Rahul & Radhika,Rahul & Radhika,645,Coriander seeds,Spice,g,coriander seeds,cilantro|coriander|coriander leaves|coriander seeds|corianderseeds|dhania,powder|leaves|fresh|pisa,CONFUSABLE FAMILY (coriander seeds) — never match to the other forms of this ingredient
Rahul & Radhika,Rahul & Radhika,646,Fish fry masala,Spice,g,fish fry masala,fish fry masala|fishfrymasala,,staple; never wiped by produce counts
Rahul & Radhika,Rahul & Radhika,647,Fish curry masala,Spice,g,fish curry masala,fish curry masala|fishcurrymasala,,staple; never wiped by produce counts
Rahul & Radhika,Rahul & Radhika,648,White sesame seeds,Staple,g,white sesame seeds,sesame|til|white sesame seeds|whitesesameseeds,,staple; never wiped by produce counts
Rahul & Radhika,Rahul & Radhika,649,Kashmiri red chilli,Spice,g,kashmiri red chilli,chilli|chilly|kashmiri red chilli|kashmiriredchilli|mirch|mirchi,chutney|crisp|flakes|ketchup|masala|oil|paste|pickle|powder|sauce|syrup|vinegar,staple; never wiped by produce counts
Rahul & Radhika,Rahul & Radhika,650,Cinnamon sticks,Spice,g,cinnamon sticks,cinnamon sticks|cinnamonsticks,chutney|ketchup|masala|oil|paste|pickle|powder|sauce|syrup,staple; never wiped by produce counts
Rahul & Radhika,Rahul & Radhika,651,Usal masala,Spice,g,usal masala,usal masala|usalmasala,,staple; never wiped by produce counts
Rahul & Radhika,Rahul & Radhika,652,Khada masala,Spice,g,khada masala,khada masala|khadamasala,,staple; never wiped by produce counts
Rahul & Radhika,Rahul & Radhika,653,Turmeric,Spice,g,turmeric,haldi|turmeric,chutney|ketchup|masala|oil|paste|pickle|powder|sauce|syrup,staple; never wiped by produce counts
Rahul & Radhika,Rahul & Radhika,654,Pink salt,Spice,g,pink salt,pink salt|pinksalt,chutney|ketchup|masala|oil|paste|pickle|powder|sauce|syrup,staple; never wiped by produce counts
Rahul & Radhika,Rahul & Radhika,655,Cumin powder,Spice,g,cumin powder,cumin|cumin powder|cuminpowder|jeera,,staple; never wiped by produce counts
Rahul & Radhika,Rahul & Radhika,656,10on10 wheat atta,Grains,g,10on10 wheat atta,10on10 wheat atta|10on10wheatatta|aata|atta|chakki atta|wheat aata|wheat flour|whole wheat atta|whole wheat flour,bajra|besan|chutney|jowar|ketchup|maida|masala|noodle|oil|paste|patta|pickle|powder|ragi|sauce|syrup|tej patta,staple; never wiped by produce counts
Rahul & Radhika,Rahul & Radhika,657,White puttu podi,Grains & pulses,g,white puttu podi,white puttu podi|whiteputtupodi,chutney|ketchup|masala|oil|paste|pickle|powder|sauce|syrup,staple; never wiped by produce counts
Rahul & Radhika,Rahul & Radhika,658,Organic jowar flour,Grains,g,jowar flour,jowar flour|jowarflour,,staple; never wiped by produce counts
Rahul & Radhika,Rahul & Radhika,659,Bread crisps,Staple,g,bread crisps,bread crisps|breadcrisps,chutney|ketchup|masala|oil|paste|pickle|powder|sauce|syrup,staple; never wiped by produce counts
Rahul & Radhika,Rahul & Radhika,660,Corn flour,Staple,g,corn flour,corn flour|cornflour,,staple; never wiped by produce counts
Rahul & Radhika,Rahul & Radhika,661,Roasted rice flour,Grains,g,roasted rice flour,roasted rice flour|roastedriceflour,bran|flakes|noodle|paper|poha|puffed|vinegar|wine,staple; never wiped by produce counts
Rahul & Radhika,Rahul & Radhika,662,Organic quinoa flour,Grains,g,quinoa flour,quinoa flour|quinoaflour,,staple; never wiped by produce counts
Rahul & Radhika,Rahul & Radhika,663,Flax seeds,Nuts,g,flax seeds,flax seeds|flaxseeds,,
Rahul & Radhika,Rahul & Radhika,664,Red rice,Grains & pulses,g,red rice,red rice|redrice,bran|chutney|flakes|flour|ketchup|masala|noodle|oil|paper|paste|pickle|poha|powder|puffed|sauce|syrup|vinegar|wine,staple; never wiped by produce counts
Rahul & Radhika,Rahul & Radhika,665,Wheatgrass,Staple,g,wheatgrass,wheatgrass,chutney|ketchup|masala|oil|paste|pickle|powder|sauce|syrup,staple; never wiped by produce counts
Rahul & Radhika,Rahul & Radhika,666,Jaggery powder,Condiment,g,jaggery powder,gud|gur|jaggery|jaggery powder|jaggerypowder,,staple; never wiped by produce counts
Rahul & Radhika,Rahul & Radhika,667,Black raisins,Staple,g,black raisins,black raisins|blackraisins|mustard seeds|rai|sarson,chutney|ketchup|masala|oil|paste|pickle|powder|sauce|syrup,staple; never wiped by produce counts
Rahul & Radhika,Rahul & Radhika,668,Moong dal split,Dals,g,moong dal split,moong dal split|moongdalsplit,chutney|ketchup|masala|oil|paste|pickle|powder|sauce|syrup,staple; never wiped by produce counts
Rahul & Radhika,Rahul & Radhika,669,Stone ground whole wheat atta,Grains,g,stone ground whole wheat atta,aata|atta|chakki atta|stone ground whole wheat atta|stonegroundwholewheatatta|wheat aata|wheat flour|whole wheat atta|whole wheat flour,bajra|besan|chutney|jowar|ketchup|maida|masala|noodle|oil|paste|patta|pickle|powder|ragi|sauce|syrup|tej patta,staple; never wiped by produce counts
Rahul & Radhika,Rahul & Radhika,670,Besan,Grains & pulses,g,besan,besan|chana flour|chickpea flour|gram flour,chutney|ketchup|masala|oil|paste|pickle|powder|sauce|syrup,staple; never wiped by produce counts
Rahul & Radhika,Rahul & Radhika,671,White beans,Dals,g,white beans,white beans|whitebeans,black bean sauce|chutney|coffee|ketchup|masala|moong|oil|paste|pickle|powder|rajma|sauce|syrup|vanilla,staple; never wiped by produce counts
Rahul & Radhika,Rahul & Radhika,672,Broken white rice,Grains & pulses,g,broken white rice,broken white rice|brokenwhiterice,bran|chutney|flakes|flour|ketchup|masala|noodle|oil|paper|paste|pickle|poha|powder|puffed|sauce|syrup|vinegar|wine,staple; never wiped by produce counts
Rahul & Radhika,Rahul & Radhika,673,Black masoor dal,Dals,g,black masoor dal,black masoor dal|blackmasoordal,chutney|ketchup|masala|oil|paste|pickle|powder|sauce|syrup,staple; never wiped by produce counts
Rahul & Radhika,Rahul & Radhika,674,Orange masoor dal,Dals,g,orange masoor dal,orange masoor dal|orangemasoordal,chutney|ketchup|masala|oil|paste|pickle|powder|sauce|syrup,staple; never wiped by produce counts
Rahul & Radhika,Rahul & Radhika,675,Kokam,Condiment,g,kokam,kokam,chutney|ketchup|masala|oil|paste|pickle|powder|sauce|syrup,staple; never wiped by produce counts
Rahul & Radhika,Rahul & Radhika,676,Sugar powder,Condiment,g,sugar powder,sugar powder|sugarpowder,brown|free|icing|powdered,staple; never wiped by produce counts
Rahul & Radhika,Rahul & Radhika,677,Jeera,Spice,g,jeera,cumin|jeera,chutney|ketchup|masala|oil|paste|pickle|powder|sauce|syrup,staple; never wiped by produce counts
Rahul & Radhika,Rahul & Radhika,678,Rava,Grains & pulses,g,rava,rava|semolina|sooji|suji,chutney|ketchup|masala|oil|paste|pickle|powder|sauce|syrup,staple; never wiped by produce counts
Rahul & Radhika,Rahul & Radhika,679,Gur,Condiment,g,gur,gud|gur|jaggery,chutney|ketchup|masala|oil|paste|pickle|powder|sauce|syrup,staple; never wiped by produce counts [28-Aug: removed cross-item aliases that are a known fuzzy trap]
Rahul & Radhika,Rahul & Radhika,680,White urad dal,Dals,g,white urad dal,white urad dal|whiteuraddal,chutney|ketchup|masala|oil|paste|pickle|powder|sauce|syrup,staple; never wiped by produce counts
Rahul & Radhika,Rahul & Radhika,681,Quinoa (2),Grains & pulses,g,quinoa,quinoa,chutney|ketchup|masala|oil|paste|pickle|powder|sauce|syrup,staple; never wiped by produce counts
Rahul & Radhika,Rahul & Radhika,682,Black split urad dal,Dals,g,black split urad dal,black split urad dal|blacksplituraddal,chutney|ketchup|masala|oil|paste|pickle|powder|sauce|syrup,staple; never wiped by produce counts
Rahul & Radhika,Rahul & Radhika,683,Red broken rice,Grains & pulses,g,red broken rice,red broken rice|redbrokenrice,bran|chutney|flakes|flour|ketchup|masala|noodle|oil|paper|paste|pickle|poha|powder|puffed|sauce|syrup|vinegar|wine,staple; never wiped by produce counts
Rahul & Radhika,Rahul & Radhika,684,Cardamom (green),Spice,g,cardamom,cardamom|elaichi,chutney|ketchup|masala|oil|paste|pickle|powder|sauce|syrup,staple; never wiped by produce counts
Rahul & Radhika,Rahul & Radhika,685,Star anise,Spice,g,star anise,star anise|staranise,chutney|ketchup|masala|oil|paste|pickle|powder|sauce|syrup,staple; never wiped by produce counts
Rahul & Radhika,Rahul & Radhika,686,Fennel seeds,Spice,g,fennel seeds,fennel seeds|fennelseeds,,staple; never wiped by produce counts
Rahul & Radhika,Rahul & Radhika,687,Cinnamon powder (Keya Sri Lankan),Spice,g,cinnamon powder,cinnamon powder|cinnamonpowder,,staple; never wiped by produce counts
Rahul & Radhika,Rahul & Radhika,688,Hing (asafoetida),Spice,g,hing,asafoetida|hing,chutney|ketchup|masala|oil|paste|pickle|powder|sauce|syrup,staple; never wiped by produce counts
Rahul & Radhika,Rahul & Radhika,689,Cloves,Spice,g,cloves,clove|cloves|laung,chutney|ketchup|masala|oil|paste|pickle|powder|sauce|syrup,staple; never wiped by produce counts
Rahul & Radhika,Rahul & Radhika,690,The Whole Truth peanut butter (EST),Staple,g,the whole truth peanut butter,the whole truth peanut butter|thewholetruthpeanutbutter,almond|chutney|cocoa|fruit|ketchup|masala|milk|oil|paste|pickle|powder|sauce|scotch|syrup,staple; never wiped by produce counts
Rahul & Radhika,Rahul & Radhika,691,Red cherry tomato,Vegetable,g,red cherry tomato,red cherry tomato|redcherrytomato,chutney|hybrid|ketchup|masala|oil|pasta|paste|pickle|powder|puree|sauce|soup|sun|syrup,perishable; MoH fresh<5; pool MoH<10
Rahul & Radhika,Rahul & Radhika,692,Methi leaves,Vegetable,g,methi leaves,fenugreek|fenugreek leaves|methi|methi leaves|methileaves,kasuri|kasoori|seeds|dana|powder|dried,CONFUSABLE FAMILY (methi leaves) — never match to the other forms of this ingredient
Rahul & Radhika,Rahul & Radhika,693,Cauliflower,Vegetable,pc,cauliflower,cauliflower|gobhi|gobi|phool gobhi,chutney|ketchup|masala|oil|paste|pickle|powder|sauce|syrup,perishable; MoH fresh<5
Rahul & Radhika,Rahul & Radhika,694,Tomato (hybrid + desi),Vegetable,pc,tomato,tomato,cherry|chutney|ketchup|masala|oil|pasta|paste|pickle|powder|puree|sauce|soup|sun|syrup,perishable; MoH fresh<5; pool MoH<10
Rahul & Radhika,Rahul & Radhika,695,Broccoli,Vegetable,pc,broccoli,broccoli,chutney|ketchup|masala|oil|paste|pickle|powder|sauce|syrup,perishable; MoH fresh<5
Rahul & Radhika,Rahul & Radhika,696,Yelakki banana,Fruit,g,yelakki banana,yelakki banana|yelakkibanana,chips|chutney|flour|ketchup|masala|oil|paste|pickle|powder|sauce|syrup,perishable; MoH fresh<5
Rahul & Radhika,Rahul & Radhika,697,Yellow zucchini,Vegetable,pc,yellow zucchini,yellow zucchini|yellowzucchini,chutney|ketchup|masala|oil|paste|pickle|powder|sauce|syrup,perishable; MoH fresh<5
Rahul & Radhika,Rahul & Radhika,698,Green zucchini,Vegetable,pc,green zucchini,green zucchini|greenzucchini,chutney|ketchup|masala|oil|paste|pickle|powder|sauce|syrup,perishable; MoH fresh<5
Rahul & Radhika,Rahul & Radhika,699,English cucumber,Vegetable,g,english cucumber,cucumber|english cucumber|englishcucumber|kheera,chutney|ketchup|masala|oil|paste|pickle|powder|sauce|syrup,perishable; MoH fresh<5; types pooled
Rahul & Radhika,Rahul & Radhika,700,Health on Plants tofu (classic 200g),Dairy,g,health on plants tofu,health on plants tofu|healthonplantstofu,chutney|ketchup|masala|oil|paneer|paste|pickle|powder|sauce|syrup,perishable
Rahul & Radhika,Rahul & Radhika,701,Milky Mist Skyr,Dairy,pc,skyr,milky mist skyr|skyr,chutney|ketchup|masala|oil|paste|pickle|powder|sauce|syrup,perishable
Rahul & Radhika,Rahul & Radhika,702,Whole wheat pita,Bread & bakery,pc,whole wheat pita,whole wheat pita|wholewheatpita,chutney|ketchup|masala|oil|paste|pickle|powder|sauce|syrup,perishable
Rahul & Radhika,Rahul & Radhika,703,Sids Farm malai paneer,Meat,g,sids farm malai paneer,sids farm malai paneer|sidsfarmmalaipaneer,chutney|ketchup|masala|oil|paste|pickle|powder|sauce|syrup|tofu,perishable
Rahul & Radhika,Rahul & Radhika,704,Royal Gala apple,Fruit,pc,royal gala apple,royal gala apple|royalgalaapple,chutney|cider|custard|green apple|ketchup|masala|oil|paste|pickle|pine|powder|sauce|syrup|vinegar,perishable; MoH fresh<5
Rahul & Radhika,Rahul & Radhika,705,Milk (full cream),Dairy,ml,milk,milk|milky mist skyr|skyr,almond|butter|chocolate|chutney|coconut|condensed|ketchup|masala|milkmaid|oat|oil|paste|pickle|powder|sauce|skyr|soy|syrup,perishable; Rahul coffee-milk; Radhika milk-intolerant; needs sign-off
Rahul & Radhika,Rahul & Radhika,706,Epigamia greek yogurt,Dairy,pc,greek yogurt,curd|dahi|greek yogurt|greekyogurt|jaggery|yoghurt|yogurt,chutney|curd (plain)|ketchup|masala|oil|paste|pickle|powder|sauce|syrup,perishable [28-Aug: removed cross-item aliases that are a known fuzzy trap]
Rahul & Radhika,Rahul & Radhika,707,Imported cherry,Fruit,g,cherry,cherry,chutney|ketchup|masala|oil|paste|pickle|powder|sauce|syrup,perishable; MoH fresh<5
Rahul & Radhika,Rahul & Radhika,708,Green pear,Fruit,pc,green pear,green pear|greenpear,chutney|ketchup|masala|oil|paste|pickle|powder|sauce|syrup,perishable; MoH fresh<5
Rahul & Radhika,Rahul & Radhika,709,Zespri kiwi,Fruit,pc,zespri kiwi,zespri kiwi|zesprikiwi,chutney|ketchup|masala|oil|paste|pickle|powder|sauce|syrup,perishable; MoH fresh<5
Rahul & Radhika,Rahul & Radhika,710,Pumpkin cut,Vegetable,g,pumpkin cut,pumpkin cut|pumpkincut,chutney|ketchup|masala|oil|paste|pickle|powder|sauce|syrup,perishable; MoH fresh<5
Rahul & Radhika,Rahul & Radhika,711,Chicken thigh,Meat,g,chicken thigh,chicken thigh|chickenthigh,chutney|cube|essence|ketchup|knorr|masala|oil|paste|pickle|powder|sauce|seasoning|stock|syrup,perishable
Rahul & Radhika,Rahul & Radhika,712,Paneer (Sids Farm malai),Meat,g,paneer,paneer,chutney|ketchup|masala|oil|paste|pickle|powder|sauce|syrup|tofu,perishable
Rahul & Radhika,Rahul & Radhika,713,Matta rice,Staple,g,matta rice,aata|atta|chakki atta|matta rice|mattarice|wheat aata|wheat flour|whole wheat atta|whole wheat flour,bajra|besan|bran|chutney|flakes|flour|jowar|ketchup|maida|masala|noodle|oil|paper|paste|patta|pickle|poha|powder|puffed|ragi|sauce|syrup|tej patta|vinegar|wine,staple; never wiped by produce counts
Rahul & Radhika,Rahul & Radhika,714,24 Mantra Sonamasuri brown rice,Staple,g,sonamasuri brown rice,sonamasuri brown rice|sonamasuribrownrice,bran|chutney|flakes|flour|ketchup|masala|noodle|oil|paper|paste|pickle|poha|powder|puffed|sauce|syrup|vinegar|wine,staple; never wiped by produce counts
Rahul & Radhika,Rahul & Radhika,715,NOICE chocolate peanut butter,Staple,g,chocolate peanut butter,chocolate peanut butter|chocolatepeanutbutter,almond|chutney|cocoa|fresh|fruit|ketchup|masala|milk|oil|paste|pickle|powder|raw|sauce|scotch|syrup,staple; never wiped by produce counts
Rahul & Radhika,Rahul & Radhika,716,Alt Co oat drink,Dairy,ml,oat drink,oat drink|oatdrink,chutney|fresh|ketchup|masala|oil|paste|pickle|powder|raw|sauce|syrup,perishable
Rahul & Radhika,Rahul & Radhika,717,Coriander leaves,Vegetable,g,coriander leaves,cilantro|coriander|coriander leaves|corianderleaves|dhania,powder|seeds|whole|dried|sabut,CONFUSABLE FAMILY (coriander leaves) — never match to the other forms of this ingredient
Rahul & Radhika,Rahul & Radhika,718,Sour House sourdough,Staple,loaf,sour house sourdough,sour house sourdough|sourhousesourdough,chutney|ketchup|masala|oil|paste|pickle|powder|sauce|syrup,staple; never wiped by produce counts
Rahul & Radhika,Rahul & Radhika,719,Beef mince (Bamburies),Meat,g,beef mince,beef mince|beefmince,chutney|ketchup|masala|oil|paste|pickle|powder|sauce|syrup,perishable
Rahul & Radhika,Rahul & Radhika,720,Ooty Carrot,Vegetable,g,ooty carrot,ooty carrot|ootycarrot,chutney|ketchup|masala|oil|paste|pickle|powder|sauce|syrup,perishable; MoH fresh<5
Rahul & Radhika,Rahul & Radhika,721,Diet Coke (caffeine-free),Exotic drinks,can,diet coke,diet coke|dietcoke,chutney|ketchup|masala|oil|paste|pickle|powder|sauce|syrup,
Rahul & Radhika,Rahul & Radhika,722,Seer fish,Meat,g,seer fish,seer fish|seerfish,chutney|ketchup|masala|oil|paste|pickle|powder|sauce|syrup,perishable
Rahul & Radhika,Rahul & Radhika,723,Saffron,Staple,g,saffron,saffron,chutney|ketchup|masala|oil|paste|pickle|powder|sauce|syrup,staple; never wiped by produce counts
Rahul & Radhika,Rahul & Radhika,724,"Italian basil (fresh, hydroponics)",Vegetable,g,italian basil,italian basil|italianbasil,chutney|ketchup|masala|oil|paste|pickle|powder|sauce|syrup,perishable; MoH fresh<5
Rahul & Radhika,Rahul & Radhika,725,Amul unsalted butter,Dairy,g,unsalted butter,unsalted butter|unsaltedbutter,almond|chutney|cocoa|fruit|ketchup|masala|milk|oil|paste|peanut|pickle|powder|sauce|scotch|syrup,perishable
Rahul & Radhika,Rahul & Radhika,726,Almond milk,Dairy,ml,almond milk,almond milk|almondmilk,butter|chocolate|chutney|coconut|condensed|ketchup|masala|milkmaid|oat|oil|paste|pickle|powder|sauce|skyr|soy|syrup,perishable; Rahul coffee-milk; Radhika milk-intolerant; needs sign-off
Rahul & Radhika,Rahul & Radhika,727,Almond milk (opened),Dairy,ml,almond milk,almond milk|almondmilk,butter|chocolate|chutney|coconut|condensed|ketchup|masala|milkmaid|oat|oil|paste|pickle|powder|sauce|skyr|soy|syrup,perishable; Rahul coffee-milk; Radhika milk-intolerant; needs sign-off
Rahul & Radhika,Rahul & Radhika,728,Blueberry yogurt (100g),Dairy,pc,blueberry yogurt,blueberry|blueberry yogurt|blueberryyogurt|curd|dahi|imported blueberry|jaggery|yoghurt|yogurt,chutney|greek|ketchup|masala|oil|paste|pickle|powder|sauce|syrup,perishable [28-Aug: removed cross-item aliases that are a known fuzzy trap]
Rahul & Radhika,Rahul & Radhika,729,Strawberry yogurt (100g),Dairy,pc,strawberry yogurt,curd|dahi|jaggery|strawberry yogurt|strawberryyogurt|yoghurt|yogurt,chutney|greek|ketchup|masala|oil|paste|pickle|powder|sauce|syrup,perishable [28-Aug: removed cross-item aliases that are a known fuzzy trap]
Rahul & Radhika,Rahul & Radhika,730,Mixed berry yogurt,Dairy,pc,mixed berry yogurt,curd|dahi|jaggery|mixed berry yogurt|mixedberryyogurt|yoghurt|yogurt,chutney|greek|ketchup|masala|oil|paste|pickle|powder|sauce|syrup,perishable [28-Aug: removed cross-item aliases that are a known fuzzy trap]
Rahul & Radhika,Rahul & Radhika,731,Red apple,Fruit,pc,red apple,red apple|redapple,chutney|cider|custard|green apple|ketchup|masala|oil|paste|pickle|pine|powder|sauce|syrup|vinegar,perishable; MoH fresh<5
Rahul & Radhika,Rahul & Radhika,732,Borecha kombucha,Exotic drinks,can,borecha kombucha,borecha kombucha|borechakombucha,chutney|fresh|ketchup|masala|oil|paste|pickle|powder|raw|sauce|syrup,
Rahul & Radhika,Rahul & Radhika,733,Aranciata Rossa,Exotic drinks,can,aranciata rossa,aranciata rossa|aranciatarossa,chutney|ketchup|masala|oil|paste|pickle|powder|sauce|syrup,
Rahul & Radhika,Rahul & Radhika,734,Coca-Cola Plus,Exotic drinks,can,coca cola plus,coca cola plus|cocacolaplus,chutney|fresh|ketchup|masala|oil|paste|pickle|powder|raw|sauce|syrup,
Rahul & Radhika,Rahul & Radhika,735,Coca-Cola Cherry,Exotic drinks,can,coca cola cherry,coca cola cherry|cocacolacherry,chutney|fresh|ketchup|masala|oil|paste|pickle|powder|raw|sauce|syrup,
Rahul & Radhika,Rahul & Radhika,736,Farm Made Brown Eggs (12pc),Meat,pc,brown eggs,brown eggs|browneggs,chutney|eggplant|ketchup|less|masala|noodle|oil|paste|pickle|powder|sauce|syrup|white (sep),perishable
Rahul & Radhika,Rahul & Radhika,737,Gadre Edamame (frozen),Vegetable,g,edamame,edamame,chutney|ketchup|masala|oil|paste|pickle|powder|sauce|syrup,perishable; MoH fresh<5
Rahul & Radhika,Rahul & Radhika,738,Beauty Pear Red,Fruit,pc,beauty pear red,beauty pear red|beautypearred,chutney|ketchup|masala|oil|paste|pickle|powder|sauce|syrup,perishable; MoH fresh<5
Rahul & Radhika,Rahul & Radhika,739,Licious Chicken Breast Boneless,Meat,g,chicken breast boneless,chicken breast boneless|chickenbreastboneless,chutney|cube|essence|ketchup|knorr|masala|oil|paste|pickle|powder|sauce|seasoning|stock|syrup,perishable; Radhika dislikes breast → thigh
Rahul & Radhika,Rahul & Radhika,740,Health on Plants tofu (350g),Meat,g,health on plants tofu,health on plants tofu|healthonplantstofu,chutney|ketchup|masala|oil|paneer|paste|pickle|powder|sauce|syrup,perishable
Rahul & Radhika,Rahul & Radhika,741,Heritage full cream milk,Dairy,ml,full cream milk,full cream milk|fullcreammilk,almond|butter|chocolate|chutney|coconut|condensed|ketchup|masala|milkmaid|oat|oil|paste|pickle|powder|sauce|skyr|soy|syrup,perishable; Rahul coffee-milk; Radhika milk-intolerant; needs sign-off
Rahul & Radhika,Rahul & Radhika,742,Double Horse matta broken rice,Staple,g,double horse matta broken rice,aata|atta|chakki atta|double horse matta broken rice|doublehorsemattabrokenrice|wheat aata|wheat flour|whole wheat atta|whole wheat flour,bajra|besan|bran|chutney|flakes|flour|jowar|ketchup|maida|masala|noodle|oil|paper|paste|patta|pickle|poha|powder|puffed|ragi|sauce|syrup|tej patta|vinegar|wine,staple; never wiped by produce counts
Rahul & Radhika,Rahul & Radhika,743,Nutritional yeast,Staple,g,nutritional yeast,nutritional yeast|nutritionalyeast,chutney|ketchup|masala|oil|paste|pickle|powder|sauce|syrup,staple; never wiped by produce counts
Rahul & Radhika,Rahul & Radhika,744,Organic Tattva poha,Staple,g,poha,beaten rice|flattened rice|poha,chutney|ketchup|masala|oil|paste|pickle|powder|sauce|syrup,staple; never wiped by produce counts
Rahul & Radhika,Rahul & Radhika,745,Supreme Harvest cashew whole,Staple,g,supreme harvest cashew whole,supreme harvest cashew whole|supremeharvestcashewwhole,chutney|ketchup|masala|oil|paste|pickle|powder|sauce|syrup,staple; never wiped by produce counts
Rahul & Radhika,Rahul & Radhika,746,Open Secret pecan nuts,Staple,g,secret pecan nuts,secret pecan nuts|secretpecannuts,chutney|ketchup|masala|oil|paste|pickle|powder|sauce|syrup,staple; never wiped by produce counts
Rahul & Radhika,Rahul & Radhika,747,Corn cob,Vegetable,pc,corn cob,corn cob|corncob,chutney|ketchup|masala|oil|paste|pickle|powder|sauce|syrup,perishable; MoH fresh<5
Rahul & Radhika,Rahul & Radhika,748,Bread (staff),Bread & bakery,g,bread,bread,chutney|ketchup|masala|oil|paste|pickle|powder|sauce|syrup,perishable
Rahul & Radhika,Rahul & Radhika,749,Lemonade lemon,Fruit,g,lemonade lemon,lemon|lemonade lemon|lemonadelemon|lemons|lime|nimbu,chutney|curd (lemon)|grass|ketchup|masala|oil|paste|pickle|powder|sauce|soda|syrup|tea,perishable; MoH fresh<5; NEVER order (lemon tree at home)
Paxal & Sana,Paxal & Sana,5,Bottle gourd,FnV,g,bottle gourd,bottle gourd|bottlegourd|dudhi|ghiya|lauki,chutney|ketchup|masala|oil|paste|pickle|powder|sauce|syrup,
Paxal & Sana,Paxal & Sana,6,Cabbage,Vegetable,g,cabbage,cabbage,chutney|ketchup|masala|oil|paste|pickle|powder|sauce|syrup,perishable; MoH fresh<5
Paxal & Sana,Paxal & Sana,7,Carrot,Vegetable,g,carrot,carrot,chutney|ketchup|masala|oil|paste|pickle|powder|sauce|syrup,perishable; MoH fresh<5
Paxal & Sana,Paxal & Sana,8,Coriander (dhania),Vegetable,g,coriander,cilantro|coriander|coriander leaves|dhania,chutney|ketchup|masala|oil|paste|pickle|powder|sauce|seed|syrup,perishable; MoH fresh<5; pool MoH<10
Paxal & Sana,Paxal & Sana,9,Cucumber,Vegetable,g,cucumber,cucumber|english cucumber|kheera,chutney|ketchup|masala|oil|paste|pickle|powder|sauce|syrup,perishable; MoH fresh<5; types pooled
Paxal & Sana,Paxal & Sana,10,Curry leaves,FnV,g,curry leaves,curry leaves|curryleaves,chutney|ketchup|masala|oil|paste|pickle|powder|sauce|syrup,
Paxal & Sana,Paxal & Sana,11,Garlic,Vegetable,g,garlic,garlic|garlic peeled|peeled garlic,black garlic|bread|caper|chutney|ketchup|masala|mayo|miso|oil|paste|pickle|powder|salt|sauce|syrup,perishable; MoH fresh<5
Paxal & Sana,Paxal & Sana,12,Ginger,FnV,g,ginger,ginger,blossom|candy|chutney|garlic|ketchup|masala|oil|paste|pickle|powder|sauce|syrup|tea,
Paxal & Sana,Paxal & Sana,13,Green beans,FnV,g,green beans,green beans|greenbeans,black bean sauce|chutney|coffee|ketchup|masala|moong|oil|paste|pickle|powder|rajma|sauce|syrup|vanilla,
Paxal & Sana,Paxal & Sana,14,Green capsicum,FnV,g,green capsicum,bell pepper|capsicum|green capsicum|greencapsicum|shimla mirch,chutney|ketchup|masala|oil|paste|pickle|powder|sauce|syrup,ALL colours = ONE pool; dashboard single row; MoH<10
Paxal & Sana,Paxal & Sana,15,Lemon,Vegetable,pc,lemon,lemon|lemons|lime|nimbu,chutney|curd (lemon)|grass|ketchup|lemonade|masala|oil|paste|pickle|powder|sauce|soda|syrup|tea,perishable; MoH fresh<5
Paxal & Sana,Paxal & Sana,16,Onion,Vegetable,g,onion,onion,chutney|flakes|fried|ketchup|masala|oil|paste|petal|pickle|powder|sauce|spring|syrup,perishable; MoH fresh<5; pool MoH<10
Paxal & Sana,Paxal & Sana,17,Paneer,Meat,g,paneer,paneer,chutney|ketchup|masala|oil|paste|pickle|powder|sauce|syrup|tofu,perishable; 1kg Punjab Sind pref
Paxal & Sana,Paxal & Sana,18,Papaya,FnV,pc,papaya,papaya,chutney|ketchup|masala|oil|paste|pickle|powder|sauce|syrup,
Paxal & Sana,Paxal & Sana,19,Red capsicum,FnV,g,red capsicum,bell pepper|capsicum|red capsicum|redcapsicum|shimla mirch,chutney|ketchup|masala|oil|paste|pickle|powder|sauce|syrup,ALL colours = ONE pool; dashboard single row; MoH<10
Paxal & Sana,Paxal & Sana,20,Spinach/Palak,FnV,g,spinach palak,palak|spinach|spinach palak|spinachpalak,chutney|ketchup|masala|oil|paste|pickle|powder|sauce|syrup,
Paxal & Sana,Paxal & Sana,21,Tomato,Vegetable,g,tomato,tomato,cherry|chutney|hybrid|ketchup|masala|oil|pasta|paste|pickle|powder|puree|sauce|soup|sun|syrup,perishable; MoH fresh<5; pool MoH<10
Paxal & Sana,Paxal & Sana,22,Yellow capsicum,FnV,g,yellow capsicum,bell pepper|capsicum|shimla mirch|yellow capsicum|yellowcapsicum,chutney|ketchup|masala|oil|paste|pickle|powder|sauce|syrup,ALL colours = ONE pool; dashboard single row; MoH<10
Paxal & Sana,Paxal & Sana,23,Dahi (curd) pack,Dairy,pc,dahi pack,curd|dahi|dahi pack|dahipack|yoghurt|yogurt,chutney|ketchup|masala|oil|paste|pickle|powder|sauce|set curd|syrup,"RETIRED 27-Aug — do not match; the live row is ""Set curd"""
Paxal & Sana,Paxal & Sana,24,Ash gourd,FnV,g,ash gourd,ash gourd|ashgourd,chutney|ketchup|masala|oil|paste|pickle|powder|sauce|syrup,
Paxal & Sana,Paxal & Sana,25,Baby corn,FnV,g,baby corn,baby corn|babycorn,chutney|ketchup|masala|oil|paste|pickle|powder|sauce|syrup,
Paxal & Sana,Paxal & Sana,26,Banana,FnV,g,banana,banana,chips|chutney|flour|ketchup|masala|oil|paste|pickle|powder|sauce|syrup,
Paxal & Sana,Paxal & Sana,27,Beetroot,FnV,pc,beetroot,beetroot,chutney|ketchup|masala|oil|paste|pickle|powder|sauce|syrup,
Paxal & Sana,Paxal & Sana,28,Broccoli,FnV,g,broccoli,broccoli,chutney|ketchup|masala|oil|paste|pickle|powder|sauce|syrup,
Paxal & Sana,Paxal & Sana,29,Button mushroom,FnV,g,button mushroom,button mushroom|buttonmushroom|mushroom,chutney|ketchup|masala|oil|paste|pickle|powder|sauce|soup|syrup,
Paxal & Sana,Paxal & Sana,30,Cauliflower,FnV,pc,cauliflower,cauliflower|gobhi|gobi|phool gobhi,chutney|ketchup|masala|oil|paste|pickle|powder|sauce|syrup,
Paxal & Sana,Paxal & Sana,31,Dill,FnV,g,dill,dill,chutney|ketchup|masala|oil|paste|pickle|powder|sauce|syrup,
Paxal & Sana,Paxal & Sana,32,Dried cranberry,FnV,g,dried cranberry,dried cranberry|driedcranberry,chutney|ketchup|masala|oil|paste|pickle|powder|sauce|syrup,
Paxal & Sana,Paxal & Sana,33,Drumstick (pods),FnV,g,drumstick,drumstick,chutney|ketchup|masala|oil|paste|pickle|powder|sauce|syrup,
Paxal & Sana,Paxal & Sana,34,Dry coconut,Vegetable,pc,dry coconut,dry coconut|drycoconut,aminos|chutney|ketchup|masala|milk powder|oil|paste|pickle|powder|sauce|sugar|syrup|vinegar|water,perishable; MoH fresh<5; NEVER pre-cut chunks; Sana dislikes coconut preps → Paxal-only portions
Paxal & Sana,Paxal & Sana,35,Green chilli,Vegetable,g,green chilli,chilli|chilly|green chilli|greenchilli|mirch|mirchi,chutney|crisp|flakes|ketchup|masala|oil|paste|pickle|powder|sauce|syrup|vinegar,perishable; MoH fresh<5
Paxal & Sana,Paxal & Sana,36,Lady's finger,FnV,g,lady s finger,lady s finger|ladysfinger,chutney|ketchup|masala|oil|paste|pickle|powder|sauce|syrup,
Paxal & Sana,Paxal & Sana,37,Lettuce,FnV,g,lettuce,lettuce,chutney|ketchup|masala|oil|paste|pickle|powder|sauce|syrup,
Paxal & Sana,Paxal & Sana,38,Methi (fenugreek),Spice,g,methi,fenugreek|fenugreek leaves|methi|methi leaves,chutney|ketchup|masala|oil|paste|pickle|powder|sauce|syrup,staple; never wiped by produce counts
Paxal & Sana,Paxal & Sana,39,Mint,FnV,g,mint,mint|mint leaves|pudina,chutney|chutney (bottled)|ketchup|masala|oil|paste|pickle|powder|sauce|syrup|tea,
Paxal & Sana,Paxal & Sana,40,Parwal,FnV,g,parwal,parwal,chutney|ketchup|masala|oil|paste|pickle|powder|sauce|syrup,
Paxal & Sana,Paxal & Sana,41,Potato,Vegetable,g,potato,potato,chutney|ketchup|masala|oil|paste|pickle|powder|sauce|syrup,perishable; MoH fresh<5; pool MoH<10
Paxal & Sana,Paxal & Sana,42,Pumpkin,FnV,g,pumpkin,pumpkin,chutney|ketchup|masala|oil|paste|pickle|powder|sauce|syrup,
Paxal & Sana,Paxal & Sana,43,Red cabbage,FnV,g,red cabbage,red cabbage|redcabbage,chutney|ketchup|masala|oil|paste|pickle|powder|sauce|syrup,
Paxal & Sana,Paxal & Sana,44,Romanesco,FnV,g,romanesco,romanesco,chutney|ketchup|masala|oil|paste|pickle|powder|sauce|syrup,
Paxal & Sana,Paxal & Sana,45,Spring onion,FnV,g,spring onion,spring onion|springonion,chutney|flakes|fried|ketchup|masala|oil|paste|petal|pickle|powder|sauce|syrup,pool MoH<10
Paxal & Sana,Paxal & Sana,46,Sweet corn,FnV,g,sweet corn,corn kernels|sweet corn|sweetcorn,chutney|ketchup|masala|oil|paste|pickle|powder|sauce|syrup,
Paxal & Sana,Paxal & Sana,47,Tender coconut (chopped),FnV,g,tender coconut,tender coconut|tendercoconut,aminos|chutney|ketchup|masala|milk powder|oil|paste|pickle|powder|sauce|sugar|syrup|vinegar|water,NEVER pre-cut chunks; Sana dislikes coconut preps → Paxal-only portions
Paxal & Sana,Paxal & Sana,48,Watermelon (cut),FnV,g,watermelon,watermelon,chutney|ketchup|masala|oil|paste|pickle|powder|sauce|syrup,
Paxal & Sana,Paxal & Sana,49,Zucchini,FnV,g,zucchini,zucchini,chutney|ketchup|masala|oil|paste|pickle|powder|sauce|syrup,
Paxal & Sana,Paxal & Sana,50,Apple,Fruit,pc,apple,apple,chutney|cider|custard|green apple|ketchup|masala|oil|paste|pickle|pine|powder|sauce|syrup|vinegar,perishable; MoH fresh<5
Paxal & Sana,Paxal & Sana,51,Pomegranate,Fruit,pc,pomegranate,pomegranate,chutney|ketchup|masala|oil|paste|pickle|powder|sauce|syrup,perishable; MoH fresh<5
Paxal & Sana,Paxal & Sana,52,Sprouts (box),Sprouts,box,sprouts,sprouts,chutney|ketchup|masala|oil|paste|pickle|powder|sauce|syrup,
Paxal & Sana,Paxal & Sana,53,Arbi (taro/colocasia),FnV,g,arbi,arbi|colocasia|taro,chutney|ketchup|masala|oil|paste|pickle|powder|sauce|syrup,
Paxal & Sana,Paxal & Sana,54,Baby potatoes,Vegetable,g,baby potatoes,baby potatoes|babypotatoes,chutney|ketchup|masala|oil|paste|pickle|powder|sauce|syrup,perishable; MoH fresh<5; pool MoH<10
Paxal & Sana,Paxal & Sana,55,Sweet potato,Vegetable,g,sweet potato,sweet potato|sweetpotato,chutney|ketchup|masala|oil|paste|pickle|powder|sauce|syrup,perishable; MoH fresh<5; pool MoH<10
Paxal & Sana,Paxal & Sana,60,Yogurt,Dairy,pc,yogurt,curd|dahi|jaggery|yoghurt|yogurt,chutney|ketchup|masala|oil|paste|pickle|powder|sauce|set curd|syrup,"RETIRED 27-Aug — do not match; the live row is ""Set curd"" [28-Aug: removed cross-item aliases that are a known fuzzy trap]"
Paxal & Sana,Paxal & Sana,61,Whole wheat noodles,Pasta,g,whole wheat noodles,whole wheat noodles|wholewheatnoodles,chutney|ketchup|masala|oil|paste|pickle|powder|sauce|syrup,
Paxal & Sana,Paxal & Sana,62,Fresh cream,Dairy,ml,cream,cream,chutney|ketchup|masala|oil|paste|pickle|powder|sauce|syrup,perishable
Paxal & Sana,Paxal & Sana,63,Whole millet,Grains,g,whole millet,whole millet|wholemillet,chutney|ketchup|masala|oil|paste|pickle|powder|sauce|syrup,staple; never wiped by produce counts
Paxal & Sana,Paxal & Sana,64,Oats,Grains,g,oats,oats,chutney|ketchup|masala|oil|paste|pickle|powder|sauce|syrup,staple; never wiped by produce counts
Paxal & Sana,Paxal & Sana,65,Curd,Dairy,g,curd,curd|dahi|yogurt|yoghurt|set curd,chutney|ketchup|masala|oil|paste|pickle|powder|sauce|set curd|syrup,"RETIRED 27-Aug — do not match; the live row is ""Set curd"""
Paxal & Sana,Paxal & Sana,66,Sprouts (green moong),FnV,g,sprouts,sprouts,chutney|ketchup|masala|oil|paste|pickle|powder|sauce|syrup,
Paxal & Sana,Paxal & Sana,67,Dates,Pantry,g,dates,dates,chutney|ketchup|masala|oil|paste|pickle|powder|sauce|syrup,staple; never wiped by produce counts
Paxal & Sana,Paxal & Sana,68,Unsalted butter,Dairy,g,unsalted butter,unsalted butter|unsaltedbutter,almond|chutney|cocoa|fruit|ketchup|masala|milk|oil|paste|peanut|pickle|powder|sauce|scotch|syrup,perishable
Paxal & Sana,Paxal & Sana,69,Mozzarella cheese,Dairy,g,mozzarella cheese,mozzarella cheese|mozzarellacheese,ball|chutney|ketchup|masala|oil|paste|pickle|powder|sauce|slice (sep)|syrup,perishable
Paxal & Sana,Paxal & Sana,70,Cheese cubes,Dairy,g,cheese cubes,cheese cubes|cheesecubes,ball|chutney|ketchup|masala|oil|paste|pickle|powder|sauce|slice (sep)|syrup,perishable
Paxal & Sana,Paxal & Sana,71,Tofu,Meat,g,tofu,tofu,chutney|ketchup|masala|oil|paneer|paste|pickle|powder|sauce|syrup,perishable
Paxal & Sana,Paxal & Sana,72,Muskmelon,Fruit,g,muskmelon,muskmelon,chutney|ketchup|masala|oil|paste|pickle|powder|sauce|syrup,perishable; MoH fresh<5
Paxal & Sana,Paxal & Sana,73,Pooja coconut (whole),Pantry,pc,pooja coconut,pooja coconut|poojacoconut,aminos|chutney|ketchup|masala|milk powder|oil|paste|pickle|powder|sauce|sugar|syrup|vinegar|water,staple; never wiped by produce counts; NEVER pre-cut chunks; Sana dislikes coconut preps → Paxal-only portions
Paxal & Sana,Paxal & Sana,74,Yuzu kombucha,Beverage,ml,yuzu kombucha,yuzu kombucha|yuzukombucha,chutney|fresh|ketchup|masala|oil|paste|pickle|powder|raw|sauce|syrup,
Paxal & Sana,Paxal & Sana,75,Garam masala,Staple,g,garam masala,garam masala|garammasala,,staple; never wiped by produce counts
Paxal & Sana,Paxal & Sana,76,White label sugar,Pantry,g,white label sugar,white label sugar|whitelabelsugar,brown|chutney|free|icing|ketchup|masala|oil|paste|pickle|powder|powdered|sauce|syrup,staple; never wiped by produce counts
Paxal & Sana,Paxal & Sana,77,Ghee pouch,Pantry,ml,ghee pouch,ghee pouch|gheepouch,chutney|ketchup|masala|oil|paste|pickle|powder|sauce|syrup,staple; never wiped by produce counts; always-keep; not part of produce counts
Paxal & Sana,Paxal & Sana,78,Tata salt,Pantry,g,tata salt,tata salt|tatasalt,chutney|ketchup|masala|oil|paste|pickle|powder|sauce|syrup,staple; never wiped by produce counts
Paxal & Sana,Paxal & Sana,79,European cucumber,FnV,g,european cucumber,cucumber|english cucumber|european cucumber|europeancucumber|kheera,chutney|ketchup|masala|oil|paste|pickle|powder|sauce|syrup,types pooled
Paxal & Sana,Paxal & Sana,80,Skimmed milk,Dairy,ml,skimmed milk,skimmed milk|skimmedmilk,almond|butter|chocolate|chutney|coconut|condensed|ketchup|masala|milkmaid|oat|oil|paste|pickle|powder|sauce|skyr|soy|syrup,perishable
Paxal & Sana,Paxal & Sana,81,Moong sprouts,FnV,g,moong sprouts,moong sprouts|moongsprouts,chutney|ketchup|masala|oil|paste|pickle|powder|sauce|syrup,
Paxal & Sana,Paxal & Sana,82,Skyr,Dairy,g,skyr,milky mist skyr|skyr,chutney|ketchup|masala|oil|paste|pickle|powder|sauce|syrup,perishable
Paxal & Sana,Paxal & Sana,83,Bread,Bread & bakery,g,bread,bread,chutney|ketchup|masala|oil|paste|pickle|powder|sauce|syrup,perishable
Paxal & Sana,Paxal & Sana,84,Idli dosa batter,FnV,g,idli dosa batter,idli dosa batter|idlidosabatter,chutney|ketchup|masala|oil|paste|pickle|powder|sauce|syrup,
Paxal & Sana,Paxal & Sana,85,Mango kombucha,Beverage,pc,mango kombucha,mango kombucha|mangokombucha,chutney|fresh|ketchup|masala|oil|paste|pickle|powder|raw|sauce|syrup,
Paxal & Sana,Paxal & Sana,86,Cheddar cheese block,Dairy,g,cheddar cheese block,cheddar cheese block|cheddarcheeseblock,ball|chutney|ketchup|masala|oil|paste|pickle|powder|sauce|slice (sep)|syrup,perishable
Paxal & Sana,Paxal & Sana,87,Peri peri ragi chips,Snack,pack,peri peri ragi chips,peri peri ragi chips|periperiragichips,chutney|ketchup|masala|oil|paste|pickle|powder|sauce|syrup,
Paxal & Sana,Paxal & Sana,88,Green moong sprouts,FnV,g,green moong sprouts,green moong sprouts|greenmoongsprouts,chutney|ketchup|masala|oil|paste|pickle|powder|sauce|syrup,
Paxal & Sana,Paxal & Sana,89,Mixed sprouts,Vegetable,g,mixed sprouts,mixed sprouts|mixedsprouts,chutney|ketchup|masala|oil|paste|pickle|powder|sauce|syrup,perishable; MoH fresh<5
Paxal & Sana,Paxal & Sana,90,Amul butter,Dairy,g,butter,butter,almond|chutney|cocoa|fruit|ketchup|masala|milk|oil|paste|peanut|pickle|powder|sauce|scotch|syrup,perishable
Paxal & Sana,Paxal & Sana,91,Amul Lite butter,Dairy,g,lite butter,lite butter|litebutter,almond|chutney|cocoa|fruit|ketchup|masala|milk|oil|paste|peanut|pickle|powder|sauce|scotch|syrup,perishable
Paxal & Sana,Paxal & Sana,92,Goodlife slim milk,Dairy,ml,slim milk,slim milk|slimmilk,almond|butter|chocolate|chutney|coconut|condensed|ketchup|masala|milkmaid|oat|oil|paste|pickle|powder|sauce|skyr|soy|syrup,perishable
Paxal & Sana,Paxal & Sana,93,Amul high protein dahi,Dairy,g,high protein dahi,curd|dahi|high protein dahi|highproteindahi|yoghurt|yogurt,chutney|ketchup|masala|oil|paste|pickle|powder|sauce|set curd|syrup,"RETIRED 27-Aug — do not match; the live row is ""Set curd"""
Paxal & Sana,Paxal & Sana,94,Cream,Dairy,g,cream,cream,chutney|ketchup|masala|oil|paste|pickle|powder|sauce|syrup,perishable
Paxal & Sana,Paxal & Sana,95,English cucumber,Vegetable,pc,english cucumber,cucumber|english cucumber|englishcucumber|kheera,chutney|ketchup|masala|oil|paste|pickle|powder|sauce|syrup,perishable; MoH fresh<5; types pooled
Paxal & Sana,Paxal & Sana,96,Chings green chilli sauce,Staple,g,green chilli sauce,chilli|chilly|green chilli sauce|greenchillisauce|mirch|mirchi,crisp|flakes|oil|paste|powder|vinegar,staple; never wiped by produce counts
Paxal & Sana,Paxal & Sana,97,Wok Tok red chilli sauce,Staple,g,wok tok red chilli sauce,chilli|chilly|mirch|mirchi|wok tok red chilli sauce|woktokredchillisauce,crisp|flakes|oil|paste|powder|vinegar,staple; never wiped by produce counts
Paxal & Sana,Paxal & Sana,98,Chilli oil,Staple,g,chilli oil,chilli|chilli oil|chillioil|chilly|mirch|mirchi,crisp|essential|flakes|paste|powder|sauce|vinegar,staple; never wiped by produce counts
Paxal & Sana,Paxal & Sana,99,Soy sauce (Chings),Staple,ml,soy sauce,soy sauce|soysauce,,staple; never wiped by produce counts
Paxal & Sana,Paxal & Sana,100,Vinegar,Staple,ml,vinegar,vinegar,chutney|ketchup|masala|oil|paste|pickle|powder|sauce|syrup,staple; never wiped by produce counts
Paxal & Sana,Paxal & Sana,101,Kewra water,Staple,ml,kewra water,kewra water|kewrawater,chutney|ketchup|masala|oil|paste|pickle|powder|sauce|syrup,staple; never wiped by produce counts
Paxal & Sana,Paxal & Sana,102,Hershey's syrup,Staple,bottle,hershey s syrup,hershey s syrup|hersheyssyrup,fresh|raw,staple; never wiped by produce counts
Paxal & Sana,Paxal & Sana,103,Veeba sriracha sauce,Staple,g,veeba sriracha sauce,veeba sriracha sauce|veebasrirachasauce,,staple; never wiped by produce counts
Paxal & Sana,Paxal & Sana,104,Hing,Staple,g,hing,asafoetida|hing,chutney|ketchup|masala|oil|paste|pickle|powder|sauce|syrup,staple; never wiped by produce counts
Paxal & Sana,Paxal & Sana,105,Gond,Staple,g,gond,gond,chutney|ketchup|masala|oil|paste|pickle|powder|sauce|syrup,staple; never wiped by produce counts
Paxal & Sana,Paxal & Sana,106,Cinnamon powder,Staple,g,cinnamon powder,cinnamon powder|cinnamonpowder,,staple; never wiped by produce counts
Paxal & Sana,Paxal & Sana,107,Black salt,Staple,g,black salt,black salt|blacksalt,chutney|ketchup|masala|oil|paste|pickle|powder|sauce|syrup,staple; never wiped by produce counts
Paxal & Sana,Paxal & Sana,108,Mix dry masala,Staple,g,mix dry masala,mix dry masala|mixdrymasala,,staple; never wiped by produce counts
Paxal & Sana,Paxal & Sana,109,Anardana powder,Staple,g,anardana powder,anardana powder|anardanapowder,,staple; never wiped by produce counts
Paxal & Sana,Paxal & Sana,110,BBQ makhana seasoning,Staple,g,bbq makhana seasoning,bbq makhana seasoning|bbqmakhanaseasoning,chutney|ketchup|masala|oil|paste|pickle|powder|sauce|syrup,staple; never wiped by produce counts
Paxal & Sana,Paxal & Sana,111,Ginger garlic paste (Catch),Staple,g,ginger garlic paste,garlic|garlic peeled|ginger garlic paste|gingergarlicpaste|peeled garlic,black garlic|blossom|bread|candy|caper|chutney|mayo|miso|oil|pickle|powder|salt|tea,staple; never wiped by produce counts
Paxal & Sana,Paxal & Sana,112,Chocolate,Staple,g,chocolate,chocolate,chutney|fresh|ketchup|masala|oil|paste|pickle|powder|raw|sauce|syrup,staple; never wiped by produce counts
Paxal & Sana,Paxal & Sana,113,Imli (tamarind),Staple,g,imli,imli|tamarind,chutney|ketchup|masala|oil|paste|pickle|powder|sauce|syrup,staple; never wiped by produce counts
Paxal & Sana,Paxal & Sana,114,Almonds,Staple,g,almonds,almonds,butter|chutney|flour|ketchup|masala|milk|oil|paste|pickle|powder|sauce|syrup|wrap,staple; never wiped by produce counts
Paxal & Sana,Paxal & Sana,115,Del Monte spaghetti,Staple,g,spaghetti,spaghetti,chutney|ketchup|masala|oil|paste|pickle|powder|sauce|syrup,staple; never wiped by produce counts
Paxal & Sana,Paxal & Sana,116,Omani dates,Staple,g,omani dates,omani dates|omanidates,chutney|ketchup|masala|oil|paste|pickle|powder|sauce|syrup,staple; never wiped by produce counts
Paxal & Sana,Paxal & Sana,117,Barley,Staple,g,barley,barley,chutney|ketchup|masala|oil|paste|pickle|powder|sauce|syrup,staple; never wiped by produce counts
Paxal & Sana,Paxal & Sana,118,Brazil nuts,Staple,g,brazil nuts,brazil nuts|brazilnuts,chutney|ketchup|masala|oil|paste|pickle|powder|sauce|syrup,staple; never wiped by produce counts
Paxal & Sana,Paxal & Sana,119,Sunflower seeds,Staple,g,sunflower seeds,sunflower seeds|sunflowerseeds,,staple; never wiped by produce counts
Paxal & Sana,Paxal & Sana,120,Pumpkin seeds,Staple,g,pumpkin seeds,pumpkin seeds|pumpkinseeds,,staple; never wiped by produce counts
Paxal & Sana,Paxal & Sana,121,Hakka noodles,Staple,g,hakka noodles,hakka noodles|hakkanoodles,chutney|ketchup|masala|oil|paste|pickle|powder|sauce|syrup,staple; never wiped by produce counts
Paxal & Sana,Paxal & Sana,122,Gur (jaggery),Staple,g,gur,gud|gur|jaggery,chutney|ketchup|masala|oil|paste|pickle|powder|sauce|syrup,staple; never wiped by produce counts [28-Aug: removed cross-item aliases that are a known fuzzy trap]
Paxal & Sana,Paxal & Sana,123,Tea powder,Staple,g,tea powder,tea powder|teapowder,fresh|raw,staple; never wiped by produce counts
Paxal & Sana,Paxal & Sana,124,Chia seeds,Staple,g,chia seeds,chia seeds|chiaseeds,,staple; never wiped by produce counts
Paxal & Sana,Paxal & Sana,125,Ghee,Staple,g,ghee,ghee,chutney|ketchup|masala|oil|paste|pickle|powder|sauce|syrup,staple; never wiped by produce counts; always-keep; not part of produce counts
Paxal & Sana,Paxal & Sana,126,Quaker oats,Staple,g,quaker oats,quaker oats|quakeroats,chutney|ketchup|masala|oil|paste|pickle|powder|sauce|syrup,staple; never wiped by produce counts
Paxal & Sana,Paxal & Sana,127,Chocolate oats,Staple,g,chocolate oats,chocolate oats|chocolateoats,chutney|fresh|ketchup|masala|oil|paste|pickle|powder|raw|sauce|syrup,staple; never wiped by produce counts
Paxal & Sana,Paxal & Sana,128,Sugar (packet),Staple,g,sugar,sugar,brown|chutney|free|icing|ketchup|masala|oil|paste|pickle|powder|powdered|sauce|syrup,staple; never wiped by produce counts
Paxal & Sana,Paxal & Sana,129,Salt,Staple,g,salt,salt,chutney|ketchup|masala|oil|paste|pickle|powder|sauce|syrup,staple; never wiped by produce counts
Paxal & Sana,Paxal & Sana,130,Roasted vermicelli,Staple,g,roasted vermicelli,roasted vermicelli|roastedvermicelli|semiya|seviyan|vermicelli,chutney|ketchup|masala|oil|paste|pickle|powder|sauce|syrup,staple; never wiped by produce counts
Paxal & Sana,Paxal & Sana,131,Short vermicelli,Staple,g,short vermicelli,semiya|seviyan|short vermicelli|shortvermicelli|vermicelli,chutney|ketchup|masala|oil|paste|pickle|powder|sauce|syrup,staple; never wiped by produce counts
Paxal & Sana,Paxal & Sana,132,Sooji,Staple,g,sooji,rava|semolina|sooji|suji,chutney|ketchup|masala|oil|paste|pickle|powder|sauce|syrup,staple; never wiped by produce counts
Paxal & Sana,Paxal & Sana,133,Puffed rice,Staple,g,puffed rice,puffed rice|puffedrice,bran|chutney|flakes|flour|ketchup|masala|noodle|oil|paper|paste|pickle|poha|powder|sauce|syrup|vinegar|wine,staple; never wiped by produce counts
Paxal & Sana,Paxal & Sana,134,Refined wheat flour (maida),Staple,g,refined wheat flour,aata|all purpose flour|atta|chakki atta|refined flour|refined wheat flour|refinedwheatflour|wheat aata|wheat flour|whole wheat atta|whole wheat flour,noodle|tej patta,staple; never wiped by produce counts
Paxal & Sana,Paxal & Sana,135,Oregano seasoning,Staple,g,oregano seasoning,oregano seasoning|oreganoseasoning,chutney|ketchup|masala|oil|paste|pickle|powder|sauce|syrup,staple; never wiped by produce counts
Paxal & Sana,Paxal & Sana,136,Sweet care sugar,Staple,g,sweet care sugar,sweet care sugar|sweetcaresugar,brown|chutney|free|icing|ketchup|masala|oil|paste|pickle|powder|powdered|sauce|syrup,staple; never wiped by produce counts
Paxal & Sana,Paxal & Sana,137,Pink salt,Staple,g,pink salt,pink salt|pinksalt,chutney|ketchup|masala|oil|paste|pickle|powder|sauce|syrup,staple; never wiped by produce counts
Paxal & Sana,Paxal & Sana,138,Sambhar powder,Staple,g,sambhar powder,sambhar powder|sambharpowder,,staple; never wiped by produce counts
Paxal & Sana,Paxal & Sana,139,Chana dal,Staple,g,chana dal,chana dal|chanadal,chutney|ketchup|masala|oil|paste|pickle|powder|sauce|syrup,staple; never wiped by produce counts
Paxal & Sana,Paxal & Sana,140,Masoor dal,Staple,g,masoor dal,masoor dal|masoordal,chutney|ketchup|masala|oil|paste|pickle|powder|sauce|syrup,staple; never wiped by produce counts
Paxal & Sana,Paxal & Sana,141,White peas,Staple,g,white peas,green peas|matar|peas|white peas|whitepeas,chutney|dried|ketchup|masala|oil|paste|pickle|powder|protein|sauce|syrup|wasabi,staple; never wiped by produce counts
Paxal & Sana,Paxal & Sana,142,Moong dal,Staple,g,moong dal,moong dal|moongdal,chutney|ketchup|masala|oil|paste|pickle|powder|sauce|syrup,staple; never wiped by produce counts
Paxal & Sana,Paxal & Sana,143,Kala chana,Staple,g,kala chana,black chana|brown chana|desi chana|kala chana|kalachana,chutney|ketchup|masala|oil|paste|pickle|powder|sauce|syrup,staple; never wiped by produce counts
Paxal & Sana,Paxal & Sana,144,White vatana,Staple,g,white vatana,white vatana|whitevatana,chutney|ketchup|masala|oil|paste|pickle|powder|sauce|syrup,staple; never wiped by produce counts
Paxal & Sana,Paxal & Sana,145,Rajma red (kidney beans),Staple,g,rajma red,rajma red|rajmared,chutney|ketchup|masala|oil|paste|pickle|powder|sauce|syrup,staple; never wiped by produce counts
Paxal & Sana,Paxal & Sana,146,Green moong dal (whole),Staple,g,green moong dal,green moong dal|greenmoongdal,chutney|ketchup|masala|oil|paste|pickle|powder|sauce|syrup,staple; never wiped by produce counts
Paxal & Sana,Paxal & Sana,147,Rajma chitra,Staple,g,rajma chitra,rajma chitra|rajmachitra,chutney|ketchup|masala|oil|paste|pickle|powder|sauce|syrup,staple; never wiped by produce counts
Paxal & Sana,Paxal & Sana,148,Lobia,Staple,g,lobia,lobia,chutney|ketchup|masala|oil|paste|pickle|powder|sauce|syrup,staple; never wiped by produce counts
Paxal & Sana,Paxal & Sana,149,Moong dal chilka,Staple,g,moong dal chilka,moong dal chilka|moongdalchilka,chutney|ketchup|masala|oil|paste|pickle|powder|sauce|syrup,staple; never wiped by produce counts
Paxal & Sana,Paxal & Sana,150,Urad dal,Staple,g,urad dal,urad dal|uraddal,chutney|ketchup|masala|oil|paste|pickle|powder|sauce|syrup,staple; never wiped by produce counts
Paxal & Sana,Paxal & Sana,151,Sabudana,Staple,g,sabudana,sabudana,chutney|ketchup|masala|oil|paste|pickle|powder|sauce|syrup,staple; never wiped by produce counts
Paxal & Sana,Paxal & Sana,152,Finger millet (ragi),Staple,g,finger millet,finger millet|fingermillet,chutney|ketchup|masala|oil|paste|pickle|powder|sauce|syrup,staple; never wiped by produce counts
Paxal & Sana,Paxal & Sana,153,Peanuts,Staple,g,peanuts,peanuts,chutney|ketchup|masala|oil|paste|pickle|powder|sauce|syrup,staple; never wiped by produce counts
Paxal & Sana,Paxal & Sana,154,Soya chunks,Staple,g,soya chunks,soya chunks|soyachunks,chutney|ketchup|masala|oil|paste|pickle|powder|sauce|syrup,staple; never wiped by produce counts
Paxal & Sana,Paxal & Sana,155,Dried red chilli,Staple,g,dried red chilli,chilli|chilly|dried red chilli|driedredchilli|mirch|mirchi,chutney|crisp|flakes|ketchup|masala|oil|paste|pickle|powder|sauce|syrup|vinegar,staple; never wiped by produce counts
Paxal & Sana,Paxal & Sana,156,Chilli flake sachets,Staple,sachet,chilli flake sachets,chilli|chilli flake sachets|chilliflakesachets|chilly|mirch|mirchi,chutney|crisp|flakes|ketchup|masala|oil|paste|pickle|powder|sauce|syrup|vinegar,staple; never wiped by produce counts
Paxal & Sana,Paxal & Sana,157,Sunflower oil,Staple,g,sunflower oil,sunflower oil|sunfloweroil,essential,staple; never wiped by produce counts
Paxal & Sana,Paxal & Sana,158,Atta,Staple,g,atta,aata|atta|bay leaf|chakki atta|wheat aata|wheat flour|whole wheat atta|whole wheat flour,bajra|besan|chutney|jowar|ketchup|maida|masala|noodle|oil|paste|patta|pickle|powder|ragi|sauce|syrup|tej patta,staple; never wiped by produce counts; plain Aashirvaad [28-Aug: removed cross-item aliases that are a known fuzzy trap]
Paxal & Sana,Paxal & Sana,159,Tej patta,Staple,g,tej patta,bay leaf|bay leaves|chakki atta|tej patta|tejpatta|wheat aata|wheat flour|whole wheat atta|whole wheat flour,bajra|besan|chutney|jowar|ketchup|maida|masala|noodle|oil|paste|pickle|powder|ragi|sauce|syrup,staple; never wiped by produce counts; plain Aashirvaad [28-Aug: removed cross-item aliases that are a known fuzzy trap]
Paxal & Sana,Paxal & Sana,160,Besan,Staple,g,besan,besan|chana flour|chickpea flour|gram flour,chutney|ketchup|masala|oil|paste|pickle|powder|sauce|syrup,staple; never wiped by produce counts
Paxal & Sana,Paxal & Sana,161,Badiyan (star anise),Staple,g,badiyan,badiyan,chutney|ketchup|masala|oil|paste|pickle|powder|sauce|syrup,staple; never wiped by produce counts
Paxal & Sana,Paxal & Sana,162,Clove,Staple,g,clove,clove|laung,chutney|ketchup|masala|oil|paste|pickle|powder|sauce|syrup,staple; never wiped by produce counts
Paxal & Sana,Paxal & Sana,163,Cinnamon stick,Staple,g,cinnamon stick,cinnamon stick|cinnamonstick,chutney|ketchup|masala|oil|paste|pickle|powder|sauce|syrup,staple; never wiped by produce counts
Paxal & Sana,Paxal & Sana,164,Jaggery powder,Staple,g,jaggery powder,gud|gur|jaggery|jaggery powder|jaggerypowder,,staple; never wiped by produce counts
Paxal & Sana,Paxal & Sana,165,Sugar (open),Staple,g,sugar,sugar,brown|chutney|free|icing|ketchup|masala|oil|paste|pickle|powder|powdered|sauce|syrup,staple; never wiped by produce counts
Paxal & Sana,Paxal & Sana,166,Kissan jam,Staple,jar,jam,jam,chutney|ketchup|masala|oil|paste|pickle|powder|sauce|syrup,staple; never wiped by produce counts
Paxal & Sana,Paxal & Sana,167,Peanut butter,Staple,g,peanut butter,peanut butter|peanutbutter,almond|chutney|cocoa|fruit|ketchup|masala|milk|oil|paste|pickle|powder|sauce|scotch|syrup,staple; never wiped by produce counts
Paxal & Sana,Paxal & Sana,168,Salt (opened),Staple,g,salt,salt,chutney|ketchup|masala|oil|paste|pickle|powder|sauce|syrup,staple; never wiped by produce counts
Paxal & Sana,Paxal & Sana,169,Pintola peanut butter,Staple,g,pintola peanut butter,pintola peanut butter|pintolapeanutbutter,almond|chutney|cocoa|fruit|ketchup|masala|milk|oil|paste|pickle|powder|sauce|scotch|syrup,staple; never wiped by produce counts
Paxal & Sana,Paxal & Sana,170,Amchur,Staple,g,amchur,amchur,chutney|ketchup|masala|oil|paste|pickle|powder|sauce|syrup,staple; never wiped by produce counts
Paxal & Sana,Paxal & Sana,171,Chole masala,Staple,g,chole masala,chickpea|chickpeas|chole|chole masala|cholemasala|garbanzo|kabuli chana|white chana,,staple; never wiped by produce counts
Paxal & Sana,Paxal & Sana,172,Bisi bele bath masala,Staple,g,bisi bele bath masala,bisi bele bath masala|bisibelebathmasala,,staple; never wiped by produce counts
Paxal & Sana,Paxal & Sana,173,Rasam powder,Staple,g,rasam powder,rasam powder|rasampowder,,staple; never wiped by produce counts
Paxal & Sana,Paxal & Sana,174,Kasuri methi,Staple,g,kasuri methi,fenugreek|fenugreek leaves|kasuri methi|kasurimethi|methi|methi leaves,methi leaves|fresh methi|methi seeds|methi dana|fenugreek seeds,CONFUSABLE FAMILY (kasuri methi) — never match to the other forms of this ingredient
Paxal & Sana,Paxal & Sana,175,Puliogare powder,Staple,g,puliogare powder,puliogare powder|puliogarepowder,,staple; never wiped by produce counts
Paxal & Sana,Paxal & Sana,176,Fenugreek seeds,Staple,g,fenugreek seeds,fenugreek seeds|fenugreekseeds,kasuri|kasoori|leaves|fresh|powder,CONFUSABLE FAMILY (methi seeds) — never match to the other forms of this ingredient
Paxal & Sana,Paxal & Sana,177,Pav bhaji masala,Staple,g,pav bhaji masala,pav bhaji masala|pavbhajimasala,,staple; never wiped by produce counts
Paxal & Sana,Paxal & Sana,178,Chaat masala,Staple,g,chaat masala,chaat masala|chaatmasala,,staple; never wiped by produce counts
Paxal & Sana,Paxal & Sana,179,Kachi ghani oil,Staple,g,kachi ghani oil,kachi ghani oil|kachighanioil,essential,staple; never wiped by produce counts
Paxal & Sana,Paxal & Sana,180,Ketchup (no onion no garlic),Staple,ml,ketchup,ketchup,,staple; never wiped by produce counts
Paxal & Sana,Paxal & Sana,181,Rainbow sprinkles,Staple,,rainbow sprinkles,mustard seeds|rai|rainbow sprinkles|rainbowsprinkles|sarson,chutney|ketchup|masala|oil|paste|pickle|powder|sauce|syrup,staple; never wiped by produce counts
Paxal & Sana,Paxal & Sana,182,Cocoa powder,Staple,,cocoa powder,cocoa powder|cocoapowder,,staple; never wiped by produce counts
Paxal & Sana,Paxal & Sana,183,Baking soda,Staple,,baking soda,baking soda|bakingsoda,chutney|fresh|ketchup|masala|oil|paste|pickle|powder|raw|sauce|syrup,staple; never wiped by produce counts
Paxal & Sana,Paxal & Sana,184,Baking powder,Staple,,baking powder,baking powder|bakingpowder,,staple; never wiped by produce counts
Paxal & Sana,Paxal & Sana,185,Peri peri seasoning,Staple,g,peri peri seasoning,peri peri seasoning|periperiseasoning,chutney|ketchup|masala|oil|paste|pickle|powder|sauce|syrup,staple; never wiped by produce counts
Paxal & Sana,Paxal & Sana,186,Custard powder,Staple,g,custard powder,custard powder|custardpowder,,staple; never wiped by produce counts
Paxal & Sana,Paxal & Sana,187,Coriander powder,Staple,g,coriander powder,cilantro|coriander|coriander leaves|coriander powder|corianderpowder|dhania,seeds|leaves|fresh|whole|sabut,CONFUSABLE FAMILY (coriander powder) — never match to the other forms of this ingredient
Paxal & Sana,Paxal & Sana,188,Elaichi (cardamom),Staple,g,elaichi,cardamom|elaichi|green cardamom,chutney|ketchup|masala|oil|paste|pickle|powder|sauce|syrup,staple; never wiped by produce counts
Paxal & Sana,Paxal & Sana,189,White millet,Staple,g,white millet,white millet|whitemillet,chutney|ketchup|masala|oil|paste|pickle|powder|sauce|syrup,staple; never wiped by produce counts
Paxal & Sana,Paxal & Sana,190,Mixed masala powder,Staple,g,mixed masala powder,mixed masala powder|mixedmasalapowder,,staple; never wiped by produce counts
Paxal & Sana,Paxal & Sana,191,Fennel seeds,Staple,g,fennel seeds,fennel seeds|fennelseeds,,staple; never wiped by produce counts
Paxal & Sana,Paxal & Sana,192,Roasted seeds,Staple,g,roasted seeds,roasted seeds|roastedseeds,,staple; never wiped by produce counts
Paxal & Sana,Paxal & Sana,193,Cashews,Staple,g,cashews,cashews,chutney|ketchup|masala|oil|paste|pickle|powder|sauce|syrup,staple; never wiped by produce counts
Paxal & Sana,Paxal & Sana,194,Pepper (whole),Staple,g,pepper,bell pepper|capsicum|pepper|shimla mirch,chutney|ketchup|masala|oil|paste|pickle|powder|sauce|syrup,staple; never wiped by produce counts
Paxal & Sana,Paxal & Sana,195,Raisins,Staple,g,raisins,mustard seeds|rai|raisins|sarson,chutney|ketchup|masala|oil|paste|pickle|powder|sauce|syrup,staple; never wiped by produce counts
Paxal & Sana,Paxal & Sana,196,Pista,Staple,g,pista,pista,chutney|ketchup|masala|oil|paste|pickle|powder|sauce|syrup,staple; never wiped by produce counts
Paxal & Sana,Paxal & Sana,197,Sesame seeds,Staple,g,sesame seeds,sesame|sesame seeds|sesameseeds|til,,staple; never wiped by produce counts
Paxal & Sana,Paxal & Sana,198,Kabuli chana,Staple,g,kabuli chana,chickpea|chickpeas|chole|garbanzo|kabuli chana|kabulichana|white chana,chutney|ketchup|masala|oil|paste|pickle|powder|sauce|syrup,staple; never wiped by produce counts
Paxal & Sana,Paxal & Sana,199,Jeera powder,Staple,g,jeera powder,cumin|jeera|jeera powder|jeerapowder,,staple; never wiped by produce counts
Paxal & Sana,Paxal & Sana,200,Ajwain powder,Staple,g,ajwain powder,ajwain powder|ajwainpowder,,staple; never wiped by produce counts
Paxal & Sana,Paxal & Sana,201,Haldi (turmeric),Staple,g,haldi,haldi|turmeric,chutney|ketchup|masala|oil|paste|pickle|powder|sauce|syrup,staple; never wiped by produce counts
Paxal & Sana,Paxal & Sana,202,Dried green peas,Staple,g,dried green peas,dried green peas|driedgreenpeas|green peas|matar|peas,chutney|ketchup|masala|oil|paste|pickle|powder|protein|sauce|syrup|wasabi,staple; never wiped by produce counts
Paxal & Sana,Paxal & Sana,203,White sesame seeds,Staple,g,white sesame seeds,sesame|til|white sesame seeds|whitesesameseeds,,staple; never wiped by produce counts
Paxal & Sana,Paxal & Sana,204,Red chilli powder,Staple,g,red chilli powder,chilli|chilly|mirch|mirchi|red chilli powder|redchillipowder,crisp|flakes|oil|paste|sauce|vinegar,staple; never wiped by produce counts
Paxal & Sana,Paxal & Sana,205,Foxtail millet,Staple,g,foxtail millet,foxtail millet|foxtailmillet,chutney|ketchup|masala|oil|paste|pickle|powder|sauce|syrup,staple; never wiped by produce counts
Paxal & Sana,Paxal & Sana,206,Dried soybean,Staple,g,dried soybean,dried soybean|driedsoybean,chutney|ketchup|masala|oil|paste|pickle|powder|sauce|syrup,staple; never wiped by produce counts
Paxal & Sana,Paxal & Sana,207,Bhujia sev (Haldiram),Staple,g,bhujia sev,bhujia sev|bhujiasev,chutney|ketchup|masala|oil|paste|pickle|powder|sauce|syrup,staple; never wiped by produce counts
Paxal & Sana,Paxal & Sana,208,Baby bottle gourd,Vegetable,pc,baby bottle gourd,baby bottle gourd|babybottlegourd|bottle gourd|dudhi|ghiya|lauki,chutney|ketchup|masala|oil|paste|pickle|powder|sauce|syrup,perishable; MoH fresh<5
Paxal & Sana,Paxal & Sana,209,Coconut,Vegetable,pc,coconut,coconut,aminos|chutney|ketchup|masala|milk powder|oil|paste|pickle|powder|sauce|sugar|syrup|vinegar|water,perishable; MoH fresh<5; NEVER pre-cut chunks; Sana dislikes coconut preps → Paxal-only portions
Paxal & Sana,Paxal & Sana,210,Low fat paneer,Meat,g,low fat paneer,low fat paneer|lowfatpaneer,chutney|ketchup|masala|oil|paste|pickle|powder|sauce|syrup|tofu,perishable; 1kg Punjab Sind pref
Paxal & Sana,Paxal & Sana,211,Toned milk,Dairy,ml,toned milk,toned milk|tonedmilk,almond|butter|chocolate|chutney|coconut|condensed|ketchup|masala|milkmaid|oat|oil|paste|pickle|powder|sauce|skyr|soy|syrup,perishable
Paxal & Sana,Paxal & Sana,212,Forest honey,Staple,bottle,forest honey,forest honey|foresthoney,chutney|ketchup|masala|oil|paste|pickle|powder|sauce|syrup,staple; never wiped by produce counts
Paxal & Sana,Paxal & Sana,213,Paper Boat green apple sparkling water,Beverage,ml,paper boat green apple sparkling water,paper boat green apple sparkling water|paperboatgreenapplesparklingwater,chutney|cider|custard|fresh|ketchup|masala|oil|paste|pickle|pine|powder|raw|sauce|syrup|vinegar,
Paxal & Sana,Paxal & Sana,214,Paper Boat dark roast sparkling coffee,Beverage,ml,paper boat dark roast sparkling coffee,paper boat dark roast sparkling coffee|paperboatdarkroastsparklingcoffee,chutney|fresh|ketchup|masala|oil|paste|pickle|powder|raw|sauce|syrup,
Paxal & Sana,Paxal & Sana,215,Paper Boat zero cranberry lime sparkling water,Beverage,ml,paper boat zero cranberry lime sparkling water,nimbu|paper boat zero cranberry lime sparkling water|paperboatzerocranberrylimesparklingwater,chutney|fresh|ketchup|masala|oil|paste|pickle|powder|raw|sauce|syrup, [28-Aug: produce aliases stripped — a packaged drink must never stand in for fresh produce]
Paxal & Sana,Paxal & Sana,216,Harpic Power Plus toilet cleaner,Non-food,L,harpic power plus toilet cleaner,harpic power plus toilet cleaner|harpicpowerplustoiletcleaner,essential,
Paxal & Sana,Paxal & Sana,217,Scotch-Brite Silver Sparks scrub pad,Non-food,pack,scotch brite silver sparks scrub pad,scotch brite silver sparks scrub pad|scotchbritesilversparksscrubpad,chutney|ketchup|masala|oil|paste|pickle|powder|sauce|syrup,
Paxal & Sana,Paxal & Sana,218,Presto medium garbage bags,Non-food,pack,presto medium garbage bags,presto medium garbage bags|prestomediumgarbagebags,chutney|ketchup|masala|oil|paste|pickle|powder|sauce|syrup,
Paxal & Sana,Paxal & Sana,219,Pineapple,Fruit,g,pineapple,pineapple,chutney|cider|custard|green apple|ketchup|masala|oil|paste|pickle|powder|sauce|syrup|vinegar,perishable; MoH fresh<5
Paxal & Sana,Paxal & Sana,220,Fiji fruit punch,Beverage,ml,fiji fruit punch,fiji fruit punch|fijifruitpunch,chutney|ketchup|masala|oil|paste|pickle|powder|sauce|syrup,
Paxal & Sana,Paxal & Sana,221,Crunchy roasted edamame,Staple,pack,crunchy roasted edamame,crunchy roasted edamame|crunchyroastededamame,chutney|ketchup|masala|oil|paste|pickle|powder|sauce|syrup,staple; never wiped by produce counts
Paxal & Sana,Paxal & Sana,222,Troovy puffs (pudina),Staple,pack,troovy puffs,troovy puffs|troovypuffs,chutney|ketchup|masala|oil|paste|pickle|powder|sauce|syrup,staple; never wiped by produce counts
Paxal & Sana,Paxal & Sana,223,Chickpea baked puff,Staple,pack,chickpea baked puff,chickpea|chickpea baked puff|chickpeabakedpuff|chickpeas|chole|garbanzo|kabuli chana|white chana,chutney|ketchup|masala|oil|paste|pickle|powder|sauce|syrup,staple; never wiped by produce counts
Paxal & Sana,Paxal & Sana,224,Ooty carrot,Vegetable,g,ooty carrot,ooty carrot|ootycarrot,chutney|ketchup|masala|oil|paste|pickle|powder|sauce|syrup,perishable; MoH fresh<5
Paxal & Sana,Paxal & Sana,225,Nandini slim skimmed milk,Dairy,ml,slim skimmed milk,slim skimmed milk|slimskimmedmilk,almond|butter|chocolate|chutney|coconut|condensed|ketchup|masala|milkmaid|oat|oil|paste|pickle|powder|sauce|skyr|soy|syrup,perishable
Paxal & Sana,Paxal & Sana,226,Bhagyalakshmi rice flour,Staple,g,bhagyalakshmi rice flour,bhagyalakshmi rice flour|bhagyalakshmiriceflour,bran|flakes|noodle|paper|poha|puffed|vinegar|wine,staple; never wiped by produce counts
Paxal & Sana,Paxal & Sana,227,Vijay Gold jowar flour,Staple,g,vijay gold jowar flour,vijay gold jowar flour|vijaygoldjowarflour,,staple; never wiped by produce counts
Paxal & Sana,Paxal & Sana,228,Daawat basmati rice,Staple,g,basmati rice,basmati rice|basmatirice,bran|chutney|flakes|flour|ketchup|masala|noodle|oil|paper|paste|pickle|poha|powder|puffed|sauce|syrup|vinegar|wine,staple; never wiped by produce counts
Paxal & Sana,Paxal & Sana,229,Daawat sona masoori rice,Staple,g,sona masoori rice,sona masoori rice|sonamasooririce,bran|chutney|flakes|flour|ketchup|masala|noodle|oil|paper|paste|pickle|poha|powder|puffed|sauce|syrup|vinegar|wine,staple; never wiped by produce counts
Paxal & Sana,Paxal & Sana,230,Punjab Sind paneer,Meat,g,punjab sind paneer,punjab sind paneer|punjabsindpaneer,chutney|ketchup|masala|oil|paste|pickle|powder|sauce|syrup|tofu,perishable; 1kg Punjab Sind pref
Paxal & Sana,Paxal & Sana,231,Hybrid tomato,Vegetable,g,hybrid tomato,hybrid tomato|hybridtomato,cherry|chutney|ketchup|masala|oil|pasta|paste|pickle|powder|puree|sauce|soup|sun|syrup,perishable; MoH fresh<5; pool MoH<10
Paxal & Sana,Paxal & Sana,232,English cucumber,Vegetable,g,english cucumber,cucumber|english cucumber|englishcucumber|kheera,chutney|ketchup|masala|oil|paste|pickle|powder|sauce|syrup,perishable; MoH fresh<5; types pooled
Paxal & Sana,Paxal & Sana,233,Green peas,Vegetable,g,green peas,green peas|greenpeas|matar|peas,chutney|dried|ketchup|masala|oil|paste|pickle|powder|protein|sauce|syrup|wasabi,perishable; MoH fresh<5
Paxal & Sana,Paxal & Sana,234,Haricot beans,Vegetable,g,haricot beans,haricot beans|haricotbeans,black bean sauce|chutney|coffee|ketchup|masala|moong|oil|paste|pickle|powder|rajma|sauce|syrup|vanilla,perishable; MoH fresh<5
Paxal & Sana,Paxal & Sana,235,Hot & Sweet,Staple,g,hot sweet,hot sweet|hotsweet,chutney|ketchup|masala|oil|paste|pickle|powder|sauce|syrup,staple; never wiped by produce counts
Paxal & Sana,Paxal & Sana,236,Imported blueberry 125g,Fruit,g,blueberry 125g,blueberry|blueberry 125g|blueberry125g|imported blueberry,chutney|ketchup|masala|oil|paste|pickle|powder|sauce|syrup,perishable; MoH fresh<5
Paxal & Sana,Paxal & Sana,237,Hass avocado 2pc,Fruit,pc,hass avocado 2pc,hass avocado 2pc|hassavocado2pc,chutney|ketchup|masala|oil|paste|pickle|powder|sauce|syrup,perishable; MoH fresh<5
Paxal & Sana,Paxal & Sana,238,Akshayakalpa set curd,Dairy,g,set curd,curd|dahi|set curd|setcurd|yoghurt|yogurt,chutney|ketchup|masala|oil|paste|pickle|powder|sauce|set curd|syrup,"RETIRED 27-Aug — do not match; the live row is ""Set curd"""
Paxal & Sana,Paxal & Sana,239,Aashirvaad Atta,Staple,g,atta,aata|atta|bay leaf|chakki atta|wheat aata|wheat flour|whole wheat atta|whole wheat flour,bajra|besan|chutney|jowar|ketchup|maida|masala|noodle|oil|paste|patta|pickle|powder|ragi|sauce|syrup|tej patta,staple; never wiped by produce counts; plain Aashirvaad [28-Aug: removed cross-item aliases that are a known fuzzy trap]
Paxal & Sana,Paxal & Sana,240,Raw mango,Fruit,kg,raw mango,raw mango|rawmango,chutney|ketchup|masala|oil|paste|pickle|powder|sauce|syrup,perishable; MoH fresh<5
Paxal & Sana,Paxal & Sana,241,Coconut milk,Dairy,ml,coconut milk,coconut milk|coconutmilk,almond|aminos|butter|chocolate|chutney|condensed|ketchup|masala|milk powder|milkmaid|oat|oil|paste|pickle|powder|sauce|skyr|soy|sugar|syrup|vinegar|water,perishable; NEVER pre-cut chunks; Sana dislikes coconut preps → Paxal-only portions
Pratik & Sakshi,Pratik & Sakshi,5,Ginger,Vegetable,g,ginger,ginger,blossom|candy|chutney|garlic|ketchup|masala|oil|paste|pickle|powder|sauce|syrup|tea,perishable; MoH fresh<5
Pratik & Sakshi,Pratik & Sakshi,6,Baby potato,Vegetable,pc,baby potato,baby potato|babypotato,chutney|ketchup|masala|oil|paste|pickle|powder|sauce|syrup,perishable; MoH fresh<5; pool MoH<10
Pratik & Sakshi,Pratik & Sakshi,7,Potato,Vegetable,pc,potato,potato,chutney|ketchup|masala|oil|paste|pickle|powder|sauce|syrup,perishable; MoH fresh<5; pool MoH<10
Pratik & Sakshi,Pratik & Sakshi,8,Onion,Vegetable,g,onion,onion,chutney|flakes|fried|ketchup|masala|oil|paste|petal|pickle|powder|sauce|spring|syrup,perishable; MoH fresh<5; pool MoH<10
Pratik & Sakshi,Pratik & Sakshi,9,Sambar onion (shallots),FnV,g,sambar onion,sambar onion|sambaronion,chutney|flakes|fried|ketchup|masala|oil|paste|petal|pickle|powder|sauce|spring|syrup,pool MoH<10
Pratik & Sakshi,Pratik & Sakshi,10,Garlic,Vegetable,g,garlic,garlic|garlic peeled|peeled garlic,black garlic|bread|caper|chutney|ketchup|masala|mayo|miso|oil|paste|pickle|powder|salt|sauce|syrup,perishable; MoH fresh<5
Pratik & Sakshi,Pratik & Sakshi,11,Kiwi,Fruit,pc,kiwi,kiwi,chutney|ketchup|masala|oil|paste|pickle|powder|sauce|syrup,perishable; MoH fresh<5
Pratik & Sakshi,Pratik & Sakshi,12,Avocado,Vegetable,pc,avocado,avocado,chutney|ketchup|masala|oil|paste|pickle|powder|sauce|syrup,perishable; MoH fresh<5
Pratik & Sakshi,Pratik & Sakshi,13,Pomegranate,Fruit,pc,pomegranate,pomegranate,chutney|ketchup|masala|oil|paste|pickle|powder|sauce|syrup,perishable; MoH fresh<5
Pratik & Sakshi,Pratik & Sakshi,14,Yellaki banana,Fruit,g,yellaki banana,yellaki banana|yellakibanana,chips|chutney|flour|ketchup|masala|oil|paste|pickle|powder|sauce|syrup,perishable; MoH fresh<5
Pratik & Sakshi,Pratik & Sakshi,15,Cucumber,Vegetable,pc,cucumber,cucumber|english cucumber|kheera,chutney|ketchup|masala|oil|paste|pickle|powder|sauce|syrup,perishable; MoH fresh<5; types pooled
Pratik & Sakshi,Pratik & Sakshi,16,Green cucumber,FnV,pc,green cucumber,cucumber|english cucumber|green cucumber|greencucumber|kheera,chutney|ketchup|masala|oil|paste|pickle|powder|sauce|syrup,types pooled
Pratik & Sakshi,Pratik & Sakshi,17,Guava,Vegetable,g,guava,guava,chutney|ketchup|masala|oil|paste|pickle|powder|sauce|syrup,perishable; MoH fresh<5
Pratik & Sakshi,Pratik & Sakshi,18,Pear,Fruit,pc,pear,pear,chutney|ketchup|masala|oil|paste|pickle|powder|sauce|syrup,perishable; MoH fresh<5
Pratik & Sakshi,Pratik & Sakshi,19,Orange,Fruit,pc,orange,orange,chutney|ketchup|masala|oil|paste|pickle|powder|sauce|syrup,perishable; MoH fresh<5
Pratik & Sakshi,Pratik & Sakshi,20,Custard apple,Fruit,pc,custard apple,custard apple|custardapple,chutney|cider|green apple|ketchup|masala|oil|paste|pickle|pine|powder|sauce|syrup|vinegar,perishable; MoH fresh<5
Pratik & Sakshi,Pratik & Sakshi,21,Capsicum (pool: green/red/yellow),Vegetable,g,capsicum,bell pepper|capsicum|shimla mirch,chutney|ketchup|masala|oil|paste|pickle|powder|sauce|syrup,perishable; MoH fresh<5; ALL colours = ONE pool; dashboard single row; MoH<10
Pratik & Sakshi,Pratik & Sakshi,22,Red capsicum,Vegetable,pc,red capsicum,bell pepper|capsicum|red capsicum|redcapsicum|shimla mirch,chutney|ketchup|masala|oil|paste|pickle|powder|sauce|syrup,perishable; MoH fresh<5; ALL colours = ONE pool; dashboard single row; MoH<10
Pratik & Sakshi,Pratik & Sakshi,23,Yellow capsicum,Vegetable,pc,yellow capsicum,bell pepper|capsicum|shimla mirch|yellow capsicum|yellowcapsicum,chutney|ketchup|masala|oil|paste|pickle|powder|sauce|syrup,perishable; MoH fresh<5; ALL colours = ONE pool; dashboard single row; MoH<10
Pratik & Sakshi,Pratik & Sakshi,24,Radish,Vegetable,pc,radish,radish,chutney|ketchup|masala|oil|paste|pickle|powder|sauce|syrup,perishable; MoH fresh<5
Pratik & Sakshi,Pratik & Sakshi,25,Mint,Vegetable,g,mint,mint|mint leaves|pudina,chutney|chutney (bottled)|ketchup|masala|oil|paste|pickle|powder|sauce|syrup|tea,perishable; MoH fresh<5
Pratik & Sakshi,Pratik & Sakshi,26,Coriander (dhania),Vegetable,g,coriander,cilantro|coriander|coriander leaves|dhania,chutney|ketchup|masala|oil|paste|pickle|powder|sauce|seed|syrup,perishable; MoH fresh<5; pool MoH<10
Pratik & Sakshi,Pratik & Sakshi,27,Button mushroom,Vegetable,g,button mushroom,button mushroom|buttonmushroom|mushroom,chutney|ketchup|masala|oil|paste|pickle|powder|sauce|soup|syrup,perishable; MoH fresh<5
Pratik & Sakshi,Pratik & Sakshi,28,Zucchini,Vegetable,pc,zucchini,zucchini,chutney|ketchup|masala|oil|paste|pickle|powder|sauce|syrup,perishable; MoH fresh<5
Pratik & Sakshi,Pratik & Sakshi,29,Baby corn,Vegetable,g,baby corn,baby corn|babycorn,chutney|ketchup|masala|oil|paste|pickle|powder|sauce|syrup,perishable; MoH fresh<5
Pratik & Sakshi,Pratik & Sakshi,30,Cabbage,Vegetable,pc,cabbage,cabbage,chutney|ketchup|masala|oil|paste|pickle|powder|sauce|syrup,perishable; MoH fresh<5
Pratik & Sakshi,Pratik & Sakshi,31,Lemon,Vegetable,pc,lemon,lemon|lemons|lime|nimbu,chutney|curd (lemon)|grass|ketchup|lemonade|masala|oil|paste|pickle|powder|sauce|soda|syrup|tea,perishable; MoH fresh<5
Pratik & Sakshi,Pratik & Sakshi,32,Basil,Vegetable,g,basil,basil,chutney|ketchup|masala|oil|paste|pickle|powder|sauce|syrup,perishable; MoH fresh<5
Pratik & Sakshi,Pratik & Sakshi,33,Bhaji mirch (green chilli),Vegetable,g,bhaji mirch,bhaji mirch|bhajimirch|chilli|chilly|mirch|mirchi,chutney|ketchup|masala|oil|paste|pickle|powder|sauce|syrup,perishable; MoH fresh<5
Pratik & Sakshi,Pratik & Sakshi,34,Spring onion,Vegetable,g,spring onion,spring onion|springonion,chutney|flakes|fried|ketchup|masala|oil|paste|petal|pickle|powder|sauce|syrup,perishable; MoH fresh<5; pool MoH<10
Pratik & Sakshi,Pratik & Sakshi,35,Spinach/Palak,Vegetable,g,spinach palak,palak|spinach|spinach palak|spinachpalak,chutney|ketchup|masala|oil|paste|pickle|powder|sauce|syrup,perishable; MoH fresh<5
Pratik & Sakshi,Pratik & Sakshi,36,Carrot,Vegetable,pc,carrot,carrot,chutney|ketchup|masala|oil|paste|pickle|powder|sauce|syrup,perishable; MoH fresh<5
Pratik & Sakshi,Pratik & Sakshi,37,Tomato,Vegetable,g,tomato,tomato,cherry|chutney|hybrid|ketchup|masala|oil|pasta|paste|pickle|powder|puree|sauce|soup|sun|syrup,perishable; MoH fresh<5; pool MoH<10
Pratik & Sakshi,Pratik & Sakshi,38,Brinjal,Vegetable,pc,brinjal,aubergine|baingan|brinjal|eggplant,chutney|ketchup|masala|oil|paste|pickle|powder|sauce|syrup,perishable; MoH fresh<5
Pratik & Sakshi,Pratik & Sakshi,39,Curry leaves,Vegetable,g,curry leaves,curry leaves|curryleaves,chutney|ketchup|masala|oil|paste|pickle|powder|sauce|syrup,perishable; MoH fresh<5
Pratik & Sakshi,Pratik & Sakshi,40,Sweet potato,Vegetable,g,sweet potato,sweet potato|sweetpotato,chutney|ketchup|masala|oil|paste|pickle|powder|sauce|syrup,perishable; MoH fresh<5; pool MoH<10
Pratik & Sakshi,Pratik & Sakshi,41,Eggs,Dairy,pc,eggs,eggs,chutney|eggplant|ketchup|less|masala|noodle|oil|paste|pickle|powder|sauce|syrup|white (sep),perishable
Pratik & Sakshi,Pratik & Sakshi,42,Paneer (homemade),Meat,g,paneer,paneer,chutney|ketchup|masala|oil|paste|pickle|powder|sauce|syrup|tofu,perishable
Pratik & Sakshi,Pratik & Sakshi,43,Akshayakalpa Paneer,Meat,g,paneer,paneer,chutney|ketchup|masala|oil|paste|pickle|powder|sauce|syrup|tofu,perishable
Pratik & Sakshi,Pratik & Sakshi,44,Homemade curd,Dairy,g,homemade curd,curd|dahi|homemade curd|homemadecurd|yoghurt|yogurt,chutney|greek|gur|jaggery|ketchup|masala|oil|paste|pickle|powder|sauce|syrup,perishable
Pratik & Sakshi,Pratik & Sakshi,45,Yogurt,Dairy,g,yogurt,curd|dahi|jaggery|yoghurt|yogurt,chutney|greek|ketchup|masala|oil|paste|pickle|powder|sauce|syrup,perishable [28-Aug: removed cross-item aliases that are a known fuzzy trap]
Pratik & Sakshi,Pratik & Sakshi,46,Athena yogurt,Dairy,pc,athena yogurt,athena yogurt|athenayogurt|curd|dahi|jaggery|yoghurt|yogurt,chutney|greek|ketchup|masala|oil|paste|pickle|powder|sauce|syrup,perishable [28-Aug: removed cross-item aliases that are a known fuzzy trap]
Pratik & Sakshi,Pratik & Sakshi,47,Bocconcini,Dairy,g,bocconcini,bocconcini,chutney|ketchup|masala|oil|paste|pickle|powder|sauce|syrup,perishable
Pratik & Sakshi,Pratik & Sakshi,48,Tofu,Dairy,g,tofu,tofu,chutney|ketchup|masala|oil|paneer|paste|pickle|powder|sauce|syrup,perishable
Pratik & Sakshi,Pratik & Sakshi,49,Butter,Dairy,g,butter,butter,almond|chutney|cocoa|fruit|ketchup|masala|milk|oil|paste|peanut|pickle|powder|sauce|scotch|syrup,perishable
Pratik & Sakshi,Pratik & Sakshi,50,Cheddar cheese block,Dairy,g,cheddar cheese block,cheddar cheese block|cheddarcheeseblock,ball|chutney|ketchup|masala|oil|paste|pickle|powder|sauce|slice (sep)|syrup,perishable
Pratik & Sakshi,Pratik & Sakshi,51,Gruyere cheese,Dairy,g,gruyere cheese,gruyere cheese|gruyerecheese,ball|chutney|ketchup|masala|oil|paste|pickle|powder|sauce|slice (sep)|syrup,perishable
Pratik & Sakshi,Pratik & Sakshi,52,Almond milk,Dairy,ml,almond milk,almond milk|almondmilk,butter|chocolate|chutney|coconut|condensed|ketchup|masala|milkmaid|oat|oil|paste|pickle|powder|sauce|skyr|soy|syrup,perishable
Pratik & Sakshi,Pratik & Sakshi,53,Blueberry,Fruit,g,blueberry,blueberry|imported blueberry,chutney|ketchup|masala|oil|paste|pickle|powder|sauce|syrup,perishable; MoH fresh<5
Pratik & Sakshi,Pratik & Sakshi,54,Unsweetened peanut butter,Staple,g,unsweetened peanut butter,unsweetened peanut butter|unsweetenedpeanutbutter,almond|chutney|cocoa|fruit|ketchup|masala|milk|oil|paste|pickle|powder|sauce|scotch|syrup,staple; never wiped by produce counts
Pratik & Sakshi,Pratik & Sakshi,55,Edamame (frozen),Vegetable,g,edamame,edamame,chutney|ketchup|masala|oil|paste|pickle|powder|sauce|syrup,perishable; MoH fresh<5
Pratik & Sakshi,Pratik & Sakshi,56,Frozen peas,Frozen,g,peas,chickpea|chickpeas|chole|garbanzo|green peas|kabuli chana|matar|peas|white chana,chutney|dried|ketchup|masala|oil|paste|pickle|powder|protein|sauce|syrup|wasabi,perishable
Pratik & Sakshi,Pratik & Sakshi,57,Frozen corn (sweet corn),Vegetable,g,corn,corn|corn kernels|sweet corn,chutney|ketchup|masala|oil|paste|pickle|powder|sauce|syrup,perishable; MoH fresh<5
Pratik & Sakshi,Pratik & Sakshi,58,Green peas (unpeeled),Frozen,g,green peas,green peas|greenpeas|matar|peas,chutney|dried|ketchup|masala|oil|paste|pickle|powder|protein|sauce|syrup|wasabi,perishable
Pratik & Sakshi,Pratik & Sakshi,59,Onion petals,Staple,g,onion petals,onion petals|onionpetals,chutney|flakes|fried|ketchup|masala|oil|paste|pickle|powder|sauce|spring|syrup,staple; never wiped by produce counts; pool MoH<10
Pratik & Sakshi,Pratik & Sakshi,60,Shiitake mushroom,Vegetable,g,shiitake mushroom,button mushroom|mushroom|shiitake mushroom|shiitakemushroom,chutney|ketchup|masala|oil|paste|pickle|powder|sauce|soup|syrup,perishable; MoH fresh<5
Pratik & Sakshi,Pratik & Sakshi,61,Jalapeno,Vegetable,g,jalapeno,jalapeno,chutney|ketchup|masala|oil|paste|pickle|powder|sauce|syrup,perishable; MoH fresh<5
Pratik & Sakshi,Pratik & Sakshi,62,Sesame oil,Staple,ml,sesame oil,sesame|sesame oil|sesameoil|til,essential,staple; never wiped by produce counts
Pratik & Sakshi,Pratik & Sakshi,63,Sesame oil (Members Pick),Pantry,ml,sesame oil,sesame|sesame oil|sesameoil|til,essential,staple; never wiped by produce counts
Pratik & Sakshi,Pratik & Sakshi,64,Extra virgin olive oil,Pantry,ml,extra virgin olive oil,extra virgin olive oil|extravirginoliveoil,essential,staple; never wiped by produce counts
Pratik & Sakshi,Pratik & Sakshi,65,Borges olive oil,Staple,ml,olive oil,olive oil|oliveoil,essential,staple; never wiped by produce counts
Pratik & Sakshi,Pratik & Sakshi,66,Groundnut oil (Saffola),Pantry,ml,groundnut oil,groundnut oil|groundnutoil,essential,staple; never wiped by produce counts
Pratik & Sakshi,Pratik & Sakshi,67,Coconut oil,Pantry,bottle,coconut oil,coconut oil|coconutoil,aminos|essential|milk powder|sugar|vinegar|water,staple; never wiped by produce counts
Pratik & Sakshi,Pratik & Sakshi,68,Fish sauce,Pantry,bottle,fish sauce,fish sauce|fishsauce,,staple; never wiped by produce counts
Pratik & Sakshi,Pratik & Sakshi,69,Culinary Chinese rice wine,Pantry,bottle,culinary chinese rice wine,culinary chinese rice wine|culinarychinesericewine,bran|chutney|flakes|flour|ketchup|masala|noodle|oil|paper|paste|pickle|poha|powder|puffed|sauce|syrup|vinegar,staple; never wiped by produce counts
Pratik & Sakshi,Pratik & Sakshi,70,Soy sauce,Pantry,ml,soy sauce,soy sauce|soysauce,,staple; never wiped by produce counts
Pratik & Sakshi,Pratik & Sakshi,71,Tomato ketchup (Kissan),Pantry,g,tomato ketchup,tomato ketchup|tomatoketchup,cherry|hybrid|pasta|paste|puree|soup|sun,staple; never wiped by produce counts; pool MoH<10
Pratik & Sakshi,Pratik & Sakshi,72,Synthetic vinegar,Pantry,ml,synthetic vinegar,synthetic vinegar|syntheticvinegar,chutney|ketchup|masala|oil|paste|pickle|powder|sauce|syrup,staple; never wiped by produce counts
Pratik & Sakshi,Pratik & Sakshi,73,Maple syrup,Pantry,bottle,maple syrup,maple syrup|maplesyrup,fresh|raw,staple; never wiped by produce counts
Pratik & Sakshi,Pratik & Sakshi,74,Corn syrup,Staple,g,corn syrup,corn syrup|cornsyrup,fresh|raw,staple; never wiped by produce counts
Pratik & Sakshi,Pratik & Sakshi,75,Vanilla extract,Staple,g,vanilla extract,vanilla extract|vanillaextract,chutney|ketchup|masala|oil|paste|pickle|powder|sauce|syrup,staple; never wiped by produce counts
Pratik & Sakshi,Pratik & Sakshi,76,Bourbon natural vanilla,Pantry,bottle,bourbon natural vanilla,bourbon natural vanilla|bourbonnaturalvanilla,chutney|ketchup|masala|oil|paste|pickle|powder|sauce|syrup,staple; never wiped by produce counts
Pratik & Sakshi,Pratik & Sakshi,77,Strawberry spread,Pantry,g,strawberry spread,strawberry spread|strawberryspread,chutney|ketchup|masala|oil|paste|pickle|powder|sauce|syrup,staple; never wiped by produce counts
Pratik & Sakshi,Pratik & Sakshi,78,Strawberry jam,Pantry,g,strawberry jam,strawberry jam|strawberryjam,chutney|ketchup|masala|oil|paste|pickle|powder|sauce|syrup,staple; never wiped by produce counts
Pratik & Sakshi,Pratik & Sakshi,79,Sundried tomatoes,Pantry,g,sundried tomatoes,sundried tomatoes|sundriedtomatoes,cherry|chutney|hybrid|ketchup|masala|oil|pasta|paste|pickle|powder|puree|sauce|soup|syrup,staple; never wiped by produce counts; pool MoH<10
Pratik & Sakshi,Pratik & Sakshi,80,Black olives,Pantry,g,black olives,black olives|blackolives,chutney|ketchup|masala|oil|paste|pickle|powder|sauce|syrup,staple; never wiped by produce counts
Pratik & Sakshi,Pratik & Sakshi,81,Green olives,Pantry,g,green olives,green olives|greenolives,chutney|ketchup|masala|oil|paste|pickle|powder|sauce|syrup,staple; never wiped by produce counts
Pratik & Sakshi,Pratik & Sakshi,82,Tahini paste (white),Pantry,g,tahini paste,tahini paste|tahinipaste,,staple; never wiped by produce counts
Pratik & Sakshi,Pratik & Sakshi,83,Hellmann mayonnaise,Pantry,g,hellmann mayonnaise,hellmann mayonnaise|hellmannmayonnaise,chutney|ketchup|masala|oil|paste|pickle|powder|sauce|syrup,staple; never wiped by produce counts
Pratik & Sakshi,Pratik & Sakshi,84,Chings Sriracha,Pantry,bottle,sriracha,asafoetida|sriracha,chutney|ketchup|masala|oil|paste|pickle|powder|sauce|syrup,staple; never wiped by produce counts
Pratik & Sakshi,Pratik & Sakshi,85,Garlic powder,Staple,g,garlic powder,garlic|garlic peeled|garlic powder|garlicpowder|peeled garlic,black garlic|bread|caper|chutney|mayo|miso|oil|paste|pickle|salt,staple; never wiped by produce counts
Pratik & Sakshi,Pratik & Sakshi,86,Almond milk (open),Pantry,ml,almond milk,almond milk|almondmilk,butter|chocolate|chutney|coconut|condensed|ketchup|masala|milkmaid|oat|oil|paste|pickle|powder|sauce|skyr|soy|syrup,staple; never wiped by produce counts
Pratik & Sakshi,Pratik & Sakshi,87,Almond milk (pack),Pantry,pack,almond milk,almond milk|almondmilk,butter|chocolate|chutney|coconut|condensed|ketchup|masala|milkmaid|oat|oil|paste|pickle|powder|sauce|skyr|soy|syrup,staple; never wiped by produce counts
Pratik & Sakshi,Pratik & Sakshi,88,Vanilla milkshake,Pantry,ml,vanilla milkshake,vanilla milkshake|vanillamilkshake,almond|butter|chocolate|chutney|coconut|condensed|ketchup|masala|milkmaid|oat|oil|paste|pickle|powder|sauce|skyr|soy|syrup,staple; never wiped by produce counts
Pratik & Sakshi,Pratik & Sakshi,89,Urban Platter coconut milk,Pantry,ml,coconut milk,coconut milk|coconutmilk,almond|aminos|butter|chocolate|chutney|condensed|ketchup|masala|milk powder|milkmaid|oat|oil|paste|pickle|powder|sauce|skyr|soy|sugar|syrup|vinegar|water,staple; never wiped by produce counts
Pratik & Sakshi,Pratik & Sakshi,90,Brown sugar,Staple,g,brown sugar,brown sugar|brownsugar,chutney|free|icing|ketchup|masala|oil|paste|pickle|powder|powdered|sauce|syrup,staple; never wiped by produce counts
Pratik & Sakshi,Pratik & Sakshi,91,Desi Khandsari sugar,Pantry,g,desi khandsari sugar,desi khandsari sugar|desikhandsarisugar,brown|chutney|free|icing|ketchup|masala|oil|paste|pickle|powder|powdered|sauce|syrup,staple; never wiped by produce counts
Pratik & Sakshi,Pratik & Sakshi,92,Sugar powder (open),Pantry,g,sugar powder,sugar powder|sugarpowder,brown|free|icing|powdered,staple; never wiped by produce counts
Pratik & Sakshi,Pratik & Sakshi,93,Jaggery powder,Pantry,g,jaggery powder,gud|gur|jaggery|jaggery powder|jaggerypowder,,staple; never wiped by produce counts
Pratik & Sakshi,Pratik & Sakshi,94,Cocoa powder,Staple,g,cocoa powder,cocoa powder|cocoapowder,,staple; never wiped by produce counts
Pratik & Sakshi,Pratik & Sakshi,95,Corn powder,Pantry,packet,corn powder,corn powder|cornpowder,,staple; never wiped by produce counts
Pratik & Sakshi,Pratik & Sakshi,96,Almond butter,Pantry,g,almond butter,almond butter|almondbutter,chutney|cocoa|fruit|ketchup|masala|milk|oil|paste|peanut|pickle|powder|sauce|scotch|syrup,staple; never wiped by produce counts
Pratik & Sakshi,Pratik & Sakshi,97,Pistachios,Staple,g,pistachios,pistachios,chutney|ketchup|masala|oil|paste|pickle|powder|sauce|syrup,staple; never wiped by produce counts
Pratik & Sakshi,Pratik & Sakshi,98,Cashews,Pantry,g,cashews,cashews,chutney|ketchup|masala|oil|paste|pickle|powder|sauce|syrup,staple; never wiped by produce counts
Pratik & Sakshi,Pratik & Sakshi,99,Chia seeds,Staple,g,chia seeds,chia seeds|chiaseeds,,staple; never wiped by produce counts
Pratik & Sakshi,Pratik & Sakshi,100,Pumpkin seeds,Staple,g,pumpkin seeds,pumpkin seeds|pumpkinseeds,,staple; never wiped by produce counts
Pratik & Sakshi,Pratik & Sakshi,101,Emmer wheat,Grains,g,emmer wheat,emmer wheat|emmerwheat,chutney|ketchup|masala|oil|paste|pickle|powder|sauce|syrup,staple; never wiped by produce counts
Pratik & Sakshi,Pratik & Sakshi,102,Bajra atta,Staple,g,bajra atta,aata|atta|bajra atta|bajraatta|chakki atta|wheat aata|wheat flour|whole wheat atta|whole wheat flour,besan|chutney|jowar|ketchup|maida|masala|noodle|oil|paste|patta|pickle|powder|ragi|sauce|syrup|tej patta,staple; never wiped by produce counts
Pratik & Sakshi,Pratik & Sakshi,103,Bajra daliya,Grains,g,bajra daliya,bajra daliya|bajradaliya,chutney|ketchup|masala|oil|paste|pickle|powder|sauce|syrup,staple; never wiped by produce counts
Pratik & Sakshi,Pratik & Sakshi,104,Sharbati atta,Grains,g,sharbati atta,aata|atta|chakki atta|sharbati atta|sharbatiatta|wheat aata|wheat flour|whole wheat atta|whole wheat flour,bajra|besan|chutney|jowar|ketchup|maida|masala|noodle|oil|paste|patta|pickle|powder|ragi|sauce|syrup|tej patta,staple; never wiped by produce counts
Pratik & Sakshi,Pratik & Sakshi,105,High protein atta,Staple,g,high protein atta,aata|atta|chakki atta|high protein atta|highproteinatta|wheat aata|wheat flour|whole wheat atta|whole wheat flour,bajra|besan|chutney|jowar|ketchup|maida|masala|noodle|oil|paste|patta|pickle|powder|ragi|sauce|syrup|tej patta,staple; never wiped by produce counts
Pratik & Sakshi,Pratik & Sakshi,106,Aashirwad atta,Grains,g,aashirwad atta,aashirwad atta|aashirwadatta|aata|atta|chakki atta|wheat aata|wheat flour|whole wheat atta|whole wheat flour,bajra|besan|chutney|jowar|ketchup|maida|masala|noodle|oil|paste|patta|pickle|powder|ragi|sauce|syrup|tej patta,staple; never wiped by produce counts
Pratik & Sakshi,Pratik & Sakshi,107,10 on 10 whole wheat atta,Grains,g,10 on 10 whole wheat atta,10 on 10 whole wheat atta|10on10wholewheatatta|aata|atta|chakki atta|wheat aata|wheat flour|whole wheat atta|whole wheat flour,bajra|besan|chutney|jowar|ketchup|maida|masala|noodle|oil|paste|patta|pickle|powder|ragi|sauce|syrup|tej patta,staple; never wiped by produce counts
Pratik & Sakshi,Pratik & Sakshi,108,Jowar flour,Grains,g,jowar flour,jowar flour|jowarflour,,staple; never wiped by produce counts
Pratik & Sakshi,Pratik & Sakshi,109,Barnyard millet,Grains,g,barnyard millet,barnyard millet|barnyardmillet,chutney|ketchup|masala|oil|paste|pickle|powder|sauce|syrup,staple; never wiped by produce counts
Pratik & Sakshi,Pratik & Sakshi,110,Foxtail millet,Staple,g,foxtail millet,foxtail millet|foxtailmillet,chutney|ketchup|masala|oil|paste|pickle|powder|sauce|syrup,staple; never wiped by produce counts
Pratik & Sakshi,Pratik & Sakshi,111,Basmati rice,Staple,g,basmati rice,basmati rice|basmatirice,bran|chutney|flakes|flour|ketchup|masala|noodle|oil|paper|paste|pickle|poha|powder|puffed|sauce|syrup|vinegar|wine,staple; never wiped by produce counts
Pratik & Sakshi,Pratik & Sakshi,112,Brown rice,Staple,g,brown rice,brown rice|brownrice,bran|chutney|flakes|flour|ketchup|masala|noodle|oil|paper|paste|pickle|poha|powder|puffed|sauce|syrup|vinegar|wine,staple; never wiped by produce counts
Pratik & Sakshi,Pratik & Sakshi,113,Brown rice (open),Grains,g,brown rice,brown rice|brownrice,bran|chutney|flakes|flour|ketchup|masala|noodle|oil|paper|paste|pickle|poha|powder|puffed|sauce|syrup|vinegar|wine,staple; never wiped by produce counts
Pratik & Sakshi,Pratik & Sakshi,114,Quaker oats,Staple,g,quaker oats,quaker oats|quakeroats,chutney|ketchup|masala|oil|paste|pickle|powder|sauce|syrup,staple; never wiped by produce counts
Pratik & Sakshi,Pratik & Sakshi,115,Poha,Grains,g,poha,beaten rice|flattened rice|poha,chutney|ketchup|masala|oil|paste|pickle|powder|sauce|syrup,staple; never wiped by produce counts
Pratik & Sakshi,Pratik & Sakshi,116,Suji (organic),Grains,g,suji,rava|semolina|sooji|suji,chutney|ketchup|masala|oil|paste|pickle|powder|sauce|syrup,staple; never wiped by produce counts
Pratik & Sakshi,Pratik & Sakshi,117,Quinoa (open),Grains,g,quinoa,quinoa,chutney|ketchup|masala|oil|paste|pickle|powder|sauce|syrup,staple; never wiped by produce counts
Pratik & Sakshi,Pratik & Sakshi,118,Sattu,Grains,g,sattu,sattu,chutney|ketchup|masala|oil|paste|pickle|powder|sauce|syrup,staple; never wiped by produce counts
Pratik & Sakshi,Pratik & Sakshi,119,Organic Sattu,Grains,g,sattu,sattu,chutney|ketchup|masala|oil|paste|pickle|powder|sauce|syrup,staple; never wiped by produce counts
Pratik & Sakshi,Pratik & Sakshi,120,Slurrp Farm Ragi,Grains,g,slurrp farm ragi,slurrp farm ragi|slurrpfarmragi,chutney|ketchup|masala|oil|paste|pickle|powder|sauce|syrup,staple; never wiped by produce counts
Pratik & Sakshi,Pratik & Sakshi,121,White rajma,Dals,g,white rajma,white rajma|whiterajma,chutney|ketchup|masala|oil|paste|pickle|powder|sauce|syrup,staple; never wiped by produce counts
Pratik & Sakshi,Pratik & Sakshi,122,White rajma (open),Dals,g,white rajma,white rajma|whiterajma,chutney|ketchup|masala|oil|paste|pickle|powder|sauce|syrup,staple; never wiped by produce counts
Pratik & Sakshi,Pratik & Sakshi,123,Chana dal,Dals,g,chana dal,chana dal|chanadal,chutney|ketchup|masala|oil|paste|pickle|powder|sauce|syrup,staple; never wiped by produce counts
Pratik & Sakshi,Pratik & Sakshi,124,Royal chana dal,Staple,g,royal chana dal,royal chana dal|royalchanadal,chutney|ketchup|masala|oil|paste|pickle|powder|sauce|syrup,staple; never wiped by produce counts
Pratik & Sakshi,Pratik & Sakshi,125,Organic Green Moong,Dals,g,green moong,green moong|greenmoong,chutney|ketchup|masala|oil|paste|pickle|powder|sauce|syrup,staple; never wiped by produce counts
Pratik & Sakshi,Pratik & Sakshi,126,Pro Nature Moong,Dals,g,moong,moong,chutney|ketchup|masala|oil|paste|pickle|powder|sauce|syrup,staple; never wiped by produce counts
Pratik & Sakshi,Pratik & Sakshi,127,Moong dal,Staple,g,moong dal,moong dal|moongdal,chutney|ketchup|masala|oil|paste|pickle|powder|sauce|syrup,staple; never wiped by produce counts
Pratik & Sakshi,Pratik & Sakshi,128,Open moong,Dals,g,moong,moong,chutney|ketchup|masala|oil|paste|pickle|powder|sauce|syrup,staple; never wiped by produce counts
Pratik & Sakshi,Pratik & Sakshi,129,Organic Arhar/Tur Dal,Dals,g,arhar tur dal,arhar tur dal|arharturdal,chutney|ketchup|masala|oil|paste|pickle|powder|sauce|syrup,staple; never wiped by produce counts
Pratik & Sakshi,Pratik & Sakshi,130,Masoor dal (open),Dals,g,masoor dal,masoor dal|masoordal,chutney|ketchup|masala|oil|paste|pickle|powder|sauce|syrup,staple; never wiped by produce counts
Pratik & Sakshi,Pratik & Sakshi,131,Urad black whole,Staple,g,urad black whole,urad black whole|uradblackwhole,chutney|ketchup|masala|oil|paste|pickle|powder|sauce|syrup,staple; never wiped by produce counts
Pratik & Sakshi,Pratik & Sakshi,132,Whole urad (open),Dals,g,whole urad,whole urad|wholeurad,chutney|ketchup|masala|oil|paste|pickle|powder|sauce|syrup,staple; never wiped by produce counts
Pratik & Sakshi,Pratik & Sakshi,133,Urad dal,Dals,g,urad dal,urad dal|uraddal,chutney|ketchup|masala|oil|paste|pickle|powder|sauce|syrup,staple; never wiped by produce counts
Pratik & Sakshi,Pratik & Sakshi,134,Organic Cowpea (white),Dals,g,cowpea,cowpea,chutney|ketchup|masala|oil|paste|pickle|powder|sauce|syrup,staple; never wiped by produce counts
Pratik & Sakshi,Pratik & Sakshi,135,Chickpeas (open),Dals,g,chickpeas,chickpea|chickpeas|chole|garbanzo|green peas|kabuli chana|matar|peas|white chana,chutney|dried|ketchup|masala|oil|paste|pickle|powder|protein|sauce|syrup|wasabi,staple; never wiped by produce counts
Pratik & Sakshi,Pratik & Sakshi,136,Chole,Dals,g,chole,chickpea|chickpeas|chole|garbanzo|kabuli chana|white chana,chutney|ketchup|masala|oil|paste|pickle|powder|sauce|syrup,staple; never wiped by produce counts; = kabuli chana = chickpea
Pratik & Sakshi,Pratik & Sakshi,137,Sabudana (open),Dals,g,sabudana,sabudana,chutney|ketchup|masala|oil|paste|pickle|powder|sauce|syrup,staple; never wiped by produce counts
Pratik & Sakshi,Pratik & Sakshi,138,Chaat masala,Staple,g,chaat masala,chaat masala|chaatmasala,,staple; never wiped by produce counts
Pratik & Sakshi,Pratik & Sakshi,139,Mustard (yellow),Spice,g,mustard,mustard|mustard seeds|rai|sarson,chutney|ketchup|masala|oil|paste|pickle|powder|sauce|syrup,staple; never wiped by produce counts
Pratik & Sakshi,Pratik & Sakshi,140,Tej patta,Spice,g,tej patta,bay leaf|bay leaves|chakki atta|tej patta|tejpatta|wheat aata|wheat flour|whole wheat atta|whole wheat flour,bajra|besan|chutney|jowar|ketchup|maida|masala|noodle|oil|paste|pickle|powder|ragi|sauce|syrup,staple; never wiped by produce counts [28-Aug: removed cross-item aliases that are a known fuzzy trap]
Pratik & Sakshi,Pratik & Sakshi,141,Tamarind,Staple,g,tamarind,tamarind,chutney|ketchup|masala|oil|paste|pickle|powder|sauce|syrup,staple; never wiped by produce counts
Pratik & Sakshi,Pratik & Sakshi,142,Coriander powder (Double Parrot),Spice,g,coriander powder,cilantro|coriander|coriander leaves|coriander powder|corianderpowder|dhania,seeds|leaves|fresh|whole|sabut,CONFUSABLE FAMILY (coriander powder) — never match to the other forms of this ingredient
Pratik & Sakshi,Pratik & Sakshi,143,Coriander powder (MTR),Spice,g,coriander powder,cilantro|coriander|coriander leaves|coriander powder|corianderpowder|dhania,seeds|leaves|fresh|whole|sabut,CONFUSABLE FAMILY (coriander powder) — never match to the other forms of this ingredient
Pratik & Sakshi,Pratik & Sakshi,144,Turmeric powder,Spice,g,turmeric powder,haldi|turmeric|turmeric powder|turmericpowder,,staple; never wiped by produce counts
Pratik & Sakshi,Pratik & Sakshi,145,MTR Kashmiri chilli powder,Spice,g,kashmiri chilli powder,chilli|chilly|kashmiri chilli powder|kashmirichillipowder|mirch|mirchi,crisp|flakes|oil|paste|sauce|vinegar,staple; never wiped by produce counts
Pratik & Sakshi,Pratik & Sakshi,146,Black pepper (whole),Spice,g,black pepper,black pepper|blackpepper,chutney|ketchup|masala|oil|paste|pickle|powder|sauce|syrup,staple; never wiped by produce counts
Pratik & Sakshi,Pratik & Sakshi,147,Dried red chilli,Spice,g,dried red chilli,chilli|chilly|dried red chilli|driedredchilli|mirch|mirchi,chutney|crisp|flakes|ketchup|masala|oil|paste|pickle|powder|sauce|syrup|vinegar,staple; never wiped by produce counts
Pratik & Sakshi,Pratik & Sakshi,148,Red chilli powder,Spice,g,red chilli powder,chilli|chilly|mirch|mirchi|red chilli powder|redchillipowder,crisp|flakes|oil|paste|sauce|vinegar,staple; never wiped by produce counts
Pratik & Sakshi,Pratik & Sakshi,149,White sesame seeds,Staple,g,white sesame seeds,sesame|til|white sesame seeds|whitesesameseeds,,staple; never wiped by produce counts
Pratik & Sakshi,Pratik & Sakshi,150,Borges penne pasta,Grains,g,penne pasta,penne pasta|pennepasta,chutney|ketchup|masala|oil|paste|pickle|powder|sauce|syrup,staple; never wiped by produce counts
Pratik & Sakshi,Pratik & Sakshi,151,Milk bread,Grains,slice,milk bread,milk bread|milkbread,almond|butter|chocolate|chutney|coconut|condensed|ketchup|masala|milkmaid|oat|oil|paste|pickle|powder|sauce|skyr|soy|syrup,staple; never wiped by produce counts
Pratik & Sakshi,Pratik & Sakshi,152,Bread crisps,Staple,pack,bread crisps,bread crisps|breadcrisps,chutney|ketchup|masala|oil|paste|pickle|powder|sauce|syrup,staple; never wiped by produce counts
Pratik & Sakshi,Pratik & Sakshi,153,Food colours (Blue/Yellow/Green),Misc,bottle,food colours,food colours|foodcolours,chutney|ketchup|masala|oil|paste|pickle|powder|sauce|syrup,
Pratik & Sakshi,Pratik & Sakshi,193,Green chilli,Vegetable,g,green chilli,chilli|chilly|green chilli|greenchilli|mirch|mirchi,chutney|crisp|flakes|ketchup|masala|oil|paste|pickle|powder|sauce|syrup|vinegar,perishable; MoH fresh<5
Pratik & Sakshi,Pratik & Sakshi,194,Thai guava,Fruit,g,thai guava,thai guava|thaiguava,chutney|ketchup|masala|oil|paste|pickle|powder|sauce|syrup,perishable; MoH fresh<5
Pratik & Sakshi,Pratik & Sakshi,195,Milk (Heritage),Dairy,ml,milk,milk|milky mist skyr|skyr,almond|butter|chocolate|chutney|coconut|condensed|ketchup|masala|milkmaid|oat|oil|paste|pickle|powder|sauce|skyr|soy|syrup,perishable
Pratik & Sakshi,Pratik & Sakshi,196,Cauliflower,Vegetable,pc,cauliflower,cauliflower|gobhi|gobi|phool gobhi,chutney|ketchup|masala|oil|paste|pickle|powder|sauce|syrup,perishable; MoH fresh<5
Pratik & Sakshi,Pratik & Sakshi,197,Flax seeds,Staple,g,flax seeds,flax seeds|flaxseeds,,staple; never wiped by produce counts
Pratik & Sakshi,Pratik & Sakshi,198,Sunflower seeds,Staple,g,sunflower seeds,sunflower seeds|sunflowerseeds,,staple; never wiped by produce counts
Pratik & Sakshi,Pratik & Sakshi,199,White label sugar,Pantry,g,white label sugar,white label sugar|whitelabelsugar,brown|chutney|free|icing|ketchup|masala|oil|paste|pickle|powder|powdered|sauce|syrup,staple; never wiped by produce counts
Pratik & Sakshi,Pratik & Sakshi,200,Suji (rava),Grains & pantry,g,suji,rava|semolina|sooji|suji,chutney|ketchup|masala|oil|paste|pickle|powder|sauce|syrup,staple; never wiped by produce counts
Pratik & Sakshi,Pratik & Sakshi,201,Jeera (cumin),Spices,g,jeera,cumin|jeera,chutney|ketchup|masala|oil|paste|pickle|powder|sauce|syrup,
Pratik & Sakshi,Pratik & Sakshi,202,Maida,Staple,g,maida,all purpose flour|maida|refined flour,chutney|ketchup|masala|oil|paste|pickle|powder|sauce|syrup,staple; never wiped by produce counts
Pratik & Sakshi,Pratik & Sakshi,203,Gobbleright quinoa beetroot,Grains & pantry,packet,quinoa beetroot,quinoa beetroot|quinoabeetroot,chutney|ketchup|masala|oil|paste|pickle|powder|sauce|syrup,staple; never wiped by produce counts
Pratik & Sakshi,Pratik & Sakshi,204,Gobbleright spinach quinoa,Grains & pantry,packet,spinach quinoa,palak|spinach|spinach quinoa|spinachquinoa,chutney|ketchup|masala|oil|paste|pickle|powder|sauce|syrup,staple; never wiped by produce counts
Pratik & Sakshi,Pratik & Sakshi,205,Dates,Nuts & seeds,g,dates,dates,chutney|ketchup|masala|oil|paste|pickle|powder|sauce|syrup,
Pratik & Sakshi,Pratik & Sakshi,206,Protein powder,Staple,g,protein powder,protein powder|proteinpowder,,staple; never wiped by produce counts
Pratik & Sakshi,Pratik & Sakshi,207,Beetroot,FnV,g,beetroot,beetroot,chutney|ketchup|masala|oil|paste|pickle|powder|sauce|syrup,
Pratik & Sakshi,Pratik & Sakshi,208,Cheese slices,Dairy,g,cheese slices,cheese slices|cheeseslices,ball|chutney|ketchup|masala|oil|paste|pickle|powder|sauce|slice (sep)|syrup,perishable
Pratik & Sakshi,Pratik & Sakshi,209,Tofu (soft),Dairy,g,tofu,tofu,chutney|ketchup|masala|oil|paneer|paste|pickle|powder|sauce|syrup,perishable
Pratik & Sakshi,Pratik & Sakshi,210,Yelakki banana,FnV,g,yelakki banana,yelakki banana|yelakkibanana,chips|chutney|flour|ketchup|masala|oil|paste|pickle|powder|sauce|syrup,
Pratik & Sakshi,Pratik & Sakshi,211,Mango,Fruit,pc,mango,mango,chutney|ketchup|masala|oil|paste|pickle|powder|sauce|syrup,perishable; MoH fresh<5
Pratik & Sakshi,Pratik & Sakshi,212,Skyr,Dairy,g,skyr,milky mist skyr|skyr,chutney|ketchup|masala|oil|paste|pickle|powder|sauce|syrup,perishable
Pratik & Sakshi,Pratik & Sakshi,213,Paneer (Akshayakalpa),Meat,g,paneer,paneer,chutney|ketchup|masala|oil|paste|pickle|powder|sauce|syrup|tofu,perishable
Pratik & Sakshi,Pratik & Sakshi,214,Soft tofu,Meat,g,soft tofu,soft tofu|softtofu,chutney|ketchup|masala|oil|paneer|paste|pickle|powder|sauce|syrup,perishable
Pratik & Sakshi,Pratik & Sakshi,215,Sourdough bread,Bread & bakery,loaf,sourdough bread,sourdough bread|sourdoughbread,chutney|ketchup|masala|oil|paste|pickle|powder|sauce|syrup,perishable
Pratik & Sakshi,Pratik & Sakshi,216,Pink guava,Fruit,g,pink guava,pink guava|pinkguava,chutney|ketchup|masala|oil|paste|pickle|powder|sauce|syrup,perishable; MoH fresh<5
Pratik & Sakshi,Pratik & Sakshi,217,Zero maida bread,Bread & bakery,pack,zero maida bread,all purpose flour|maida|refined flour|zero maida bread|zeromaidabread,chutney|ketchup|masala|oil|paste|pickle|powder|sauce|syrup,perishable
Pratik & Sakshi,Pratik & Sakshi,218,Hard tofu,Meat,g,hard tofu,hard tofu|hardtofu,chutney|ketchup|masala|oil|paneer|paste|pickle|powder|sauce|syrup,perishable
Pratik & Sakshi,Pratik & Sakshi,219,Homemade paneer,Meat,g,homemade paneer,homemade paneer|homemadepaneer,chutney|ketchup|masala|oil|paste|pickle|powder|sauce|syrup|tofu,perishable
Pratik & Sakshi,Pratik & Sakshi,220,Eggplant,Vegetable,g,eggplant,aubergine|baingan|brinjal|eggplant,chutney|ketchup|less|masala|noodle|oil|paste|pickle|powder|sauce|syrup|white (sep),perishable; MoH fresh<5
Pratik & Sakshi,Pratik & Sakshi,221,Muskmelon,Fruit,pc,muskmelon,muskmelon,chutney|ketchup|masala|oil|paste|pickle|powder|sauce|syrup,perishable; MoH fresh<5
Pratik & Sakshi,Pratik & Sakshi,222,Beans,Vegetable,g,beans,beans,black bean sauce|chutney|coffee|ketchup|masala|moong|oil|paste|pickle|powder|rajma|sauce|syrup|vanilla,perishable; MoH fresh<5
Pratik & Sakshi,Pratik & Sakshi,223,Besan (DeHaat),Grains & pantry,g,besan,besan|chana flour|chickpea flour|gram flour,chutney|ketchup|masala|oil|paste|pickle|powder|sauce|syrup,staple; never wiped by produce counts
Pratik & Sakshi,Pratik & Sakshi,224,Dill leaves,Vegetable,g,dill leaves,dill leaves|dillleaves,chutney|ketchup|masala|oil|paste|pickle|powder|sauce|syrup,perishable; MoH fresh<5
Pratik & Sakshi,Pratik & Sakshi,225,Blackberry,Fruit,g,blackberry,blackberry,chutney|ketchup|masala|oil|paste|pickle|powder|sauce|syrup,perishable; MoH fresh<5
Pratik & Sakshi,Pratik & Sakshi,226,Strawberry,Fruit,g,strawberry,strawberry,chutney|ketchup|masala|oil|paste|pickle|powder|sauce|syrup,perishable; MoH fresh<5
Pratik & Sakshi,Pratik & Sakshi,227,Bhaji mirch,FnV,g,bhaji mirch,bhaji mirch|bhajimirch|chilli|chilly|mirch|mirchi,chutney|ketchup|masala|oil|paste|pickle|powder|sauce|syrup,
Pratik & Sakshi,Pratik & Sakshi,228,Raisins,Pantry,g,raisins,mustard seeds|rai|raisins|sarson,chutney|ketchup|masala|oil|paste|pickle|powder|sauce|syrup,staple; never wiped by produce counts
Pratik & Sakshi,Pratik & Sakshi,229,Black raisins,Staple,g,black raisins,black raisins|blackraisins|mustard seeds|rai|sarson,chutney|ketchup|masala|oil|paste|pickle|powder|sauce|syrup,staple; never wiped by produce counts
Pratik & Sakshi,Pratik & Sakshi,230,Jowar atta,Staple,g,jowar atta,aata|atta|chakki atta|jowar atta|jowaratta|wheat aata|wheat flour|whole wheat atta|whole wheat flour,bajra|besan|chutney|ketchup|maida|masala|noodle|oil|paste|patta|pickle|powder|ragi|sauce|syrup|tej patta,staple; never wiped by produce counts
Pratik & Sakshi,Pratik & Sakshi,231,Asparagus,Vegetable,g,asparagus,asparagus,chutney|ketchup|masala|oil|paste|pickle|powder|sauce|syrup,perishable; MoH fresh<5
Pratik & Sakshi,Pratik & Sakshi,232,Broccoli,Vegetable,g,broccoli,broccoli,chutney|ketchup|masala|oil|paste|pickle|powder|sauce|syrup,perishable; MoH fresh<5
Pratik & Sakshi,Pratik & Sakshi,233,Bottle gourd,Vegetable,pc,bottle gourd,bottle gourd|bottlegourd|dudhi|ghiya|lauki,chutney|ketchup|masala|oil|paste|pickle|powder|sauce|syrup,perishable; MoH fresh<5
Pratik & Sakshi,Pratik & Sakshi,234,Sambar cucumber,FnV,g,sambar cucumber,cucumber|english cucumber|kheera|sambar cucumber|sambarcucumber,chutney|ketchup|masala|oil|paste|pickle|powder|sauce|syrup,types pooled
Pratik & Sakshi,Pratik & Sakshi,235,Chole masala,Staple,g,chole masala,chickpea|chickpeas|chole|chole masala|cholemasala|garbanzo|kabuli chana|white chana,,staple; never wiped by produce counts; = kabuli chana = chickpea
Pratik & Sakshi,Pratik & Sakshi,236,Pav bhaji masala,Staple,g,pav bhaji masala,pav bhaji masala|pavbhajimasala,,staple; never wiped by produce counts
Pratik & Sakshi,Pratik & Sakshi,237,Korma masala,Staple,g,korma masala,korma masala|kormamasala,,staple; never wiped by produce counts
Pratik & Sakshi,Pratik & Sakshi,238,Tender coconut (chopped),FnV,pc,tender coconut,tender coconut|tendercoconut,aminos|chutney|ketchup|masala|milk powder|oil|paste|pickle|powder|sauce|sugar|syrup|vinegar|water,
Pratik & Sakshi,Pratik & Sakshi,239,Litchi,Fruit,g,litchi,litchi,chutney|ketchup|masala|oil|paste|pickle|powder|sauce|syrup,perishable; MoH fresh<5
Pratik & Sakshi,Pratik & Sakshi,240,Rosemary,Vegetable,g,rosemary,rosemary,chutney|ketchup|masala|oil|paste|pickle|powder|sauce|syrup,perishable; MoH fresh<5
Pratik & Sakshi,Pratik & Sakshi,241,Lauki (bottle gourd),Vegetable,g,lauki,bottle gourd|dudhi|ghiya|lauki,chutney|ketchup|masala|oil|paste|pickle|powder|sauce|syrup,perishable; MoH fresh<5
Pratik & Sakshi,Pratik & Sakshi,242,Dry coconut,Vegetable,pc,dry coconut,dry coconut|drycoconut,aminos|chutney|ketchup|masala|milk powder|oil|paste|pickle|powder|sauce|sugar|syrup|vinegar|water,perishable; MoH fresh<5
Pratik & Sakshi,Pratik & Sakshi,243,Fresh methi,Vegetable,g,methi,fenugreek|fenugreek leaves|methi|methi leaves,kasuri|kasoori|seeds|dana|powder|dried,CONFUSABLE FAMILY (methi leaves) — never match to the other forms of this ingredient
Pratik & Sakshi,Pratik & Sakshi,244,Garam masala,Spice,g,garam masala,garam masala|garammasala,,staple; never wiped by produce counts
Pratik & Sakshi,Pratik & Sakshi,245,Milky Mist skyr,Vegetable,pc,skyr,milky mist skyr|skyr,chutney|ketchup|masala|oil|paste|pickle|powder|sauce|syrup,perishable; MoH fresh<5
Pratik & Sakshi,Pratik & Sakshi,246,Longan (imported),Fruit,g,longan,longan,chutney|ketchup|masala|oil|paste|pickle|powder|sauce|syrup,perishable; MoH fresh<5
Pratik & Sakshi,Pratik & Sakshi,247,Natural yogurt,Dairy,pc,natural yogurt,curd|dahi|jaggery|natural yogurt|naturalyogurt|yoghurt|yogurt,chutney|greek|ketchup|masala|oil|paste|pickle|powder|sauce|syrup,perishable [28-Aug: removed cross-item aliases that are a known fuzzy trap]
Pratik & Sakshi,Pratik & Sakshi,248,Wheat bread,Dairy,slice,wheat bread,wheat bread|wheatbread,chutney|ketchup|masala|oil|paste|pickle|powder|sauce|syrup,perishable
Pratik & Sakshi,Pratik & Sakshi,249,White chana,Staple,g,white chana,chickpea|chickpeas|chole|garbanzo|kabuli chana|white chana|whitechana,chutney|ketchup|masala|oil|paste|pickle|powder|sauce|syrup,staple; never wiped by produce counts
Pratik & Sakshi,Pratik & Sakshi,250,Cherry tomato,Vegetable,g,cherry tomato,cherry tomato|cherrytomato,chutney|hybrid|ketchup|masala|oil|pasta|paste|pickle|powder|puree|sauce|soup|sun|syrup,perishable; MoH fresh<5; pool MoH<10
Pratik & Sakshi,Pratik & Sakshi,251,Thyme,Vegetable,g,thyme,thyme,chutney|ketchup|masala|oil|paste|pickle|powder|sauce|syrup,perishable; MoH fresh<5
Pratik & Sakshi,Pratik & Sakshi,252,Watermelon (cut),Fruit,pc,watermelon,watermelon,chutney|ketchup|masala|oil|paste|pickle|powder|sauce|syrup,perishable; MoH fresh<5
Pratik & Sakshi,Pratik & Sakshi,253,Rocket leaves,Vegetable,g,rocket leaves,rocket leaves|rocketleaves,chutney|ketchup|masala|oil|paste|pickle|powder|sauce|syrup,perishable; MoH fresh<5
Pratik & Sakshi,Pratik & Sakshi,254,Salt,Staple,g,salt,salt,chutney|ketchup|masala|oil|paste|pickle|powder|sauce|syrup,staple; never wiped by produce counts
Pratik & Sakshi,Pratik & Sakshi,255,Hing,Staple,g,hing,asafoetida|hing,chutney|ketchup|masala|oil|paste|pickle|powder|sauce|syrup,staple; never wiped by produce counts
Pratik & Sakshi,Pratik & Sakshi,256,Ajwain,Staple,g,ajwain,ajwain,chutney|ketchup|masala|oil|paste|pickle|powder|sauce|syrup,staple; never wiped by produce counts
Pratik & Sakshi,Pratik & Sakshi,257,Amchur,Staple,g,amchur,amchur,chutney|ketchup|masala|oil|paste|pickle|powder|sauce|syrup,staple; never wiped by produce counts
Pratik & Sakshi,Pratik & Sakshi,258,Peanuts,Staple,pack,peanuts,peanuts,chutney|ketchup|masala|oil|paste|pickle|powder|sauce|syrup,staple; never wiped by produce counts
Pratik & Sakshi,Pratik & Sakshi,259,Black salt,Staple,g,black salt,black salt|blacksalt,chutney|ketchup|masala|oil|paste|pickle|powder|sauce|syrup,staple; never wiped by produce counts
Pratik & Sakshi,Pratik & Sakshi,260,Pumpkin,Vegetable,pc,pumpkin,pumpkin,chutney|ketchup|masala|oil|paste|pickle|powder|sauce|syrup,perishable; MoH fresh<5
Pratik & Sakshi,Pratik & Sakshi,261,Papaya,Fruit,pc,papaya,papaya,chutney|ketchup|masala|oil|paste|pickle|powder|sauce|syrup,perishable; MoH fresh<5
Pratik & Sakshi,Pratik & Sakshi,262,Banana (Yelakki),Fruit,g,banana,banana,chips|chutney|flour|ketchup|masala|oil|paste|pickle|powder|sauce|syrup,perishable; MoH fresh<5
Pratik & Sakshi,Pratik & Sakshi,263,Frozen sweet corn,Frozen,g,sweet corn,corn kernels|sweet corn|sweetcorn,chutney|ketchup|masala|oil|paste|pickle|powder|sauce|syrup,perishable
Pratik & Sakshi,Pratik & Sakshi,264,Frozen peas (Sapal Mudra),Frozen,g,peas,chickpea|chickpeas|chole|garbanzo|green peas|kabuli chana|matar|peas|white chana,chutney|dried|ketchup|masala|oil|paste|pickle|powder|protein|sauce|syrup|wasabi,perishable
Pratik & Sakshi,Pratik & Sakshi,265,Bay leaf (tejpatta),Staple,g,bay leaf,bay leaf|bayleaf|tej patta,chutney|ketchup|masala|oil|paste|pickle|powder|sauce|syrup,staple; never wiped by produce counts
Pratik & Sakshi,Pratik & Sakshi,266,Honey,Staple,g,honey,honey,chutney|ketchup|masala|oil|paste|pickle|powder|sauce|syrup,staple; never wiped by produce counts
Pratik & Sakshi,Pratik & Sakshi,267,Wild forest honey,Staple,g,wild forest honey,wild forest honey|wildforesthoney,chutney|ketchup|masala|oil|paste|pickle|powder|sauce|syrup,staple; never wiped by produce counts
Pratik & Sakshi,Pratik & Sakshi,268,Himalayan multiflora honey,Staple,g,himalayan multiflora honey,himalayan multiflora honey|himalayanmultiflorahoney,chutney|ketchup|masala|oil|paste|pickle|powder|sauce|syrup,staple; never wiped by produce counts
Pratik & Sakshi,Pratik & Sakshi,269,Strawberry fruit spread,Staple,g,strawberry fruit spread,strawberry fruit spread|strawberryfruitspread,chutney|ketchup|masala|oil|paste|pickle|powder|sauce|syrup,staple; never wiped by produce counts
Pratik & Sakshi,Pratik & Sakshi,270,Apple cider vinegar,Staple,ml,apple cider vinegar,apple cider vinegar|applecidervinegar,chutney|custard|green apple|ketchup|masala|oil|paste|pickle|pine|powder|sauce|syrup,staple; never wiped by produce counts
Pratik & Sakshi,Pratik & Sakshi,271,Crunchy chili garlic oil,Staple,g,crunchy chili garlic oil,crunchy chili garlic oil|crunchychiligarlicoil|garlic|garlic peeled|peeled garlic,black garlic|bread|caper|chutney|essential|mayo|miso|paste|pickle|powder|salt,staple; never wiped by produce counts
Pratik & Sakshi,Pratik & Sakshi,272,Saffola cold-pressed groundnut oil,Staple,g,saffola cold pressed groundnut oil,saffola cold pressed groundnut oil|saffolacoldpressedgroundnutoil,essential,staple; never wiped by produce counts
Pratik & Sakshi,Pratik & Sakshi,273,Coconut milk (Urban Platter),Staple,g,coconut milk,coconut milk|coconutmilk,almond|aminos|butter|chocolate|chutney|condensed|ketchup|masala|milk powder|milkmaid|oat|oil|paste|pickle|powder|sauce|skyr|soy|sugar|syrup|vinegar|water,staple; never wiped by produce counts
Pratik & Sakshi,Pratik & Sakshi,274,Premium dark soy sauce,Staple,ml,premium dark soy sauce,premium dark soy sauce|premiumdarksoysauce,,staple; never wiped by produce counts
Pratik & Sakshi,Pratik & Sakshi,275,Chinese rice wine,Staple,ml,chinese rice wine,chinese rice wine|chinesericewine,bran|chutney|flakes|flour|ketchup|masala|noodle|oil|paper|paste|pickle|poha|powder|puffed|sauce|syrup|vinegar,staple; never wiped by produce counts
Pratik & Sakshi,Pratik & Sakshi,276,Coconut aminos umami sauce,Staple,ml,coconut aminos umami sauce,coconut aminos umami sauce|coconutaminosumamisauce,milk powder|oil|sugar|vinegar|water,staple; never wiped by produce counts
Pratik & Sakshi,Pratik & Sakshi,277,Sriracha,Staple,g,sriracha,sriracha,chutney|ketchup|masala|oil|paste|pickle|powder|sauce|syrup,staple; never wiped by produce counts
Pratik & Sakshi,Pratik & Sakshi,278,Hellmann's mayonnaise,Staple,g,hellmann s mayonnaise,hellmann s mayonnaise|hellmannsmayonnaise,chutney|ketchup|masala|oil|paste|pickle|powder|sauce|syrup,staple; never wiped by produce counts
Pratik & Sakshi,Pratik & Sakshi,279,Mustard sauce,Staple,g,mustard sauce,mustard sauce|mustardsauce,,staple; never wiped by produce counts
Pratik & Sakshi,Pratik & Sakshi,280,Chocolate protein powder,Staple,g,chocolate protein powder,chocolate protein powder|chocolateproteinpowder,fresh|raw,staple; never wiped by produce counts
Pratik & Sakshi,Pratik & Sakshi,281,Whole Truth Double Cocoa (juniors),Staple,g,whole truth double cocoa,whole truth double cocoa|wholetruthdoublecocoa,chutney|ketchup|masala|oil|paste|pickle|powder|sauce|syrup,staple; never wiped by produce counts
Pratik & Sakshi,Pratik & Sakshi,282,Kids power shake,Staple,g,kids power shake,kids power shake|kidspowershake,chutney|ketchup|masala|oil|paste|pickle|powder|sauce|syrup,staple; never wiped by produce counts
Pratik & Sakshi,Pratik & Sakshi,283,Drinking chocolate,Staple,g,drinking chocolate,drinking chocolate|drinkingchocolate,chutney|fresh|ketchup|masala|oil|paste|pickle|powder|raw|sauce|syrup,staple; never wiped by produce counts
Pratik & Sakshi,Pratik & Sakshi,284,Sofit almond milk,Staple,ml,almond milk,almond milk|almondmilk,butter|chocolate|chutney|coconut|condensed|ketchup|masala|milkmaid|oat|oil|paste|pickle|powder|sauce|skyr|soy|syrup,staple; never wiped by produce counts
Pratik & Sakshi,Pratik & Sakshi,285,Athena Greek yogurt,Dairy,tub,athena greek yogurt,athena greek yogurt|athenagreekyogurt|curd|dahi|jaggery|yoghurt|yogurt,chutney|curd (plain)|ketchup|masala|oil|paste|pickle|powder|sauce|syrup,perishable [28-Aug: removed cross-item aliases that are a known fuzzy trap]
Pratik & Sakshi,Pratik & Sakshi,286,Akshayakalpa ghee,Staple,ml,ghee,ghee,chutney|ketchup|masala|oil|paste|pickle|powder|sauce|syrup,staple; never wiped by produce counts; ALWAYS keep on board; always-keep; not part of produce counts
Pratik & Sakshi,Pratik & Sakshi,287,Oregano seasoning,Staple,g,oregano seasoning,oregano seasoning|oreganoseasoning,chutney|ketchup|masala|oil|paste|pickle|powder|sauce|syrup,staple; never wiped by produce counts
Pratik & Sakshi,Pratik & Sakshi,288,Sumac powder,Staple,g,sumac powder,sumac powder|sumacpowder,,staple; never wiped by produce counts
Pratik & Sakshi,Pratik & Sakshi,289,Zaatar seasoning,Staple,g,zaatar seasoning,aata|atta|chakki atta|wheat aata|wheat flour|whole wheat atta|whole wheat flour|zaatar seasoning|zaatarseasoning,chutney|ketchup|masala|oil|paste|pickle|powder|sauce|syrup,staple; never wiped by produce counts
Pratik & Sakshi,Pratik & Sakshi,290,Smoked paprika,Staple,g,smoked paprika,smoked paprika|smokedpaprika,chutney|ketchup|masala|oil|paste|pickle|powder|sauce|syrup,staple; never wiped by produce counts
Pratik & Sakshi,Pratik & Sakshi,291,Sweet paprika,Staple,g,sweet paprika,sweet paprika|sweetpaprika,chutney|ketchup|masala|oil|paste|pickle|powder|sauce|syrup,staple; never wiped by produce counts
Pratik & Sakshi,Pratik & Sakshi,292,Urfa chili flakes,Staple,g,urfa chili flakes,urfa chili flakes|urfachiliflakes,chutney|ketchup|masala|oil|paste|pickle|powder|sauce|syrup,staple; never wiped by produce counts
Pratik & Sakshi,Pratik & Sakshi,293,Chili flakes,Staple,g,chili flakes,chili flakes|chiliflakes,chutney|ketchup|masala|oil|paste|pickle|powder|sauce|syrup,staple; never wiped by produce counts
Pratik & Sakshi,Pratik & Sakshi,294,Cardamom powder,Staple,g,cardamom powder,cardamom|cardamom powder|cardamompowder|elaichi,,staple; never wiped by produce counts
Pratik & Sakshi,Pratik & Sakshi,295,Cinnamon powder,Staple,g,cinnamon powder,cinnamon powder|cinnamonpowder,,staple; never wiped by produce counts
Pratik & Sakshi,Pratik & Sakshi,296,Cloves,Staple,g,cloves,clove|cloves|laung,chutney|ketchup|masala|oil|paste|pickle|powder|sauce|syrup,staple; never wiped by produce counts
Pratik & Sakshi,Pratik & Sakshi,297,Whole black pepper,Staple,g,whole black pepper,whole black pepper|wholeblackpepper,chutney|ketchup|masala|oil|paste|pickle|powder|sauce|syrup,staple; never wiped by produce counts
Pratik & Sakshi,Pratik & Sakshi,298,Hing powder,Staple,g,hing powder,hing powder|hingpowder,,staple; never wiped by produce counts
Pratik & Sakshi,Pratik & Sakshi,299,Kalonji,Staple,g,kalonji,kalonji|nigella,chutney|ketchup|masala|oil|paste|pickle|powder|sauce|syrup,staple; never wiped by produce counts
Pratik & Sakshi,Pratik & Sakshi,300,Coriander powder,Staple,g,coriander powder,cilantro|coriander|coriander leaves|coriander powder|corianderpowder|dhania,seeds|leaves|fresh|whole|sabut,CONFUSABLE FAMILY (coriander powder) — never match to the other forms of this ingredient
Pratik & Sakshi,Pratik & Sakshi,301,Coriander powder (Prakriti),Staple,g,coriander powder,cilantro|coriander|coriander leaves|coriander powder|corianderpowder|dhania,seeds|leaves|fresh|whole|sabut,CONFUSABLE FAMILY (coriander powder) — never match to the other forms of this ingredient
Pratik & Sakshi,Pratik & Sakshi,302,Everest garam masala,Staple,g,garam masala,garam masala|garammasala,,staple; never wiped by produce counts
Pratik & Sakshi,Pratik & Sakshi,303,Amchur powder,Staple,g,amchur powder,amchur powder|amchurpowder|dry mango powder,,staple; never wiped by produce counts
Pratik & Sakshi,Pratik & Sakshi,304,Mustard seeds (yellow),Staple,g,mustard seeds,mustard seeds|mustardseeds|rai|sarson,,staple; never wiped by produce counts
Pratik & Sakshi,Pratik & Sakshi,305,Farm Organic Cinnamon Latte,Staple,g,farm cinnamon latte,farm cinnamon latte|farmcinnamonlatte,chutney|ketchup|masala|oil|paste|pickle|powder|sauce|syrup,staple; never wiped by produce counts
Pratik & Sakshi,Pratik & Sakshi,306,Farm Organic Turmeric Latte,Staple,g,farm turmeric latte,farm turmeric latte|farmturmericlatte|haldi|turmeric,chutney|ketchup|masala|oil|paste|pickle|powder|sauce|syrup,staple; never wiped by produce counts
Pratik & Sakshi,Pratik & Sakshi,307,Farm Organic Clove Whole,Staple,g,farm clove whole,clove|farm clove whole|farmclovewhole|laung,chutney|ketchup|masala|oil|paste|pickle|powder|sauce|syrup,staple; never wiped by produce counts
Pratik & Sakshi,Pratik & Sakshi,308,Farm Organic Curry Masala,Staple,g,farm curry masala,farm curry masala|farmcurrymasala,,staple; never wiped by produce counts
Pratik & Sakshi,Pratik & Sakshi,309,Baking soda,Staple,g,baking soda,baking soda|bakingsoda,chutney|fresh|ketchup|masala|oil|paste|pickle|powder|raw|sauce|syrup,staple; never wiped by produce counts
Pratik & Sakshi,Pratik & Sakshi,310,Baking powder,Staple,g,baking powder,baking powder|bakingpowder,,staple; never wiped by produce counts
Pratik & Sakshi,Pratik & Sakshi,311,Corn flour,Staple,g,corn flour,corn flour|cornflour,,staple; never wiped by produce counts
Pratik & Sakshi,Pratik & Sakshi,312,Custard powder,Staple,g,custard powder,custard powder|custardpowder,,staple; never wiped by produce counts
Pratik & Sakshi,Pratik & Sakshi,313,Bourbon vanilla,Staple,g,bourbon vanilla,bourbon vanilla|bourbonvanilla,chutney|ketchup|masala|oil|paste|pickle|powder|sauce|syrup,staple; never wiped by produce counts
Pratik & Sakshi,Pratik & Sakshi,314,ORS,Staple,pack,ors,ors,chutney|ketchup|masala|oil|paste|pickle|powder|sauce|syrup,staple; never wiped by produce counts
Pratik & Sakshi,Pratik & Sakshi,315,Tata salt,Staple,g,tata salt,tata salt|tatasalt,chutney|ketchup|masala|oil|paste|pickle|powder|sauce|syrup,staple; never wiped by produce counts
Pratik & Sakshi,Pratik & Sakshi,316,Sugar,Staple,g,sugar,sugar,brown|chutney|free|icing|ketchup|masala|oil|paste|pickle|powder|powdered|sauce|syrup,staple; never wiped by produce counts
Pratik & Sakshi,Pratik & Sakshi,317,White sugar,Staple,g,white sugar,white sugar|whitesugar,brown|chutney|free|icing|ketchup|masala|oil|paste|pickle|powder|powdered|sauce|syrup,staple; never wiped by produce counts
Pratik & Sakshi,Pratik & Sakshi,318,Khandsari desi sugar,Staple,g,khandsari desi sugar,khandsari desi sugar|khandsaridesisugar,brown|chutney|free|icing|ketchup|masala|oil|paste|pickle|powder|powdered|sauce|syrup,staple; never wiped by produce counts
Pratik & Sakshi,Pratik & Sakshi,319,Powdered sugar,Staple,g,powdered sugar,powdered sugar|powderedsugar,brown|free|icing,staple; never wiped by produce counts
Pratik & Sakshi,Pratik & Sakshi,320,Puffed rice,Staple,g,puffed rice,puffed rice|puffedrice,bran|chutney|flakes|flour|ketchup|masala|noodle|oil|paper|paste|pickle|poha|powder|sauce|syrup|vinegar|wine,staple; never wiped by produce counts
Pratik & Sakshi,Pratik & Sakshi,321,Bread crumbs,Staple,g,bread crumbs,bread crumbs|breadcrumbs,chutney|ketchup|masala|oil|paste|pickle|powder|sauce|syrup,staple; never wiped by produce counts
Pratik & Sakshi,Pratik & Sakshi,322,Bruschetta loaf,Staple,loaf,bruschetta loaf,bruschetta loaf|bruschettaloaf,chutney|ketchup|masala|oil|paste|pickle|powder|sauce|syrup,staple; never wiped by produce counts
Pratik & Sakshi,Pratik & Sakshi,323,Gobblerite spinach quinoa wraps,Staple,pc,spinach quinoa wraps,palak|spinach|spinach quinoa wraps|spinachquinoawraps,chutney|ketchup|masala|oil|paste|pickle|powder|sauce|syrup,staple; never wiped by produce counts
Pratik & Sakshi,Pratik & Sakshi,324,Gobblerite beetroot quinoa wraps,Staple,pc,beetroot quinoa wraps,beetroot quinoa wraps|beetrootquinoawraps,chutney|ketchup|masala|oil|paste|pickle|powder|sauce|syrup,staple; never wiped by produce counts
Pratik & Sakshi,Pratik & Sakshi,325,Little Blossom brown rice puffs,Staple,pack,little blossom brown rice puffs,little blossom brown rice puffs|littleblossombrownricepuffs,bran|chutney|flakes|flour|ketchup|masala|noodle|oil|paper|paste|pickle|poha|powder|puffed|sauce|syrup|vinegar|wine,staple; never wiped by produce counts
Pratik & Sakshi,Pratik & Sakshi,326,Yoga Bar muesli,Staple,pack,yoga bar muesli,yoga bar muesli|yogabarmuesli,chutney|ketchup|masala|oil|paste|pickle|powder|sauce|syrup,staple; never wiped by produce counts
Pratik & Sakshi,Pratik & Sakshi,327,Lil Miss cookies,Staple,pack,lil miss cookies,lil miss cookies|lilmisscookies,chutney|ketchup|masala|oil|paste|pickle|powder|sauce|syrup,staple; never wiped by produce counts
Pratik & Sakshi,Pratik & Sakshi,328,Chocos,Staple,g,chocos,chocos,chutney|ketchup|masala|oil|paste|pickle|powder|sauce|syrup,staple; never wiped by produce counts
Pratik & Sakshi,Pratik & Sakshi,329,Millet pancake mix,Staple,g,millet pancake mix,millet pancake mix|milletpancakemix,chutney|ketchup|masala|oil|paste|pickle|powder|sauce|syrup,staple; never wiped by produce counts
Pratik & Sakshi,Pratik & Sakshi,330,Japanese seasoning,Staple,pack,japanese seasoning,japanese seasoning|japaneseseasoning,chutney|ketchup|masala|oil|paste|pickle|powder|sauce|syrup,staple; never wiped by produce counts
Pratik & Sakshi,Pratik & Sakshi,331,Dalia khichdi,Staple,g,dalia khichdi,dalia khichdi|daliakhichdi,chutney|ketchup|masala|oil|paste|pickle|powder|sauce|syrup,staple; never wiped by produce counts
Pratik & Sakshi,Pratik & Sakshi,332,Whole wheat noodles,Staple,g,whole wheat noodles,whole wheat noodles|wholewheatnoodles,chutney|ketchup|masala|oil|paste|pickle|powder|sauce|syrup,staple; never wiped by produce counts
Pratik & Sakshi,Pratik & Sakshi,333,Chickpea pasta,Staple,g,chickpea pasta,chickpea|chickpea pasta|chickpeapasta|chickpeas|chole|garbanzo|kabuli chana|white chana,chutney|ketchup|masala|oil|paste|pickle|powder|sauce|syrup,staple; never wiped by produce counts
Pratik & Sakshi,Pratik & Sakshi,334,Red masoor pasta,Staple,g,red masoor pasta,red masoor pasta|redmasoorpasta,chutney|ketchup|masala|oil|paste|pickle|powder|sauce|syrup,staple; never wiped by produce counts
Pratik & Sakshi,Pratik & Sakshi,335,Penne pasta,Staple,g,penne pasta,penne pasta|pennepasta,chutney|ketchup|masala|oil|paste|pickle|powder|sauce|syrup,staple; never wiped by produce counts
Pratik & Sakshi,Pratik & Sakshi,336,Borges mini penne pasta,Staple,g,mini penne pasta,mini penne pasta|minipennepasta,chutney|ketchup|masala|oil|paste|pickle|powder|sauce|syrup,staple; never wiped by produce counts
Pratik & Sakshi,Pratik & Sakshi,337,Yellow moong dal,Staple,g,yellow moong dal,yellow moong dal|yellowmoongdal,chutney|ketchup|masala|oil|paste|pickle|powder|sauce|syrup,staple; never wiped by produce counts
Pratik & Sakshi,Pratik & Sakshi,338,Green moong,Staple,g,green moong,green moong|greenmoong,chutney|ketchup|masala|oil|paste|pickle|powder|sauce|syrup,staple; never wiped by produce counts
Pratik & Sakshi,Pratik & Sakshi,339,Moong chilka dal,Staple,g,moong chilka dal,moong chilka dal|moongchilkadal,chutney|ketchup|masala|oil|paste|pickle|powder|sauce|syrup,staple; never wiped by produce counts
Pratik & Sakshi,Pratik & Sakshi,340,Black moong,Staple,g,black moong,black moong|blackmoong,chutney|ketchup|masala|oil|paste|pickle|powder|sauce|syrup,staple; never wiped by produce counts
Pratik & Sakshi,Pratik & Sakshi,341,Red masoor dal,Staple,g,red masoor dal,red masoor dal|redmasoordal,chutney|ketchup|masala|oil|paste|pickle|powder|sauce|syrup,staple; never wiped by produce counts
Pratik & Sakshi,Pratik & Sakshi,342,Roasted chana dal (Pro Nature),Staple,g,roasted chana dal,roasted chana dal|roastedchanadal,chutney|ketchup|masala|oil|paste|pickle|powder|sauce|syrup,staple; never wiped by produce counts
Pratik & Sakshi,Pratik & Sakshi,343,Roasted yellow chana,Staple,g,roasted yellow chana,roasted yellow chana|roastedyellowchana,chutney|ketchup|masala|oil|paste|pickle|powder|sauce|syrup,staple; never wiped by produce counts
Pratik & Sakshi,Pratik & Sakshi,344,Kala chana,Staple,g,kala chana,black chana|brown chana|desi chana|kala chana|kalachana,chutney|ketchup|masala|oil|paste|pickle|powder|sauce|syrup,staple; never wiped by produce counts
Pratik & Sakshi,Pratik & Sakshi,345,White chole,Staple,g,white chole,chickpea|chickpeas|chole|garbanzo|kabuli chana|white chana|white chole|whitechole,chutney|ketchup|masala|oil|paste|pickle|powder|sauce|syrup,staple; never wiped by produce counts; = kabuli chana = chickpea
Pratik & Sakshi,Pratik & Sakshi,346,Toor dal,Staple,g,toor dal,toor dal|toordal,chutney|ketchup|masala|oil|paste|pickle|powder|sauce|syrup,staple; never wiped by produce counts
Pratik & Sakshi,Pratik & Sakshi,347,Black dal,Staple,g,black dal,black dal|blackdal,chutney|ketchup|masala|oil|paste|pickle|powder|sauce|syrup,staple; never wiped by produce counts
Pratik & Sakshi,Pratik & Sakshi,348,Lobia (black-eyed peas),Staple,g,lobia,lobia,chutney|ketchup|masala|oil|paste|pickle|powder|sauce|syrup,staple; never wiped by produce counts
Pratik & Sakshi,Pratik & Sakshi,349,Moth beans,Staple,g,moth beans,moth beans|mothbeans,black bean sauce|chutney|coffee|ketchup|masala|moong|oil|paste|pickle|powder|rajma|sauce|syrup|vanilla,staple; never wiped by produce counts
Pratik & Sakshi,Pratik & Sakshi,350,Chitra rajma,Staple,g,chitra rajma,chitra rajma|chitrarajma,chutney|ketchup|masala|oil|paste|pickle|powder|sauce|syrup,staple; never wiped by produce counts
Pratik & Sakshi,Pratik & Sakshi,351,Biryani rice (Daawat basmati),Staple,g,biryani rice,biryani rice|biryanirice,bran|chutney|flakes|flour|ketchup|masala|noodle|oil|paper|paste|pickle|poha|powder|puffed|sauce|syrup|vinegar|wine,staple; never wiped by produce counts
Pratik & Sakshi,Pratik & Sakshi,352,Quinoa,Staple,g,quinoa,quinoa,chutney|ketchup|masala|oil|paste|pickle|powder|sauce|syrup,staple; never wiped by produce counts
Pratik & Sakshi,Pratik & Sakshi,353,Millet,Staple,g,millet,millet,chutney|ketchup|masala|oil|paste|pickle|powder|sauce|syrup,staple; never wiped by produce counts
Pratik & Sakshi,Pratik & Sakshi,354,Barley millet,Staple,g,barley millet,barley millet|barleymillet,chutney|ketchup|masala|oil|paste|pickle|powder|sauce|syrup,staple; never wiped by produce counts
Pratik & Sakshi,Pratik & Sakshi,355,Khapli emmer wheat,Staple,g,khapli emmer wheat,khapli emmer wheat|khapliemmerwheat,chutney|ketchup|masala|oil|paste|pickle|powder|sauce|syrup,staple; never wiped by produce counts
Pratik & Sakshi,Pratik & Sakshi,356,Aashirvaad multigrain atta,Staple,g,multigrain atta,aata|atta|chakki atta|multigrain atta|multigrainatta|mustard seeds|rai|sarson|wheat aata|wheat flour|whole wheat atta|whole wheat flour,bajra|besan|chutney|jowar|ketchup|maida|masala|noodle|oil|paste|patta|pickle|powder|ragi|sauce|syrup|tej patta,staple; never wiped by produce counts
Pratik & Sakshi,Pratik & Sakshi,357,Besan,Staple,g,besan,besan|chana flour|chickpea flour|gram flour,chutney|ketchup|masala|oil|paste|pickle|powder|sauce|syrup,staple; never wiped by produce counts
Pratik & Sakshi,Pratik & Sakshi,358,Makka atta,Staple,g,makka atta,aata|atta|chakki atta|makka atta|makkaatta|wheat aata|wheat flour|whole wheat atta|whole wheat flour,bajra|besan|chutney|jowar|ketchup|maida|masala|noodle|oil|paste|patta|pickle|powder|ragi|sauce|syrup|tej patta,staple; never wiped by produce counts
Pratik & Sakshi,Pratik & Sakshi,359,Sprouted ragi flour,Staple,g,sprouted ragi flour,sprouted ragi flour|sproutedragiflour,,staple; never wiped by produce counts
Pratik & Sakshi,Pratik & Sakshi,360,Suji,Staple,g,suji,rava|semolina|sooji|suji,chutney|ketchup|masala|oil|paste|pickle|powder|sauce|syrup,staple; never wiped by produce counts
Pratik & Sakshi,Pratik & Sakshi,361,Jeera,Staple,g,jeera,cumin|jeera,chutney|ketchup|masala|oil|paste|pickle|powder|sauce|syrup,staple; never wiped by produce counts
Pratik & Sakshi,Pratik & Sakshi,362,Peanuts (roasted),Staple,g,peanuts,peanuts,chutney|ketchup|masala|oil|paste|pickle|powder|sauce|syrup,staple; never wiped by produce counts
Pratik & Sakshi,Pratik & Sakshi,363,Peanut butter,Staple,g,peanut butter,peanut butter|peanutbutter,almond|chutney|cocoa|fruit|ketchup|masala|milk|oil|paste|pickle|powder|sauce|scotch|syrup,staple; never wiped by produce counts
Pratik & Sakshi,Pratik & Sakshi,364,Peanut chocolate ladoos,Staple,g,peanut chocolate ladoos,peanut chocolate ladoos|peanutchocolateladoos,chutney|fresh|ketchup|masala|oil|paste|pickle|powder|raw|sauce|syrup,staple; never wiped by produce counts
Pratik & Sakshi,Pratik & Sakshi,365,Pecan nuts,Staple,g,pecan nuts,pecan nuts|pecannuts,chutney|ketchup|masala|oil|paste|pickle|powder|sauce|syrup,staple; never wiped by produce counts
Pratik & Sakshi,Pratik & Sakshi,366,Walnuts,Staple,g,walnuts,walnuts,chutney|ketchup|masala|oil|paste|pickle|powder|sauce|syrup,staple; never wiped by produce counts
Pratik & Sakshi,Pratik & Sakshi,367,Brazil nuts,Staple,g,brazil nuts,brazil nuts|brazilnuts,chutney|ketchup|masala|oil|paste|pickle|powder|sauce|syrup,staple; never wiped by produce counts
Pratik & Sakshi,Pratik & Sakshi,368,Watermelon seeds (raw),Staple,g,watermelon seeds,watermelon seeds|watermelonseeds,,staple; never wiped by produce counts
Pratik & Sakshi,Pratik & Sakshi,369,Omani dates,Staple,g,omani dates,omani dates|omanidates,chutney|ketchup|masala|oil|paste|pickle|powder|sauce|syrup,staple; never wiped by produce counts
Pratik & Sakshi,Pratik & Sakshi,370,Prunes,Staple,g,prunes,prunes,chutney|ketchup|masala|oil|paste|pickle|powder|sauce|syrup,staple; never wiped by produce counts
Pratik & Sakshi,Pratik & Sakshi,371,Dry red chilli,Staple,g,dry red chilli,chilli|chilly|dried red chilli|dry red chilli|dryredchilli|mirch|mirchi|red chilli whole|sukhi lal mirch,chutney|crisp|flakes|ketchup|masala|oil|paste|pickle|powder|sauce|syrup|vinegar,staple; never wiped by produce counts
Pratik & Sakshi,Pratik & Sakshi,372,Hungritoes Aloo Popcorn,Staple,pack,hungritoes aloo popcorn,hungritoes aloo popcorn|hungritoesaloopopcorn,chutney|ketchup|masala|oil|paste|pickle|powder|sauce|syrup,staple; never wiped by produce counts
Pratik & Sakshi,Pratik & Sakshi,373,Hungritoes Corn Cheese Burst,Staple,pack,hungritoes corn cheese burst,hungritoes corn cheese burst|hungritoescorncheeseburst,ball|chutney|ketchup|masala|oil|paste|pickle|powder|sauce|slice (sep)|syrup,staple; never wiped by produce counts
Pratik & Sakshi,Pratik & Sakshi,374,Hungritoes Potato Mojas,Staple,pack,hungritoes potato mojas,hungritoes potato mojas|hungritoespotatomojas,chutney|ketchup|masala|oil|paste|pickle|powder|sauce|syrup,staple; never wiped by produce counts; pool MoH<10
Pratik & Sakshi,Pratik & Sakshi,375,English cucumber,Vegetable,pc,english cucumber,cucumber|english cucumber|englishcucumber|kheera,chutney|ketchup|masala|oil|paste|pickle|powder|sauce|syrup,perishable; MoH fresh<5; types pooled
Pratik & Sakshi,Pratik & Sakshi,376,Idli/dosa batter,Dairy,ml,idli dosa batter,idli dosa batter|idlidosabatter,chutney|ketchup|masala|oil|paste|pickle|powder|sauce|syrup,perishable
Pratik & Sakshi,Pratik & Sakshi,377,Rocket leaves (arugula),Vegetable,g,rocket leaves,rocket leaves|rocketleaves,chutney|ketchup|masala|oil|paste|pickle|powder|sauce|syrup,perishable; MoH fresh<5
Pratik & Sakshi,Pratik & Sakshi,378,Longan,Fruit,g,longan,longan,chutney|ketchup|masala|oil|paste|pickle|powder|sauce|syrup,perishable; MoH fresh<5
Pratik & Sakshi,Pratik & Sakshi,379,Iceberg lettuce,Vegetable,pc,iceberg lettuce,iceberg lettuce|iceberglettuce,chutney|ketchup|masala|oil|paste|pickle|powder|sauce|syrup,perishable; MoH fresh<5
Pratik & Sakshi,Pratik & Sakshi,380,Suchali country sourdough loaf,Bread & bakery,loaf,suchali country sourdough loaf,suchali country sourdough loaf|suchalicountrysourdoughloaf,chutney|ketchup|masala|oil|paste|pickle|powder|sauce|syrup,perishable
Pratik & Sakshi,Pratik & Sakshi,381,Spinach,Vegetable,g,spinach,palak|spinach,chutney|ketchup|masala|oil|paste|pickle|powder|sauce|syrup,perishable; MoH fresh<5
Pratik & Sakshi,Pratik & Sakshi,382,Italian basil,Vegetable,g,italian basil,italian basil|italianbasil,chutney|ketchup|masala|oil|paste|pickle|powder|sauce|syrup,perishable; MoH fresh<5
Pratik & Sakshi,Pratik & Sakshi,383,Ooty beetroot,Vegetable,g,ooty beetroot,ooty beetroot|ootybeetroot,chutney|ketchup|masala|oil|paste|pickle|powder|sauce|syrup,perishable; MoH fresh<5
Pratik & Sakshi,Pratik & Sakshi,384,Haricot beans,Vegetable,g,haricot beans,haricot beans|haricotbeans,black bean sauce|chutney|coffee|ketchup|masala|moong|oil|paste|pickle|powder|rajma|sauce|syrup|vanilla,perishable; MoH fresh<5
Pratik & Sakshi,Pratik & Sakshi,385,White radish,Vegetable,pc,white radish,white radish|whiteradish,chutney|ketchup|masala|oil|paste|pickle|powder|sauce|syrup,perishable; MoH fresh<5
Pratik & Sakshi,Pratik & Sakshi,386,Poha (Fortune Indori),Staple,g,poha,beaten rice|flattened rice|poha,chutney|ketchup|masala|oil|paste|pickle|powder|sauce|syrup,staple; never wiped by produce counts
Pratik & Sakshi,Pratik & Sakshi,387,Rajma masala (Catch),Staple,g,rajma masala,rajma masala|rajmamasala,,staple; never wiped by produce counts
Pratik & Sakshi,Pratik & Sakshi,388,Kasuri methi,Staple,g,kasuri methi,fenugreek|fenugreek leaves|kasuri methi|kasurimethi|methi|methi leaves,methi leaves|fresh methi|methi seeds|methi dana|fenugreek seeds,CONFUSABLE FAMILY (kasuri methi) — never match to the other forms of this ingredient
Pratik & Sakshi,Pratik & Sakshi,389,Kashmiri chilli powder (Everest),Staple,g,kashmiri chilli powder,chilli|chilly|kashmiri chilli powder|kashmirichillipowder|mirch|mirchi,crisp|flakes|oil|paste|sauce|vinegar,staple; never wiped by produce counts
Pratik & Sakshi,Pratik & Sakshi,390,Basmati rice (Daawat),Staple,g,basmati rice,basmati rice|basmatirice,bran|chutney|flakes|flour|ketchup|masala|noodle|oil|paper|paste|pickle|poha|powder|puffed|sauce|syrup|vinegar|wine,staple; never wiped by produce counts
Pratik & Sakshi,Pratik & Sakshi,391,Parsley,Vegetable,g,parsley,parsley,chutney|ketchup|masala|oil|paste|pickle|powder|sauce|syrup,perishable; MoH fresh<5
Pratik & Sakshi,Pratik & Sakshi,392,Mangodi,Staple,g,mangodi,mangodi,chutney|ketchup|masala|oil|paste|pickle|powder|sauce|syrup,staple; never wiped by produce counts
Pratik & Sakshi,Pratik & Sakshi,393,Dragon fruit,Fruit,pc,dragon fruit,dragon fruit|dragonfruit,chutney|ketchup|masala|oil|paste|pickle|powder|sauce|syrup,perishable; MoH fresh<5
Pratik & Sakshi,Pratik & Sakshi,394,Curly parsley,Vegetable,g,curly parsley,curly parsley|curlyparsley,chutney|ketchup|masala|oil|paste|pickle|powder|sauce|syrup,perishable; MoH fresh<5
Pratik & Sakshi,Pratik & Sakshi,395,Celery,Vegetable,g,celery,celery,chutney|ketchup|masala|oil|paste|pickle|powder|sauce|syrup,perishable; MoH fresh<5
Pratik & Sakshi,Pratik & Sakshi,396,Makhana,Staple,g,makhana,makhana,chutney|ketchup|masala|oil|paste|pickle|powder|sauce|syrup,staple; never wiped by produce counts
Pratik & Sakshi,Pratik & Sakshi,397,Ghee,Dairy,ml,ghee,ghee,chutney|ketchup|masala|oil|paste|pickle|powder|sauce|syrup,perishable; ALWAYS keep on board; always-keep; not part of produce counts
Pratik & Sakshi,Pratik & Sakshi,398,Tender coconut,Fruit,pc,tender coconut,tender coconut|tendercoconut,aminos|chutney|ketchup|masala|milk powder|oil|paste|pickle|powder|sauce|sugar|syrup|vinegar|water,perishable; MoH fresh<5
Pratik & Sakshi,Pratik & Sakshi,399,Bhindi,Vegetable,g,bhindi,bhindi|ladies finger|okra,chutney|ketchup|masala|oil|paste|pickle|powder|sauce|syrup,perishable; MoH fresh<5
Pratik & Sakshi,Pratik & Sakshi,400,Akshayakalpa milk (tetra 250ml x2),Dairy,ml,milk,milk|milky mist skyr|skyr,almond|butter|chocolate|chutney|coconut|condensed|ketchup|masala|milkmaid|oat|oil|paste|pickle|powder|sauce|skyr|soy|syrup,perishable
Pratik & Sakshi,Pratik & Sakshi,401,Potato,Vegetable,g,potato,potato,chutney|ketchup|masala|oil|paste|pickle|powder|sauce|syrup,perishable; MoH fresh<5; pool MoH<10
Pratik & Sakshi,Pratik & Sakshi,402,Tricolour capsicum,Vegetable,pc,tricolour capsicum,bell pepper|capsicum|shimla mirch|tricolour capsicum|tricolourcapsicum,chutney|ketchup|masala|oil|paste|pickle|powder|sauce|syrup,perishable; MoH fresh<5; ALL colours = ONE pool; dashboard single row; MoH<10
Pratik & Sakshi,Pratik & Sakshi,403,Cauliflower (EST),Vegetable,g,cauliflower,cauliflower|gobhi|gobi|phool gobhi,chutney|ketchup|masala|oil|paste|pickle|powder|sauce|syrup,perishable; MoH fresh<5
Pratik & Sakshi,Pratik & Sakshi,404,Matta rice (bb Royal),Staple,g,matta rice,aata|atta|chakki atta|matta rice|mattarice|wheat aata|wheat flour|whole wheat atta|whole wheat flour,bajra|besan|bran|chutney|flakes|flour|jowar|ketchup|maida|masala|noodle|oil|paper|paste|patta|pickle|poha|powder|puffed|ragi|sauce|syrup|tej patta|vinegar|wine,staple; never wiped by produce counts
Pratik & Sakshi,Pratik & Sakshi,405,Red lentil spaghetti,Pantry,g,red lentil spaghetti,red lentil spaghetti|redlentilspaghetti|sesame|til,chutney|ketchup|masala|oil|paste|pickle|powder|sauce|syrup,staple; never wiped by produce counts
Pratik & Sakshi,Pratik & Sakshi,406,Dlecta cheddar cheese,Dairy,g,cheddar cheese,cheddar cheese|cheddarcheese,ball|chutney|ketchup|masala|oil|paste|pickle|powder|sauce|slice (sep)|syrup,perishable
Pratik & Sakshi,Pratik & Sakshi,407,Paneer (Akshayakalpa),Meat,g,paneer,paneer,chutney|ketchup|masala|oil|paste|pickle|powder|sauce|syrup|tofu,perishable
Pratik & Sakshi,Pratik & Sakshi,408,Green zucchini,Vegetable,pc,green zucchini,green zucchini|greenzucchini,chutney|ketchup|masala|oil|paste|pickle|powder|sauce|syrup,perishable; MoH fresh<5
Pratik & Sakshi,Pratik & Sakshi,409,Quinoa flour,Flours,g,quinoa flour,quinoa flour|quinoaflour,,
Pratik & Sakshi,Pratik & Sakshi,410,Quinoa (Grain),Vegetable,g,quinoa,quinoa,chutney|ketchup|masala|oil|paste|pickle|powder|sauce|syrup,perishable; MoH fresh<5
Pratik & Sakshi,Pratik & Sakshi,411,Feta cheese block,Dairy,g,feta cheese block,feta cheese block|fetacheeseblock,ball|chutney|ketchup|masala|oil|paste|pickle|powder|sauce|slice (sep)|syrup,perishable
Pratik & Sakshi,Pratik & Sakshi,412,Yellow corn cob,Vegetable,pc,yellow corn cob,yellow corn cob|yellowcorncob,chutney|ketchup|masala|oil|paste|pickle|powder|sauce|syrup,perishable; MoH fresh<5
Pratik & Sakshi,Pratik & Sakshi,413,Akshayakalpa cow milk (tetrapak),Dairy,pc,cow milk,cow milk|cowmilk,almond|butter|chocolate|chutney|coconut|condensed|ketchup|masala|milkmaid|oat|oil|paste|pickle|powder|sauce|skyr|soy|syrup,perishable
Pratik & Sakshi,Pratik & Sakshi,414,Heritage full cream milk,Dairy,ml,full cream milk,full cream milk|fullcreammilk,almond|butter|chocolate|chutney|coconut|condensed|ketchup|masala|milkmaid|oat|oil|paste|pickle|powder|sauce|skyr|soy|syrup,perishable
Pratik & Sakshi,Pratik & Sakshi,415,Heritage toned milk,Dairy,ml,toned milk,toned milk|tonedmilk,almond|butter|chocolate|chutney|coconut|condensed|ketchup|masala|milkmaid|oat|oil|paste|pickle|powder|sauce|skyr|soy|syrup,perishable
Pratik & Sakshi,Pratik & Sakshi,416,Akshayakalpa milk (500ml),Dairy,ml,milk,milk|milky mist skyr|skyr,almond|butter|chocolate|chutney|coconut|condensed|ketchup|masala|milkmaid|oat|oil|paste|pickle|powder|sauce|skyr|soy|syrup,perishable
Pratik & Sakshi,Pratik & Sakshi,417,Bangalore grapes,Fruit,g,bangalore grapes,bangalore grapes|bangaloregrapes,chutney|ketchup|masala|oil|paste|pickle|powder|sauce|syrup,perishable; MoH fresh<5
Pratik & Sakshi,Pratik & Sakshi,418,Bitter gourd (karela),Vegetable,g,bitter gourd,bitter gourd|bittergourd,chutney|ketchup|masala|oil|paste|pickle|powder|sauce|syrup,perishable; MoH fresh<5
Pratik & Sakshi,Pratik & Sakshi,419,Methi leaves,Vegetable,g,methi leaves,fenugreek|fenugreek leaves|methi|methi leaves|methileaves,kasuri|kasoori|seeds|dana|powder|dried,CONFUSABLE FAMILY (methi leaves) — never match to the other forms of this ingredient
Pratik & Sakshi,Pratik & Sakshi,420,Almonds,Nuts & seeds,g,almonds,almonds,butter|chutney|flour|ketchup|masala|milk|oil|paste|pickle|powder|sauce|syrup|wrap,
Pratik & Sakshi,Pratik & Sakshi,421,Nuts mix,Nuts & seeds,g,nuts mix,nuts mix|nutsmix,chutney|ketchup|masala|oil|paste|pickle|powder|sauce|syrup,
Pratik & Sakshi,Pratik & Sakshi,422,Sweet corn (Safal),Frozen,g,sweet corn,corn kernels|sweet corn|sweetcorn,chutney|ketchup|masala|oil|paste|pickle|powder|sauce|syrup,perishable
Pratik & Sakshi,Pratik & Sakshi,423,Green peas (Safal),Frozen,g,green peas,green peas|greenpeas|matar|peas,chutney|dried|ketchup|masala|oil|paste|pickle|powder|protein|sauce|syrup|wasabi,perishable
Pratik & Sakshi,Pratik & Sakshi,424,Edamame,Frozen,g,edamame,edamame,chutney|ketchup|masala|oil|paste|pickle|powder|sauce|syrup,perishable
Pratik & Sakshi,Pratik & Sakshi,425,Nut seed ladoo,Snacks & misc,pc,nut seed ladoo,nut seed ladoo|nutseedladoo,chutney|ketchup|masala|oil|paste|pickle|powder|sauce|syrup,
Pratik & Sakshi,Pratik & Sakshi,426,Ragi whole,Grains,g,ragi whole,ragi whole|ragiwhole,chutney|ketchup|masala|oil|paste|pickle|powder|sauce|syrup,staple; never wiped by produce counts
Pratik & Sakshi,Pratik & Sakshi,427,Gur,Staple,g,gur,gud|gur|jaggery,chutney|ketchup|masala|oil|paste|pickle|powder|sauce|syrup,staple; never wiped by produce counts [28-Aug: removed cross-item aliases that are a known fuzzy trap]
Pratik & Sakshi,Pratik & Sakshi,428,White peas,Dals,g,white peas,green peas|matar|peas|white peas|whitepeas,chutney|dried|ketchup|masala|oil|paste|pickle|powder|protein|sauce|syrup|wasabi,staple; never wiped by produce counts
Pratik & Sakshi,Pratik & Sakshi,429,Organic white urad whole,Dals,g,white urad whole,white urad whole|whiteuradwhole,chutney|ketchup|masala|oil|paste|pickle|powder|sauce|syrup,staple; never wiped by produce counts
Pratik & Sakshi,Pratik & Sakshi,430,Vermicelli,Grains,g,vermicelli,semiya|seviyan|vermicelli,chutney|ketchup|masala|oil|paste|pickle|powder|sauce|syrup,staple; never wiped by produce counts
Pratik & Sakshi,Pratik & Sakshi,431,Green curry paste,Pantry,g,green curry paste,green curry paste|greencurrypaste,,staple; never wiped by produce counts
Pratik & Sakshi,Pratik & Sakshi,432,Tender coconut,Fruit,pc,tender coconut,tender coconut|tendercoconut,aminos|chutney|ketchup|masala|milk powder|oil|paste|pickle|powder|sauce|sugar|syrup|vinegar|water,perishable; MoH fresh<5
Pratik & Sakshi,Pratik & Sakshi,433,Okra,Vegetable,g,okra,bhindi|ladies finger|okra,chutney|ketchup|masala|oil|paste|pickle|powder|sauce|syrup,perishable; MoH fresh<5
Pratik & Sakshi,Pratik & Sakshi,434,Apple,Fruit,pc,apple,apple,chutney|cider|custard|green apple|ketchup|masala|oil|paste|pickle|pine|powder|sauce|syrup|vinegar,perishable; MoH fresh<5
Pratik & Sakshi,Pratik & Sakshi,435,Passionfruit,Fruit,pc,passionfruit,passionfruit,chutney|ketchup|masala|oil|paste|pickle|powder|sauce|syrup,perishable; MoH fresh<5
Yash & Manik,Yash & Manik,5,Bread,Bread & bakery,pc,bread,bread,chutney|ketchup|masala|oil|paste|pickle|powder|sauce|syrup,perishable; MoH fresh<5
Yash & Manik,Yash & Manik,6,Butter,Dairy,g,butter,butter,chutney|ketchup|masala|oil|paste|pickle|powder|sauce|syrup,perishable; MoH fresh<5
Yash & Manik,Yash & Manik,7,Cheese slice,Dairy,g,cheese slice,cheese slice|cheeseslice,chutney|ketchup|masala|oil|paste|pickle|powder|sauce|syrup,perishable; MoH fresh<5
Yash & Manik,Yash & Manik,8,Pasta sauce,Condiment,g,pasta sauce,pasta sauce|pastasauce,,staple
Yash & Manik,Yash & Manik,9,Pav bhaji masala,Spice,g,pav bhaji masala,pav bhaji masala|pavbhajimasala,,staple
Yash & Manik,Yash & Manik,10,Corn starch,Staple,g,corn starch,corn starch|cornstarch,chutney|ketchup|masala|oil|paste|pickle|powder|sauce|syrup,staple
Yash & Manik,Yash & Manik,11,Tea masala,Spice,g,tea masala,tea masala|teamasala,fresh|raw,staple
Yash & Manik,Yash & Manik,12,Eggs,Dairy,pc,eggs,eggs,chutney|ketchup|masala|oil|paste|pickle|powder|sauce|syrup,perishable; MoH fresh<5
Yash & Manik,Yash & Manik,13,Paneer,Meat,g,paneer,paneer,chutney|ketchup|masala|oil|paste|pickle|powder|sauce|syrup,perishable; MoH fresh<5; Paneer=Meat board rule
Yash & Manik,Yash & Manik,14,Beans(cut),Staple,g,beans,beans,chutney|ketchup|masala|oil|paste|pickle|powder|sauce|syrup,staple
Yash & Manik,Yash & Manik,15,Vitafusion,Supplement,g,vitafusion,vitafusion,chutney|ketchup|masala|oil|paste|pickle|powder|sauce|syrup,staple
Yash & Manik,Yash & Manik,16,Peanut powder,Spice,g,peanut powder,groundnut|peanut|peanut powder|peanutpowder|penut,butter,staple
Yash & Manik,Yash & Manik,17,Kokam,Spice,g,kokam,kokam,chutney|ketchup|masala|oil|paste|pickle|powder|sauce|syrup,staple
Yash & Manik,Yash & Manik,18,Cashew split,Nuts & seeds,g,cashew split,cashew split|cashewsplit,chutney|ketchup|masala|oil|paste|pickle|powder|sauce|syrup,staple
Yash & Manik,Yash & Manik,19,One a day,Supplement,ml,one a day,one a day|oneaday,chutney|ketchup|masala|oil|paste|pickle|powder|sauce|syrup,staple
Yash & Manik,Yash & Manik,20,Kasuri methi,Spice,g,kasuri methi,fenugreek|kasuri methi|kasurimethi|methi,methi leaves|fresh methi|methi seeds|methi dana|fenugreek seeds,CONFUSABLE FAMILY (kasuri methi) — never match to the other forms of this ingredient
Yash & Manik,Yash & Manik,21,Coffee powder,Spice,g,coffee powder,coffee powder|coffeepowder,fresh|raw,staple
Yash & Manik,Yash & Manik,22,Mangodi,Staple,g,mangodi,mangodi,chutney|ketchup|masala|oil|paste|pickle|powder|sauce|syrup,staple
Yash & Manik,Yash & Manik,23,Boondi (raita),Staple,g,boondi,boondi,chutney|ketchup|masala|oil|paste|pickle|powder|sauce|syrup,staple
Yash & Manik,Yash & Manik,24,Mix seeds,Spice,g,mix seeds,mix seeds|mixseeds,,staple
Yash & Manik,Yash & Manik,25,Red chilli sauce,Condiment,g,red chilli sauce,red chilli sauce|redchillisauce,dry|powder|vinegar,staple
Yash & Manik,Yash & Manik,26,Soy sauce,Condiment,ml,soy sauce,soy sauce|soysauce,,staple
Yash & Manik,Yash & Manik,27,Lemoneez,Condiment,ml,lemoneez,lemoneez,chutney|ketchup|masala|oil|paste|pickle|powder|sauce|syrup,staple
Yash & Manik,Yash & Manik,28,Chilli vinegar,Condiment,ml,chilli vinegar,chilli vinegar|chillivinegar,chutney|dry|ketchup|masala|oil|paste|pickle|powder|sauce|syrup,staple
Yash & Manik,Yash & Manik,29,Agave syrup,Condiment,ml,agave syrup,agave syrup|agavesyrup,fresh|raw,staple
Yash & Manik,Yash & Manik,30,Chipotle sauce,Condiment,g,chipotle sauce,chipotle sauce|chipotlesauce,,staple
Yash & Manik,Yash & Manik,31,Dark soy sauce,Condiment,g,dark soy sauce,dark soy sauce|darksoysauce,,staple
Yash & Manik,Yash & Manik,32,Green chilli sauce,Vegetable,g,green chilli sauce,green chilli sauce|greenchillisauce,dry|powder|vinegar,perishable; MoH fresh<5
Yash & Manik,Yash & Manik,33,Kesar,Spice,g,kesar,kesar,chutney|ketchup|masala|oil|paste|pickle|powder|sauce|syrup,staple
Yash & Manik,Yash & Manik,34,Amul taaza milk,Dairy,ml,milk,milk,chutney|coconut|ketchup|masala|oil|paste|pickle|powder|sauce|syrup,perishable; MoH fresh<5
Yash & Manik,Yash & Manik,35,Peanut,Nuts & seeds,g,peanut,groundnut|peanut|penut,butter|chutney|ketchup|masala|oil|paste|pickle|powder|sauce|syrup,staple
Yash & Manik,Yash & Manik,36,Apple,Fruit,g,apple,apple,chutney|ketchup|masala|oil|paste|pickle|powder|sauce|syrup,perishable; MoH fresh<5
Yash & Manik,Yash & Manik,37,Pomegranate,Fruit,g,pomegranate,pomegranate,chutney|ketchup|masala|oil|paste|pickle|powder|sauce|syrup,perishable; MoH fresh<5
Yash & Manik,Yash & Manik,38,Garlic leaves,Vegetable,g,garlic leaves,garlic|garlic leaves|garlicleaves|peeled garlic,chutney|ketchup|masala|oil|paste|pickle|powder|sauce|syrup,perishable; MoH fresh<5
Yash & Manik,Yash & Manik,39,Beetroot,Vegetable,g,beetroot,beetroot,chutney|ketchup|masala|oil|paste|pickle|powder|sauce|syrup,perishable; MoH fresh<5
Yash & Manik,Yash & Manik,40,Carrot,Vegetable,g,carrot,carrot,chutney|ketchup|masala|oil|paste|pickle|powder|sauce|syrup,perishable; MoH fresh<5
Yash & Manik,Yash & Manik,41,Capsicum,Vegetable,g,capsicum,bell pepper|capsicum,chutney|ketchup|masala|oil|paste|pickle|powder|sauce|syrup,perishable; MoH fresh<5
Yash & Manik,Yash & Manik,42,Coriander leaves,Vegetable,g,coriander leaves,coriander|coriander leaves|corianderleaves|dhania,powder|seeds|whole|dried|sabut,CONFUSABLE FAMILY (coriander leaves) — never match to the other forms of this ingredient
Yash & Manik,Yash & Manik,43,Ginger,Vegetable,g,ginger,ginger,chutney|ketchup|masala|oil|paste|pickle|powder|sauce|syrup,perishable; MoH fresh<5
Yash & Manik,Yash & Manik,44,Green chilli,Vegetable,g,green chilli,green chilli|greenchilli,chutney|dry|ketchup|masala|oil|paste|pickle|powder|sauce|syrup|vinegar,perishable; MoH fresh<5
Yash & Manik,Yash & Manik,45,Curry leaves,Vegetable,g,curry leaves,curry leaves|curryleaves,chutney|ketchup|masala|oil|paste|pickle|powder|sauce|syrup,perishable; MoH fresh<5
Yash & Manik,Yash & Manik,46,Peeled garlic,Vegetable,g,peeled garlic,garlic|peeled garlic|peeledgarlic,chutney|ketchup|leaves|masala|oil|paste|pickle|powder|sauce|syrup,perishable; MoH fresh<5
Yash & Manik,Yash & Manik,47,Tomato,Vegetable,g,tomato,tomato,chutney|ketchup|masala|oil|paste|pickle|powder|sauce|syrup,perishable; MoH fresh<5
Yash & Manik,Yash & Manik,48,Frozen pea,Frozen,g,frozen pea,frozen pea|frozenpea,chutney|ketchup|masala|oil|paste|pickle|powder|sauce|syrup,perishable; MoH fresh<5
Yash & Manik,Yash & Manik,49,Malabar paratha,Bread & bakery,g,malabar paratha,malabar paratha|malabarparatha,chutney|ketchup|masala|oil|paste|pickle|powder|sauce|syrup,perishable; MoH fresh<5
Yash & Manik,Yash & Manik,50,Grated coconut,Vegetable,g,grated coconut,grated coconut|gratedcoconut,chutney|ketchup|masala|oil|paste|pickle|powder|sauce|syrup,perishable; MoH fresh<5
Yash & Manik,Yash & Manik,51,Milk,Dairy,ml,milk,milk,chutney|coconut|ketchup|masala|oil|paste|pickle|powder|sauce|syrup,perishable; MoH fresh<5
Yash & Manik,Yash & Manik,52,Onion,Vegetable,g,onion,onion,chutney|ketchup|masala|oil|paste|pickle|powder|sauce|syrup,perishable; MoH fresh<5
Yash & Manik,Yash & Manik,53,Potato,Vegetable,g,potato,potato,chutney|ketchup|masala|oil|paste|pickle|powder|sauce|syrup,perishable; MoH fresh<5
Yash & Manik,Yash & Manik,54,Atta (wheat flour),Grains,g,atta,aata|atta|chakki atta|wheat flour,chutney|ketchup|masala|oil|paste|pickle|powder|sauce|syrup|tej patta,staple
Yash & Manik,Yash & Manik,55,Red chilli powder,Spice,g,red chilli powder,red chilli powder|redchillipowder,dry|sauce|vinegar,staple
Yash & Manik,Yash & Manik,56,Elaichi powder,Spice,g,elaichi powder,elaichi powder|elaichipowder,,staple
Yash & Manik,Yash & Manik,57,Black mustard seed,Spice,g,black mustard seed,black mustard seed|blackmustardseed,chutney|ketchup|masala|oil|paste|pickle|powder|sauce|syrup,staple
Yash & Manik,Yash & Manik,58,Turmeric,Staple,g,turmeric,haldi|turmeric,chutney|ketchup|masala|oil|paste|pickle|powder|sauce|syrup,staple
Yash & Manik,Yash & Manik,59,Red chilli(dry),Spice,g,red chilli,red chilli|redchilli,chutney|ketchup|masala|oil|paste|pickle|powder|sauce|syrup|vinegar,staple
Yash & Manik,Yash & Manik,60,Cinnamon sticks,Spice,g,cinnamon sticks,cinnamon sticks|cinnamonsticks,chutney|ketchup|masala|oil|paste|pickle|powder|sauce|syrup,staple
Yash & Manik,Yash & Manik,61,Big cardamom,Spice,g,big cardamom,big cardamom|bigcardamom,chutney|ketchup|masala|oil|paste|pickle|powder|sauce|syrup,staple
Yash & Manik,Yash & Manik,62,Black pepper,Spice,g,black pepper,black pepper|blackpepper,chutney|ketchup|masala|oil|paste|pickle|powder|sauce|syrup,staple
Yash & Manik,Yash & Manik,63,Clove,Spice,g,clove,clove,chutney|ketchup|masala|oil|paste|pickle|powder|sauce|syrup,staple
Yash & Manik,Yash & Manik,64,Mango Pickles,Condiment,g,mango pickles,mango pickles|mangopickles,,staple
Yash & Manik,Yash & Manik,65,Ajwain powder,Spice,g,ajwain powder,ajwain powder|ajwainpowder,,staple
Yash & Manik,Yash & Manik,66,Hing,Spice,g,hing,asafoetida|hing,chutney|ketchup|masala|oil|paste|pickle|powder|sauce|syrup,staple
Yash & Manik,Yash & Manik,67,Schezwan chutney,Condiment,g,schezwan chutney,schezwan chutney|schezwanchutney,,staple
Yash & Manik,Yash & Manik,68,Jeera powder,Spice,g,jeera powder,cumin|jeera|jeera powder|jeerapowder,,staple
Yash & Manik,Yash & Manik,69,Kashmiri chilli powder,Spice,g,kashmiri chilli powder,kashmiri chilli powder|kashmirichillipowder,dry|sauce|vinegar,staple
Yash & Manik,Yash & Manik,70,Black pepper powder,Spice,g,black pepper powder,black pepper powder|blackpepperpowder,,staple
Yash & Manik,Yash & Manik,71,Chaat masala,Spice,g,chaat masala,chaat masala|chaatmasala,,staple
Yash & Manik,Yash & Manik,72,Black salt,Spice,g,black salt,black salt|blacksalt,chutney|ketchup|masala|oil|paste|pickle|powder|sauce|syrup,staple
Yash & Manik,Yash & Manik,73,Amchur,Staple,g,amchur,amchur,chutney|ketchup|masala|oil|paste|pickle|powder|sauce|syrup,staple
Yash & Manik,Yash & Manik,74,Ajwain,Spice,g,ajwain,ajwain,chutney|ketchup|masala|oil|paste|pickle|powder|sauce|syrup,staple
Yash & Manik,Yash & Manik,75,Fennel seed powder,Spice,g,fennel seed powder,fennel seed powder|fennelseedpowder,,staple
Yash & Manik,Yash & Manik,76,Pikkle shikkle,Condiment,g,pikkle shikkle,pikkle shikkle|pikkleshikkle,chutney|ketchup|masala|oil|paste|pickle|powder|sauce|syrup,staple
Yash & Manik,Yash & Manik,77,Oats powder,Grains,g,oats powder,oats powder|oatspowder,,staple
Yash & Manik,Yash & Manik,78,Urad dal,Dals,g,urad dal,urad dal|uraddal,chutney|ketchup|masala|oil|paste|pickle|powder|sauce|syrup,staple
Yash & Manik,Yash & Manik,79,Dhaga mishri,Condiment,g,dhaga mishri,dhaga mishri|dhagamishri,chutney|ketchup|masala|oil|paste|pickle|powder|sauce|syrup,staple
Yash & Manik,Yash & Manik,80,Anjeer,Fruit,g,anjeer,anjeer,chutney|ketchup|masala|oil|paste|pickle|powder|sauce|syrup,perishable; MoH fresh<5
Yash & Manik,Yash & Manik,81,Chole masale,Dals,g,chole masale,chana|chickpea|chole|chole masale|cholemasale|kabuli chana,chutney|ketchup|masala|oil|paste|pickle|powder|sauce|syrup,staple
Yash & Manik,Yash & Manik,82,Baking powder,Spice,g,baking powder,baking powder|bakingpowder,,staple
Yash & Manik,Yash & Manik,83,Dates,Fruit,g,dates,dates,chutney|ketchup|masala|oil|paste|pickle|powder|sauce|syrup,perishable; MoH fresh<5
Yash & Manik,Yash & Manik,84,Gunpowder,Spice,g,gunpowder,gunpowder,,staple
Yash & Manik,Yash & Manik,85,Rolled oats,Grains,g,rolled oats,rolled oats|rolledoats,chutney|ketchup|masala|oil|paste|pickle|powder|sauce|syrup,staple
Yash & Manik,Yash & Manik,86,Arhar dal,Dals,g,arhar dal,arhar dal|arhardal,chutney|ketchup|masala|oil|paste|pickle|powder|sauce|syrup,staple
Yash & Manik,Yash & Manik,87,Masoor dal(yellow),Dals,g,masoor dal,masoor dal|masoordal,chutney|ketchup|masala|oil|paste|pickle|powder|sauce|syrup,staple
Yash & Manik,Yash & Manik,88,Moong dal,Dals,g,moong dal,moong dal|moongdal,chutney|ketchup|masala|oil|paste|pickle|powder|sauce|syrup,staple
Yash & Manik,Yash & Manik,89,Rajma,Dals,g,rajma,rajma,chutney|ketchup|masala|oil|paste|pickle|powder|sauce|syrup,staple
Yash & Manik,Yash & Manik,90,Rice (basmati),Grains,g,rice,flattened rice|poha|rice,brown|chutney|flour|ketchup|masala|oil|paste|pickle|powder|sauce|syrup,staple
Yash & Manik,Yash & Manik,91,Split urad dal(white),Dals,g,split urad dal,split urad dal|splituraddal,chutney|ketchup|masala|oil|paste|pickle|powder|sauce|syrup,staple
Yash & Manik,Yash & Manik,92,Chana dal,Dals,g,chana dal,chana|chana dal|chanadal|chickpea|chole|kabuli chana,chutney|ketchup|masala|oil|paste|pickle|powder|sauce|syrup,staple
Yash & Manik,Yash & Manik,93,Chana,Dals,g,chana,chana|chickpea|chole|kabuli chana,chutney|dal|ketchup|masala|oil|paste|pickle|powder|sauce|syrup,staple
Yash & Manik,Yash & Manik,94,Urad dal split,Dals,g,urad dal split,urad dal split|uraddalsplit,chutney|ketchup|masala|oil|paste|pickle|powder|sauce|syrup,staple
Yash & Manik,Yash & Manik,95,Moong (hara),Dals,g,moong,moong,chutney|ketchup|masala|oil|paste|pickle|powder|sauce|syrup,staple
Yash & Manik,Yash & Manik,96,Groundnut oil,Oil,ml,groundnut oil,groundnut|groundnut oil|groundnutoil|peanut|penut,,staple
Yash & Manik,Yash & Manik,97,Tomato ketchup,Condiment,ml,tomato ketchup,tomato ketchup|tomatoketchup,sauce,staple
Yash & Manik,Yash & Manik,98,Besan,Grains,g,besan,besan|chana flour|chickpea flour|gram flour,chutney|ketchup|masala|oil|paste|pickle|powder|sauce|syrup,staple
Yash & Manik,Yash & Manik,99,Olive oil,Oil,ml,olive oil,olive oil|oliveoil,,staple
Yash & Manik,Yash & Manik,100,Salt,Spice,g,salt,salt,chutney|ketchup|masala|oil|paste|pickle|powder|sauce|syrup,staple
Yash & Manik,Yash & Manik,101,Oats,Grains,g,oats,oats,chutney|ketchup|masala|oil|paste|pickle|powder|sauce|syrup,staple
Yash & Manik,Yash & Manik,102,Rajma(black),Dals,g,rajma,rajma,chutney|ketchup|masala|oil|paste|pickle|powder|sauce|syrup,staple
Yash & Manik,Yash & Manik,103,Poha,Grains,g,poha,beaten rice|flattened rice|poha,chutney|ketchup|masala|oil|paste|pickle|powder|sauce|syrup,staple
Yash & Manik,Yash & Manik,104,Ghee,Oil,g,ghee,ghee,chutney|ketchup|masala|oil|paste|pickle|powder|sauce|syrup,staple; always-keep
Yash & Manik,Yash & Manik,105,Sugar,Staple,g,sugar,sugar,chutney|ketchup|masala|oil|paste|pickle|powder|sauce|syrup,staple
Yash & Manik,Yash & Manik,106,Rice,Grains,g,rice,flattened rice|poha|rice,brown|chutney|flour|ketchup|masala|oil|paste|pickle|powder|sauce|syrup,staple
Yash & Manik,Yash & Manik,107,Brown rice,Grains,g,brown rice,brown rice|brownrice,chutney|flour|ketchup|masala|oil|paste|pickle|powder|sauce|syrup,staple
Yash & Manik,Yash & Manik,108,Coffee(nescafe),Beverage,g,coffee,,chutney|fresh|ketchup|masala|oil|paste|pickle|powder|raw|sauce|syrup,staple [28-Aug: produce aliases stripped — a packaged drink must never stand in for fresh produce]
Yash & Manik,Yash & Manik,109,Tea  powder,Spice,g,tea powder,tea powder|teapowder,fresh|raw,staple
Yash & Manik,Yash & Manik,110,Walnut,Nuts & seeds,g,walnut,walnut,chutney|ketchup|masala|oil|paste|pickle|powder|sauce|syrup,staple
Yash & Manik,Yash & Manik,111,Shell pista,Nuts & seeds,g,shell pista,shell pista|shellpista,chutney|ketchup|masala|oil|paste|pickle|powder|sauce|syrup,staple
Yash & Manik,Yash & Manik,112,Almonds,Nuts & seeds,g,almonds,almonds,chutney|ketchup|masala|oil|paste|pickle|powder|sauce|syrup,staple
Yash & Manik,Yash & Manik,113,Raisins,Fruit,g,raisins,raisins,chutney|ketchup|masala|oil|paste|pickle|powder|sauce|syrup,perishable; MoH fresh<5
Yash & Manik,Yash & Manik,114,Pumpkin seeds,Spice,g,pumpkin seeds,pumpkin seeds|pumpkinseeds,,staple
Yash & Manik,Yash & Manik,115,Honey,Condiment,g,honey,honey,chutney|ketchup|masala|oil|paste|pickle|powder|sauce|syrup,staple
Yash & Manik,Yash & Manik,116,Chole,Dals,g,chole,chana|chickpea|chole|kabuli chana,chutney|ketchup|masala|oil|paste|pickle|powder|sauce|syrup,staple
Yash & Manik,Yash & Manik,117,Toor dal,Dals,g,toor dal,toor dal|toordal,chutney|ketchup|masala|oil|paste|pickle|powder|sauce|syrup,staple
Yash & Manik,Yash & Manik,118,Red label,Beverage,g,,red label|redlabel,chutney|ketchup|masala|oil|paste|pickle|powder|sauce|syrup,staple [28-Aug: runaway alias list rebuilt from the SKU name]
Yash & Manik,Yash & Manik,119,Dhaniya(whole),Spice,g,dhaniya,dhaniya,chutney|ketchup|masala|oil|paste|pickle|powder|sauce|syrup,staple
Yash & Manik,Yash & Manik,120,Suji,Grains,g,suji,rava|semolina|sooji|suji,chutney|ketchup|masala|oil|paste|pickle|powder|sauce|syrup,staple
Yash & Manik,Yash & Manik,121,Homemade chicken masala,Spice,g,homemade chicken masala,homemade chicken masala|homemadechickenmasala,,staple
Yash & Manik,Yash & Manik,122,Homemade masala,Spice,g,homemade masala,homemade masala|homemademasala,,staple
Shunyam & Ishan - latest,Shunyam & Ishan - latest,16,Curd,Dairy,g,curd,curd|dahi|yoghurt|yogurt,chutney|ketchup|masala|oil|paste|pickle|powder|sauce|syrup,added from 24-Aug 08:30 physical count
Shunyam & Ishan - latest,Shunyam & Ishan - latest,82,Split white urad dal,Dals,g,split white urad dal,split white urad dal|splitwhiteuraddal,chutney|ketchup|masala|oil|paste|pickle|powder|sauce|syrup,added from 24-Aug 08:30 physical count
Shunyam & Ishan - latest,Shunyam & Ishan - latest,100,Besan,Grains & pantry,packet,besan,besan|chana flour|chickpea flour|gram flour,chutney|ketchup|masala|oil|paste|pickle|powder|sauce|syrup,added from 24-Aug 08:30 physical count
Shunyam & Ishan - latest,Shunyam & Ishan - latest,126,Groundnut (peanuts),Nuts,g,groundnut,groundnut,chutney|ketchup|masala|oil|paste|pickle|powder|sauce|syrup,added from 24-Aug 08:30 physical count
Shunyam & Ishan - latest,Shunyam & Ishan - latest,142,Banana,Fruit,pc,banana,banana,chutney|ketchup|masala|oil|paste|pickle|powder|sauce|syrup,added from 24-Aug 08:30 physical count
Shunyam & Ishan - latest,Shunyam & Ishan - latest,181,Overnight oats,Grains & pantry,packet,overnight oats,overnight oats|overnightoats,chutney|ketchup|masala|oil|paste|pickle|powder|sauce|syrup,added from 24-Aug 08:30 physical count
Shunyam & Ishan - latest,Shunyam & Ishan - latest,227,Cheese slices,Dairy,g,cheese slices,cheese slices|cheeseslices,chutney|ketchup|masala|oil|paste|pickle|powder|sauce|syrup,added from 24-Aug 08:30 physical count
Shunyam & Ishan - latest,Shunyam & Ishan - latest,228,Garlic,Vegetable,g,garlic,garlic|lehsun|peeled garlic,chilli garlic|chutney|ketchup|leaves|masala|oil|paste|pickle|powder|sauce|syrup,added from 24-Aug 08:30 physical count
Shunyam & Ishan - latest,Shunyam & Ishan - latest,229,Blackberry (frozen),Staple,g,blackberry,blackberry|blackberries|frozen blackberry,blueberry|chutney|ketchup|masala|oil|paste|pickle|powder|sauce|syrup,"frozen — long shelf life, not a fresh perishable; never match to blueberry"
Shunyam & Ishan - latest,Shunyam & Ishan - latest,230,Kala chana,Dals,g,kala chana,black chana|brown chana|desi chana|kala chana|kalachana,chutney|ketchup|masala|oil|paste|pickle|powder|sauce|syrup,added from 24-Aug 08:30 physical count
Shunyam & Ishan - latest,Shunyam & Ishan - latest,231,Rajma,Dals,g,rajma,kidney bean|kidney beans|rajma,chutney|ketchup|masala|oil|paste|pickle|powder|sauce|syrup,added from 24-Aug 08:30 physical count
Pratik & Sakshi,Pratik & Sakshi,350,Chitra rajma,Staple,g,rajma,rajma|chitra rajma|kidney bean|kidney beans|red kidney beans,chutney|ketchup|masala|oil|paste|pickle|powder|sauce|syrup,CONFIRMED soak source for rajma cutlet (Bhavya 24-Aug)
Yash & Manik,Yash & Manik,123,Chicken (boneless thigh),Meat,g,chicken,chicken|chicken thigh|boneless thigh|chicken boneless|chicken legs,chutney|ketchup|masala|oil|paste|pickle|powder|sauce|sausage|syrup,added/renamed 25-Aug board update
Yash & Manik,Yash & Manik,126,Cucumber,Vegetable,pc,cucumber,cucumber|kheera|english cucumber,chutney|ketchup|masala|oil|paste|pickle|powder|sauce|syrup,added/renamed 25-Aug board update
Yash & Manik,Yash & Manik,127,Spring onion,Vegetable,g,spring onion,spring onion|scallion|hara pyaz|spring onion greens,chutney|ketchup|masala|oil|paste|pickle|powder|sauce|syrup,added/renamed 25-Aug board update
Yash & Manik,Yash & Manik,128,Garlic,Vegetable,g,garlic,garlic|lehsun|peeled garlic,chutney|ketchup|leaves|masala|oil|paste|pickle|powder|sauce|syrup,added/renamed 25-Aug board update
Padmaja & Rohan,Padmaja & Rohan,5,Almond,Staple,g,almond,almond,chutney|ketchup|masala|oil|paste|pickle|powder|sauce|syrup,staple
Padmaja & Rohan,Padmaja & Rohan,6,Walnut,Staple,g,walnut,walnut,chutney|ketchup|masala|oil|paste|pickle|powder|sauce|syrup,staple
Padmaja & Rohan,Padmaja & Rohan,7,Raisins,Staple,g,raisins,black mustard|mustard seeds|rai|raisins,chutney|ketchup|masala|oil|paste|pickle|powder|sauce|syrup,staple
Padmaja & Rohan,Padmaja & Rohan,8,Coriander seeds (whole),Spice,g,coriander seeds,coriander|coriander seeds|corianderseeds|dhania|dhaniya,powder|leaves|fresh|pisa,CONFUSABLE FAMILY (coriander seeds) — never match to the other forms of this ingredient
Padmaja & Rohan,Padmaja & Rohan,9,Green tea,Beverage,pc,green tea,green tea|greentea,chutney|fresh|ketchup|masala|oil|paste|pickle|powder|raw|sauce|syrup,staple
Padmaja & Rohan,Padmaja & Rohan,10,Popcorn seeds,Staple,g,popcorn seeds,popcorn seeds|popcornseeds,,staple
Padmaja & Rohan,Padmaja & Rohan,11,Maida,Grains,g,maida,all purpose flour|maida|refined flour,chutney|ketchup|masala|oil|paste|pickle|powder|sauce|syrup,staple
Padmaja & Rohan,Padmaja & Rohan,12,Chole,Dals,g,chole,chana|chickpea|chole|kabuli chana,chutney|ketchup|masala|oil|paste|pickle|powder|sauce|syrup,staple
Padmaja & Rohan,Padmaja & Rohan,13,Chana dal,Dals,g,chana dal,chana|chana dal|chanadal|chickpea|chole|kabuli chana,chutney|ketchup|masala|oil|paste|pickle|powder|roasted|sauce|syrup,staple
Padmaja & Rohan,Padmaja & Rohan,14,Pasta,Grains,g,pasta,pasta,chutney|ketchup|masala|oil|paste|pickle|powder|sauce|syrup,staple
Padmaja & Rohan,Padmaja & Rohan,15,Poha,Grains,g,poha,beaten rice|flattened rice|poha,chutney|ketchup|masala|oil|paste|pickle|powder|sauce|syrup,staple
Padmaja & Rohan,Padmaja & Rohan,16,Besan,Grains,g,besan,besan|chana flour|chickpea flour|gram flour,chutney|ketchup|masala|oil|paste|pickle|powder|sauce|syrup,staple
Padmaja & Rohan,Padmaja & Rohan,17,Moong dal split yellow,Dals,g,moong dal split yellow,green gram|moong|moong dal split yellow|moongdalsplityellow,chutney|ketchup|masala|oil|paste|pickle|powder|sauce|syrup,staple
Padmaja & Rohan,Padmaja & Rohan,18,White dry peas,Dals,g,white dry peas,white dry peas|whitedrypeas,chutney|ketchup|masala|oil|paste|pickle|powder|sauce|syrup,staple
Padmaja & Rohan,Padmaja & Rohan,19,Rajma,Dals,g,rajma,kidney bean|rajma,chutney|ketchup|masala|oil|paste|pickle|powder|sauce|syrup,staple
Padmaja & Rohan,Padmaja & Rohan,20,Urad dal (split),Dals,g,urad dal,urad dal|uraddal,chutney|ketchup|masala|oil|paste|pickle|powder|sauce|syrup,staple
Padmaja & Rohan,Padmaja & Rohan,21,Urad dal,Dals,g,urad dal,urad dal|uraddal,chutney|ketchup|masala|oil|paste|pickle|powder|sauce|syrup,staple
Padmaja & Rohan,Padmaja & Rohan,22,Rice flour,Grains,g,rice flour,rice flour|riceflour,,staple
Padmaja & Rohan,Padmaja & Rohan,23,Split green moong dal,Dals,g,split green moong dal,green gram|moong|split green moong dal|splitgreenmoongdal,chutney|ketchup|masala|oil|paste|pickle|powder|sauce|syrup,staple
Padmaja & Rohan,Padmaja & Rohan,24,Whole masoor dal,Dals,g,whole masoor dal,whole masoor dal|wholemasoordal,chutney|ketchup|masala|oil|paste|pickle|powder|sauce|syrup,staple
Padmaja & Rohan,Padmaja & Rohan,25,Turmeric,Spice,g,turmeric,haldi|turmeric,chutney|ketchup|masala|oil|paste|pickle|powder|sauce|syrup,staple
Padmaja & Rohan,Padmaja & Rohan,26,Soya chunks,Staple,g,soya chunks,soya chunks|soyachunks,chutney|ketchup|masala|oil|paste|pickle|powder|sauce|syrup,staple
Padmaja & Rohan,Padmaja & Rohan,27,Rava (sooji),Grains,g,rava,rava|semolina|sooji|suji,chutney|ketchup|masala|oil|paste|pickle|powder|sauce|syrup,staple
Padmaja & Rohan,Padmaja & Rohan,28,Salt,Staple,g,salt,salt,chutney|ketchup|masala|oil|paste|pickle|powder|sauce|syrup,staple
Padmaja & Rohan,Padmaja & Rohan,29,Green moong (whole),Dals,g,green moong,green moong|whole moong|moong whole|sabut moong|green gram|moong,chutney|dal|ketchup|masala|oil|paste|pickle|powder|sauce|split|sprout|syrup|yellow,WHOLE green moong — never match to split green moong dal (350g) or yellow moong dal
Padmaja & Rohan,Padmaja & Rohan,30,Kala chana,Dals,g,kala chana,kala chana|black chana|brown chana|desi chana|chana,chole|chutney|dal|kabuli|ketchup|masala|oil|paste|pickle|powder|roasted|sauce|syrup|white,KALA chana — never match to chole/kabuli (separate 500g row) or chana dal
Padmaja & Rohan,Padmaja & Rohan,31,Oregano,Spice,g,oregano,oregano,chutney|ketchup|masala|oil|paste|pickle|powder|sauce|syrup,staple
Padmaja & Rohan,Padmaja & Rohan,32,Basil (dried),Spice,g,basil,basil,chutney|ketchup|masala|oil|paste|pickle|powder|sauce|syrup,staple
Padmaja & Rohan,Padmaja & Rohan,33,Red chilli powder,Spice,g,red chilli powder,red chilli powder|redchillipowder,chutney|sauce,staple
Padmaja & Rohan,Padmaja & Rohan,34,Cumin,Spice,g,cumin,cumin|jeera,chutney|ketchup|masala|oil|paste|pickle|powder|sauce|syrup,staple
Padmaja & Rohan,Padmaja & Rohan,35,Coriander powder,Spice,g,coriander powder,coriander|coriander powder|corianderpowder|dhania|dhaniya,seeds|leaves|fresh|whole|sabut,CONFUSABLE FAMILY (coriander powder) — never match to the other forms of this ingredient
Padmaja & Rohan,Padmaja & Rohan,36,Chia seeds,Staple,g,chia seeds,chia seeds|chiaseeds,,staple
Padmaja & Rohan,Padmaja & Rohan,37,Fruit seasoning,Spice,g,fruit seasoning,fruit seasoning|fruitseasoning,chutney|ketchup|masala|oil|paste|pickle|powder|sauce|syrup,staple
Padmaja & Rohan,Padmaja & Rohan,38,Methi seeds,Spice,g,methi seeds,fenugreek|methi|methi seeds|methiseeds,kasuri|kasoori|leaves|fresh|powder,CONFUSABLE FAMILY (methi seeds) — never match to the other forms of this ingredient
Padmaja & Rohan,Padmaja & Rohan,39,Baking soda,Staple,g,baking soda,baking soda|bakingsoda,chutney|fresh|ketchup|masala|oil|paste|pickle|powder|raw|sauce|syrup,staple
Padmaja & Rohan,Padmaja & Rohan,40,Sugar,Staple,g,sugar,sugar,chutney|ketchup|masala|oil|paste|pickle|powder|sauce|syrup,staple
Padmaja & Rohan,Padmaja & Rohan,41,Red chilli (dried whole),Spice,g,red chilli,red chilli|redchilli,chutney|ketchup|masala|oil|paste|pickle|powder|sauce|syrup,staple
Padmaja & Rohan,Padmaja & Rohan,42,Flax seeds,Staple,g,flax seeds,flax seeds|flaxseeds,,staple
Padmaja & Rohan,Padmaja & Rohan,43,Tea,Beverage,g,tea,tea,chutney|fresh|ketchup|masala|oil|paste|pickle|powder|raw|sauce|syrup,staple
Padmaja & Rohan,Padmaja & Rohan,44,Black pepper,Spice,g,black pepper,black pepper|blackpepper|kali mirch,chutney|ketchup|masala|oil|paste|pickle|powder|sauce|syrup,staple
Padmaja & Rohan,Padmaja & Rohan,45,Millet muesli,Grains,g,millet muesli,millet muesli|milletmuesli,chutney|ketchup|masala|oil|paste|pickle|powder|sauce|syrup,staple
Padmaja & Rohan,Padmaja & Rohan,46,Schezwan chutney,Condiment,g,schezwan chutney,schezwan chutney|schezwanchutney,,staple
Padmaja & Rohan,Padmaja & Rohan,47,Roasted chana,Staple,g,roasted chana,chana|chickpea|chole|kabuli chana|roasted chana|roastedchana,chutney|dal|ketchup|masala|oil|paste|pickle|powder|sauce|syrup,staple
Padmaja & Rohan,Padmaja & Rohan,48,Garam masala,Spice,g,garam masala,garam masala|garammasala,,staple
Padmaja & Rohan,Padmaja & Rohan,49,Black mustard,Spice,g,black mustard,black mustard|blackmustard|mustard seeds|rai,chutney|ketchup|masala|oil|paste|pickle|powder|sauce|syrup,staple
Padmaja & Rohan,Padmaja & Rohan,50,Ragi,Grains,g,ragi,ragi,chutney|ketchup|masala|oil|paste|pickle|powder|sauce|syrup,staple
Padmaja & Rohan,Padmaja & Rohan,51,Clove,Spice,g,clove,clove|laung,chutney|ketchup|masala|oil|paste|pickle|powder|sauce|syrup,staple
Padmaja & Rohan,Padmaja & Rohan,52,Potato,Vegetable,g,potato,potato,chutney|ketchup|masala|oil|paste|pickle|powder|sauce|syrup,perishable; MoH fresh<5
Padmaja & Rohan,Padmaja & Rohan,53,Garlic,Vegetable,g,garlic,garlic,chutney|ketchup|leaves|masala|oil|paste|pickle|powder|sauce|syrup,perishable; MoH fresh<5
Padmaja & Rohan,Padmaja & Rohan,54,Onion,Vegetable,g,onion,onion,chutney|ketchup|masala|oil|paste|pickle|powder|sauce|syrup,perishable; MoH fresh<5
Padmaja & Rohan,Padmaja & Rohan,55,Fennel seeds powder,Spice,g,fennel seeds powder,fennel seeds powder|fennelseedspowder,,staple
Padmaja & Rohan,Padmaja & Rohan,56,Cow ghee,Oil,ml,cow ghee,cow ghee|cowghee,chutney|ketchup|masala|oil|paste|pickle|powder|sauce|syrup,staple
Padmaja & Rohan,Padmaja & Rohan,57,Mango pickle,Condiment,g,mango pickle,mango pickle|mangopickle,,staple
Padmaja & Rohan,Padmaja & Rohan,58,Aashirvaad atta,Grains,g,aashirvaad atta,aashirvaad atta|aashirvaadatta|aata|atta|chakki atta|wheat flour,bay|chutney|ketchup|masala|oil|paste|pickle|powder|sauce|syrup|tej patta,staple
Padmaja & Rohan,Padmaja & Rohan,59,Macaroni,Grains,g,macaroni,macaroni,chutney|ketchup|masala|oil|paste|pickle|powder|sauce|syrup,staple
Padmaja & Rohan,Padmaja & Rohan,60,Bay leaves,Spice,g,bay leaves,bay leaf|bay leaves|bayleaves|tej patta,chutney|ketchup|masala|oil|paste|pickle|powder|sauce|syrup,staple
Padmaja & Rohan,Padmaja & Rohan,61,Sfoglia ruvida (pasta),Grains,g,sfoglia ruvida,sfoglia ruvida|sfogliaruvida,chutney|ketchup|masala|oil|paste|pickle|powder|sauce|syrup,staple
Padmaja & Rohan,Padmaja & Rohan,62,Toor dal,Dals,g,toor dal,toor dal|toordal,chutney|ketchup|masala|oil|paste|pickle|powder|sauce|syrup,staple
Padmaja & Rohan,Padmaja & Rohan,63,Sona masoori rice,Dals,g,sona masoori rice,sona masoori|sona masuri|sonamasoori|rice,brown|flour|poha|idli|puttu|bran|vermicelli|basmati,SEPARATE from brown rice — never merge or cross-match the two (corrected 3-Sep)
Padmaja & Rohan,Padmaja & Rohan,64,Safal peas,Frozen,g,safal peas,safal peas|safalpeas,chutney|ketchup|masala|oil|paste|pickle|powder|sauce|syrup,perishable; MoH fresh<5
Padmaja & Rohan,Padmaja & Rohan,65,Chicken breast,Meat,g,chicken breast,chicken breast|chickenbreast,chutney|ketchup|masala|oil|paste|pickle|powder|sauce|syrup,perishable; MoH fresh<5
Padmaja & Rohan,Padmaja & Rohan,66,Sambar powder,Spice,g,sambar powder,sambar powder|sambarpowder,,staple
Padmaja & Rohan,Padmaja & Rohan,67,Chaat masala,Spice,g,chaat masala,chaat masala|chaatmasala,,staple
Padmaja & Rohan,Padmaja & Rohan,68,Rajma masala,Spice,g,rajma masala,kidney bean|rajma|rajma masala|rajmamasala,powder,staple
Padmaja & Rohan,Padmaja & Rohan,69,Curd,Dairy,g,curd,curd|dahi|yoghurt|yogurt,chutney|ketchup|masala|oil|paste|pickle|powder|sauce|syrup,perishable; MoH fresh<5
Padmaja & Rohan,Padmaja & Rohan,70,Makhana,Staple,g,makhana,makhana,chutney|ketchup|masala|oil|paste|pickle|powder|sauce|syrup,staple
Padmaja & Rohan,Padmaja & Rohan,71,Mayonnaise,Condiment,g,mayonnaise,mayonnaise,chutney|ketchup|masala|oil|paste|pickle|powder|sauce|syrup,staple
Padmaja & Rohan,Padmaja & Rohan,72,Cheese,Dairy,g,cheese,cheese,chutney|ketchup|masala|oil|paste|pickle|powder|sauce|syrup,perishable; MoH fresh<5
Padmaja & Rohan,Padmaja & Rohan,73,Cheese spread,Dairy,g,cheese spread,cheese spread|cheesespread,chutney|ketchup|masala|oil|paste|pickle|powder|sauce|syrup,perishable; MoH fresh<5
Padmaja & Rohan,Padmaja & Rohan,74,Lebanese pita,Bread & bakery,g,lebanese pita,lebanese pita|lebanesepita,chutney|ketchup|masala|oil|paste|pickle|powder|sauce|syrup,perishable; MoH fresh<5
Padmaja & Rohan,Padmaja & Rohan,75,Vinegar,Condiment,ml,vinegar,vinegar,chutney|ketchup|masala|oil|paste|pickle|powder|sauce|syrup,staple
Padmaja & Rohan,Padmaja & Rohan,76,Cheesy melt,Dairy,g,cheesy melt,cheesy melt|cheesymelt,chutney|ketchup|masala|oil|paste|pickle|powder|sauce|syrup,perishable; MoH fresh<5
Padmaja & Rohan,Padmaja & Rohan,77,Tomato ketchup,Condiment,ml,tomato ketchup,tomato ketchup|tomatoketchup,,staple
Padmaja & Rohan,Padmaja & Rohan,78,Chocolate syrup,Condiment,ml,chocolate syrup,chocolate syrup|chocolatesyrup,fresh|raw,staple
Padmaja & Rohan,Padmaja & Rohan,79,Radish,Vegetable,g,radish,radish,chutney|ketchup|masala|oil|paste|pickle|powder|sauce|syrup,perishable; MoH fresh<5
Padmaja & Rohan,Padmaja & Rohan,80,Capsicum,Vegetable,g,capsicum,bell pepper|capsicum,chutney|ketchup|masala|oil|paste|pickle|powder|sauce|syrup,perishable; MoH fresh<5
Padmaja & Rohan,Padmaja & Rohan,81,Mild mustard (French),Condiment,g,mild mustard,mild mustard|mildmustard,chutney|ketchup|masala|oil|paste|pickle|powder|sauce|syrup,staple
Padmaja & Rohan,Padmaja & Rohan,82,Honey mustard sauce,Condiment,g,honey mustard sauce,honey mustard sauce|honeymustardsauce,oil,staple
Padmaja & Rohan,Padmaja & Rohan,83,Cashew (split),Staple,g,cashew,cashew,chutney|ketchup|masala|oil|paste|pickle|powder|sauce|syrup,staple
Padmaja & Rohan,Padmaja & Rohan,84,Olive oil,Oil,ml,olive oil,olive oil|oliveoil,,staple
Yash & Manik,Yash & Manik,129,Lemon,Fruit,pc,lemon,lemon|nimbu|lime,chutney|ketchup|masala|oil|paste|pickle|powder|sauce|syrup,added from 26-Aug perishable count
Yash & Manik,Yash & Manik,130,Bhindi (okra),Vegetable,g,bhindi,bhindi|okra|ladies finger,chutney|ketchup|masala|oil|paste|pickle|powder|sauce|syrup,added from 26-Aug perishable count
Yash & Manik,Yash & Manik,131,Spinach,Vegetable,g,spinach,spinach|palak,chutney|ketchup|masala|oil|paste|pickle|powder|sauce|syrup,added from 26-Aug perishable count
Yash & Manik,Yash & Manik,132,Methi leaves,Vegetable,g,methi leaves,fenugreek|fenugreek leaves|methi leaves|methi saag,kasuri|kasoori|seeds|dana|powder|dried,CONFUSABLE FAMILY (methi leaves) — never match to the other forms of this ingredient
Yash & Manik,Yash & Manik,133,Bread (sourdough loaf),Bread & bakery,loaf,bread,sourdough|sour bread|bread loaf,chutney|ketchup|masala|oil|paste|pickle|powder|sauce|syrup,added from 26-Aug perishable count
Yash & Manik,Yash & Manik,134,Banana,Fruit,pc,banana,banana|kela,chutney|flower|ketchup|masala|oil|paste|pickle|powder|raisin|sauce|stem|syrup,added from 26-Aug perishable count
Yash & Manik,Yash & Manik,135,Arbi (colocasia),Vegetable,g,arbi,arbi|colocasia|taro,chutney|ketchup|masala|oil|paste|pickle|powder|sauce|syrup,added from 26-Aug perishable count
Kartik & Dhara,Kartik & Dhara,323,Foxtail millet,Grains,g,foxtail millet,foxtail millet|foxtail|kangni|navane,baked|chutney|ketchup|masala|noodle|oil|paste|pickle|powder|sauce|snack|syrup,added from 26-Aug order
Kartik & Dhara,Kartik & Dhara,324,Ragi (whole),Grains,g,ragi,ragi|finger millet|ragi whole,atta|chutney|flour|ketchup|malt|masala|oil|paste|pickle|powder|sauce|syrup,added from 26-Aug order
Paxal & Sana,Paxal & Sana,246,Set curd,Dairy,g,set curd,set curd|curd|dahi|yogurt|yoghurt|plain curd,akshayakalpa set|buttermilk|chutney|expired|greek|hung|ketchup|masala|oil|paste|pickle|powder|sauce|skyr|syrup,"the single live curd row for this household (added 27-Aug, fresh)"
Rahul & Radhika,Rahul & Radhika,213,Almond wrap,Bread & bakery,pc,almond wrap,almond wrap|almond flour wrap|gobbleright almond flour wrap|almond flour tortilla|gobbleright wrap,crunchies|beetroot|quinoa|flour,STANDING RULE: 1 packet = 6 wraps; Radhika eats exactly 1 wrap per serving. Never match to Gobbleright crunchies or the beetroot-quinoa wrap.
Soozy & Munz,Soozy & Munz,360,Fennel seeds (saunf),Spice,g,fennel seeds,fennel|fennel seeds|saunf|sombu,powder|grinder|combined,the single fennel row for this household (added 1-Sep)
Rahul & Radhika,Rahul & Radhika,761,Vermicelli rice noodles,Grains,g,vermicelli rice noodles,vermicelli|rice vermicelli|rice noodles|sevai|semiya|idiyappam|vermicelli rice noodles,sweet potato|glass noodle|appam|mix|hakka|soba|udon|wheat,the single vermicelli row for this household (added 3-Sep) — never match to the sweet-potato glass noodles or the appam-idiyappam mix
Padmaja & Rohan,Padmaja & Rohan,63,Sona masoori rice,Grains,g,sona masoori rice,sona masoori|sona masuri|sonamasoori|rice,brown|flour|poha|idli|puttu|bran|vermicelli|basmati,SEPARATE from brown rice — never merge or cross-match the two (corrected 3-Sep)
Pratik & Sakshi,Pratik & Sakshi,442,Methi seeds,Spice,g,methi seeds,methi seeds|methi dana|fenugreek seeds,kasuri|kasoori|leaves|fresh|powder,CONFUSABLE FAMILY (methi seeds) — never match to the other forms of this ingredient
Pratik & Sakshi,Pratik & Sakshi,489,Coriander leaves,Vegetable,g,coriander leaves,coriander leaves|fresh coriander|hara dhaniya,powder|seeds|whole|dried|sabut,CONFUSABLE FAMILY (coriander leaves) — never match to the other forms of this ingredient
Padmaja & Rohan,Padmaja & Rohan,112,Coriander leaves,Vegetable,g,coriander leaves,coriander leaves|fresh coriander|hara dhaniya,powder|seeds|whole|dried|sabut,CONFUSABLE FAMILY (coriander leaves) — never match to the other forms of this ingredient
Padmaja & Rohan,Padmaja & Rohan,121,Brown rice,Grains,g,brown rice,brown rice|brown sona masoori,sona masoori|white|flour|poha|idli|bran|vermicelli|basmati,SEPARATE from the sona masoori row — never merge or cross-match the two (added 3-Sep)
Kartik & Dhara,Kartik & Dhara,94,Lady's finger (okra),Vegetable,g,lady finger,lady finger|lady's finger|okra|bhindi|bhendi,chips|snack|masala|powder|fry mix,"FRESH okra — never match to ""Fruit Treat bhindi chips"" or any bhindi snack/masala (guard added 4-Sep)"
